1 t=1972972 attach census build=6561d08-dirty process=C:\PROGRAM FILES\PSYGNOSIS\ROLLCAGE\GLIDE\ROLLCAGE.EXE
2 t=1972972 board fb=4194304 tmu=4194304 tmus=1 maxtex=256 hardware=Voodoo3
3 t=1973110 grGlideInit #1
4 t=1973110 grQueryResolutions #1 0090F9A8 00000000
5 t=2090660 summary detach swaps=0
6 t=2090660   grGlideInit 1
7 t=2090660   grQueryResolutions 1
1 t=2096953 attach census build=0320d07-dirty process=C:\PROGRAM FILES\PSYGNOSIS\ROLLCAGE\GLIDE\ROLLCAGE.EXE
2 t=2096953 board fb=4194304 tmu=4194304 tmus=1 maxtex=256 hardware=Voodoo3
3 t=2097025 grGlideInit #1
4 t=2097025 grQueryResolutions #1 0090F9A8 00000000
5 t=2097025 grQueryResolutions template=FFFFFFFF,00000000,00000002,00000001 -> 32 bytes
6 t=2097025 grQueryResolutions #2 0090F9A8 0165000C
7 t=2097025 grQueryResolutions template=FFFFFFFF,00000000,00000002,00000001 -> 32 bytes
8 t=2097025 grGlideShutdown #1
9 t=2097025 summary shutdown swaps=0
10 t=2097025   grGlideInit 1
11 t=2097025   grGlideShutdown 1
12 t=2097025   grQueryResolutions 2
13 t=2135582 grGlideInit #2
14 t=2135582 summary periodic swaps=0
15 t=2135582   grGlideInit 2
16 t=2135582   grGlideShutdown 1
17 t=2135582   grQueryResolutions 2
18 t=2135582 grGet #1 0000000F 00000004 0090FD58
19 t=2135582 grGet pname=0F -> 1 (4 bytes)
20 t=2135582 grQueryResolutions #3 0090FD5C 00000000
21 t=2135582 grQueryResolutions template=FFFFFFFF,00000000,00000002,00000001 -> 32 bytes
22 t=2135582 grQueryResolutions #4 0090FD5C 016A828C
23 t=2135582 grQueryResolutions template=FFFFFFFF,00000000,00000002,00000001 -> 32 bytes
24 t=2135582 grSstSelect #1 00000000
25 t=2135582 grSstWinOpen #1 0000038C 00000007 00000000 00000002 00000000 00000002 00000001
26 t=2135595 guGammaCorrectionRGB #1 3FB00000 3FB00000 3FB00000
27 t=2135605 grRenderBuffer #1 00000001
28 t=2135605 grCoordinateSpace #1 00000000
29 t=2135605 grVertexLayout #1 00000005 00000000 00000000
30 t=2135605 grVertexLayout #2 00000030 00000000 00000000
31 t=2135605 grVertexLayout #3 00000042 00000000 00000000
32 t=2135605 grVertexLayout #4 00000002 00000000 00000000
33 t=2135605 grVertexLayout #5 00000003 00000000 00000000
34 t=2135605 grVertexLayout #6 00000001 00000000 00000001
35 t=2135605 grVertexLayout #7 00000020 00000008 00000001
36 t=2135605 grVertexLayout #8 00000004 00000014 00000001
37 t=2135605 grVertexLayout #9 00000050 00000014 00000001
38 t=2135605 grVertexLayout #10 00000040 00000018 00000001
39 t=2135605 grVertexLayout #11 00000041 00000018 00000001
40 t=2135605 grDepthBufferMode #1 00000002
41 t=2135605 grDepthBufferFunction #1 00000001
42 t=2135605 grGet #2 00000027 00000008 004CA814
43 t=2135605 grGet pname=27 -> 1 (8 bytes)
44 t=2135605 grDepthBufferFunction #2 00000003
45 t=2135605 grDepthMask #1 00000001
46 t=2135605 grClipWindow #1 00000000 00000000 00000280 000001E0
47 t=2135605 grFogMode #1 00000000
48 t=2135605 grDitherMode #1 00000001
49 t=2135605 grChromakeyMode #1 00000001
50 t=2135605 grChromakeyValue #1 00000000
51 t=2135605 grAlphaBlendFunction #1 00000004 00000000 00000004 00000000
52 t=2135605 grAlphaCombine #1 00000003 00000008 00000001 00000001 00000000
53 t=2135605 grCullMode #1 00000000
54 t=2135605 grGet #3 00000013 00000004 004C9810
55 t=2135605 grGet pname=13 -> 1 (4 bytes)
56 t=2135605 grTexMinAddress #1 00000000
57 t=2135605 grTexMaxAddress #1 00000000
58 t=2135605 grTexClampMode #1 00000000 00000001 00000001
59 t=2135605 grTexMipMapMode #1 00000000 00000000 00000000
60 t=2135605 grTexCombine #1 00000000 00000001 00000000 00000001 00000000 00000000 00000000
61 t=2135610 grColorCombine #1 00000003 00000001 00000000 00000001 00000000
62 t=2135610 grGet #4 00000002 00000010 0090FD1C
63 t=2135610 grGet pname=02 -> 5 (16 bytes)
64 t=2135610 grDepthMask #2 00000001
65 t=2135610 grBufferClear #1 00000000 00000000 0000FFFF
66 t=2135610 grBufferSwap #1 00000000
67 t=2135610 ---- frame ----
68 t=2135630 grDepthMask #3 00000001
69 t=2135630 grBufferClear #2 00000000 00000000 0000FFFF
70 t=2135630 grDepthBufferFunction #3 00000003
71 t=2135630 grDepthMask #4 00000001
72 t=2135630 grDepthMask #5 00000001
73 t=2135630 grBufferClear #3 00000000 00000000 0000FFFF
74 t=2135635 grTexTextureMemRequired #1 00000003 004CA834
75 t=2135640 grTexDownloadMipMap #1 00000000 00000000 00000003 004CA834
76 t=2135640 grTexDownloadMipMap info small=8 large=8 aspect=0 format=05
77 t=2135640 grTexTextureMemRequired #2 00000003 004CA864
78 t=2135640 grTexDownloadMipMap #2 00000000 00010000 00000003 004CA864
79 t=2135640 grTexTextureMemRequired #3 00000003 004CA894
80 t=2135640 grTexDownloadMipMap #3 00000000 00020000 00000003 004CA894
81 t=2135640 grTexTextureMemRequired #4 00000003 004CA8C4
82 t=2135640 grTexDownloadMipMap #4 00000000 00030000 00000003 004CA8C4
83 t=2135640 grTexTextureMemRequired #5 00000003 004CA8F4
84 t=2135645 grTexDownloadMipMap #5 00000000 00040000 00000003 004CA8F4
85 t=2135645 grTexTextureMemRequired #6 00000003 004CA924
86 t=2135645 grTexDownloadMipMap #6 00000000 00050000 00000003 004CA924
87 t=2135645 grTexDownloadTable #1 00000002 007E01B8
88 t=2135645 grTexSource #1 00000000 00000000 00000003 004CA834
89 t=2135645 grTexCombine #2 00000000 00000001 00000000 00000001 00000000 00000000 00000000
90 t=2135645 grDrawVertexArrayContiguous #1 00000003 00000003 004C9580 00000020
91 t=2135645 grDrawVertexArrayContiguous vertex 00000000 00000000 437E0000 437E0000 437E0000 3EF3CF3E 3E6EEEF0 3E6EEEF0 43800000 00000000 437E0000 437E0000 437E0000 3EF3CF3E 42F352E7 3E6EEEF0
92 t=2135645 grDrawVertexArrayContiguous #2 00000003 00000003 004C9580 00000020
93 t=2135645 grDrawVertexArrayContiguous vertex 43800000 00000000 437E0000 437E0000 437E0000 3EF3CF3E 42F352E7 3E6EEEF0 43800000 43800000 437E0000 437E0000 437E0000 3EF3CF3E 42F352E7 42F352E7
94 t=2135645 grTexDownloadTable #2 00000002 007E05BC
95 t=2135645 grTexSource #2 00000000 00010000 00000003 004CA864
96 t=2135645 grTexCombine #3 00000000 00000001 00000000 00000001 00000000 00000000 00000000
97 t=2135645 grDrawVertexArrayContiguous #3 00000003 00000003 004C9580 00000020
98 t=2135645 grDrawVertexArrayContiguous vertex 43800000 00000000 437E0000 437E0000 437E0000 3EF3CF3E 3E6EEEF0 3E6EEEF0 44000000 00000000 437E0000 437E0000 437E0000 3EF3CF3E 42F352E7 3E6EEEF0
99 t=2135645 grDrawVertexArrayContiguous #4 00000003 00000003 004C9580 00000020
100 t=2135645 grDrawVertexArrayContiguous vertex 44000000 00000000 437E0000 437E0000 437E0000 3EF3CF3E 42F352E7 3E6EEEF0 44000000 43800000 437E0000 437E0000 437E0000 3EF3CF3E 42F352E7 42F352E7
101 t=2135645 grTexDownloadTable #3 00000002 007E09C0
102 t=2135645 grTexSource #3 00000000 00020000 00000003 004CA894
103 t=2135645 grTexCombine #4 00000000 00000001 00000000 00000001 00000000 00000000 00000000
104 t=2135645 grDrawVertexArrayContiguous #5 00000003 00000003 004C9580 00000020
105 t=2135645 grDrawVertexArrayContiguous vertex 44000000 00000000 437E0000 437E0000 437E0000 3EF3CF3E 3E6EEEF0 3E6EEEF0 44200000 00000000 437E0000 437E0000 437E0000 3EF3CF3E 4272D68E 3E6EEEF0
106 t=2135645 grDrawVertexArrayContiguous #6 00000003 00000003 004C9580 00000020
107 t=2135645 grDrawVertexArrayContiguous vertex 44200000 00000000 437E0000 437E0000 437E0000 3EF3CF3E 4272D68E 3E6EEEF0 44200000 43800000 437E0000 437E0000 437E0000 3EF3CF3E 4272D68E 42F352E7
108 t=2135645 grTexDownloadTable #4 00000002 01B5100C
109 t=2135650 grTexSource #4 00000000 00030000 00000003 004CA8C4
110 t=2135650 grTexCombine #5 00000000 00000001 00000000 00000001 00000000 00000000 00000000
111 t=2135650 grDrawVertexArrayContiguous #7 00000003 00000003 004C9580 00000020
112 t=2135650 grDrawVertexArrayContiguous vertex 00000000 43800000 437E0000 437E0000 437E0000 3EF3CF3E 3E6EEEF0 3E6EEEF0 43800000 43800000 437E0000 437E0000 437E0000 3EF3CF3E 42F352E7 3E6EEEF0
113 t=2135650 grDrawVertexArrayContiguous #8 00000003 00000003 004C9580 00000020
114 t=2135650 grDrawVertexArrayContiguous vertex 43800000 43800000 437E0000 437E0000 437E0000 3EF3CF3E 42F352E7 3E6EEEF0 43800000 43F00000 437E0000 437E0000 437E0000 3EF3CF3E 42F352E7 42D4D8FF
115 t=2135650 grTexDownloadTable #5 00000002 01B51410
116 t=2135650 grTexSource #5 00000000 00040000 00000003 004CA8F4
117 t=2135650 grTexCombine #6 00000000 00000001 00000000 00000001 00000000 00000000 00000000
118 t=2135650 grDrawVertexArrayContiguous #9 00000003 00000003 004C9580 00000020
119 t=2135650 grDrawVertexArrayContiguous #10 00000003 00000003 004C9580 00000020
120 t=2135650 grTexDownloadTable #6 00000002 01B51814
121 t=2135650 grTexSource #6 00000000 00050000 00000003 004CA924
122 t=2135650 grTexCombine #7 00000000 00000001 00000000 00000001 00000000 00000000 00000000
123 t=2135650 grDrawVertexArrayContiguous #11 00000003 00000003 004C9580 00000020
124 t=2135650 grDrawVertexArrayContiguous #12 00000003 00000003 004C9580 00000020
125 t=2135650 grBufferSwap #2 00000000
126 t=2135650 ---- frame ----
127 t=2135670 grDepthMask #6 00000001
128 t=2135670 grBufferClear #4 00000000 00000000 0000FFFF
129 t=2135670 grTexDownloadTable #7 00000002 007E01B8
130 t=2135670 grTexSource #7 00000000 00000000 00000003 004CA834
131 t=2135670 grTexCombine #8 00000000 00000001 00000000 00000001 00000000 00000000 00000000
132 t=2135670 grDrawVertexArrayContiguous #13 00000003 00000003 004C9580 00000020
133 t=2135670 grDrawVertexArrayContiguous #14 00000003 00000003 004C9580 00000020
134 t=2135670 grTexDownloadTable #8 00000002 007E05BC
135 t=2135670 grTexSource #8 00000000 00010000 00000003 004CA864
136 t=2135670 grTexCombine #9 00000000 00000001 00000000 00000001 00000000 00000000 00000000
137 t=2135670 grDrawVertexArrayContiguous #15 00000003 00000003 004C9580 00000020
138 t=2135670 grDrawVertexArrayContiguous #16 00000003 00000003 004C9580 00000020
139 t=2135670 grTexDownloadTable #9 00000002 007E09C0
140 t=2135670 grTexSource #9 00000000 00020000 00000003 004CA894
141 t=2135670 grTexCombine #10 00000000 00000001 00000000 00000001 00000000 00000000 00000000
142 t=2135670 grDrawVertexArrayContiguous #17 00000003 00000003 004C9580 00000020
143 t=2135670 grDrawVertexArrayContiguous #18 00000003 00000003 004C9580 00000020
144 t=2135670 grTexDownloadTable #10 00000002 01B5100C
145 t=2135670 grTexSource #10 00000000 00030000 00000003 004CA8C4
146 t=2135670 grTexCombine #11 00000000 00000001 00000000 00000001 00000000 00000000 00000000
147 t=2135670 grDrawVertexArrayContiguous #19 00000003 00000003 004C9580 00000020
148 t=2135670 grDrawVertexArrayContiguous #20 00000003 00000003 004C9580 00000020
149 t=2135670 grTexDownloadTable #11 00000002 01B51410
150 t=2135670 grTexSource #11 00000000 00040000 00000003 004CA8F4
151 t=2135670 grTexCombine #12 00000000 00000001 00000000 00000001 00000000 00000000 00000000
152 t=2135670 grDrawVertexArrayContiguous #21 00000003 00000003 004C9580 00000020
153 t=2135670 grDrawVertexArrayContiguous #22 00000003 00000003 004C9580 00000020
154 t=2135670 grTexDownloadTable #12 00000002 01B51814
155 t=2135670 grTexSource #12 00000000 00050000 00000003 004CA924
156 t=2135670 grTexCombine #13 00000000 00000001 00000000 00000001 00000000 00000000 00000000
157 t=2135670 grDrawVertexArrayContiguous #23 00000003 00000003 004C9580 00000020
158 t=2135670 grDrawVertexArrayContiguous #24 00000003 00000003 004C9580 00000020
159 t=2135670 grBufferSwap #3 00000000
160 t=2135695 grGet #5 00000013 00000004 004C9810
161 t=2135695 grGet pname=13 -> 1 (4 bytes)
162 t=2135695 grTexMinAddress #2 00000000
163 t=2135695 grTexMaxAddress #2 00000000
164 t=2138767 grClipWindow #2 00000000 00000000 00000280 000001E0
165 t=2138795 grTexTextureMemRequired #7 00000003 004CA834
166 t=2138795 grTexDownloadMipMap #7 00000000 00000000 00000003 004CA834
167 t=2138795 grTexTextureMemRequired #8 00000003 004CA864
168 t=2138795 grTexDownloadMipMap #8 00000000 00010000 00000003 004CA864
169 t=2138795 grTexTextureMemRequired #9 00000003 004CA894
170 t=2138801 grTexDownloadMipMap #9 00000000 00020000 00000003 004CA894
171 t=2138801 grTexTextureMemRequired #10 00000003 004CA8C4
172 t=2138801 grTexDownloadMipMap #10 00000000 00030000 00000003 004CA8C4
173 t=2138801 grTexTextureMemRequired #11 00000003 004CA8F4
174 t=2138801 grTexDownloadMipMap #11 00000000 00040000 00000003 004CA8F4
175 t=2138801 grTexTextureMemRequired #12 00000003 004CA924
176 t=2138801 grTexDownloadMipMap #12 00000000 00050000 00000003 004CA924
177 t=2138801 grTexTextureMemRequired #13 00000003 004CA954
178 t=2138805 grTexDownloadMipMap #13 00000000 00060000 00000003 004CA954
179 t=2138805 grTexTextureMemRequired #14 00000003 004CA984
180 t=2138805 grTexDownloadMipMap #14 00000000 00070000 00000003 004CA984
181 t=2138805 grTexDownloadMipMap info small=8 large=8 aspect=1 format=05
182 t=2138805 grTexTextureMemRequired #15 00000003 004CA9B4
183 t=2138805 grTexDownloadMipMap #15 00000000 00078000 00000003 004CA9B4
184 t=2138805 grTexTextureMemRequired #16 00000003 004CA9E4
185 t=2138805 grTexDownloadMipMap #16 00000000 00088000 00000003 004CA9E4
186 t=2138805 grTexTextureMemRequired #17 00000003 004CAA14
187 t=2138805 grTexDownloadMipMap #17 00000000 00098000 00000003 004CAA14
188 t=2138805 grTexTextureMemRequired #18 00000003 004CAA44
189 t=2138805 grTexDownloadMipMap #18 00000000 000A8000 00000003 004CAA44
190 t=2138805 grTexTextureMemRequired #19 00000003 004CAA74
191 t=2138810 grTexDownloadMipMap #19 00000000 000B8000 00000003 004CAA74
192 t=2138810 grTexTextureMemRequired #20 00000003 004CAAA4
193 t=2138810 grTexDownloadMipMap #20 00000000 000C8000 00000003 004CAAA4
194 t=2138810 grTexTextureMemRequired #21 00000003 004CAAD4
195 t=2138810 grTexDownloadMipMap #21 00000000 000D8000 00000003 004CAAD4
196 t=2138810 grTexDownloadMipMap info small=8 large=8 aspect=2 format=05
197 t=2138810 grTexTextureMemRequired #22 00000003 004CAB04
198 t=2138810 grTexDownloadMipMap #22 00000000 000DC000 00000003 004CAB04
199 t=2138810 grTexTextureMemRequired #23 00000003 004CAB34
200 t=2138810 grTexDownloadMipMap #23 00000000 000EC000 00000003 004CAB34
201 t=2138810 grTexTextureMemRequired #24 00000003 004CAB64
202 t=2138810 grTexDownloadMipMap #24 00000000 000FC000 00000003 004CAB64
203 t=2138816 grTexTextureMemRequired #25 00000003 004CAB94
204 t=2138816 grTexDownloadMipMap #25 00000000 0010C000 00000003 004CAB94
205 t=2138816 grTexTextureMemRequired #26 00000003 004CABC4
206 t=2138816 grTexDownloadMipMap #26 00000000 0011C000 00000003 004CABC4
207 t=2138817 grTexTextureMemRequired #27 00000003 004CABF4
208 t=2138817 grTexDownloadMipMap #27 00000000 00120000 00000003 004CABF4
209 t=2138817 grTexTextureMemRequired #28 00000003 004CAC24
210 t=2138817 grTexDownloadMipMap #28 00000000 00130000 00000003 004CAC24
211 t=2138817 grTexTextureMemRequired #29 00000003 004CAC54
212 t=2138817 grTexDownloadMipMap #29 00000000 00140000 00000003 004CAC54
213 t=2138817 grTexTextureMemRequired #30 00000003 004CAC84
214 t=2138817 grTexDownloadMipMap #30 00000000 00148000 00000003 004CAC84
215 t=2138820 grTexDownloadMipMap info small=8 large=8 aspect=3 format=05
216 t=2138820 grTexTextureMemRequired #31 00000003 004CACB4
217 t=2138820 grTexDownloadMipMap #31 00000000 0014A000 00000003 004CACB4
218 t=2138820 grTexTextureMemRequired #32 00000003 004CACE4
219 t=2138820 grTexDownloadMipMap #32 00000000 00152000 00000003 004CACE4
220 t=2138820 grTexTextureMemRequired #33 00000003 004CAD14
221 t=2138820 grTexDownloadMipMap #33 00000000 00162000 00000003 004CAD14
222 t=2138820 grTexTextureMemRequired #34 00000003 004CAD44
223 t=2138820 grTexDownloadMipMap #34 00000000 00172000 00000003 004CAD44
224 t=2138820 grTexTextureMemRequired #35 00000003 004CAD74
225 t=2138820 grTexDownloadMipMap #35 00000000 00176000 00000003 004CAD74
226 t=2138820 grTexTextureMemRequired #36 00000003 004CADA4
227 t=2138820 grTexDownloadMipMap #36 00000000 00186000 00000003 004CADA4
228 t=2138820 grTexTextureMemRequired #37 00000003 004CADD4
229 t=2138820 grTexDownloadMipMap #37 00000000 0018E000 00000003 004CADD4
230 t=2138825 grTexTextureMemRequired #38 00000003 004CAE04
231 t=2138825 grTexDownloadMipMap #38 00000000 00196000 00000003 004CAE04
232 t=2138825 grTexTextureMemRequired #39 00000003 004CAE34
233 t=2138825 grTexDownloadMipMap #39 00000000 0019E000 00000003 004CAE34
234 t=2138825 grTexTextureMemRequired #40 00000003 004CAE64
235 t=2138825 grTexDownloadMipMap #40 00000000 001A0000 00000003 004CAE64
236 t=2138825 grTexTextureMemRequired #41 00000003 004CAE94
237 t=2138825 grTexDownloadMipMap #41 00000000 001A4000 00000003 004CAE94
238 t=2138825 grTexTextureMemRequired #42 00000003 004CAEC4
239 t=2138825 grTexDownloadMipMap #42 00000000 001A8000 00000003 004CAEC4
240 t=2138825 grTexTextureMemRequired #43 00000003 004CAEF4
241 t=2138825 grTexDownloadMipMap #43 00000000 001AC000 00000003 004CAEF4
242 t=2138825 grTexTextureMemRequired #44 00000003 004CAF24
243 t=2138825 grTexDownloadMipMap #44 00000000 001B0000 00000003 004CAF24
244 t=2138825 grTexTextureMemRequired #45 00000003 004CAF54
245 t=2138825 grTexDownloadMipMap #45 00000000 001B8000 00000003 004CAF54
246 t=2138825 grTexTextureMemRequired #46 00000003 004CAF84
247 t=2138825 grTexDownloadMipMap #46 00000000 001C0000 00000003 004CAF84
248 t=2138825 grTexTextureMemRequired #47 00000003 004CAFB4
249 t=2138825 grTexDownloadMipMap #47 00000000 001C8000 00000003 004CAFB4
250 t=2138830 grTexTextureMemRequired #48 00000003 004CAFE4
251 t=2138830 grTexDownloadMipMap #48 00000000 001CC000 00000003 004CAFE4
252 t=2138830 grTexTextureMemRequired #49 00000003 004CB014
253 t=2138830 grTexDownloadMipMap #49 00000000 001D0000 00000003 004CB014
254 t=2138830 grTexTextureMemRequired #50 00000003 004CB044
255 t=2138830 grTexDownloadMipMap #50 00000000 001D4000 00000003 004CB044
256 t=2138830 grTexTextureMemRequired #51 00000003 004CB074
257 t=2138830 grTexDownloadMipMap #51 00000000 001D6000 00000003 004CB074
258 t=2138830 grTexTextureMemRequired #52 00000003 004CB0A4
259 t=2138830 grTexDownloadMipMap #52 00000000 001DA000 00000003 004CB0A4
260 t=2138830 grTexTextureMemRequired #53 00000003 004CB0D4
261 t=2138830 grTexDownloadMipMap #53 00000000 001DC000 00000003 004CB0D4
262 t=2138830 grGet #6 00000013 00000004 004C9810
263 t=2138830 grGet pname=13 -> 1 (4 bytes)
264 t=2138830 grTexMinAddress #3 00000000
265 t=2138830 grTexMaxAddress #3 00000000
266 t=2138910 grTexTextureMemRequired #54 00000003 004CA834
267 t=2138910 grTexDownloadMipMap #54 00000000 00000000 00000003 004CA834
268 t=2138910 grTexTextureMemRequired #55 00000003 004CA864
269 t=2138916 grTexDownloadMipMap #55 00000000 00010000 00000003 004CA864
270 t=2138916 grTexTextureMemRequired #56 00000003 004CA894
271 t=2138916 grTexDownloadMipMap #56 00000000 00020000 00000003 004CA894
272 t=2138916 grTexTextureMemRequired #57 00000003 004CA8C4
273 t=2138916 grTexDownloadMipMap #57 00000000 00030000 00000003 004CA8C4
274 t=2138916 grTexTextureMemRequired #58 00000003 004CA8F4
275 t=2138916 grTexDownloadMipMap #58 00000000 00038000 00000003 004CA8F4
276 t=2138916 grTexTextureMemRequired #59 00000003 004CA924
277 t=2138930 grTexDownloadMipMap #59 00000000 00048000 00000003 004CA924
278 t=2138930 grTexTextureMemRequired #60 00000003 004CA954
279 t=2138930 grTexDownloadMipMap #60 00000000 0004A000 00000003 004CA954
280 t=2138930 grTexTextureMemRequired #61 00000003 004CA984
281 t=2138930 grTexDownloadMipMap #61 00000000 00052000 00000003 004CA984
282 t=2138930 grTexTextureMemRequired #62 00000003 004CA9B4
283 t=2138930 grTexDownloadMipMap #62 00000000 00062000 00000003 004CA9B4
284 t=2138930 grTexTextureMemRequired #63 00000003 004CA9E4
285 t=2138930 grTexDownloadMipMap #63 00000000 00072000 00000003 004CA9E4
286 t=2138930 grTexTextureMemRequired #64 00000003 004CAA14
287 t=2138930 grTexDownloadMipMap #64 00000000 0007A000 00000003 004CAA14
288 t=2138930 grTexTextureMemRequired #65 00000003 004CAA44
289 t=2138930 grTexDownloadMipMap #65 00000000 00082000 00000003 004CAA44
290 t=2138930 grTexTextureMemRequired #66 00000003 004CAA74
291 t=2138930 grTexDownloadMipMap #66 00000000 0008A000 00000003 004CAA74
292 t=2138930 grTexTextureMemRequired #67 00000003 004CAAA4
293 t=2138930 grTexDownloadMipMap #67 00000000 0008C000 00000003 004CAAA4
294 t=2138936 grTexTextureMemRequired #68 00000003 004CAAD4
295 t=2138936 grTexDownloadMipMap #68 00000000 00090000 00000003 004CAAD4
296 t=2138936 grTexTextureMemRequired #69 00000003 004CAB04
297 t=2138936 grTexDownloadMipMap #69 00000000 00098000 00000003 004CAB04
298 t=2138936 grTexTextureMemRequired #70 00000003 004CAB34
299 t=2138936 grTexDownloadMipMap #70 00000000 000A0000 00000003 004CAB34
300 t=2138936 grTexTextureMemRequired #71 00000003 004CAB64
301 t=2138937 grTexDownloadMipMap #71 00000000 000A2000 00000003 004CAB64
302 t=2138937 grTexDownloadMipMap #72 00000000 000A4000 00000003 004CAB94
303 t=2138937 grTexDownloadMipMap #73 00000000 000A8000 00000003 004CABC4
304 t=2138937 grTexDownloadMipMap #74 00000000 000B0000 00000003 004CABF4
305 t=2138937 grTexDownloadMipMap #75 00000000 000B8000 00000003 004CAC24
306 t=2138937 grTexDownloadMipMap #76 00000000 000BC000 00000003 004CAC54
307 t=2138937 grTexDownloadMipMap #77 00000000 000C4000 00000003 004CAC84
308 t=2138940 grTexDownloadMipMap #78 00000000 000CC000 00000003 004CACB4
309 t=2138940 grTexDownloadMipMap #79 00000000 000CE000 00000003 004CACE4
310 t=2138940 grTexDownloadMipMap #80 00000000 000D6000 00000003 004CAD14
311 t=2138940 grTexDownloadMipMap #81 00000000 000DE000 00000003 004CAD44
312 t=2138940 grTexDownloadMipMap #82 00000000 000E6000 00000003 004CAD74
313 t=2138940 grTexDownloadMipMap #83 00000000 000EE000 00000003 004CADA4
314 t=2138940 grTexDownloadMipMap #84 00000000 000F2000 00000003 004CADD4
315 t=2138940 grTexDownloadMipMap #85 00000000 000F6000 00000003 004CAE04
316 t=2138940 grTexDownloadMipMap #86 00000000 000FA000 00000003 004CAE34
317 t=2138940 grTexDownloadMipMap #87 00000000 00102000 00000003 004CAE64
318 t=2138940 grTexDownloadMipMap #88 00000000 0010A000 00000003 004CAE94
319 t=2138940 grTexDownloadMipMap #89 00000000 0010E000 00000003 004CAEC4
320 t=2138940 grTexDownloadMipMap #90 00000000 00112000 00000003 004CAEF4
321 t=2138940 grTexDownloadMipMap #91 00000000 00114000 00000003 004CAF24
322 t=2138946 grTexDownloadMipMap #92 00000000 0011C000 00000003 004CAF54
323 t=2138946 grTexDownloadMipMap #93 00000000 00124000 00000003 004CAF84
324 t=2138946 grTexDownloadMipMap #94 00000000 0012C000 00000003 004CAFB4
325 t=2138946 grTexDownloadMipMap #95 00000000 00130000 00000003 004CAFE4
326 t=2138946 grTexDownloadMipMap #96 00000000 00132000 00000003 004CB014
327 t=2138961 grTexDownloadMipMap #97 00000000 00142000 00000003 004CB044
328 t=2138961 grTexDownloadMipMap #98 00000000 00152000 00000003 004CB074
329 t=2138965 grTexDownloadMipMap #99 00000000 00162000 00000003 004CB0A4
330 t=2138965 grTexDownloadMipMap #100 00000000 00172000 00000003 004CB0D4
331 t=2139050 grTexTextureMemRequired #101 00000003 004CB104
332 t=2139050 grTexDownloadMipMap #101 00000000 00182000 00000003 004CB104
333 t=2139058 grTexTextureMemRequired #102 00000003 004CB134
334 t=2139060 grTexDownloadMipMap #103 00000000 0018A000 00000003 004CB134
335 t=2139159 grTexFilterMode #1 00000000 00000001 00000001
336 t=2139160 grAlphaBlendFunction #2 00000004 00000004 00000004 00000004
337 t=2139160 grDepthMask #7 00000000
338 t=2139160 grColorCombine #2 00000001 00000000 00000000 00000002 00000000
339 t=2139160 grAlphaBlendFunction #3 00000004 00000000 00000004 00000000
340 t=2139160 grDepthMask #8 00000001
341 t=2139160 grColorCombine #3 00000003 00000001 00000000 00000001 00000000
342 t=2139160 grTexDownloadTable #13 00000002 03403CD8
343 t=2139160 grTexSource #13 00000000 00010000 00000003 004CA864
344 t=2139160 grTexCombine #14 00000000 00000001 00000000 00000001 00000000 00000000 00000000
345 t=2139160 grDrawVertexArrayContiguous #25 00000003 00000003 004C9580 00000020
346 t=2139160 grTexDownloadTable #14 00000002 034140E0
347 t=2139160 grTexSource #14 00000000 00020000 00000003 004CA894
348 t=2139160 grTexCombine #15 00000000 00000001 00000000 00000001 00000000 00000000 00000000
349 t=2139160 grTexDownloadTable #15 00000002 0341C4E8
350 t=2139160 grTexSource #15 00000000 00030000 00000003 004CA8C4
351 t=2139160 grTexCombine #16 00000000 00000001 00000000 00000001 00000000 00000000 00000000
352 t=2139160 grTexDownloadTable #16 00000002 034140E0
353 t=2139160 grTexSource #16 00000000 00020000 00000003 004CA894
354 t=2139160 grTexCombine #17 00000000 00000001 00000000 00000001 00000000 00000000 00000000
355 t=2139160 grTexDownloadTable #17 00000002 0341C4E8
356 t=2139160 grTexSource #17 00000000 00030000 00000003 004CA8C4
357 t=2139160 grTexCombine #18 00000000 00000001 00000000 00000001 00000000 00000000 00000000
358 t=2139160 grTexDownloadTable #18 00000002 034140E0
359 t=2139160 grTexSource #18 00000000 00020000 00000003 004CA894
360 t=2139160 grTexCombine #19 00000000 00000001 00000000 00000001 00000000 00000000 00000000
361 t=2139160 grTexDownloadTable #19 00000002 0341C4E8
362 t=2139160 grTexSource #19 00000000 00030000 00000003 004CA8C4
363 t=2139160 grTexCombine #20 00000000 00000001 00000000 00000001 00000000 00000000 00000000
364 t=2139160 grAlphaBlendFunction #4 00000004 00000004 00000004 00000004
365 t=2139160 grDepthMask #9 00000000
366 t=2139160 grColorCombine #4 00000001 00000000 00000000 00000002 00000000
367 t=2139160 grAlphaBlendFunction #5 00000004 00000000 00000004 00000000
368 t=2139160 grDepthMask #10 00000001
369 t=2139165 grColorCombine #5 00000003 00000001 00000000 00000001 00000000
370 t=2139165 grTexDownloadTable #20 00000002 03403CD8
371 t=2139165 grTexSource #20 00000000 00010000 00000003 004CA864
372 t=2139165 grTexCombine #21 00000000 00000001 00000000 00000001 00000000 00000000 00000000
373 t=2139165 grTexDownloadTable #21 00000002 0341C4E8
374 t=2139165 grTexSource #21 00000000 00030000 00000003 004CA8C4
375 t=2139165 grTexCombine #22 00000000 00000001 00000000 00000001 00000000 00000000 00000000
376 t=2139165 grTexDownloadTable #22 00000002 03403CD8
377 t=2139165 grTexSource #22 00000000 00010000 00000003 004CA864
378 t=2139165 grTexCombine #23 00000000 00000001 00000000 00000001 00000000 00000000 00000000
379 t=2139165 grClipWindow #3 000001A9 00000000 00000255 FFFFFFF9
380 t=2139165 grAlphaBlendFunction #6 00000004 00000004 00000004 00000004
381 t=2139165 grDepthMask #11 00000000
382 t=2139165 grColorCombine #6 00000001 00000000 00000000 00000002 00000000
383 t=2139165 grClipWindow #4 00000000 00000000 00000280 000001E0
384 t=2139165 grAlphaBlendFunction #7 00000004 00000004 00000004 00000004
385 t=2139165 grDepthMask #12 00000000
386 t=2139165 grColorCombine #7 00000003 00000001 00000000 00000001 00000000
387 t=2139165 grTexDownloadTable #23 00000002 03548A30
388 t=2139165 grTexSource #23 00000000 00182000 00000003 004CB104
389 t=2139165 grTexCombine #24 00000000 00000001 00000000 00000001 00000000 00000000 00000000
390 t=2139165 grColorCombine #8 00000001 00000000 00000000 00000002 00000000
391 t=2139165 grAlphaBlendFunction #8 00000004 00000000 00000004 00000000
392 t=2139165 grDepthMask #13 00000001
393 t=2139165 grColorCombine #9 00000003 00000001 00000000 00000001 00000000
394 t=2139165 grTexDownloadTable #24 00000002 0341C4E8
395 t=2139165 grTexSource #24 00000000 00030000 00000003 004CA8C4
396 t=2139165 grTexCombine #25 00000000 00000001 00000000 00000001 00000000 00000000 00000000
397 t=2139165 grAlphaBlendFunction #9 00000004 00000000 00000004 00000000
398 t=2139165 grDepthMask #14 00000001
399 t=2139165 grTexDownloadTable #25 00000002 03598840
400 t=2139170 grTexSource #25 00000000 00142000 00000003 004CB044
401 t=2139170 grTexDownloadTable #26 00000002 035A8C48
402 t=2139170 grTexSource #26 00000000 00152000 00000003 004CB074
403 t=2139170 grAlphaBlendFunction #10 00000004 00000004 00000004 00000004
404 t=2139170 grDepthMask #15 00000000
405 t=2139170 grTexDownloadTable #56 00000002 0341C4E8
406 t=2139170 grTexSource #56 00000000 00030000 00000003 004CA8C4
407 t=2139172 grBufferSwap #4 00000001
408 t=2139190 grClipWindow #5 00000000 00000000 00000280 000001E0
409 t=2139190 grDepthMask #16 00000001
410 t=2139190 grBufferClear #5 00000000 00000000 0000FFFF
411 t=2139191 grTexFilterMode #2 00000000 00000001 00000001
412 t=2139191 grAlphaBlendFunction #11 00000004 00000004 00000004 00000004
413 t=2139191 grDepthMask #17 00000000
414 t=2139191 grColorCombine #10 00000001 00000000 00000000 00000002 00000000
415 t=2139191 grAlphaBlendFunction #12 00000004 00000000 00000004 00000000
416 t=2139191 grDepthMask #18 00000001
417 t=2139191 grColorCombine #11 00000003 00000001 00000000 00000001 00000000
418 t=2139191 grTexDownloadTable #57 00000002 03403CD8
419 t=2139191 grTexSource #57 00000000 00010000 00000003 004CA864
420 t=2139191 grTexDownloadTable #58 00000002 034140E0
421 t=2139191 grTexSource #58 00000000 00020000 00000003 004CA894
422 t=2139191 grAlphaBlendFunction #13 00000004 00000004 00000004 00000004
423 t=2139191 grDepthMask #19 00000000
424 t=2139191 grColorCombine #12 00000001 00000000 00000000 00000002 00000000
425 t=2139191 grAlphaBlendFunction #14 00000004 00000000 00000004 00000000
426 t=2139191 grDepthMask #20 00000001
427 t=2139191 grColorCombine #13 00000003 00000001 00000000 00000001 00000000
428 t=2139191 grClipWindow #6 000001A9 00000000 00000255 0000000E
429 t=2139191 grAlphaBlendFunction #15 00000004 00000004 00000004 00000004
430 t=2139191 grDepthMask #21 00000000
431 t=2139191 grColorCombine #14 00000001 00000000 00000000 00000002 00000000
432 t=2139191 grAlphaBlendFunction #16 00000004 00000000 00000004 00000000
433 t=2139191 grDepthMask #22 00000001
434 t=2139191 grColorCombine #15 00000003 00000001 00000000 00000001 00000000
435 t=2139195 grTexDownloadTable #67 00000002 0342ECF8
436 t=2139195 grTexSource #67 00000000 00048000 00000003 004CA924
437 t=2139195 grDrawVertexArrayContiguous #153 00000003 00000004 004C9580 00000020
438 t=2139195 grAlphaBlendFunction #17 00000004 00000004 00000004 00000004
439 t=2139195 grDepthMask #23 00000000
440 t=2139195 grColorCombine #16 00000001 00000000 00000000 00000002 00000000
441 t=2139195 grClipWindow #7 00000000 00000000 00000280 000001E0
442 t=2139195 grAlphaBlendFunction #18 00000004 00000004 00000004 00000004
443 t=2139195 grDepthMask #24 00000000
444 t=2139195 grColorCombine #17 00000003 00000001 00000000 00000001 00000000
445 t=2139195 grTexDownloadTable #68 00000002 03548A30
446 t=2139195 grTexSource #68 00000000 00182000 00000003 004CB104
447 t=2139195 grColorCombine #18 00000001 00000000 00000000 00000002 00000000
448 t=2139195 grAlphaBlendFunction #19 00000004 00000000 00000004 00000000
449 t=2139195 grDepthMask #25 00000001
450 t=2139195 grColorCombine #19 00000003 00000001 00000000 00000001 00000000
451 t=2139195 grAlphaBlendFunction #20 00000004 00000000 00000004 00000000
452 t=2139195 grAlphaBlendFunction #21 00000004 00000004 00000004 00000004
453 t=2139195 grDepthMask #27 00000000
454 t=2139204 grBufferSwap #5 00000001
455 t=2139220 grClipWindow #8 00000000 00000000 00000280 000001E0
456 t=2139220 grBufferClear #6 00000000 00000000 0000FFFF
457 t=2139221 grTexFilterMode #3 00000000 00000001 00000001
458 t=2139221 grAlphaBlendFunction #22 00000004 00000004 00000004 00000004
459 t=2139221 grColorCombine #20 00000001 00000000 00000000 00000002 00000000
460 t=2139221 grAlphaBlendFunction #23 00000004 00000000 00000004 00000000
461 t=2139221 grColorCombine #21 00000003 00000001 00000000 00000001 00000000
462 t=2139221 grAlphaBlendFunction #24 00000004 00000004 00000004 00000004
463 t=2139221 grColorCombine #22 00000001 00000000 00000000 00000002 00000000
464 t=2139221 grAlphaBlendFunction #25 00000004 00000000 00000004 00000000
465 t=2139221 grColorCombine #23 00000003 00000001 00000000 00000001 00000000
466 t=2139221 grClipWindow #9 000001A9 00000000 00000255 00000023
467 t=2139221 grAlphaBlendFunction #26 00000004 00000004 00000004 00000004
468 t=2139221 grColorCombine #24 00000001 00000000 00000000 00000002 00000000
469 t=2139221 grColorCombine #25 00000003 00000001 00000000 00000001 00000000
470 t=2139221 grColorCombine #26 00000001 00000000 00000000 00000002 00000000
471 t=2139221 grClipWindow #10 00000000 00000000 00000280 000001E0
472 t=2139236 grBufferSwap #6 00000001
473 t=2139255 grClipWindow #11 00000000 00000000 00000280 000001E0
474 t=2139255 grBufferClear #7 00000000 00000000 0000FFFF
475 t=2139256 grTexFilterMode #4 00000000 00000001 00000001
476 t=2139256 grClipWindow #12 000001A9 00000000 00000255 00000038
477 t=2139256 grDrawVertexArray #1 00000006 00000006 004AAD44
478 t=2139256 grDrawVertexArray vertex 43E55988 41512858 42800000 42800000 42800000 3A9BA35C 3E971285 3DC3BD40 43E35D8A 40EAE0F9 42800000 42800000 42800000 3A9BA917 3E97B3BD 3DC3C475
479 t=2139256 grClipWindow #13 00000000 00000000 00000280 000001E0
480 t=2139268 grBufferSwap #7 00000001
481 t=2139285 grClipWindow #14 00000000 00000000 00000280 000001E0
482 t=2139285 grBufferClear #8 00000000 00000000 0000FFFF
483 t=2139286 grTexFilterMode #5 00000000 00000001 00000001
484 t=2139286 grClipWindow #15 000001A9 00000000 00000255 0000004D
485 t=2139286 grDrawVertexArray #2 00000006 00000006 004AAD44
486 t=2139286 grDrawVertexArray vertex 43DFF69B 4186294D 42800000 42800000 42800000 3A9A2DA3 3E8C04E7 3DD52CF0 43DDE723 41318F32 42800000 42800000 42800000 3A9A1740 3E8C8AAA 3DD50DFD
487 t=2139286 grDrawVertexArray #3 00000006 00000006 004AAD44
488 t=2139286 grDrawVertexArray vertex 43E1E636 41B3C6A6 42800000 42800000 42800000 3A9A3B55 3E95B50D 3DC1F876 43DFF69B 4186294D 42800000 42800000 42800000 3A9A2DA3 3E9641EF 3DC1E73C
489 t=2139286 grDrawVertexArray #4 00000006 00000006 004AAD44
490 t=2139286 grDrawVertexArray vertex 43E6319C 4181C1EA 42800000 42800000 42800000 3A9A9197 3E8C5FAE 3DD5B724 43E4408B 41281F09 42800000 42800000 42800000 3A9A83D5 3E8CEDB3 3DD5A41E
491 t=2139286 grDrawVertexArray #5 00000006 00000006 004AAD44
492 t=2139286 grDrawVertexArray vertex 43E3F1F7 41DF14C2 42800000 42800000 42800000 3A9A55E4 3E8C2977 3DD56499 43E1E636 41B3C6A6 42800000 42800000 42800000 3A9A3B55 3E8CAB93 3DD53FE0
493 t=2139286 grDrawVertexArray #6 00000006 00000006 004AAD44
494 t=2139286 grDrawVertexArray vertex 43E83F40 41AD1FA1 42800000 42800000 42800000 3A9AAC44 3E9622AC 3DC2867E 43E6319C 4181C1EA 42800000 42800000 42800000 3A9A9197 3E96A359 3DC264F1
495 t=2139286 grDrawVertexArray #7 00000006 00000006 004AAD44
496 t=2139286 grDrawVertexArray vertex 43EC5C07 417E1CBA 42800000 42800000 42800000 3A9A76C4 3E8C4752 3DD5920E 43EA6ABF 4122C843 42800000 42800000 42800000 3A9A6907 3E8CD541 3DD57F0F
497 t=2139286 grDrawVertexArray #8 00000006 00000006 004AAD44
498 t=2139286 grDrawVertexArray vertex 43E5E26D 420662F7 42800000 42800000 42800000 3A9A639E 3E95DC28 3DC22B20 43E3F1F7 41DF14C2 42800000 42800000 42800000 3A9A55E4 3E96692B 3DC219DD
499 t=2139286 grDrawVertexArray #9 00000006 00000006 004AAD44
500 t=2139286 grDrawVertexArray #10 00000006 00000006 004AAD44
501 t=2139286 grDrawVertexArray #11 00000006 00000006 004AAD44
502 t=2139286 grDrawVertexArray #12 00000006 00000006 004AAD44
503 t=2139286 grDrawVertexArray #13 00000006 00000006 004AAD44
504 t=2139286 grDrawVertexArray #14 00000006 00000006 004AAD44
505 t=2139286 grDrawVertexArray #15 00000006 00000006 004AAD44
506 t=2139286 grDrawVertexArray #16 00000006 00000006 004AAD44
507 t=2139290 grDrawVertexArray #17 00000006 00000006 004AAD44
508 t=2139290 grDrawVertexArray #18 00000006 00000006 004AAD44
509 t=2139290 grClipWindow #16 00000000 00000000 00000280 000001E0
510 t=2139300 grBufferSwap #8 00000001
511 t=2139320 grClipWindow #17 00000000 00000000 00000280 000001E0
512 t=2139320 grBufferClear #9 00000000 00000000 0000FFFF
513 t=2139321 grTexFilterMode #6 00000000 00000001 00000001
514 t=2139321 grClipWindow #18 000001A9 00000000 00000255 00000062
515 t=2139321 grDrawVertexArray #19 00000006 00000006 004AAD44
516 t=2139321 grDrawVertexArray #20 00000006 00000006 004AAD44
517 t=2139321 grDrawVertexArray #21 00000006 00000006 004AAD44
518 t=2139321 grDrawVertexArray #22 00000006 00000006 004AAD44
519 t=2139321 grDrawVertexArray #23 00000006 00000006 004AAD44
520 t=2139321 grDrawVertexArray #24 00000006 00000006 004AAD44
521 t=2139321 grDrawVertexArray #25 00000006 00000006 004AAD44
522 t=2139321 grClipWindow #19 00000000 00000000 00000280 000001E0
523 t=2139332 grBufferSwap #9 00000001
524 t=2139350 grClipWindow #20 00000000 00000000 00000280 000001E0
525 t=2139350 grBufferClear #10 00000000 00000000 0000FFFF
526 t=2139351 grTexFilterMode #7 00000000 00000001 00000001
527 t=2139351 grClipWindow #21 000001A9 00000003 00000255 00000077
528 t=2139351 grClipWindow #22 00000000 00000000 00000280 000001E0
529 t=2139364 grBufferSwap #10 00000001
530 t=2139380 grClipWindow #23 00000000 00000000 00000280 000001E0
531 t=2139380 grBufferClear #11 00000000 00000000 0000FFFF
532 t=2139381 grTexFilterMode #8 00000000 00000001 00000001
533 t=2139381 grClipWindow #24 000001A9 00000005 00000255 00000079
534 t=2139381 grClipWindow #25 00000000 00000000 00000280 000001E0
535 t=2139381 grDrawTriangle #1 004C95C0 004C95A0 004C9580
536 t=2139381 grDrawTriangle #2 004C95C0 004C95A0 004C9580
537 t=2139381 grDrawTriangle #3 004C95C0 004C95A0 004C9580
538 t=2139381 grDrawTriangle #4 004C95C0 004C95A0 004C9580
539 t=2139381 grDrawTriangle #5 004C95C0 004C95A0 004C9580
540 t=2139381 grDrawTriangle #6 004C95C0 004C95A0 004C9580
541 t=2139381 grDrawTriangle #7 004C95C0 004C95A0 004C9580
542 t=2139381 grDrawTriangle #8 004C95C0 004C95A0 004C9580
543 t=2139381 grDrawTriangle #9 004C95C0 004C95A0 004C9580
544 t=2139381 grDrawTriangle #10 004C95C0 004C95A0 004C9580
545 t=2139381 grDrawTriangle #11 004C95C0 004C95A0 004C9580
546 t=2139381 grDrawTriangle #12 004C95C0 004C95A0 004C9580
547 t=2139381 grDrawTriangle #13 004C95C0 004C95A0 004C9580
548 t=2139381 grDrawTriangle #14 004C95C0 004C95A0 004C9580
549 t=2139381 grDrawTriangle #15 004C95C0 004C95A0 004C9580
550 t=2139381 grDrawTriangle #16 004C95C0 004C95A0 004C9580
551 t=2139381 grDrawTriangle #17 004C95C0 004C95A0 004C9580
552 t=2139381 grDrawTriangle #18 004C95C0 004C95A0 004C9580
553 t=2139381 grDrawTriangle #19 004C95C0 004C95A0 004C9580
554 t=2139381 grDrawTriangle #20 004C95C0 004C95A0 004C9580
555 t=2139381 grDrawTriangle #21 004C95C0 004C95A0 004C9580
556 t=2139385 grDrawTriangle #22 004C95C0 004C95A0 004C9580
557 t=2139385 grDrawTriangle #23 004C95C0 004C95A0 004C9580
558 t=2139385 grDrawTriangle #24 004C95C0 004C95A0 004C9580
559 t=2139385 grDrawTriangle #25 004C95C0 004C95A0 004C9580
560 t=2139396 grBufferSwap #11 00000001
561 t=2139415 grBufferClear #12 00000000 00000000 0000FFFF
562 t=2139416 grTexFilterMode #9 00000000 00000001 00000001
563 t=2139416 grClipWindow #27 000001A9 00000005 00000255 00000079
564 t=2139428 grBufferSwap #12 00000001
565 t=2139445 grBufferClear #13 00000000 00000000 0000FFFF
566 t=2139446 grTexFilterMode #10 00000000 00000001 00000001
567 t=2139460 grBufferSwap #13 00000001
568 t=2139480 grBufferClear #14 00000000 00000000 0000FFFF
569 t=2139481 grTexFilterMode #11 00000000 00000001 00000001
570 t=2139492 grBufferSwap #14 00000001
571 t=2139510 grBufferClear #15 00000000 00000000 0000FFFF
572 t=2139511 grTexFilterMode #12 00000000 00000001 00000001
573 t=2139524 grBufferSwap #15 00000001
574 t=2139540 grBufferClear #16 00000000 00000000 0000FFFF
575 t=2139541 grTexFilterMode #13 00000000 00000001 00000001
576 t=2139556 grBufferSwap #16 00000001
577 t=2139575 grBufferClear #17 00000000 00000000 0000FFFF
578 t=2139576 grTexFilterMode #14 00000000 00000001 00000001
579 t=2139588 grBufferSwap #17 00000001
580 t=2139605 grBufferClear #18 00000000 00000000 0000FFFF
581 t=2139606 grTexFilterMode #15 00000000 00000001 00000001
582 t=2139620 grBufferSwap #18 00000001
583 t=2139640 grBufferClear #19 00000000 00000000 0000FFFF
584 t=2139641 grTexFilterMode #16 00000000 00000001 00000001
585 t=2139652 grBufferSwap #19 00000001
586 t=2139670 grBufferClear #20 00000000 00000000 0000FFFF
587 t=2139671 grTexFilterMode #17 00000000 00000001 00000001
588 t=2139684 grBufferSwap #20 00000001
589 t=2139700 grBufferClear #21 00000000 00000000 0000FFFF
590 t=2139701 grTexFilterMode #18 00000000 00000001 00000001
591 t=2139716 grBufferSwap #21 00000001
592 t=2139735 grBufferClear #22 00000000 00000000 0000FFFF
593 t=2139736 grTexFilterMode #19 00000000 00000001 00000001
594 t=2139748 grBufferSwap #22 00000001
595 t=2139765 grBufferClear #23 00000000 00000000 0000FFFF
596 t=2139766 grTexFilterMode #20 00000000 00000001 00000001
597 t=2139780 grBufferSwap #23 00000001
598 t=2139800 grBufferClear #24 00000000 00000000 0000FFFF
599 t=2139801 grTexFilterMode #21 00000000 00000001 00000001
600 t=2139812 grBufferSwap #24 00000001
601 t=2139830 grBufferClear #25 00000000 00000000 0000FFFF
602 t=2139831 grTexFilterMode #22 00000000 00000001 00000001
603 t=2139844 grBufferSwap #25 00000001
604 t=2139861 grTexFilterMode #23 00000000 00000001 00000001
605 t=2139896 grTexFilterMode #24 00000000 00000001 00000001
606 t=2139926 grTexFilterMode #25 00000000 00000001 00000001
607 t=2143191 grTexDownloadTable #5812 00000002 0342C8F0
608 t=2143191 grTexSource #5812 00000000 00038000 00000003 004CA8F4
609 t=2143351 grDrawVertexArrayContiguous #38148 00000003 00000005 004C9580 00000020
610 t=2150590 summary periodic swaps=355
611 t=2150590   grAlphaBlendFunction 4197
612 t=2150590   grAlphaCombine 1
613 t=2150590   grBufferClear 355
614 t=2150590   grBufferSwap 355
615 t=2150590   grChromakeyMode 1
616 t=2150590   grChromakeyValue 1
617 t=2150590   grClipWindow 1058
618 t=2150590   grColorCombine 3519
619 t=2150590   grCoordinateSpace 1
620 t=2150590   grCullMode 1
621 t=2150590   grDepthBufferFunction 3
622 t=2150590   grDepthBufferMode 1
623 t=2150590   grDepthMask 4553
624 t=2150590   grDitherMode 1
625 t=2150590   grDrawTriangle 2950
626 t=2150590   grDrawVertexArray 19069
627 t=2150590   grDrawVertexArrayContiguous 416820
628 t=2150590   grFogMode 1
629 t=2150590   grGet 6
630 t=2150590   grGlideInit 2
631 t=2150590   grGlideShutdown 1
632 t=2150590   grQueryResolutions 4
633 t=2150590   grRenderBuffer 1
634 t=2150590   grSstSelect 1
635 t=2150590   grSstWinOpen 1
636 t=2150590   grTexClampMode 1
637 t=2150590   grTexCombine 16427
638 t=2150590   grTexDownloadMipMap 455
639 t=2150590   grTexDownloadTable 16426
640 t=2150590   grTexFilterMode 352
641 t=2150590   grTexMaxAddress 3
642 t=2150595   grTexMinAddress 3
643 t=2150595   grTexMipMapMode 1
644 t=2150595   grTexSource 16426
645 t=2150595   grTexTextureMemRequired 102
646 t=2150595   grVertexLayout 11
647 t=2150595   guGammaCorrectionRGB 1
648 t=2165595 summary periodic swaps=824
649 t=2165595   grAlphaBlendFunction 9768
650 t=2165595   grAlphaCombine 1
651 t=2165595   grBufferClear 824
652 t=2165595   grBufferSwap 824
653 t=2165595   grChromakeyMode 1
654 t=2165595   grChromakeyValue 1
655 t=2165595   grClipWindow 2465
656 t=2165595   grColorCombine 8209
657 t=2165595   grCoordinateSpace 1
658 t=2165595   grCullMode 1
659 t=2165595   grDepthBufferFunction 3
660 t=2165595   grDepthBufferMode 1
661 t=2165595   grDepthMask 10593
662 t=2165595   grDitherMode 1
663 t=2165595   grDrawTriangle 2950
664 t=2165595   grDrawVertexArray 44831
665 t=2165595   grDrawVertexArrayContiguous 1138847
666 t=2165595   grFogMode 1
667 t=2165595   grGet 6
668 t=2165595   grGlideInit 2
669 t=2165595   grGlideShutdown 1
670 t=2165595   grQueryResolutions 4
671 t=2165595   grRenderBuffer 1
672 t=2165595   grSstSelect 1
673 t=2165595   grSstWinOpen 1
674 t=2165595   grTexClampMode 1
675 t=2165595   grTexCombine 38413
676 t=2165595   grTexDownloadMipMap 924
677 t=2165595   grTexDownloadTable 38412
678 t=2165595   grTexFilterMode 821
679 t=2165595   grTexMaxAddress 3
680 t=2165595   grTexMinAddress 3
681 t=2165600   grTexMipMapMode 1
682 t=2165600   grTexSource 38412
683 t=2165600   grTexTextureMemRequired 102
684 t=2165600   grVertexLayout 11
685 t=2165600   guGammaCorrectionRGB 1
686 t=2169215 grGet #7 00000013 00000004 004C9810
687 t=2169215 grGet pname=13 -> 1 (4 bytes)
688 t=2169215 grTexMinAddress #4 00000000
689 t=2169215 grTexMaxAddress #4 00000000
690 t=2169246 grTexDownloadMipMap #1042 00000000 00040000 00000003 004CA8F4
691 t=2169246 grTexDownloadMipMap #1043 00000000 00050000 00000003 004CA924
692 t=2169246 grTexDownloadTable #43572 00000002 0356DD6C
693 t=2169246 grTexSource #43572 00000000 00000000 00000003 004CA834
694 t=2169246 grTexDownloadTable #43573 00000002 0357E174
695 t=2169246 grTexDownloadTable #43574 00000002 0357E578
696 t=2169246 grTexDownloadTable #43575 00000002 0357E97C
697 t=2169246 grTexDownloadTable #43576 00000002 0357ED80
698 t=2169246 grTexSource #43576 00000000 00040000 00000003 004CA8F4
699 t=2169246 grTexDownloadTable #43577 00000002 0357F184
700 t=2169246 grTexSource #43577 00000000 00050000 00000003 004CA924
701 t=2169246 grBufferSwap #938 00000000
702 t=2169285 grGet #8 00000013 00000004 004C9810
703 t=2169285 grGet pname=13 -> 1 (4 bytes)
704 t=2169285 grTexMinAddress #5 00000000
705 t=2169285 grTexMaxAddress #5 00000000
706 t=2169305 grFogColorValue #1 3C467F00
707 t=2169346 grTexDownloadMipMap #1050 00000000 00052000 00000003 004CA954
708 t=2169346 grTexDownloadMipMap #1051 00000000 00062000 00000003 004CA984
709 t=2169350 grTexDownloadMipMap #1052 00000000 00072000 00000003 004CA9B4
710 t=2169350 grTexDownloadMipMap #1053 00000000 00082000 00000003 004CA9E4
711 t=2169350 grTexDownloadMipMap #1054 00000000 00092000 00000003 004CAA14
712 t=2169350 grTexDownloadMipMap #1055 00000000 000A2000 00000003 004CAA44
713 t=2169350 grTexDownloadMipMap #1056 00000000 000B2000 00000003 004CAA74
714 t=2169350 grTexDownloadMipMap #1057 00000000 000B6000 00000003 004CAAA4
715 t=2169356 grTexDownloadMipMap #1058 00000000 000C6000 00000003 004CAAD4
716 t=2169356 grTexDownloadMipMap #1059 00000000 000D6000 00000003 004CAB04
717 t=2169356 grTexDownloadMipMap #1060 00000000 000E6000 00000003 004CAB34
718 t=2169356 grTexDownloadMipMap #1061 00000000 000F6000 00000003 004CAB64
719 t=2169356 grTexDownloadMipMap #1062 00000000 000F8000 00000003 004CAB94
720 t=2169356 grTexDownloadMipMap #1063 00000000 00108000 00000003 004CABC4
721 t=2169356 grTexDownloadMipMap #1064 00000000 00118000 00000003 004CABF4
722 t=2169356 grTexDownloadMipMap #1065 00000000 0011A000 00000003 004CAC24
723 t=2169361 grTexDownloadMipMap #1066 00000000 00122000 00000003 004CAC54
724 t=2169361 grTexDownloadMipMap #1067 00000000 00126000 00000003 004CAC84
725 t=2169361 grTexDownloadMipMap #1068 00000000 0012E000 00000003 004CACB4
726 t=2169361 grTexDownloadMipMap #1069 00000000 00130000 00000003 004CACE4
727 t=2169361 grTexDownloadMipMap #1070 00000000 00132000 00000003 004CAD14
728 t=2169361 grTexDownloadMipMap #1071 00000000 00136000 00000003 004CAD44
729 t=2169361 grTexDownloadMipMap #1072 00000000 00146000 00000003 004CAD74
730 t=2169361 grTexDownloadMipMap #1073 00000000 0014E000 00000003 004CADA4
731 t=2169361 grTexDownloadMipMap #1074 00000000 00152000 00000003 004CADD4
732 t=2169361 grTexDownloadMipMap #1075 00000000 00162000 00000003 004CAE04
733 t=2169361 grTexDownloadMipMap #1076 00000000 00164000 00000003 004CAE34
734 t=2169361 grTexDownloadMipMap #1077 00000000 0016C000 00000003 004CAE64
735 t=2169361 grTexDownloadMipMap #1078 00000000 00170000 00000003 004CAE94
736 t=2169365 grTexDownloadMipMap #1079 00000000 00174000 00000003 004CAEC4
737 t=2169365 grTexDownloadMipMap #1080 00000000 00178000 00000003 004CAEF4
738 t=2169365 grTexDownloadMipMap #1081 00000000 0017C000 00000003 004CAF24
739 t=2169365 grTexDownloadMipMap #1082 00000000 00180000 00000003 004CAF54
740 t=2169365 grTexDownloadMipMap #1083 00000000 00184000 00000003 004CAF84
741 t=2169380 grTexDownloadMipMap #1084 00000000 00186000 00000003 004CAFB4
742 t=2169400 grTexDownloadMipMap #1085 00000000 0018E000 00000003 004CAFE4
743 t=2169658 grTexDownloadMipMap #1086 00000000 0019E000 00000003 004CB014
744 t=2172286 grFogMode #2 00000000
745 t=2172286 grTexDownloadTable #43584 00000002 036878B4
746 t=2172286 grTexSource #43584 00000000 00108000 00000003 004CABC4
747 t=2172291 grTexDownloadTable #43585 00000002 03684CA4
748 t=2172291 grTexSource #43585 00000000 000E6000 00000003 004CAB34
749 t=2172291 grTexDownloadTable #43586 00000002 036848A0
750 t=2172291 grTexSource #43586 00000000 000D6000 00000003 004CAB04
751 t=2172291 grTexDownloadTable #43587 00000002 035881BC
752 t=2172291 grTexSource #43587 00000000 000C6000 00000003 004CAAD4
753 t=2172291 grTexDownloadTable #43588 00000002 03A8F410
754 t=2172291 grTexSource #43588 00000000 00092000 00000003 004CAA14
755 t=2172291 grTexDownloadTable #43589 00000002 03780898
756 t=2172291 grTexSource #43589 00000000 00184000 00000003 004CAF84
757 t=2172291 grTexDownloadTable #43590 00000002 0377E490
758 t=2172291 grTexSource #43590 00000000 00180000 00000003 004CAF54
759 t=2172291 grTexDownloadTable #43591 00000002 0377A088
760 t=2172291 grTexSource #43591 00000000 0017C000 00000003 004CAF24
761 t=2172291 grTexDownloadTable #43592 00000002 0376D470
762 t=2172291 grTexSource #43592 00000000 00170000 00000003 004CAE94
763 t=2172291 grTexDownloadTable #43593 00000002 03769068
764 t=2172291 grTexSource #43593 00000000 0016C000 00000003 004CAE64
765 t=2172291 grTexDownloadTable #43594 00000002 03764C60
766 t=2172291 grTexSource #43594 00000000 00164000 00000003 004CAE34
767 t=2172291 grTexDownloadTable #43595 00000002 0375A450
768 t=2172291 grTexSource #43595 00000000 00152000 00000003 004CADD4
769 t=2172291 grTexDownloadTable #43596 00000002 0368E4C8
770 t=2172291 grTexSource #43596 00000000 00126000 00000003 004CAC84
771 t=2172291 grTexDownloadTable #43597 00000002 0368E0C4
772 t=2172291 grTexSource #43597 00000000 00122000 00000003 004CAC54
773 t=2172291 grTexDownloadTable #43598 00000002 03601468
774 t=2172291 grTexSource #43598 00000000 0011A000 00000003 004CAC24
775 t=2172291 grTexDownloadTable #43599 00000002 036874B0
776 t=2172291 grTexSource #43599 00000000 000F8000 00000003 004CAB94
777 t=2172295 grTexDownloadTable #43600 00000002 036870AC
778 t=2172295 grTexSource #43600 00000000 000F6000 00000003 004CAB64
779 t=2172295 grTexDownloadTable #43601 00000002 0375C858
780 t=2172295 grTexSource #43601 00000000 00162000 00000003 004CAE04
781 t=2172295 grTexDownloadTable #43603 00000002 03603C74
782 t=2172295 grTexSource #43603 00000000 00132000 00000003 004CAD14
783 t=2172295 grTexDownloadTable #43606 00000002 03604078
784 t=2172295 grTexSource #43606 00000000 00136000 00000003 004CAD44
785 t=2172295 grTexDownloadTable #43609 00000002 0374A048
786 t=2172295 grTexSource #43609 00000000 0014E000 00000003 004CADA4
787 t=2172295 grTexDownloadTable #43615 00000002 0360447C
788 t=2172295 grTexSource #43615 00000000 00146000 00000003 004CAD74
789 t=2172295 grTexDownloadTable #43618 00000002 03603870
790 t=2172295 grTexSource #43618 00000000 00130000 00000003 004CACE4
791 t=2172295 grTexDownloadTable #43619 00000002 035829A0
792 t=2172298 grTexDownloadTable #43620 00000002 03580598
793 t=2172298 grTexDownloadTable #43621 00000002 0357F98C
794 t=2172298 grTexDownloadTable #43622 00000002 0357F588
795 t=2172298 grTexDownloadTable #43624 00000002 035879B4
796 t=2172298 grTexSource #43624 00000000 000B2000 00000003 004CAA74
797 t=2172298 grTexDownloadTable #43625 00000002 03A8F814
798 t=2172298 grTexSource #43625 00000000 000A2000 00000003 004CAA44
799 t=2172298 grAlphaBlendFunction #11099 00000000 00000006 00000004 00000004
800 t=2172298 grTexDownloadTable #43658 00000002 03A8F00C
801 t=2172298 grTexSource #43658 00000000 00082000 00000003 004CA9E4
802 t=2172298 grFogMode #3 00000000
803 t=2172300 grTexDownloadTable #43660 00000002 037E0EB8
804 t=2172300 grTexSource #43660 00000000 00186000 00000003 004CAFB4
805 t=2172300 grTexDownloadTable #43661 00000002 037A5BD4
806 t=2172300 grTexSource #43661 00000000 0019E000 00000003 004CB014
807 t=2172320 grBufferClear #941 18389C00 00000000 0000FFFF
808 t=2172321 grFogMode #4 00000000
809 t=2172325 grTexDownloadTable #43687 00000002 0368E8CC
810 t=2172325 grTexSource #43687 00000000 0012E000 00000003 004CACB4
811 t=2172325 grFogMode #5 00000000
812 t=2172350 grFogMode #6 00000000
813 t=2172356 grFogMode #7 00000000
814 t=2172385 grFogMode #8 00000000
815 t=2172390 grFogMode #9 00000000
816 t=2172418 grFogMode #10 00000000
817 t=2172420 grTexDownloadTable #43999 00000002 0357FD90
818 t=2172420 grFogMode #11 00000000
819 t=2172445 grFogMode #12 00000000
820 t=2172451 grFogMode #13 00000000
821 t=2172480 grFogMode #14 00000000
822 t=2172485 grFogMode #15 00000000
823 t=2172510 grFogMode #16 00000000
824 t=2172516 grFogMode #17 00000000
825 t=2172545 grFogMode #18 00000000
826 t=2172550 grFogMode #19 00000000
827 t=2172579 grFogMode #20 00000000
828 t=2172580 grFogMode #21 00000000
829 t=2172605 grFogMode #22 00000000
830 t=2172611 grFogMode #23 00000000
831 t=2172641 grFogMode #24 00000000
832 t=2172645 grFogMode #25 00000000
833 t=2172990 grTexDownloadTable #45627 00000002 03587DB8
834 t=2172990 grTexSource #45627 00000000 000B6000 00000003 004CAAA4
835 t=2173790 grTexDownloadTable #47919 00000002 03689CBC
836 t=2173790 grTexSource #47919 00000000 00118000 00000003 004CABF4
837 t=2180605 summary periodic swaps=1183
838 t=2180605   grAlphaBlendFunction 26160
839 t=2180605   grAlphaCombine 1
840 t=2180605   grBufferClear 1183
841 t=2180605   grBufferSwap 1183
842 t=2180605   grChromakeyMode 1
843 t=2180605   grChromakeyValue 1
844 t=2180605   grClipWindow 3535
845 t=2180605   grColorCombine 10797
846 t=2180605   grCoordinateSpace 1
847 t=2180605   grCullMode 1
848 t=2180605   grDepthBufferFunction 3
849 t=2180605   grDepthBufferMode 1
850 t=2180605   grDepthMask 27344
851 t=2180605   grDitherMode 1
852 t=2180605   grDrawTriangle 32159
853 t=2180605   grDrawVertexArray 208212
854 t=2180605   grDrawVertexArrayContiguous 1225020
855 t=2180605   grFogColorValue 1
856 t=2180605   grFogMode 489
857 t=2180605   grGet 8
858 t=2180605   grGlideInit 2
859 t=2180605   grGlideShutdown 1
860 t=2180605   grQueryResolutions 4
861 t=2180605   grRenderBuffer 1
862 t=2180605   grSstSelect 1
863 t=2180605   grSstWinOpen 1
864 t=2180610   grTexClampMode 1
865 t=2180610   grTexCombine 56034
866 t=2180610   grTexDownloadMipMap 1087
867 t=2180610   grTexDownloadTable 56033
868 t=2180610   grTexFilterMode 1178
869 t=2180610   grTexMaxAddress 5
870 t=2180610   grTexMinAddress 5
871 t=2180610   grTexMipMapMode 1
872 t=2180610   grTexSource 56033
873 t=2180610   grTexTextureMemRequired 151
874 t=2180610   grVertexLayout 11
875 t=2180610   guGammaCorrectionRGB 1
876 t=2185025 grTexDownloadTable #68256 00000002 03771878
877 t=2185025 grTexSource #68256 00000000 00174000 00000003 004CAEC4
878 t=2185120 grTexDownloadTable #68441 00000002 03775C80
879 t=2185120 grTexSource #68441 00000000 00178000 00000003 004CAEF4
880 t=2188196 grTexDownloadTable #77164 00000002 03580194
881 t=2190946 grDrawVertexArrayContiguous #1320650 00000003 00000006 004C9580 00000020
882 t=2195615 summary periodic swaps=1652
883 t=2195615   grAlphaBlendFunction 58488
884 t=2195615   grAlphaCombine 1
885 t=2195615   grBufferClear 1652
886 t=2195615   grBufferSwap 1652
887 t=2195615   grChromakeyMode 1
888 t=2195615   grChromakeyValue 1
889 t=2195615   grClipWindow 4942
890 t=2195615   grColorCombine 18451
891 t=2195615   grCoordinateSpace 1
892 t=2195615   grCullMode 1
893 t=2195615   grDepthBufferFunction 3
894 t=2195615   grDepthBufferMode 1
895 t=2195615   grDepthMask 60141
896 t=2195615   grDitherMode 1
897 t=2195615   grDrawTriangle 130029
898 t=2195615   grDrawVertexArray 562075
899 t=2195615   grDrawVertexArrayContiguous 1360251
900 t=2195615   grFogColorValue 1
901 t=2195615   grFogMode 1427
902 t=2195615   grGet 8
903 t=2195615   grGlideInit 2
904 t=2195615   grGlideShutdown 1
905 t=2195615   grQueryResolutions 4
906 t=2195615   grRenderBuffer 1
907 t=2195615   grSstSelect 1
908 t=2195615   grSstWinOpen 1
909 t=2195615   grTexClampMode 1
910 t=2195615   grTexCombine 99892
911 t=2195615   grTexDownloadMipMap 1087
912 t=2195615   grTexDownloadTable 99891
913 t=2195615   grTexFilterMode 1647
914 t=2195615   grTexMaxAddress 5
915 t=2195620   grTexMinAddress 5
916 t=2195620   grTexMipMapMode 1
917 t=2195620   grTexSource 99891
918 t=2195620   grTexTextureMemRequired 151
919 t=2195620   grVertexLayout 11
920 t=2195620   guGammaCorrectionRGB 1
921 t=2195941 grTexDownloadTable #101173 00000002 03790CA0
922 t=2195941 grTexSource #101173 00000000 0018E000 00000003 004CAFE4
923 t=2200333 ---- frame ----
924 t=2200350 grClipWindow #5386 00000000 00000000 00000280 000001E0
925 t=2200350 grDepthMask #75087 00000001
926 t=2200350 grBufferClear #1801 18389C00 00000000 0000FFFF
927 t=2200351 grClipWindow #5387 00000000 00000000 00000280 000001E0
928 t=2200351 grAlphaBlendFunction #73286 00000004 00000000 00000004 00000000
929 t=2200351 grDepthMask #75088 00000001
930 t=2200351 grColorCombine #25964 00000001 00000000 00000000 00000002 00000000
931 t=2200351 grDrawVertexArray #709604 00000006 00000006 004AAD44
932 t=2200351 grDrawVertexArray #709605 00000006 00000006 004AAD44
933 t=2200353 grDrawVertexArray #709606 00000006 00000006 004AAD44
934 t=2200353 grDrawVertexArray #709607 00000006 00000006 004AAD44
935 t=2200353 grClipWindow #5388 00000000 00000000 00000280 000001E0
936 t=2200355 grFogMode #1724 00000000
937 t=2200355 grTexFilterMode #1796 00000000 00000001 00000001
938 t=2200355 grAlphaBlendFunction #73287 00000004 00000004 00000004 00000004
939 t=2200355 grDepthMask #75089 00000000
940 t=2200355 grAlphaBlendFunction #73288 00000004 00000000 00000004 00000000
941 t=2200355 grDepthMask #75090 00000001
942 t=2200355 grColorCombine #25965 00000003 00000001 00000000 00000001 00000000
943 t=2200355 grTexDownloadTable #118211 00000002 036878B4
944 t=2200355 grTexSource #118211 00000000 00108000 00000003 004CABC4
945 t=2200355 grTexCombine #118212 00000000 00000001 00000000 00000001 00000000 00000000 00000000
946 t=2200355 grTexDownloadTable #118212 00000002 03684CA4
947 t=2200355 grTexSource #118212 00000000 000E6000 00000003 004CAB34
948 t=2200355 grTexCombine #118213 00000000 00000001 00000000 00000001 00000000 00000000 00000000
949 t=2200355 grTexDownloadTable #118213 00000002 036848A0
950 t=2200355 grTexSource #118213 00000000 000D6000 00000003 004CAB04
951 t=2200355 grTexCombine #118214 00000000 00000001 00000000 00000001 00000000 00000000 00000000
952 t=2200355 grTexDownloadTable #118214 00000002 03587DB8
953 t=2200355 grTexSource #118214 00000000 000B6000 00000003 004CAAA4
954 t=2200355 grTexCombine #118215 00000000 00000001 00000000 00000001 00000000 00000000 00000000
955 t=2200355 grAlphaBlendFunction #73289 00000004 00000004 00000004 00000004
956 t=2200355 grDepthMask #75091 00000000
957 t=2200355 grTexDownloadTable #118215 00000002 03A8F410
958 t=2200355 grTexSource #118215 00000000 00092000 00000003 004CAA14
959 t=2200355 grTexCombine #118216 00000000 00000001 00000000 00000001 00000000 00000000 00000000
960 t=2200355 grTexDownloadTable #118216 00000002 03A8F00C
961 t=2200355 grTexSource #118216 00000000 00082000 00000003 004CA9E4
962 t=2200355 grTexCombine #118217 00000000 00000001 00000000 00000001 00000000 00000000 00000000
963 t=2200360 grAlphaBlendFunction #73290 00000004 00000000 00000004 00000000
964 t=2200360 grDepthMask #75092 00000001
965 t=2200360 grTexDownloadTable #118217 00000002 0368E0C4
966 t=2200360 grTexSource #118217 00000000 00122000 00000003 004CAC54
967 t=2200360 grTexCombine #118218 00000000 00000001 00000000 00000001 00000000 00000000 00000000
968 t=2200360 grDrawVertexArrayContiguous #1405737 00000003 00000003 004C9580 00000020
969 t=2200360 grDrawVertexArrayContiguous #1405738 00000003 00000004 004C9580 00000020
970 t=2200360 grDrawVertexArrayContiguous #1405739 00000003 00000003 004C9580 00000020
971 t=2200360 grDrawVertexArrayContiguous #1405740 00000003 00000004 004C9580 00000020
972 t=2200360 grDrawVertexArrayContiguous #1405741 00000003 00000003 004C9580 00000020
973 t=2200360 grDrawVertexArrayContiguous #1405742 00000003 00000004 004C9580 00000020
974 t=2200360 grDrawVertexArrayContiguous #1405743 00000003 00000003 004C9580 00000020
975 t=2200360 grDrawVertexArrayContiguous #1405744 00000003 00000004 004C9580 00000020
976 t=2200360 grDrawVertexArrayContiguous #1405745 00000003 00000003 004C9580 00000020
977 t=2200360 grDrawVertexArrayContiguous #1405746 00000003 00000004 004C9580 00000020
978 t=2200360 grDrawVertexArrayContiguous #1405747 00000003 00000003 004C9580 00000020
979 t=2200360 grDrawVertexArrayContiguous #1405748 00000003 00000004 004C9580 00000020
980 t=2200360 grDrawVertexArrayContiguous #1405749 00000003 00000003 004C9580 00000020
981 t=2200360 grDrawVertexArrayContiguous #1405750 00000003 00000004 004C9580 00000020
982 t=2200360 grDrawVertexArrayContiguous #1405751 00000003 00000003 004C9580 00000020
983 t=2200360 grDrawVertexArrayContiguous #1405752 00000003 00000004 004C9580 00000020
984 t=2200360 grDrawVertexArrayContiguous #1405753 00000003 00000003 004C9580 00000020
985 t=2200360 grDrawVertexArrayContiguous #1405754 00000003 00000004 004C9580 00000020
986 t=2200360 grDrawVertexArrayContiguous #1405755 00000003 00000003 004C9580 00000020
987 t=2200360 grDrawVertexArrayContiguous #1405756 00000003 00000004 004C9580 00000020
988 t=2200360 grDrawVertexArrayContiguous #1405757 00000003 00000003 004C9580 00000020
989 t=2200360 grDrawVertexArrayContiguous #1405758 00000003 00000004 004C9580 00000020
990 t=2200360 grDrawVertexArrayContiguous #1405759 00000003 00000004 004C9580 00000020
991 t=2200360 grTexDownloadTable #118218 00000002 03601468
992 t=2200360 grTexSource #118218 00000000 0011A000 00000003 004CAC24
993 t=2200360 grTexCombine #118219 00000000 00000001 00000000 00000001 00000000 00000000 00000000
994 t=2200360 grDrawVertexArray #709608 00000006 00000006 004AAD44
995 t=2200360 grAlphaBlendFunction #73291 00000004 00000000 00000004 00000000
996 t=2200365 grDepthMask #75093 00000001
997 t=2200365 grDrawVertexArray #709609 00000006 00000006 004AAD44
998 t=2200365 grAlphaBlendFunction #73292 00000004 00000000 00000004 00000000
999 t=2200365 grDepthMask #75094 00000001
1000 t=2200365 grDrawVertexArray #709610 00000006 00000006 004AAD44
1001 t=2200365 grAlphaBlendFunction #73293 00000004 00000000 00000004 00000000
1002 t=2200365 grDepthMask #75095 00000001
1003 t=2200365 grDrawVertexArray #709611 00000006 00000006 004AAD44
1004 t=2200365 grAlphaBlendFunction #73294 00000004 00000000 00000004 00000000
1005 t=2200365 grDepthMask #75096 00000001
1006 t=2200365 grDrawVertexArray #709612 00000006 00000006 004AAD44
1007 t=2200365 grAlphaBlendFunction #73295 00000004 00000000 00000004 00000000
1008 t=2200365 grDepthMask #75097 00000001
1009 t=2200365 grDrawVertexArray #709613 00000006 00000006 004AAD44
1010 t=2200365 grAlphaBlendFunction #73296 00000004 00000000 00000004 00000000
1011 t=2200365 grDepthMask #75098 00000001
1012 t=2200365 grDrawVertexArray #709614 00000006 00000006 004AAD44
1013 t=2200365 grAlphaBlendFunction #73297 00000004 00000000 00000004 00000000
1014 t=2200365 grDepthMask #75099 00000001
1015 t=2200365 grDrawVertexArray #709615 00000006 00000006 004AAD44
1016 t=2200365 grAlphaBlendFunction #73298 00000004 00000000 00000004 00000000
1017 t=2200365 grDepthMask #75100 00000001
1018 t=2200365 grDrawVertexArray #709616 00000006 00000006 004AAD44
1019 t=2200365 grAlphaBlendFunction #73299 00000004 00000000 00000004 00000000
1020 t=2200365 grDepthMask #75101 00000001
1021 t=2200365 grDrawVertexArray #709617 00000006 00000006 004AAD44
1022 t=2200365 grAlphaBlendFunction #73300 00000004 00000000 00000004 00000000
1023 t=2200365 grDepthMask #75102 00000001
1024 t=2200365 grDrawVertexArray #709618 00000006 00000006 004AAD44
1025 t=2200365 grAlphaBlendFunction #73301 00000004 00000000 00000004 00000000
1026 t=2200365 grDepthMask #75103 00000001
1027 t=2200365 grDrawVertexArray #709619 00000006 00000006 004AAD44
1028 t=2200365 grAlphaBlendFunction #73302 00000004 00000000 00000004 00000000
1029 t=2200365 grDepthMask #75104 00000001
1030 t=2200365 grDrawVertexArray #709620 00000006 00000006 004AAD44
1031 t=2200371 grAlphaBlendFunction #73303 00000004 00000000 00000004 00000000
1032 t=2200371 grDepthMask #75105 00000001
1033 t=2200371 grDrawVertexArray #709621 00000006 00000006 004AAD44
1034 t=2200371 grAlphaBlendFunction #73304 00000004 00000000 00000004 00000000
1035 t=2200371 grDepthMask #75106 00000001
1036 t=2200371 grDrawVertexArray #709622 00000006 00000006 004AAD44
1037 t=2200371 grAlphaBlendFunction #73305 00000004 00000000 00000004 00000000
1038 t=2200371 grDepthMask #75107 00000001
1039 t=2200371 grDrawVertexArray #709623 00000006 00000006 004AAD44
1040 t=2200371 grAlphaBlendFunction #73306 00000004 00000000 00000004 00000000
1041 t=2200371 grDepthMask #75108 00000001
1042 t=2200371 grDrawVertexArray #709624 00000006 00000006 004AAD44
1043 t=2200371 grAlphaBlendFunction #73307 00000004 00000000 00000004 00000000
1044 t=2200371 grDepthMask #75109 00000001
1045 t=2200371 grDrawVertexArray #709625 00000006 00000006 004AAD44
1046 t=2200371 grAlphaBlendFunction #73308 00000004 00000000 00000004 00000000
1047 t=2200371 grDepthMask #75110 00000001
1048 t=2200371 grDrawVertexArray #709626 00000006 00000006 004AAD44
1049 t=2200371 grAlphaBlendFunction #73309 00000004 00000000 00000004 00000000
1050 t=2200371 grDepthMask #75111 00000001
1051 t=2200371 grDrawVertexArray #709627 00000006 00000006 004AAD44
1052 t=2200371 grAlphaBlendFunction #73310 00000004 00000000 00000004 00000000
1053 t=2200371 grDepthMask #75112 00000001
1054 t=2200371 grTexDownloadTable #118219 00000002 036874B0
1055 t=2200371 grTexSource #118219 00000000 000F8000 00000003 004CAB94
1056 t=2200371 grTexCombine #118220 00000000 00000001 00000000 00000001 00000000 00000000 00000000
1057 t=2200371 grDrawVertexArrayContiguous #1405760 00000003 00000003 004C9580 00000020
1058 t=2200371 grDrawVertexArrayContiguous #1405761 00000003 00000003 004C9580 00000020
1059 t=2200371 grDrawVertexArrayContiguous #1405762 00000003 00000004 004C9580 00000020
1060 t=2200371 grDrawVertexArrayContiguous #1405763 00000003 00000004 004C9580 00000020
1061 t=2200371 grDrawVertexArray #709628 00000006 00000006 004AAD44
1062 t=2200371 grDrawVertexArray #709629 00000006 00000006 004AAD44
1063 t=2200371 grDrawVertexArray #709630 00000006 00000006 004AAD44
1064 t=2200375 grDrawVertexArrayContiguous #1405764 00000003 00000004 004C9580 00000020
1065 t=2200375 grDrawVertexArrayContiguous #1405765 00000003 00000003 004C9580 00000020
1066 t=2200375 grDrawVertexArray #709631 00000006 00000006 004AAD44
1067 t=2200375 grDrawVertexArray #709632 00000006 00000006 004AAD44
1068 t=2200375 grDrawVertexArrayContiguous #1405766 00000003 00000004 004C9580 00000020
1069 t=2200375 grDrawVertexArrayContiguous #1405767 00000003 00000003 004C9580 00000020
1070 t=2200375 grDrawVertexArray #709633 00000006 00000006 004AAD44
1071 t=2200375 grDrawVertexArray #709634 00000006 00000006 004AAD44
1072 t=2200375 grDrawVertexArrayContiguous #1405768 00000003 00000004 004C9580 00000020
1073 t=2200375 grDrawVertexArrayContiguous #1405769 00000003 00000003 004C9580 00000020
1074 t=2200375 grDrawVertexArray #709635 00000006 00000006 004AAD44
1075 t=2200375 grDrawVertexArray #709636 00000006 00000006 004AAD44
1076 t=2200375 grDrawVertexArrayContiguous #1405770 00000003 00000003 004C9580 00000020
1077 t=2200375 grDrawVertexArrayContiguous #1405771 00000003 00000003 004C9580 00000020
1078 t=2200375 grDrawVertexArrayContiguous #1405772 00000003 00000004 004C9580 00000020
1079 t=2200375 grDrawVertexArrayContiguous #1405773 00000003 00000004 004C9580 00000020
1080 t=2200375 grDrawVertexArray #709637 00000006 00000006 004AAD44
1081 t=2200375 grDrawVertexArrayContiguous #1405774 00000003 00000004 004C9580 00000020
1082 t=2200375 grDrawVertexArrayContiguous #1405775 00000003 00000003 004C9580 00000020
1083 t=2200375 grDrawVertexArray #709638 00000006 00000006 004AAD44
1084 t=2200375 grDrawVertexArray #709639 00000006 00000006 004AAD44
1085 t=2200375 grDrawVertexArray #709640 00000006 00000006 004AAD44
1086 t=2200375 grDrawVertexArrayContiguous #1405776 00000003 00000003 004C9580 00000020
1087 t=2200375 grDrawVertexArrayContiguous #1405777 00000003 00000003 004C9580 00000020
1088 t=2200375 grDrawVertexArrayContiguous #1405778 00000003 00000004 004C9580 00000020
1089 t=2200375 grDrawVertexArray #709641 00000006 00000006 004AAD44
1090 t=2200375 grDrawVertexArray #709642 00000006 00000006 004AAD44
1091 t=2200375 grDrawVertexArray #709643 00000006 00000006 004AAD44
1092 t=2200375 grDrawVertexArrayContiguous #1405779 00000003 00000004 004C9580 00000020
1093 t=2200375 grDrawVertexArrayContiguous #1405780 00000003 00000003 004C9580 00000020
1094 t=2200375 grDrawVertexArray #709644 00000006 00000006 004AAD44
1095 t=2200375 grDrawVertexArray #709645 00000006 00000006 004AAD44
1096 t=2200375 grDrawVertexArray #709646 00000006 00000006 004AAD44
1097 t=2200380 grDrawVertexArray #709647 00000006 00000006 004AAD44
1098 t=2200380 grDrawVertexArrayContiguous #1405781 00000003 00000004 004C9580 00000020
1099 t=2200380 grDrawVertexArrayContiguous #1405782 00000003 00000003 004C9580 00000020
1100 t=2200380 grDrawVertexArray #709648 00000006 00000006 004AAD44
1101 t=2200380 grDrawVertexArray #709649 00000006 00000006 004AAD44
1102 t=2200380 grDrawVertexArray #709650 00000006 00000006 004AAD44
1103 t=2200380 grDrawVertexArray #709651 00000006 00000006 004AAD44
1104 t=2200380 grDrawVertexArrayContiguous #1405783 00000003 00000004 004C9580 00000020
1105 t=2200380 grDrawVertexArrayContiguous #1405784 00000003 00000003 004C9580 00000020
1106 t=2200380 grDrawVertexArray #709652 00000006 00000006 004AAD44
1107 t=2200380 grDrawVertexArray #709653 00000006 00000006 004AAD44
1108 t=2200380 grDrawVertexArray #709654 00000006 00000006 004AAD44
1109 t=2200380 grDrawVertexArray #709655 00000006 00000006 004AAD44
1110 t=2200380 grDrawVertexArrayContiguous #1405785 00000003 00000004 004C9580 00000020
1111 t=2200380 grDrawVertexArrayContiguous #1405786 00000003 00000004 004C9580 00000020
1112 t=2200380 grDrawVertexArray #709656 00000006 00000006 004AAD44
1113 t=2200380 grDrawVertexArray #709657 00000006 00000006 004AAD44
1114 t=2200380 grDrawVertexArray #709658 00000006 00000006 004AAD44
1115 t=2200380 grDrawVertexArray #709659 00000006 00000006 004AAD44
1116 t=2200380 grDrawVertexArrayContiguous #1405787 00000003 00000003 004C9580 00000020
1117 t=2200380 grDrawVertexArrayContiguous #1405788 00000003 00000003 004C9580 00000020
1118 t=2200380 grDrawVertexArrayContiguous #1405789 00000003 00000004 004C9580 00000020
1119 t=2200380 grDrawVertexArrayContiguous #1405790 00000003 00000004 004C9580 00000020
1120 t=2200380 grDrawVertexArrayContiguous #1405791 00000003 00000003 004C9580 00000020
1121 t=2200380 grDrawVertexArrayContiguous #1405792 00000003 00000004 004C9580 00000020
1122 t=2200380 grDrawVertexArrayContiguous #1405793 00000003 00000003 004C9580 00000020
1123 t=2200380 grDrawVertexArrayContiguous #1405794 00000003 00000004 004C9580 00000020
1124 t=2200380 grDrawVertexArrayContiguous #1405795 00000003 00000003 004C9580 00000020
1125 t=2200380 grDrawVertexArrayContiguous #1405796 00000003 00000004 004C9580 00000020
1126 t=2200380 grTexDownloadTable #118220 00000002 0375C858
1127 t=2200380 grTexSource #118220 00000000 00162000 00000003 004CAE04
1128 t=2200380 grTexCombine #118221 00000000 00000001 00000000 00000001 00000000 00000000 00000000
1129 t=2200380 grDrawVertexArray #709660 00000006 00000006 004AAD44
1130 t=2200385 grDrawVertexArray #709661 00000006 00000006 004AAD44
1131 t=2200385 grDrawVertexArray #709662 00000006 00000006 004AAD44
1132 t=2200385 grDrawVertexArray #709663 00000006 00000006 004AAD44
1133 t=2200385 grDrawVertexArray #709664 00000006 00000006 004AAD44
1134 t=2200385 grDrawVertexArray #709665 00000006 00000006 004AAD44
1135 t=2200385 grDrawTriangle #170238 004C95C0 004C95A0 004C9580
1136 t=2200385 grDrawTriangle #170239 004C95C0 004C95A0 004C9580
1137 t=2200385 grDrawTriangle #170240 004C95C0 004C95A0 004C9580
1138 t=2200385 grDrawTriangle #170241 004C95C0 004C95A0 004C9580
1139 t=2200385 grDrawTriangle #170242 004C95C0 004C95A0 004C9580
1140 t=2200385 grDrawTriangle #170243 004C95C0 004C95A0 004C9580
1141 t=2200385 grDrawTriangle #170244 004C95C0 004C95A0 004C9580
1142 t=2200385 grDrawTriangle #170245 004C95C0 004C95A0 004C9580
1143 t=2200385 grDrawTriangle #170246 004C95C0 004C95A0 004C9580
1144 t=2200385 grDrawTriangle #170247 004C95C0 004C95A0 004C9580
1145 t=2200385 grDrawTriangle #170248 004C95C0 004C95A0 004C9580
1146 t=2200385 grDrawTriangle #170249 004C95C0 004C95A0 004C9580
1147 t=2200385 grDrawVertexArray #709666 00000006 00000006 004AAD44
1148 t=2200385 grDrawVertexArray #709667 00000006 00000006 004AAD44
1149 t=2200385 grDrawVertexArray #709668 00000006 00000006 004AAD44
1150 t=2200385 grDrawVertexArray #709669 00000006 00000006 004AAD44
1151 t=2200385 grDrawVertexArray #709670 00000006 00000006 004AAD44
1152 t=2200385 grDrawVertexArray #709671 00000006 00000006 004AAD44
1153 t=2200385 grDrawTriangle #170250 004C95C0 004C95A0 004C9580
1154 t=2200385 grDrawTriangle #170251 004C95C0 004C95A0 004C9580
1155 t=2200385 grDrawTriangle #170252 004C95C0 004C95A0 004C9580
1156 t=2200385 grDrawTriangle #170253 004C95C0 004C95A0 004C9580
1157 t=2200385 grDrawTriangle #170254 004C95C0 004C95A0 004C9580
1158 t=2200385 grDrawTriangle #170255 004C95C0 004C95A0 004C9580
1159 t=2200385 grDrawTriangle #170256 004C95C0 004C95A0 004C9580
1160 t=2200385 grDrawTriangle #170257 004C95C0 004C95A0 004C9580
1161 t=2200385 grDrawTriangle #170258 004C95C0 004C95A0 004C9580
1162 t=2200385 grDrawTriangle #170259 004C95C0 004C95A0 004C9580
1163 t=2200385 grDrawTriangle #170260 004C95C0 004C95A0 004C9580
1164 t=2200390 grDrawTriangle #170261 004C95C0 004C95A0 004C9580
1165 t=2200390 grDrawVertexArray #709672 00000006 00000006 004AAD44
1166 t=2200390 grDrawVertexArray #709673 00000006 00000006 004AAD44
1167 t=2200390 grDrawVertexArray #709674 00000006 00000006 004AAD44
1168 t=2200390 grDrawVertexArray #709675 00000006 00000006 004AAD44
1169 t=2200390 grDrawVertexArray #709676 00000006 00000006 004AAD44
1170 t=2200390 grDrawVertexArray #709677 00000006 00000006 004AAD44
1171 t=2200390 grDrawTriangle #170262 004C95C0 004C95A0 004C9580
1172 t=2200390 grDrawTriangle #170263 004C95C0 004C95A0 004C9580
1173 t=2200390 grDrawTriangle #170264 004C95C0 004C95A0 004C9580
1174 t=2200390 grDrawTriangle #170265 004C95C0 004C95A0 004C9580
1175 t=2200390 grDrawTriangle #170266 004C95C0 004C95A0 004C9580
1176 t=2200390 grDrawTriangle #170267 004C95C0 004C95A0 004C9580
1177 t=2200390 grDrawTriangle #170268 004C95C0 004C95A0 004C9580
1178 t=2200390 grDrawTriangle #170269 004C95C0 004C95A0 004C9580
1179 t=2200390 grDrawTriangle #170270 004C95C0 004C95A0 004C9580
1180 t=2200390 grDrawTriangle #170271 004C95C0 004C95A0 004C9580
1181 t=2200390 grDrawTriangle #170272 004C95C0 004C95A0 004C9580
1182 t=2200390 grDrawTriangle #170273 004C95C0 004C95A0 004C9580
1183 t=2200390 grDrawVertexArray #709678 00000006 00000006 004AAD44
1184 t=2200393 grDrawVertexArray #709679 00000006 00000006 004AAD44
1185 t=2200393 grDrawVertexArray #709680 00000006 00000006 004AAD44
1186 t=2200393 grDrawVertexArray #709681 00000006 00000006 004AAD44
1187 t=2200393 grDrawVertexArray #709682 00000006 00000006 004AAD44
1188 t=2200393 grDrawVertexArray #709683 00000006 00000006 004AAD44
1189 t=2200393 grDrawTriangle #170274 004C95C0 004C95A0 004C9580
1190 t=2200393 grDrawTriangle #170275 004C95C0 004C95A0 004C9580
1191 t=2200393 grDrawTriangle #170276 004C95C0 004C95A0 004C9580
1192 t=2200393 grDrawTriangle #170277 004C95C0 004C95A0 004C9580
1193 t=2200393 grDrawTriangle #170278 004C95C0 004C95A0 004C9580
1194 t=2200393 grDrawTriangle #170279 004C95C0 004C95A0 004C9580
1195 t=2200393 grDrawTriangle #170280 004C95C0 004C95A0 004C9580
1196 t=2200393 grDrawTriangle #170281 004C95C0 004C95A0 004C9580
1197 t=2200395 grDrawTriangle #170282 004C95C0 004C95A0 004C9580
1198 t=2200395 grDrawTriangle #170283 004C95C0 004C95A0 004C9580
1199 t=2200395 grDrawTriangle #170284 004C95C0 004C95A0 004C9580
1200 t=2200395 grDrawTriangle #170285 004C95C0 004C95A0 004C9580
1201 t=2200395 grDrawVertexArray #709684 00000006 00000006 004AAD44
1202 t=2200395 grDrawVertexArray #709685 00000006 00000006 004AAD44
1203 t=2200395 grDrawVertexArray #709686 00000006 00000006 004AAD44
1204 t=2200395 grDrawVertexArray #709687 00000006 00000006 004AAD44
1205 t=2200395 grDrawVertexArray #709688 00000006 00000006 004AAD44
1206 t=2200395 grDrawVertexArray #709689 00000006 00000006 004AAD44
1207 t=2200395 grDrawTriangle #170286 004C95C0 004C95A0 004C9580
1208 t=2200395 grDrawTriangle #170287 004C95C0 004C95A0 004C9580
1209 t=2200395 grDrawTriangle #170288 004C95C0 004C95A0 004C9580
1210 t=2200395 grDrawTriangle #170289 004C95C0 004C95A0 004C9580
1211 t=2200395 grDrawTriangle #170290 004C95C0 004C95A0 004C9580
1212 t=2200395 grDrawTriangle #170291 004C95C0 004C95A0 004C9580
1213 t=2200395 grDrawTriangle #170292 004C95C0 004C95A0 004C9580
1214 t=2200395 grDrawTriangle #170293 004C95C0 004C95A0 004C9580
1215 t=2200395 grDrawTriangle #170294 004C95C0 004C95A0 004C9580
1216 t=2200395 grDrawTriangle #170295 004C95C0 004C95A0 004C9580
1217 t=2200395 grDrawTriangle #170296 004C95C0 004C95A0 004C9580
1218 t=2200395 grDrawTriangle #170297 004C95C0 004C95A0 004C9580
1219 t=2200395 grDrawVertexArray #709690 00000006 00000006 004AAD44
1220 t=2200395 grDrawVertexArray #709691 00000006 00000006 004AAD44
1221 t=2200395 grDrawVertexArray #709692 00000006 00000006 004AAD44
1222 t=2200395 grDrawVertexArray #709693 00000006 00000006 004AAD44
1223 t=2200395 grDrawVertexArray #709694 00000006 00000006 004AAD44
1224 t=2200395 grDrawVertexArray #709695 00000006 00000006 004AAD44
1225 t=2200395 grDrawTriangle #170298 004C95C0 004C95A0 004C9580
1226 t=2200395 grDrawTriangle #170299 004C95C0 004C95A0 004C9580
1227 t=2200395 grDrawTriangle #170300 004C95C0 004C95A0 004C9580
1228 t=2200395 grDrawTriangle #170301 004C95C0 004C95A0 004C9580
1229 t=2200395 grDrawTriangle #170302 004C95C0 004C95A0 004C9580
1230 t=2200395 grDrawTriangle #170303 004C95C0 004C95A0 004C9580
1231 t=2200400 grDrawTriangle #170304 004C95C0 004C95A0 004C9580
1232 t=2200400 grDrawTriangle #170305 004C95C0 004C95A0 004C9580
1233 t=2200400 grDrawTriangle #170306 004C95C0 004C95A0 004C9580
1234 t=2200400 grDrawTriangle #170307 004C95C0 004C95A0 004C9580
1235 t=2200400 grDrawTriangle #170308 004C95C0 004C95A0 004C9580
1236 t=2200400 grDrawTriangle #170309 004C95C0 004C95A0 004C9580
1237 t=2200400 grDrawVertexArray #709696 00000006 00000006 004AAD44
1238 t=2200400 grDrawVertexArray #709697 00000006 00000006 004AAD44
1239 t=2200400 grDrawVertexArray #709698 00000006 00000006 004AAD44
1240 t=2200400 grDrawVertexArray #709699 00000006 00000006 004AAD44
1241 t=2200400 grDrawVertexArray #709700 00000006 00000006 004AAD44
1242 t=2200400 grDrawVertexArray #709701 00000006 00000006 004AAD44
1243 t=2200400 grDrawTriangle #170310 004C95C0 004C95A0 004C9580
1244 t=2200400 grDrawTriangle #170311 004C95C0 004C95A0 004C9580
1245 t=2200400 grDrawTriangle #170312 004C95C0 004C95A0 004C9580
1246 t=2200400 grDrawTriangle #170313 004C95C0 004C95A0 004C9580
1247 t=2200400 grDrawTriangle #170314 004C95C0 004C95A0 004C9580
1248 t=2200400 grDrawTriangle #170315 004C95C0 004C95A0 004C9580
1249 t=2200400 grDrawTriangle #170316 004C95C0 004C95A0 004C9580
1250 t=2200400 grDrawTriangle #170317 004C95C0 004C95A0 004C9580
1251 t=2200400 grDrawTriangle #170318 004C95C0 004C95A0 004C9580
1252 t=2200400 grDrawTriangle #170319 004C95C0 004C95A0 004C9580
1253 t=2200400 grDrawTriangle #170320 004C95C0 004C95A0 004C9580
1254 t=2200400 grDrawTriangle #170321 004C95C0 004C95A0 004C9580
1255 t=2200400 grDrawVertexArray #709702 00000006 00000006 004AAD44
1256 t=2200400 grDrawVertexArray #709703 00000006 00000006 004AAD44
1257 t=2200400 grDrawVertexArray #709704 00000006 00000006 004AAD44
1258 t=2200400 grDrawVertexArray #709705 00000006 00000006 004AAD44
1259 t=2200400 grDrawVertexArray #709706 00000006 00000006 004AAD44
1260 t=2200400 grDrawVertexArray #709707 00000006 00000006 004AAD44
1261 t=2200400 grDrawTriangle #170322 004C95C0 004C95A0 004C9580
1262 t=2200400 grDrawTriangle #170323 004C95C0 004C95A0 004C9580
1263 t=2200400 grDrawTriangle #170324 004C95C0 004C95A0 004C9580
1264 t=2200405 grDrawTriangle #170325 004C95C0 004C95A0 004C9580
1265 t=2200405 grDrawTriangle #170326 004C95C0 004C95A0 004C9580
1266 t=2200405 grDrawTriangle #170327 004C95C0 004C95A0 004C9580
1267 t=2200405 grDrawTriangle #170328 004C95C0 004C95A0 004C9580
1268 t=2200405 grDrawTriangle #170329 004C95C0 004C95A0 004C9580
1269 t=2200405 grDrawTriangle #170330 004C95C0 004C95A0 004C9580
1270 t=2200405 grDrawTriangle #170331 004C95C0 004C95A0 004C9580
1271 t=2200405 grDrawTriangle #170332 004C95C0 004C95A0 004C9580
1272 t=2200405 grDrawTriangle #170333 004C95C0 004C95A0 004C9580
1273 t=2200405 grDrawVertexArray #709708 00000006 00000006 004AAD44
1274 t=2200405 grTexDownloadTable #118221 00000002 03604078
1275 t=2200405 grTexSource #118221 00000000 00136000 00000003 004CAD44
1276 t=2200405 grTexCombine #118222 00000000 00000001 00000000 00000001 00000000 00000000 00000000
1277 t=2200405 grDrawVertexArray #709709 00000006 00000006 004AAD44
1278 t=2200405 grDrawVertexArray #709710 00000006 00000006 004AAD44
1279 t=2200405 grDrawVertexArray #709711 00000006 00000006 004AAD44
1280 t=2200405 grTexDownloadTable #118222 00000002 0375A450
1281 t=2200405 grTexSource #118222 00000000 00152000 00000003 004CADD4
1282 t=2200405 grTexCombine #118223 00000000 00000001 00000000 00000001 00000000 00000000 00000000
1283 t=2200405 grDrawTriangle #170334 004C95C0 004C95A0 004C9580
1284 t=2200405 grDrawTriangle #170335 004C95C0 004C95A0 004C9580
1285 t=2200405 grDrawTriangle #170336 004C95C0 004C95A0 004C9580
1286 t=2200405 grDrawTriangle #170337 004C95C0 004C95A0 004C9580
1287 t=2200405 grDrawTriangle #170338 004C95C0 004C95A0 004C9580
1288 t=2200405 grTexDownloadTable #118223 00000002 03604078
1289 t=2200405 grTexSource #118223 00000000 00136000 00000003 004CAD44
1290 t=2200405 grTexCombine #118224 00000000 00000001 00000000 00000001 00000000 00000000 00000000
1291 t=2200405 grDrawVertexArray #709712 00000006 00000006 004AAD44
1292 t=2200405 grDrawTriangle #170339 004C95C0 004C95A0 004C9580
1293 t=2200405 grDrawVertexArray #709713 00000006 00000006 004AAD44
1294 t=2200405 grTexDownloadTable #118224 00000002 0375A450
1295 t=2200405 grTexSource #118224 00000000 00152000 00000003 004CADD4
1296 t=2200405 grTexCombine #118225 00000000 00000001 00000000 00000001 00000000 00000000 00000000
1297 t=2200405 grDrawTriangle #170340 004C95C0 004C95A0 004C9580
1298 t=2200410 grTexDownloadTable #118225 00000002 0375C858
1299 t=2200410 grTexSource #118225 00000000 00162000 00000003 004CAE04
1300 t=2200410 grTexCombine #118226 00000000 00000001 00000000 00000001 00000000 00000000 00000000
1301 t=2200410 grDrawVertexArray #709714 00000006 00000006 004AAD44
1302 t=2200410 grDrawVertexArray #709715 00000006 00000006 004AAD44
1303 t=2200410 grDrawVertexArray #709716 00000006 00000006 004AAD44
1304 t=2200410 grDrawVertexArray #709717 00000006 00000006 004AAD44
1305 t=2200410 grDrawTriangle #170341 004C95C0 004C95A0 004C9580
1306 t=2200410 grDrawTriangle #170342 004C95C0 004C95A0 004C9580
1307 t=2200410 grDrawTriangle #170343 004C95C0 004C95A0 004C9580
1308 t=2200410 grDrawTriangle #170344 004C95C0 004C95A0 004C9580
1309 t=2200410 grDrawTriangle #170345 004C95C0 004C95A0 004C9580
1310 t=2200410 grDrawTriangle #170346 004C95C0 004C95A0 004C9580
1311 t=2200410 grDrawTriangle #170347 004C95C0 004C95A0 004C9580
1312 t=2200410 grDrawTriangle #170348 004C95C0 004C95A0 004C9580
1313 t=2200410 grDrawTriangle #170349 004C95C0 004C95A0 004C9580
1314 t=2200410 grDrawTriangle #170350 004C95C0 004C95A0 004C9580
1315 t=2200410 grDrawTriangle #170351 004C95C0 004C95A0 004C9580
1316 t=2200410 grDrawTriangle #170352 004C95C0 004C95A0 004C9580
1317 t=2200410 grDrawVertexArray #709718 00000006 00000006 004AAD44
1318 t=2200410 grDrawVertexArray #709719 00000006 00000006 004AAD44
1319 t=2200410 grDrawVertexArray #709720 00000006 00000006 004AAD44
1320 t=2200410 grDrawVertexArray #709721 00000006 00000006 004AAD44
1321 t=2200410 grDrawVertexArray #709722 00000006 00000006 004AAD44
1322 t=2200410 grDrawTriangle #170353 004C95C0 004C95A0 004C9580
1323 t=2200410 grDrawTriangle #170354 004C95C0 004C95A0 004C9580
1324 t=2200410 grDrawTriangle #170355 004C95C0 004C95A0 004C9580
1325 t=2200410 grDrawTriangle #170356 004C95C0 004C95A0 004C9580
1326 t=2200410 grDrawTriangle #170357 004C95C0 004C95A0 004C9580
1327 t=2200410 grDrawTriangle #170358 004C95C0 004C95A0 004C9580
1328 t=2200410 grDrawTriangle #170359 004C95C0 004C95A0 004C9580
1329 t=2200410 grDrawTriangle #170360 004C95C0 004C95A0 004C9580
1330 t=2200410 grDrawTriangle #170361 004C95C0 004C95A0 004C9580
1331 t=2200410 grDrawTriangle #170362 004C95C0 004C95A0 004C9580
1332 t=2200415 grDrawTriangle #170363 004C95C0 004C95A0 004C9580
1333 t=2200415 grDrawTriangle #170364 004C95C0 004C95A0 004C9580
1334 t=2200415 grDrawVertexArray #709723 00000006 00000006 004AAD44
1335 t=2200415 grDrawVertexArray #709724 00000006 00000006 004AAD44
1336 t=2200415 grDrawVertexArray #709725 00000006 00000006 004AAD44
1337 t=2200415 grDrawVertexArray #709726 00000006 00000006 004AAD44
1338 t=2200415 grDrawVertexArray #709727 00000006 00000006 004AAD44
1339 t=2200415 grDrawTriangle #170365 004C95C0 004C95A0 004C9580
1340 t=2200415 grDrawTriangle #170366 004C95C0 004C95A0 004C9580
1341 t=2200415 grDrawTriangle #170367 004C95C0 004C95A0 004C9580
1342 t=2200415 grDrawTriangle #170368 004C95C0 004C95A0 004C9580
1343 t=2200415 grDrawTriangle #170369 004C95C0 004C95A0 004C9580
1344 t=2200415 grDrawTriangle #170370 004C95C0 004C95A0 004C9580
1345 t=2200415 grDrawTriangle #170371 004C95C0 004C95A0 004C9580
1346 t=2200415 grDrawTriangle #170372 004C95C0 004C95A0 004C9580
1347 t=2200415 grDrawTriangle #170373 004C95C0 004C95A0 004C9580
1348 t=2200415 grDrawTriangle #170374 004C95C0 004C95A0 004C9580
1349 t=2200415 grDrawTriangle #170375 004C95C0 004C95A0 004C9580
1350 t=2200415 grDrawTriangle #170376 004C95C0 004C95A0 004C9580
1351 t=2200415 grDrawVertexArray #709728 00000006 00000006 004AAD44
1352 t=2200415 grDrawVertexArray #709729 00000006 00000006 004AAD44
1353 t=2200415 grDrawVertexArray #709730 00000006 00000006 004AAD44
1354 t=2200415 grDrawVertexArray #709731 00000006 00000006 004AAD44
1355 t=2200415 grDrawVertexArray #709732 00000006 00000006 004AAD44
1356 t=2200415 grTexDownloadTable #118226 00000002 0374A048
1357 t=2200415 grTexSource #118226 00000000 0014E000 00000003 004CADA4
1358 t=2200415 grTexCombine #118227 00000000 00000001 00000000 00000001 00000000 00000000 00000000
1359 t=2200415 grDrawVertexArray #709733 00000006 00000006 004AAD44
1360 t=2200415 grDrawVertexArray #709734 00000006 00000006 004AAD44
1361 t=2200415 grDrawVertexArray #709735 00000006 00000006 004AAD44
1362 t=2200415 grDrawVertexArray #709736 00000006 00000006 004AAD44
1363 t=2200415 grDrawVertexArray #709737 00000006 00000006 004AAD44
1364 t=2200415 grDrawTriangle #170377 004C95C0 004C95A0 004C9580
1365 t=2200415 grDrawTriangle #170378 004C95C0 004C95A0 004C9580
1366 t=2200420 grDrawVertexArray #709738 00000006 00000006 004AAD44
1367 t=2200420 grDrawVertexArray #709739 00000006 00000006 004AAD44
1368 t=2200420 grDrawVertexArray #709740 00000006 00000006 004AAD44
1369 t=2200420 grDrawVertexArray #709741 00000006 00000006 004AAD44
1370 t=2200420 grDrawVertexArray #709742 00000006 00000006 004AAD44
1371 t=2200420 grDrawVertexArray #709743 00000006 00000006 004AAD44
1372 t=2200420 grDrawTriangle #170379 004C95C0 004C95A0 004C9580
1373 t=2200420 grDrawTriangle #170380 004C95C0 004C95A0 004C9580
1374 t=2200420 grDrawVertexArray #709744 00000006 00000006 004AAD44
1375 t=2200420 grDrawVertexArray #709745 00000006 00000006 004AAD44
1376 t=2200420 grDrawVertexArray #709746 00000006 00000006 004AAD44
1377 t=2200420 grDrawVertexArray #709747 00000006 00000006 004AAD44
1378 t=2200420 grDrawVertexArray #709748 00000006 00000006 004AAD44
1379 t=2200420 grDrawVertexArray #709749 00000006 00000006 004AAD44
1380 t=2200420 grDrawVertexArray #709750 00000006 00000006 004AAD44
1381 t=2200420 grTexDownloadTable #118227 00000002 0360447C
1382 t=2200420 grTexSource #118227 00000000 00146000 00000003 004CAD74
1383 t=2200420 grTexCombine #118228 00000000 00000001 00000000 00000001 00000000 00000000 00000000
1384 t=2200420 grDrawVertexArray #709751 00000006 00000006 004AAD44
1385 t=2200420 grDrawVertexArray #709752 00000006 00000006 004AAD44
1386 t=2200420 grTexDownloadTable #118228 00000002 0374A048
1387 t=2200420 grTexSource #118228 00000000 0014E000 00000003 004CADA4
1388 t=2200420 grTexCombine #118229 00000000 00000001 00000000 00000001 00000000 00000000 00000000
1389 t=2200420 grDrawVertexArray #709753 00000006 00000006 004AAD44
1390 t=2200420 grTexDownloadTable #118229 00000002 03604078
1391 t=2200420 grTexSource #118229 00000000 00136000 00000003 004CAD44
1392 t=2200420 grTexCombine #118230 00000000 00000001 00000000 00000001 00000000 00000000 00000000
1393 t=2200420 grDrawVertexArray #709754 00000006 00000006 004AAD44
1394 t=2200420 grDrawVertexArray #709755 00000006 00000006 004AAD44
1395 t=2200420 grDrawVertexArray #709756 00000006 00000006 004AAD44
1396 t=2200420 grDrawTriangle #170381 004C95C0 004C95A0 004C9580
1397 t=2200420 grDrawVertexArray #709757 00000006 00000006 004AAD44
1398 t=2200420 grDrawVertexArray #709758 00000006 00000006 004AAD44
1399 t=2200420 grDrawVertexArray #709759 00000006 00000006 004AAD44
1400 t=2200425 grDrawVertexArray #709760 00000006 00000006 004AAD44
1401 t=2200425 grDrawTriangle #170382 004C95C0 004C95A0 004C9580
1402 t=2200425 grDrawVertexArray #709761 00000006 00000006 004AAD44
1403 t=2200425 grDrawVertexArray #709762 00000006 00000006 004AAD44
1404 t=2200425 grDrawVertexArray #709763 00000006 00000006 004AAD44
1405 t=2200425 grDrawVertexArray #709764 00000006 00000006 004AAD44
1406 t=2200425 grDrawVertexArray #709765 00000006 00000006 004AAD44
1407 t=2200425 grDrawVertexArray #709766 00000006 00000006 004AAD44
1408 t=2200425 grDrawVertexArray #709767 00000006 00000006 004AAD44
1409 t=2200425 grDrawVertexArray #709768 00000006 00000006 004AAD44
1410 t=2200425 grDrawVertexArray #709769 00000006 00000006 004AAD44
1411 t=2200425 grDrawVertexArray #709770 00000006 00000006 004AAD44
1412 t=2200425 grDrawVertexArray #709771 00000006 00000006 004AAD44
1413 t=2200425 grDrawVertexArray #709772 00000006 00000006 004AAD44
1414 t=2200425 grDrawTriangle #170383 004C95C0 004C95A0 004C9580
1415 t=2200425 grDrawVertexArray #709773 00000006 00000006 004AAD44
1416 t=2200425 grDrawTriangle #170384 004C95C0 004C95A0 004C9580
1417 t=2200425 grDrawVertexArray #709774 00000006 00000006 004AAD44
1418 t=2200425 grTexDownloadTable #118230 00000002 0375A450
1419 t=2200425 grTexSource #118230 00000000 00152000 00000003 004CADD4
1420 t=2200425 grTexCombine #118231 00000000 00000001 00000000 00000001 00000000 00000000 00000000
1421 t=2200425 grDrawVertexArray #709775 00000006 00000006 004AAD44
1422 t=2200425 grTexDownloadTable #118231 00000002 03604078
1423 t=2200425 grTexSource #118231 00000000 00136000 00000003 004CAD44
1424 t=2200425 grTexCombine #118232 00000000 00000001 00000000 00000001 00000000 00000000 00000000
1425 t=2200425 grDrawVertexArray #709776 00000006 00000006 004AAD44
1426 t=2200425 grDrawVertexArray #709777 00000006 00000006 004AAD44
1427 t=2200425 grDrawTriangle #170385 004C95C0 004C95A0 004C9580
1428 t=2200425 grTexDownloadTable #118232 00000002 0375A450
1429 t=2200425 grTexSource #118232 00000000 00152000 00000003 004CADD4
1430 t=2200425 grTexCombine #118233 00000000 00000001 00000000 00000001 00000000 00000000 00000000
1431 t=2200425 grDrawVertexArray #709778 00000006 00000006 004AAD44
1432 t=2200425 grTexDownloadTable #118233 00000002 03604078
1433 t=2200425 grTexSource #118233 00000000 00136000 00000003 004CAD44
1434 t=2200430 grTexCombine #118234 00000000 00000001 00000000 00000001 00000000 00000000 00000000
1435 t=2200430 grDrawVertexArray #709779 00000006 00000006 004AAD44
1436 t=2200430 grDrawVertexArray #709780 00000006 00000006 004AAD44
1437 t=2200430 grDrawVertexArray #709781 00000006 00000006 004AAD44
1438 t=2200430 grDrawVertexArray #709782 00000006 00000006 004AAD44
1439 t=2200430 grDrawTriangle #170386 004C95C0 004C95A0 004C9580
1440 t=2200430 grDrawTriangle #170387 004C95C0 004C95A0 004C9580
1441 t=2200430 grDrawTriangle #170388 004C95C0 004C95A0 004C9580
1442 t=2200430 grDrawVertexArray #709783 00000006 00000006 004AAD44
1443 t=2200430 grDrawVertexArray #709784 00000006 00000006 004AAD44
1444 t=2200430 grDrawVertexArray #709785 00000006 00000006 004AAD44
1445 t=2200430 grDrawVertexArray #709786 00000006 00000006 004AAD44
1446 t=2200430 grDrawVertexArray #709787 00000006 00000006 004AAD44
1447 t=2200430 grDrawVertexArray #709788 00000006 00000006 004AAD44
1448 t=2200430 grDrawVertexArray #709789 00000006 00000006 004AAD44
1449 t=2200430 grDrawVertexArray #709790 00000006 00000006 004AAD44
1450 t=2200430 grDrawVertexArray #709791 00000006 00000006 004AAD44
1451 t=2200430 grDrawVertexArray #709792 00000006 00000006 004AAD44
1452 t=2200430 grDrawVertexArray #709793 00000006 00000006 004AAD44
1453 t=2200430 grTexDownloadTable #118234 00000002 0374A048
1454 t=2200433 grTexSource #118234 00000000 0014E000 00000003 004CADA4
1455 t=2200433 grTexCombine #118235 00000000 00000001 00000000 00000001 00000000 00000000 00000000
1456 t=2200433 grDrawVertexArray #709794 00000006 00000006 004AAD44
1457 t=2200433 grTexDownloadTable #118235 00000002 03604078
1458 t=2200433 grTexSource #118235 00000000 00136000 00000003 004CAD44
1459 t=2200433 grTexCombine #118236 00000000 00000001 00000000 00000001 00000000 00000000 00000000
1460 t=2200433 grDrawVertexArray #709795 00000006 00000006 004AAD44
1461 t=2200433 grTexDownloadTable #118236 00000002 0374A048
1462 t=2200433 grTexSource #118236 00000000 0014E000 00000003 004CADA4
1463 t=2200433 grTexCombine #118237 00000000 00000001 00000000 00000001 00000000 00000000 00000000
1464 t=2200433 grDrawVertexArray #709796 00000006 00000006 004AAD44
1465 t=2200433 grDrawVertexArray #709797 00000006 00000006 004AAD44
1466 t=2200433 grTexDownloadTable #118237 00000002 03604078
1467 t=2200435 grTexSource #118237 00000000 00136000 00000003 004CAD44
1468 t=2200435 grTexCombine #118238 00000000 00000001 00000000 00000001 00000000 00000000 00000000
1469 t=2200435 grDrawVertexArray #709798 00000006 00000006 004AAD44
1470 t=2200435 grDrawTriangle #170389 004C95C0 004C95A0 004C9580
1471 t=2200435 grTexDownloadTable #118238 00000002 0374A048
1472 t=2200435 grTexSource #118238 00000000 0014E000 00000003 004CADA4
1473 t=2200435 grTexCombine #118239 00000000 00000001 00000000 00000001 00000000 00000000 00000000
1474 t=2200435 grDrawVertexArray #709799 00000006 00000006 004AAD44
1475 t=2200435 grDrawVertexArray #709800 00000006 00000006 004AAD44
1476 t=2200435 grTexDownloadTable #118239 00000002 03604078
1477 t=2200435 grTexSource #118239 00000000 00136000 00000003 004CAD44
1478 t=2200435 grTexCombine #118240 00000000 00000001 00000000 00000001 00000000 00000000 00000000
1479 t=2200435 grDrawTriangle #170390 004C95C0 004C95A0 004C9580
1480 t=2200435 grAlphaBlendFunction #73311 00000004 00000000 00000004 00000000
1481 t=2200435 grDepthMask #75113 00000001
1482 t=2200435 grTexDownloadTable #118240 00000002 03580598
1483 t=2200435 grTexSource #118240 00000000 00040000 00000003 004CA8F4
1484 t=2200435 grTexCombine #118241 00000000 00000001 00000000 00000001 00000000 00000000 00000000
1485 t=2200435 grAlphaBlendFunction #73312 00000004 00000000 00000004 00000000
1486 t=2200435 grDepthMask #75114 00000001
1487 t=2200435 grTexDownloadTable #118241 00000002 03580194
1488 t=2200435 grTexSource #118241 00000000 00030000 00000003 004CA8C4
1489 t=2200435 grTexCombine #118242 00000000 00000001 00000000 00000001 00000000 00000000 00000000
1490 t=2200435 grDrawVertexArray #709801 00000006 00000006 004AAD44
1491 t=2200435 grAlphaBlendFunction #73313 00000004 00000000 00000004 00000000
1492 t=2200435 grDepthMask #75115 00000001
1493 t=2200435 grDrawVertexArray #709802 00000006 00000006 004AAD44
1494 t=2200435 grAlphaBlendFunction #73314 00000004 00000000 00000004 00000000
1495 t=2200435 grDepthMask #75116 00000001
1496 t=2200435 grTexDownloadTable #118242 00000002 0357FD90
1497 t=2200435 grTexSource #118242 00000000 00020000 00000003 004CA894
1498 t=2200435 grTexCombine #118243 00000000 00000001 00000000 00000001 00000000 00000000 00000000
1499 t=2200435 grDrawVertexArray #709803 00000006 00000006 004AAD44
1500 t=2200435 grAlphaBlendFunction #73315 00000004 00000000 00000004 00000000
1501 t=2200440 grDepthMask #75117 00000001
1502 t=2200440 grDrawVertexArray #709804 00000006 00000006 004AAD44
1503 t=2200440 grAlphaBlendFunction #73316 00000004 00000000 00000004 00000000
1504 t=2200440 grDepthMask #75118 00000001
1505 t=2200440 grTexDownloadTable #118243 00000002 0357F98C
1506 t=2200440 grTexSource #118243 00000000 00010000 00000003 004CA864
1507 t=2200440 grTexCombine #118244 00000000 00000001 00000000 00000001 00000000 00000000 00000000
1508 t=2200440 grTexDownloadTable #118244 00000002 0357F588
1509 t=2200440 grTexSource #118244 00000000 00000000 00000003 004CA834
1510 t=2200440 grTexCombine #118245 00000000 00000001 00000000 00000001 00000000 00000000 00000000
1511 t=2200440 grDrawVertexArrayContiguous #1405797 00000003 00000003 004C9580 00000020
1512 t=2200440 grDrawVertexArrayContiguous #1405798 00000003 00000003 004C9580 00000020
1513 t=2200440 grDrawVertexArrayContiguous #1405799 00000003 00000004 004C9580 00000020
1514 t=2200440 grDrawVertexArrayContiguous #1405800 00000003 00000003 004C9580 00000020
1515 t=2200440 grDrawVertexArrayContiguous #1405801 00000003 00000004 004C9580 00000020
1516 t=2200440 grDrawVertexArrayContiguous #1405802 00000003 00000003 004C9580 00000020
1517 t=2200440 grDrawVertexArrayContiguous #1405803 00000003 00000003 004C9580 00000020
1518 t=2200440 grDrawVertexArrayContiguous #1405804 00000003 00000004 004C9580 00000020
1519 t=2200440 grDrawVertexArrayContiguous #1405805 00000003 00000004 004C9580 00000020
1520 t=2200440 grDrawVertexArrayContiguous #1405806 00000003 00000004 004C9580 00000020
1521 t=2200440 grDrawVertexArray #709805 00000006 00000006 004AAD44
1522 t=2200440 grDrawVertexArray #709806 00000006 00000006 004AAD44
1523 t=2200440 grDrawVertexArrayContiguous #1405807 00000003 00000003 004C9580 00000020
1524 t=2200440 grDrawVertexArrayContiguous #1405808 00000003 00000003 004C9580 00000020
1525 t=2200440 grDrawVertexArrayContiguous #1405809 00000003 00000004 004C9580 00000020
1526 t=2200440 grDrawVertexArrayContiguous #1405810 00000003 00000004 004C9580 00000020
1527 t=2200440 grDrawVertexArray #709807 00000006 00000006 004AAD44
1528 t=2200440 grDrawVertexArrayContiguous #1405811 00000003 00000004 004C9580 00000020
1529 t=2200440 grDrawVertexArrayContiguous #1405812 00000003 00000004 004C9580 00000020
1530 t=2200440 grAlphaBlendFunction #73317 00000004 00000004 00000004 00000004
1531 t=2200440 grDepthMask #75119 00000000
1532 t=2200440 grColorCombine #25966 00000001 00000000 00000000 00000002 00000000
1533 t=2200440 grAlphaBlendFunction #73318 00000000 00000006 00000004 00000004
1534 t=2200445 grDepthMask #75120 00000000
1535 t=2200445 grColorCombine #25967 00000003 00000001 00000000 00000001 00000000
1536 t=2200445 grTexDownloadTable #118245 00000002 03A8F410
1537 t=2200445 grTexSource #118245 00000000 00092000 00000003 004CAA14
1538 t=2200445 grTexCombine #118246 00000000 00000001 00000000 00000001 00000000 00000000 00000000
1539 t=2200445 grAlphaBlendFunction #73319 00000004 00000004 00000004 00000004
1540 t=2200445 grDepthMask #75121 00000000
1541 t=2200445 grTexDownloadTable #118246 00000002 03A8F00C
1542 t=2200445 grTexSource #118246 00000000 00082000 00000003 004CA9E4
1543 t=2200445 grTexCombine #118247 00000000 00000001 00000000 00000001 00000000 00000000 00000000
1544 t=2200445 grDrawVertexArray #709808 00000006 00000006 004AAD44
1545 t=2200445 grDrawVertexArray #709809 00000006 00000006 004AAD44
1546 t=2200445 grDrawVertexArray #709810 00000006 00000006 004AAD44
1547 t=2200445 grDrawVertexArray #709811 00000006 00000006 004AAD44
1548 t=2200445 grDrawVertexArray #709812 00000006 00000006 004AAD44
1549 t=2200445 grAlphaBlendFunction #73320 00000000 00000006 00000004 00000004
1550 t=2200445 grDepthMask #75122 00000000
1551 t=2200445 grTexDownloadTable #118247 00000002 03A8F410
1552 t=2200445 grTexSource #118247 00000000 00092000 00000003 004CAA14
1553 t=2200445 grTexCombine #118248 00000000 00000001 00000000 00000001 00000000 00000000 00000000
1554 t=2200445 grDrawVertexArray #709813 00000006 00000006 004AAD44
1555 t=2200445 grAlphaBlendFunction #73321 00000004 00000004 00000004 00000004
1556 t=2200445 grDepthMask #75123 00000000
1557 t=2200445 grTexDownloadTable #118248 00000002 03A8F814
1558 t=2200445 grTexSource #118248 00000000 000A2000 00000003 004CAA44
1559 t=2200445 grTexCombine #118249 00000000 00000001 00000000 00000001 00000000 00000000 00000000
1560 t=2200445 grDrawVertexArray #709814 00000006 00000006 004AAD44
1561 t=2200445 grTexDownloadTable #118249 00000002 03A8F410
1562 t=2200445 grTexSource #118249 00000000 00092000 00000003 004CAA14
1563 t=2200445 grTexCombine #118250 00000000 00000001 00000000 00000001 00000000 00000000 00000000
1564 t=2200445 grDrawVertexArrayContiguous #1405813 00000003 00000003 004C9580 00000020
1565 t=2200445 grDrawVertexArrayContiguous #1405814 00000003 00000003 004C9580 00000020
1566 t=2200445 grDrawVertexArrayContiguous #1405815 00000003 00000003 004C9580 00000020
1567 t=2200450 grDrawVertexArrayContiguous #1405816 00000003 00000003 004C9580 00000020
1568 t=2200450 grTexDownloadTable #118250 00000002 035879B4
1569 t=2200450 grTexSource #118250 00000000 000B2000 00000003 004CAA74
1570 t=2200450 grTexCombine #118251 00000000 00000001 00000000 00000001 00000000 00000000 00000000
1571 t=2200450 grDrawTriangle #170391 004C95C0 004C95A0 004C9580
1572 t=2200450 grDrawTriangle #170392 004C95C0 004C95A0 004C9580
1573 t=2200450 grDrawTriangle #170393 004C95C0 004C95A0 004C9580
1574 t=2200450 grTexDownloadTable #118251 00000002 03A8F00C
1575 t=2200450 grTexSource #118251 00000000 00082000 00000003 004CA9E4
1576 t=2200450 grTexCombine #118252 00000000 00000001 00000000 00000001 00000000 00000000 00000000
1577 t=2200450 grDrawVertexArray #709815 00000006 00000006 004AAD44
1578 t=2200450 grTexDownloadTable #118252 00000002 035879B4
1579 t=2200450 grTexSource #118252 00000000 000B2000 00000003 004CAA74
1580 t=2200450 grTexCombine #118253 00000000 00000001 00000000 00000001 00000000 00000000 00000000
1581 t=2200450 grDrawTriangle #170394 004C95C0 004C95A0 004C9580
1582 t=2200450 grDrawTriangle #170395 004C95C0 004C95A0 004C9580
1583 t=2200450 grDrawTriangle #170396 004C95C0 004C95A0 004C9580
1584 t=2200450 grDrawTriangle #170397 004C95C0 004C95A0 004C9580
1585 t=2200450 grTexDownloadTable #118253 00000002 03A8F00C
1586 t=2200450 grTexSource #118253 00000000 00082000 00000003 004CA9E4
1587 t=2200450 grTexCombine #118254 00000000 00000001 00000000 00000001 00000000 00000000 00000000
1588 t=2200450 grDrawVertexArray #709816 00000006 00000006 004AAD44
1589 t=2200450 grDrawVertexArray #709817 00000006 00000006 004AAD44
1590 t=2200450 grDrawVertexArray #709818 00000006 00000006 004AAD44
1591 t=2200450 grDrawVertexArray #709819 00000006 00000006 004AAD44
1592 t=2200450 grDrawVertexArray #709820 00000006 00000006 004AAD44
1593 t=2200450 grAlphaBlendFunction #73322 00000000 00000006 00000004 00000004
1594 t=2200450 grDepthMask #75124 00000000
1595 t=2200450 grTexDownloadTable #118254 00000002 03A8F410
1596 t=2200450 grTexSource #118254 00000000 00092000 00000003 004CAA14
1597 t=2200450 grTexCombine #118255 00000000 00000001 00000000 00000001 00000000 00000000 00000000
1598 t=2200450 grDrawVertexArray #709821 00000006 00000006 004AAD44
1599 t=2200450 grAlphaBlendFunction #73323 00000004 00000004 00000004 00000004
1600 t=2200455 grDepthMask #75125 00000000
1601 t=2200455 grTexDownloadTable #118255 00000002 03A8F00C
1602 t=2200455 grTexSource #118255 00000000 00082000 00000003 004CA9E4
1603 t=2200455 grTexCombine #118256 00000000 00000001 00000000 00000001 00000000 00000000 00000000
1604 t=2200455 grDrawVertexArray #709822 00000006 00000006 004AAD44
1605 t=2200455 grDrawVertexArray #709823 00000006 00000006 004AAD44
1606 t=2200455 grDrawVertexArray #709824 00000006 00000006 004AAD44
1607 t=2200455 grDrawVertexArray #709825 00000006 00000006 004AAD44
1608 t=2200455 grDrawTriangle #170398 004C95C0 004C95A0 004C9580
1609 t=2200455 grDrawVertexArray #709826 00000006 00000006 004AAD44
1610 t=2200455 grDrawTriangle #170399 004C95C0 004C95A0 004C9580
1611 t=2200455 grTexDownloadTable #118256 00000002 035879B4
1612 t=2200455 grTexSource #118256 00000000 000B2000 00000003 004CAA74
1613 t=2200455 grTexCombine #118257 00000000 00000001 00000000 00000001 00000000 00000000 00000000
1614 t=2200455 grDrawTriangle #170400 004C95C0 004C95A0 004C9580
1615 t=2200455 grTexDownloadTable #118257 00000002 03A8F410
1616 t=2200455 grTexSource #118257 00000000 00092000 00000003 004CAA14
1617 t=2200455 grTexCombine #118258 00000000 00000001 00000000 00000001 00000000 00000000 00000000
1618 t=2200455 grDrawVertexArrayContiguous #1405817 00000003 00000003 004C9580 00000020
1619 t=2200455 grDrawVertexArrayContiguous #1405818 00000003 00000003 004C9580 00000020
1620 t=2200455 grDrawVertexArrayContiguous #1405819 00000003 00000003 004C9580 00000020
1621 t=2200455 grDrawVertexArrayContiguous #1405820 00000003 00000003 004C9580 00000020
1622 t=2200455 grTexDownloadTable #118258 00000002 035879B4
1623 t=2200455 grTexSource #118258 00000000 000B2000 00000003 004CAA74
1624 t=2200455 grTexCombine #118259 00000000 00000001 00000000 00000001 00000000 00000000 00000000
1625 t=2200455 grDrawTriangle #170401 004C95C0 004C95A0 004C9580
1626 t=2200455 grDrawTriangle #170402 004C95C0 004C95A0 004C9580
1627 t=2200455 grDrawTriangle #170403 004C95C0 004C95A0 004C9580
1628 t=2200455 grDrawTriangle #170404 004C95C0 004C95A0 004C9580
1629 t=2200455 grDrawTriangle #170405 004C95C0 004C95A0 004C9580
1630 t=2200455 grDrawTriangle #170406 004C95C0 004C95A0 004C9580
1631 t=2200455 grDrawTriangle #170407 004C95C0 004C95A0 004C9580
1632 t=2200455 grDrawTriangle #170408 004C95C0 004C95A0 004C9580
1633 t=2200455 grDrawTriangle #170409 004C95C0 004C95A0 004C9580
1634 t=2200460 grTexDownloadTable #118259 00000002 03A8F814
1635 t=2200460 grTexSource #118259 00000000 000A2000 00000003 004CAA44
1636 t=2200460 grTexCombine #118260 00000000 00000001 00000000 00000001 00000000 00000000 00000000
1637 t=2200460 grDrawVertexArray #709827 00000006 00000006 004AAD44
1638 t=2200460 grTexDownloadTable #118260 00000002 035879B4
1639 t=2200460 grTexSource #118260 00000000 000B2000 00000003 004CAA74
1640 t=2200460 grTexCombine #118261 00000000 00000001 00000000 00000001 00000000 00000000 00000000
1641 t=2200460 grDrawTriangle #170410 004C95C0 004C95A0 004C9580
1642 t=2200460 grDrawTriangle #170411 004C95C0 004C95A0 004C9580
1643 t=2200460 grDrawTriangle #170412 004C95C0 004C95A0 004C9580
1644 t=2200460 grTexDownloadTable #118261 00000002 03A8F00C
1645 t=2200460 grTexSource #118261 00000000 00082000 00000003 004CA9E4
1646 t=2200460 grTexCombine #118262 00000000 00000001 00000000 00000001 00000000 00000000 00000000
1647 t=2200460 grDrawTriangle #170413 004C95C0 004C95A0 004C9580
1648 t=2200460 grDrawTriangle #170414 004C95C0 004C95A0 004C9580
1649 t=2200460 grDrawTriangle #170415 004C95C0 004C95A0 004C9580
1650 t=2200460 grDrawVertexArray #709828 00000006 00000006 004AAD44
1651 t=2200460 grDrawTriangle #170416 004C95C0 004C95A0 004C9580
1652 t=2200460 grDrawTriangle #170417 004C95C0 004C95A0 004C9580
1653 t=2200460 grDrawVertexArray #709829 00000006 00000006 004AAD44
1654 t=2200460 grDrawVertexArray #709830 00000006 00000006 004AAD44
1655 t=2200460 grDrawVertexArray #709831 00000006 00000006 004AAD44
1656 t=2200460 grDrawVertexArray #709832 00000006 00000006 004AAD44
1657 t=2200460 grDrawVertexArray #709833 00000006 00000006 004AAD44
1658 t=2200460 grDrawVertexArray #709834 00000006 00000006 004AAD44
1659 t=2200460 grDrawVertexArray #709835 00000006 00000006 004AAD44
1660 t=2200460 grDrawTriangle #170418 004C95C0 004C95A0 004C9580
1661 t=2200460 grDrawTriangle #170419 004C95C0 004C95A0 004C9580
1662 t=2200460 grDrawVertexArray #709836 00000006 00000006 004AAD44
1663 t=2200460 grTexDownloadTable #118262 00000002 03A8F814
1664 t=2200460 grTexSource #118262 00000000 000A2000 00000003 004CAA44
1665 t=2200460 grTexCombine #118263 00000000 00000001 00000000 00000001 00000000 00000000 00000000
1666 t=2200460 grDrawVertexArray #709837 00000006 00000006 004AAD44
1667 t=2200460 grTexDownloadTable #118263 00000002 035879B4
1668 t=2200465 grTexSource #118263 00000000 000B2000 00000003 004CAA74
1669 t=2200465 grTexCombine #118264 00000000 00000001 00000000 00000001 00000000 00000000 00000000
1670 t=2200465 grDrawTriangle #170420 004C95C0 004C95A0 004C9580
1671 t=2200465 grTexDownloadTable #118264 00000002 03A8F00C
1672 t=2200465 grTexSource #118264 00000000 00082000 00000003 004CA9E4
1673 t=2200465 grTexCombine #118265 00000000 00000001 00000000 00000001 00000000 00000000 00000000
1674 t=2200465 grDrawTriangle #170421 004C95C0 004C95A0 004C9580
1675 t=2200465 grDrawTriangle #170422 004C95C0 004C95A0 004C9580
1676 t=2200465 grDrawVertexArray #709838 00000006 00000006 004AAD44
1677 t=2200465 grAlphaBlendFunction #73324 00000000 00000006 00000004 00000004
1678 t=2200465 grDepthMask #75126 00000000
1679 t=2200465 grTexDownloadTable #118265 00000002 03A8F410
1680 t=2200465 grTexSource #118265 00000000 00092000 00000003 004CAA14
1681 t=2200465 grTexCombine #118266 00000000 00000001 00000000 00000001 00000000 00000000 00000000
1682 t=2200465 grDrawVertexArray #709839 00000006 00000006 004AAD44
1683 t=2200465 grAlphaBlendFunction #73325 00000004 00000004 00000004 00000004
1684 t=2200465 grDepthMask #75127 00000000
1685 t=2200465 grTexDownloadTable #118266 00000002 03A8F00C
1686 t=2200465 grTexSource #118266 00000000 00082000 00000003 004CA9E4
1687 t=2200465 grTexCombine #118267 00000000 00000001 00000000 00000001 00000000 00000000 00000000
1688 t=2200465 grDrawVertexArray #709840 00000006 00000006 004AAD44
1689 t=2200465 grDrawTriangle #170423 004C95C0 004C95A0 004C9580
1690 t=2200465 grDrawVertexArray #709841 00000006 00000006 004AAD44
1691 t=2200465 grDrawVertexArray #709842 00000006 00000006 004AAD44
1692 t=2200465 grTexDownloadTable #118267 00000002 03A8F410
1693 t=2200465 grTexSource #118267 00000000 00092000 00000003 004CAA14
1694 t=2200465 grTexCombine #118268 00000000 00000001 00000000 00000001 00000000 00000000 00000000
1695 t=2200465 grDrawVertexArrayContiguous #1405821 00000003 00000003 004C9580 00000020
1696 t=2200465 grDrawVertexArrayContiguous #1405822 00000003 00000003 004C9580 00000020
1697 t=2200465 grTexDownloadTable #118268 00000002 035879B4
1698 t=2200465 grTexSource #118268 00000000 000B2000 00000003 004CAA74
1699 t=2200465 grTexCombine #118269 00000000 00000001 00000000 00000001 00000000 00000000 00000000
1700 t=2200465 grDrawTriangle #170424 004C95C0 004C95A0 004C9580
1701 t=2200470 grDrawTriangle #170425 004C95C0 004C95A0 004C9580
1702 t=2200470 grTexDownloadTable #118269 00000002 03A8F814
1703 t=2200470 grTexSource #118269 00000000 000A2000 00000003 004CAA44
1704 t=2200470 grTexCombine #118270 00000000 00000001 00000000 00000001 00000000 00000000 00000000
1705 t=2200470 grDrawVertexArray #709843 00000006 00000006 004AAD44
1706 t=2200470 grTexDownloadTable #118270 00000002 035879B4
1707 t=2200470 grTexSource #118270 00000000 000B2000 00000003 004CAA74
1708 t=2200470 grTexCombine #118271 00000000 00000001 00000000 00000001 00000000 00000000 00000000
1709 t=2200470 grDrawTriangle #170426 004C95C0 004C95A0 004C9580
1710 t=2200470 grDrawTriangle #170427 004C95C0 004C95A0 004C9580
1711 t=2200470 grDrawTriangle #170428 004C95C0 004C95A0 004C9580
1712 t=2200470 grTexDownloadTable #118271 00000002 03A8F00C
1713 t=2200470 grTexSource #118271 00000000 00082000 00000003 004CA9E4
1714 t=2200470 grTexCombine #118272 00000000 00000001 00000000 00000001 00000000 00000000 00000000
1715 t=2200470 grDrawVertexArray #709844 00000006 00000006 004AAD44
1716 t=2200470 grDrawTriangle #170429 004C95C0 004C95A0 004C9580
1717 t=2200470 grDrawVertexArray #709845 00000006 00000006 004AAD44
1718 t=2200470 grDrawVertexArray #709846 00000006 00000006 004AAD44
1719 t=2200470 grDrawTriangle #170430 004C95C0 004C95A0 004C9580
1720 t=2200470 grDrawVertexArray #709847 00000006 00000006 004AAD44
1721 t=2200473 grDrawVertexArray #709848 00000006 00000006 004AAD44
1722 t=2200473 grDrawVertexArray #709849 00000006 00000006 004AAD44
1723 t=2200473 grDrawVertexArray #709850 00000006 00000006 004AAD44
1724 t=2200473 grTexDownloadTable #118272 00000002 035879B4
1725 t=2200473 grTexSource #118272 00000000 000B2000 00000003 004CAA74
1726 t=2200473 grTexCombine #118273 00000000 00000001 00000000 00000001 00000000 00000000 00000000
1727 t=2200473 grDrawTriangle #170431 004C95C0 004C95A0 004C9580
1728 t=2200473 grTexDownloadTable #118273 00000002 03A8F410
1729 t=2200473 grTexSource #118273 00000000 00092000 00000003 004CAA14
1730 t=2200473 grTexCombine #118274 00000000 00000001 00000000 00000001 00000000 00000000 00000000
1731 t=2200473 grDrawVertexArrayContiguous #1405823 00000003 00000003 004C9580 00000020
1732 t=2200473 grDrawVertexArrayContiguous #1405824 00000003 00000003 004C9580 00000020
1733 t=2200473 grTexDownloadTable #118274 00000002 035879B4
1734 t=2200473 grTexSource #118274 00000000 000B2000 00000003 004CAA74
1735 t=2200475 grTexCombine #118275 00000000 00000001 00000000 00000001 00000000 00000000 00000000
1736 t=2200475 grDrawTriangle #170432 004C95C0 004C95A0 004C9580
1737 t=2200475 grDrawTriangle #170433 004C95C0 004C95A0 004C9580
1738 t=2200475 grDrawTriangle #170434 004C95C0 004C95A0 004C9580
1739 t=2200475 grDrawTriangle #170435 004C95C0 004C95A0 004C9580
1740 t=2200475 grTexDownloadTable #118275 00000002 03A8F814
1741 t=2200475 grTexSource #118275 00000000 000A2000 00000003 004CAA44
1742 t=2200475 grTexCombine #118276 00000000 00000001 00000000 00000001 00000000 00000000 00000000
1743 t=2200475 grDrawVertexArray #709851 00000006 00000006 004AAD44
1744 t=2200475 grTexDownloadTable #118276 00000002 035879B4
1745 t=2200475 grTexSource #118276 00000000 000B2000 00000003 004CAA74
1746 t=2200475 grTexCombine #118277 00000000 00000001 00000000 00000001 00000000 00000000 00000000
1747 t=2200475 grDrawTriangle #170436 004C95C0 004C95A0 004C9580
1748 t=2200475 grDrawTriangle #170437 004C95C0 004C95A0 004C9580
1749 t=2200475 grDrawTriangle #170438 004C95C0 004C95A0 004C9580
1750 t=2200475 grDrawTriangle #170439 004C95C0 004C95A0 004C9580
1751 t=2200475 grTexDownloadTable #118277 00000002 03A8F00C
1752 t=2200475 grTexSource #118277 00000000 00082000 00000003 004CA9E4
1753 t=2200475 grTexCombine #118278 00000000 00000001 00000000 00000001 00000000 00000000 00000000
1754 t=2200475 grDrawVertexArray #709852 00000006 00000006 004AAD44
1755 t=2200475 grDrawVertexArray #709853 00000006 00000006 004AAD44
1756 t=2200475 grDrawVertexArray #709854 00000006 00000006 004AAD44
1757 t=2200475 grDrawTriangle #170440 004C95C0 004C95A0 004C9580
1758 t=2200475 grDrawVertexArray #709855 00000006 00000006 004AAD44
1759 t=2200475 grDrawVertexArray #709856 00000006 00000006 004AAD44
1760 t=2200475 grFogMode #1725 00000000
1761 t=2200475 grAlphaBlendFunction #73326 00000004 00000004 00000004 00000004
1762 t=2200475 grDepthMask #75128 00000000
1763 t=2200475 grColorCombine #25968 00000001 00000000 00000000 00000002 00000000
1764 t=2200475 grAlphaBlendFunction #73327 00000004 00000004 00000004 00000004
1765 t=2200475 grDepthMask #75129 00000000
1766 t=2200475 grColorCombine #25969 00000003 00000001 00000000 00000001 00000000
1767 t=2200475 grTexDownloadTable #118278 00000002 037A5BD4
1768 t=2200480 grTexSource #118278 00000000 0019E000 00000003 004CB014
1769 t=2200480 grTexCombine #118279 00000000 00000001 00000000 00000001 00000000 00000000 00000000
1770 t=2200480 grDrawVertexArrayContiguous #1405825 00000003 00000003 004C9580 00000020
1771 t=2200480 grDrawVertexArrayContiguous #1405826 00000003 00000003 004C9580 00000020
1772 t=2200481 grBufferSwap #1801 00000001
1773 t=2210617 summary periodic swaps=2115
1774 t=2210617   grAlphaBlendFunction 98073
1775 t=2210617   grAlphaCombine 1
1776 t=2210617   grBufferClear 2116
1777 t=2210617   grBufferSwap 2116
1778 t=2210617   grChromakeyMode 1
1779 t=2210617   grChromakeyValue 1
1780 t=2210617   grClipWindow 6333
1781 t=2210617   grColorCombine 29265
1782 t=2210617   grCoordinateSpace 1
1783 t=2210617   grCullMode 1
1784 t=2210617   grDepthBufferFunction 3
1785 t=2210617   grDepthBufferMode 1
1786 t=2210617   grDepthMask 100190
1787 t=2210617   grDitherMode 1
1788 t=2210617   grDrawTriangle 216326
1789 t=2210617   grDrawVertexArray 983327
1790 t=2210617   grDrawVertexArrayContiguous 1486475
1791 t=2210617   grFogColorValue 1
1792 t=2210617   grFogMode 2355
1793 t=2210617   grGet 8
1794 t=2210617   grGlideInit 2
1795 t=2210617   grGlideShutdown 1
1796 t=2210617   grQueryResolutions 4
1797 t=2210617   grRenderBuffer 1
1798 t=2210620   grSstSelect 1
1799 t=2210620   grSstWinOpen 1
1800 t=2210620   grTexClampMode 1
1801 t=2210620   grTexCombine 146439
1802 t=2210620   grTexDownloadMipMap 1146
1803 t=2210620   grTexDownloadTable 146438
1804 t=2210620   grTexFilterMode 2111
1805 t=2210620   grTexMaxAddress 5
1806 t=2210620   grTexMinAddress 5
1807 t=2210620   grTexMipMapMode 1
1808 t=2210620   grTexSource 146438
1809 t=2210620   grTexTextureMemRequired 151
1810 t=2210620   grVertexLayout 11
1811 t=2210620   guGammaCorrectionRGB 1
1812 t=2225625 summary periodic swaps=2584
1813 t=2225625   grAlphaBlendFunction 133500
1814 t=2225625   grAlphaCombine 1
1815 t=2225625   grBufferClear 2585
1816 t=2225625   grBufferSwap 2585
1817 t=2225625   grChromakeyMode 1
1818 t=2225625   grChromakeyValue 1
1819 t=2225625   grClipWindow 7740
1820 t=2225625   grColorCombine 43099
1821 t=2225625   grCoordinateSpace 1
1822 t=2225625   grCullMode 1
1823 t=2225625   grDepthBufferFunction 3
1824 t=2225625   grDepthBufferMode 1
1825 t=2225625   grDepthMask 136086
1826 t=2225625   grDitherMode 1
1827 t=2225625   grDrawTriangle 293555
1828 t=2225625   grDrawVertexArray 1379534
1829 t=2225625   grDrawVertexArrayContiguous 1624372
1830 t=2225625   grFogColorValue 1
1831 t=2225625   grFogMode 3293
1832 t=2225625   grGet 8
1833 t=2225625   grGlideInit 2
1834 t=2225625   grGlideShutdown 1
1835 t=2225625   grQueryResolutions 4
1836 t=2225625   grRenderBuffer 1
1837 t=2225625   grSstSelect 1
1838 t=2225625   grSstWinOpen 1
1839 t=2225625   grTexClampMode 1
1840 t=2225625   grTexCombine 195249
1841 t=2225625   grTexDownloadMipMap 1146
1842 t=2225625   grTexDownloadTable 195248
1843 t=2225625   grTexFilterMode 2580
1844 t=2225625   grTexMaxAddress 5
1845 t=2225625   grTexMinAddress 5
1846 t=2225625   grTexMipMapMode 1
1847 t=2225625   grTexSource 195248
1848 t=2225625   grTexTextureMemRequired 151
1849 t=2225625   grVertexLayout 11
1850 t=2225630   guGammaCorrectionRGB 1
1851 t=2230605 grClipWindow #8208 00000000 00000005 00000280 000001DB
1852 t=2230635 grClipWindow #8211 00000000 0000000A 00000280 000001D6
1853 t=2230665 grClipWindow #8214 00000000 0000000F 00000280 000001D1
1854 t=2230700 grClipWindow #8217 00000000 00000014 00000280 000001CC
1855 t=2230730 grClipWindow #8220 00000000 00000019 00000280 000001C7
1856 t=2230765 grClipWindow #8223 00000000 0000001E 00000280 000001C2
1857 t=2230795 grClipWindow #8226 00000000 00000023 00000280 000001BD
1858 t=2230825 grClipWindow #8229 00000000 00000028 00000280 000001B8
1859 t=2230860 grClipWindow #8232 00000000 0000002D 00000280 000001B3
1860 t=2230890 grClipWindow #8235 00000000 00000032 00000280 000001AE
1861 t=2230925 grClipWindow #8238 00000000 00000037 00000280 000001A9
1862 t=2230955 grClipWindow #8241 00000000 0000003C 00000280 000001A4
1863 t=2230985 grClipWindow #8244 00000000 00000041 00000280 0000019F
1864 t=2231020 grClipWindow #8247 00000000 00000046 00000280 0000019A
1865 t=2231050 grClipWindow #8250 00000000 0000004B 00000280 00000195
1866 t=2231085 grClipWindow #8253 00000000 00000050 00000280 00000190
1867 t=2231116 grClipWindow #8256 00000000 00000055 00000280 0000018B
1868 t=2231145 grClipWindow #8259 00000000 0000005A 00000280 00000186
1869 t=2231180 grClipWindow #8262 00000000 0000005F 00000280 00000181
1870 t=2231210 grClipWindow #8265 00000000 00000064 00000280 0000017C
1871 t=2231246 grClipWindow #8268 00000000 00000069 00000280 00000177
1872 t=2231276 grClipWindow #8271 00000000 0000006E 00000280 00000172
1873 t=2231305 grClipWindow #8274 00000000 00000073 00000280 0000016D
1874 t=2231340 grClipWindow #8277 00000000 00000078 00000280 00000168
1875 t=2231370 grClipWindow #8280 00000000 0000007D 00000280 00000163
1876 t=2231405 grClipWindow #8283 00000000 00000082 00000280 0000015D
1877 t=2231435 grClipWindow #8286 00000000 00000087 00000280 00000158
1878 t=2231465 grClipWindow #8289 00000000 0000008C 00000280 00000153
1879 t=2231500 grClipWindow #8292 00000000 00000091 00000280 0000014E
1880 t=2231530 grClipWindow #8295 00000000 00000096 00000280 00000149
1881 t=2231561 grClipWindow #8298 00000000 0000009B 00000280 00000144
1882 t=2231595 grClipWindow #8301 00000000 000000A0 00000280 0000013F
1883 t=2231625 grClipWindow #8304 00000000 000000A5 00000280 0000013A
1884 t=2231660 grClipWindow #8307 00000000 000000AA 00000280 00000135
1885 t=2231690 grClipWindow #8310 00000000 000000AF 00000280 00000130
1886 t=2231725 grClipWindow #8313 00000000 000000B4 00000280 0000012B
1887 t=2231755 grClipWindow #8316 00000000 000000B9 00000280 00000126
1888 t=2231785 grClipWindow #8319 00000000 000000BE 00000280 00000121
1889 t=2231820 grClipWindow #8322 00000000 000000C3 00000280 0000011C
1890 t=2231850 grClipWindow #8325 00000000 000000C8 00000280 00000117
1891 t=2231885 grClipWindow #8328 00000000 000000CD 00000280 00000112
1892 t=2231916 grClipWindow #8331 00000000 000000D2 00000280 0000010D
1893 t=2231945 grClipWindow #8334 00000000 000000D7 00000280 00000108
1894 t=2231980 grClipWindow #8337 00000000 000000DC 00000280 00000103
1895 t=2232010 grClipWindow #8340 00000000 000000E1 00000280 000000FE
1896 t=2232045 grClipWindow #8343 00000000 000000E6 00000280 000000F9
1897 t=2232075 grClipWindow #8346 00000000 000000EB 00000280 000000F4
1898 t=2232105 grClipWindow #8349 00000000 00000000 00000280 00000000
1899 t=2232385 grSstWinClose #1 00000001
1900 t=2232385 grGlideShutdown #2
1901 t=2232385 summary shutdown swaps=2794
1902 t=2232385   grAlphaBlendFunction 146763
1903 t=2232385   grAlphaCombine 1
1904 t=2232385   grBufferClear 2795
1905 t=2232385   grBufferSwap 2794
1906 t=2232385   grChromakeyMode 1
1907 t=2232385   grChromakeyValue 1
1908 t=2232385   grClipWindow 8364
1909 t=2232385   grColorCombine 44355
1910 t=2232385   grCoordinateSpace 1
1911 t=2232385   grCullMode 1
1912 t=2232385   grDepthBufferFunction 3
1913 t=2232385   grDepthBufferMode 1
1914 t=2232385   grDepthMask 149559
1915 t=2232385   grDitherMode 1
1916 t=2232385   grDrawTriangle 312800
1917 t=2232385   grDrawVertexArray 1509804
1918 t=2232385   grDrawVertexArrayContiguous 1662847
1919 t=2232385   grFogColorValue 1
1920 t=2232385   grFogMode 3707
1921 t=2232385   grGet 8
1922 t=2232385   grGlideInit 2
1923 t=2232385   grGlideShutdown 2
1924 t=2232385   grQueryResolutions 4
1925 t=2232385   grRenderBuffer 1
1926 t=2232385   grSstSelect 1
1927 t=2232385   grSstWinClose 1
1928 t=2232385   grSstWinOpen 1
1929 t=2232385   grTexClampMode 1
1930 t=2232385   grTexCombine 208645
1931 t=2232390   grTexDownloadMipMap 1146
1932 t=2232390   grTexDownloadTable 208644
1933 t=2232390   grTexFilterMode 2787
1934 t=2232390   grTexMaxAddress 5
1935 t=2232390   grTexMinAddress 5
1936 t=2232390   grTexMipMapMode 1
1937 t=2232390   grTexSource 208644
1938 t=2232390   grTexTextureMemRequired 151
1939 t=2232390   grVertexLayout 11
1940 t=2232390   guGammaCorrectionRGB 1
1 t=2232397 attach census build=0320d07-dirty process=C:\PROGRAM FILES\PSYGNOSIS\ROLLCAGE\GLIDE\ROLLCAGE.EXE
2 t=2232397 board fb=4194304 tmu=4194304 tmus=1 maxtex=256 hardware=Voodoo3
1941 t=2232501 summary detach swaps=2794
1942 t=2232501   grAlphaBlendFunction 146763
1943 t=2232501   grAlphaCombine 1
1944 t=2232501   grBufferClear 2795
1945 t=2232501   grBufferSwap 2794
1946 t=2232501   grChromakeyMode 1
1947 t=2232501   grChromakeyValue 1
1948 t=2232501   grClipWindow 8364
1949 t=2232501   grColorCombine 44355
1950 t=2232501   grCoordinateSpace 1
1951 t=2232501   grCullMode 1
1952 t=2232501   grDepthBufferFunction 3
1953 t=2232501   grDepthBufferMode 1
1954 t=2232501   grDepthMask 149559
1955 t=2232501   grDitherMode 1
1956 t=2232501   grDrawTriangle 312800
1957 t=2232501   grDrawVertexArray 1509804
1958 t=2232501   grDrawVertexArrayContiguous 1662847
1959 t=2232501   grFogColorValue 1
1960 t=2232505   grFogMode 3707
1961 t=2232505   grGet 8
1962 t=2232505   grGlideInit 2
1963 t=2232505   grGlideShutdown 2
1964 t=2232505   grQueryResolutions 4
1965 t=2232505   grRenderBuffer 1
1966 t=2232505   grSstSelect 1
1967 t=2232505   grSstWinClose 1
1968 t=2232505   grSstWinOpen 1
1969 t=2232505   grTexClampMode 1
1970 t=2232505   grTexCombine 208645
1971 t=2232505   grTexDownloadMipMap 1146
1972 t=2232505   grTexDownloadTable 208644
1973 t=2232505   grTexFilterMode 2787
1974 t=2232505   grTexMaxAddress 5
1975 t=2232505   grTexMinAddress 5
1976 t=2232505   grTexMipMapMode 1
1977 t=2232505   grTexSource 208644
1978 t=2232505   grTexTextureMemRequired 151
1979 t=2232505   grVertexLayout 11
1980 t=2232505   guGammaCorrectionRGB 1
3 t=2232515 grGlideInit #1
4 t=2232515 grGet #1 0000000F 00000004 0090FD58
5 t=2232515 grGet pname=0F -> 1 (4 bytes)
6 t=2232515 grQueryResolutions #1 0090FD5C 00000000
7 t=2232515 grQueryResolutions template=FFFFFFFF,00000000,00000002,00000001 -> 32 bytes
8 t=2232515 grQueryResolutions #2 0090FD5C 0165000C
9 t=2232515 grQueryResolutions template=FFFFFFFF,00000000,00000002,00000001 -> 32 bytes
10 t=2232515 grSstSelect #1 00000000
11 t=2232515 grSstWinOpen #1 00000400 00000007 00000000 00000002 00000000 00000002 00000001
12 t=2232531 guGammaCorrectionRGB #1 3FB00000 3FB00000 3FB00000
13 t=2232531 grRenderBuffer #1 00000001
14 t=2232531 grCoordinateSpace #1 00000000
15 t=2232531 grVertexLayout #1 00000005 00000000 00000000
16 t=2232531 grVertexLayout #2 00000030 00000000 00000000
17 t=2232531 grVertexLayout #3 00000042 00000000 00000000
18 t=2232531 grVertexLayout #4 00000002 00000000 00000000
19 t=2232531 grVertexLayout #5 00000003 00000000 00000000
20 t=2232531 grVertexLayout #6 00000001 00000000 00000001
21 t=2232531 grVertexLayout #7 00000020 00000008 00000001
22 t=2232531 grVertexLayout #8 00000004 00000014 00000001
23 t=2232531 grVertexLayout #9 00000050 00000014 00000001
24 t=2232531 grVertexLayout #10 00000040 00000018 00000001
25 t=2232531 grVertexLayout #11 00000041 00000018 00000001
26 t=2232540 grDepthBufferMode #1 00000002
27 t=2232540 grDepthBufferFunction #1 00000001
28 t=2232540 grGet #2 00000027 00000008 004CA814
29 t=2232540 grGet pname=27 -> 1 (8 bytes)
30 t=2232540 grDepthBufferFunction #2 00000003
31 t=2232540 grDepthMask #1 00000001
32 t=2232540 grClipWindow #1 00000000 00000000 00000280 000001E0
33 t=2232540 grFogMode #1 00000000
34 t=2232540 grDitherMode #1 00000001
35 t=2232540 grChromakeyMode #1 00000001
36 t=2232540 grChromakeyValue #1 00000000
37 t=2232540 grAlphaBlendFunction #1 00000004 00000000 00000004 00000000
38 t=2232540 grAlphaCombine #1 00000003 00000008 00000001 00000001 00000000
39 t=2232540 grCullMode #1 00000000
40 t=2232540 grGet #3 00000013 00000004 004C9810
41 t=2232540 grGet pname=13 -> 1 (4 bytes)
42 t=2232540 grTexMinAddress #1 00000000
43 t=2232540 grTexMaxAddress #1 00000000
44 t=2232540 grTexClampMode #1 00000000 00000001 00000001
45 t=2232540 grTexMipMapMode #1 00000000 00000000 00000000
46 t=2232540 grTexCombine #1 00000000 00000001 00000000 00000001 00000000 00000000 00000000
47 t=2232540 grColorCombine #1 00000003 00000001 00000000 00000001 00000000
48 t=2232540 grGet #4 00000002 00000010 0090FD1C
49 t=2232540 grGet pname=02 -> 5 (16 bytes)
50 t=2232540 grDepthMask #2 00000001
51 t=2232540 grBufferClear #1 00000000 00000000 0000FFFF
52 t=2232540 grBufferSwap #1 00000000
53 t=2232540 ---- frame ----
54 t=2232561 grDepthMask #3 00000001
55 t=2232561 grBufferClear #2 00000000 00000000 0000FFFF
56 t=2232561 grDepthBufferFunction #3 00000003
57 t=2232561 grDepthMask #4 00000001
58 t=2232561 grDepthMask #5 00000001
59 t=2232561 grBufferClear #3 00000000 00000000 0000FFFF
60 t=2232571 grTexTextureMemRequired #1 00000003 004CA834
61 t=2232571 grTexDownloadMipMap #1 00000000 00000000 00000003 004CA834
62 t=2232571 grTexDownloadMipMap info small=8 large=8 aspect=0 format=05
63 t=2232575 grTexTextureMemRequired #2 00000003 004CA864
64 t=2232575 grTexDownloadMipMap #2 00000000 00010000 00000003 004CA864
65 t=2232575 grTexTextureMemRequired #3 00000003 004CA894
66 t=2232575 grTexDownloadMipMap #3 00000000 00020000 00000003 004CA894
67 t=2232575 grTexTextureMemRequired #4 00000003 004CA8C4
68 t=2232575 grTexDownloadMipMap #4 00000000 00030000 00000003 004CA8C4
69 t=2232575 grTexTextureMemRequired #5 00000003 004CA8F4
70 t=2232575 grTexDownloadMipMap #5 00000000 00040000 00000003 004CA8F4
71 t=2232575 grTexTextureMemRequired #6 00000003 004CA924
72 t=2232580 grTexDownloadMipMap #6 00000000 00050000 00000003 004CA924
73 t=2232580 grTexDownloadTable #1 00000002 007E01B8
74 t=2232580 grTexSource #1 00000000 00000000 00000003 004CA834
75 t=2232580 grTexCombine #2 00000000 00000001 00000000 00000001 00000000 00000000 00000000
76 t=2232580 grDrawVertexArrayContiguous #1 00000003 00000003 004C9580 00000020
77 t=2232580 grDrawVertexArrayContiguous vertex 00000000 00000000 437E0000 437E0000 437E0000 3EF3CF3E 3E6EEEF0 3E6EEEF0 43800000 00000000 437E0000 437E0000 437E0000 3EF3CF3E 42F352E7 3E6EEEF0
78 t=2232580 grDrawVertexArrayContiguous #2 00000003 00000003 004C9580 00000020
79 t=2232580 grDrawVertexArrayContiguous vertex 43800000 00000000 437E0000 437E0000 437E0000 3EF3CF3E 42F352E7 3E6EEEF0 43800000 43800000 437E0000 437E0000 437E0000 3EF3CF3E 42F352E7 42F352E7
80 t=2232580 grTexDownloadTable #2 00000002 007E05BC
81 t=2232580 grTexSource #2 00000000 00010000 00000003 004CA864
82 t=2232580 grTexCombine #3 00000000 00000001 00000000 00000001 00000000 00000000 00000000
83 t=2232580 grDrawVertexArrayContiguous #3 00000003 00000003 004C9580 00000020
84 t=2232580 grDrawVertexArrayContiguous vertex 43800000 00000000 437E0000 437E0000 437E0000 3EF3CF3E 3E6EEEF0 3E6EEEF0 44000000 00000000 437E0000 437E0000 437E0000 3EF3CF3E 42F352E7 3E6EEEF0
85 t=2232580 grDrawVertexArrayContiguous #4 00000003 00000003 004C9580 00000020
86 t=2232580 grDrawVertexArrayContiguous vertex 44000000 00000000 437E0000 437E0000 437E0000 3EF3CF3E 42F352E7 3E6EEEF0 44000000 43800000 437E0000 437E0000 437E0000 3EF3CF3E 42F352E7 42F352E7
87 t=2232580 grTexDownloadTable #3 00000002 007E09C0
88 t=2232580 grTexSource #3 00000000 00020000 00000003 004CA894
89 t=2232580 grTexCombine #4 00000000 00000001 00000000 00000001 00000000 00000000 00000000
90 t=2232580 grDrawVertexArrayContiguous #5 00000003 00000003 004C9580 00000020
91 t=2232580 grDrawVertexArrayContiguous vertex 44000000 00000000 437E0000 437E0000 437E0000 3EF3CF3E 3E6EEEF0 3E6EEEF0 44200000 00000000 437E0000 437E0000 437E0000 3EF3CF3E 4272D68E 3E6EEEF0
92 t=2232580 grDrawVertexArrayContiguous #6 00000003 00000003 004C9580 00000020
93 t=2232580 grDrawVertexArrayContiguous vertex 44200000 00000000 437E0000 437E0000 437E0000 3EF3CF3E 4272D68E 3E6EEEF0 44200000 43800000 437E0000 437E0000 437E0000 3EF3CF3E 4272D68E 42F352E7
94 t=2232580 grTexDownloadTable #4 00000002 01B5100C
95 t=2232580 grTexSource #4 00000000 00030000 00000003 004CA8C4
96 t=2232580 grTexCombine #5 00000000 00000001 00000000 00000001 00000000 00000000 00000000
97 t=2232580 grDrawVertexArrayContiguous #7 00000003 00000003 004C9580 00000020
98 t=2232580 grDrawVertexArrayContiguous vertex 00000000 43800000 437E0000 437E0000 437E0000 3EF3CF3E 3E6EEEF0 3E6EEEF0 43800000 43800000 437E0000 437E0000 437E0000 3EF3CF3E 42F352E7 3E6EEEF0
99 t=2232580 grDrawVertexArrayContiguous #8 00000003 00000003 004C9580 00000020
100 t=2232580 grDrawVertexArrayContiguous vertex 43800000 43800000 437E0000 437E0000 437E0000 3EF3CF3E 42F352E7 3E6EEEF0 43800000 43F00000 437E0000 437E0000 437E0000 3EF3CF3E 42F352E7 42D4D8FF
101 t=2232580 grTexDownloadTable #5 00000002 01B51410
102 t=2232585 grTexSource #5 00000000 00040000 00000003 004CA8F4
103 t=2232585 grTexCombine #6 00000000 00000001 00000000 00000001 00000000 00000000 00000000
104 t=2232585 grDrawVertexArrayContiguous #9 00000003 00000003 004C9580 00000020
105 t=2232585 grDrawVertexArrayContiguous #10 00000003 00000003 004C9580 00000020
106 t=2232585 grTexDownloadTable #6 00000002 01B51814
107 t=2232585 grTexSource #6 00000000 00050000 00000003 004CA924
108 t=2232585 grTexCombine #7 00000000 00000001 00000000 00000001 00000000 00000000 00000000
109 t=2232585 grDrawVertexArrayContiguous #11 00000003 00000003 004C9580 00000020
110 t=2232585 grDrawVertexArrayContiguous #12 00000003 00000003 004C9580 00000020
111 t=2232585 grBufferSwap #2 00000000
112 t=2232585 ---- frame ----
113 t=2232605 grDepthMask #6 00000001
114 t=2232605 grBufferClear #4 00000000 00000000 0000FFFF
115 t=2232605 grTexDownloadTable #7 00000002 007E01B8
116 t=2232605 grTexSource #7 00000000 00000000 00000003 004CA834
117 t=2232605 grTexCombine #8 00000000 00000001 00000000 00000001 00000000 00000000 00000000
118 t=2232605 grDrawVertexArrayContiguous #13 00000003 00000003 004C9580 00000020
119 t=2232605 grDrawVertexArrayContiguous #14 00000003 00000003 004C9580 00000020
120 t=2232605 grTexDownloadTable #8 00000002 007E05BC
121 t=2232605 grTexSource #8 00000000 00010000 00000003 004CA864
122 t=2232605 grTexCombine #9 00000000 00000001 00000000 00000001 00000000 00000000 00000000
123 t=2232605 grDrawVertexArrayContiguous #15 00000003 00000003 004C9580 00000020
124 t=2232605 grDrawVertexArrayContiguous #16 00000003 00000003 004C9580 00000020
125 t=2232605 grTexDownloadTable #9 00000002 007E09C0
126 t=2232605 grTexSource #9 00000000 00020000 00000003 004CA894
127 t=2232605 grTexCombine #10 00000000 00000001 00000000 00000001 00000000 00000000 00000000
128 t=2232605 grDrawVertexArrayContiguous #17 00000003 00000003 004C9580 00000020
129 t=2232605 grDrawVertexArrayContiguous #18 00000003 00000003 004C9580 00000020
130 t=2232605 grTexDownloadTable #10 00000002 01B5100C
131 t=2232605 grTexSource #10 00000000 00030000 00000003 004CA8C4
132 t=2232605 grTexCombine #11 00000000 00000001 00000000 00000001 00000000 00000000 00000000
133 t=2232605 grDrawVertexArrayContiguous #19 00000003 00000003 004C9580 00000020
134 t=2232605 grDrawVertexArrayContiguous #20 00000003 00000003 004C9580 00000020
135 t=2232605 grTexDownloadTable #11 00000002 01B51410
136 t=2232605 grTexSource #11 00000000 00040000 00000003 004CA8F4
137 t=2232605 grTexCombine #12 00000000 00000001 00000000 00000001 00000000 00000000 00000000
138 t=2232605 grDrawVertexArrayContiguous #21 00000003 00000003 004C9580 00000020
139 t=2232605 grDrawVertexArrayContiguous #22 00000003 00000003 004C9580 00000020
140 t=2232605 grTexDownloadTable #12 00000002 01B51814
141 t=2232605 grTexSource #12 00000000 00050000 00000003 004CA924
142 t=2232605 grTexCombine #13 00000000 00000001 00000000 00000001 00000000 00000000 00000000
143 t=2232605 grDrawVertexArrayContiguous #23 00000003 00000003 004C9580 00000020
144 t=2232605 grDrawVertexArrayContiguous #24 00000003 00000003 004C9580 00000020
145 t=2232605 grBufferSwap #3 00000000
146 t=2232630 grGet #5 00000013 00000004 004C9810
147 t=2232630 grGet pname=13 -> 1 (4 bytes)
148 t=2232630 grTexMinAddress #2 00000000
149 t=2232630 grTexMaxAddress #2 00000000
150 t=2233695 grClipWindow #2 00000000 00000000 00000280 000001E0
151 t=2233775 grTexTextureMemRequired #7 00000003 004CA834
152 t=2233775 grTexDownloadMipMap #7 00000000 00000000 00000003 004CA834
153 t=2233775 grTexTextureMemRequired #8 00000003 004CA864
154 t=2233775 grTexDownloadMipMap #8 00000000 00010000 00000003 004CA864
155 t=2233775 grTexTextureMemRequired #9 00000003 004CA894
156 t=2233775 grTexDownloadMipMap #9 00000000 00020000 00000003 004CA894
157 t=2233775 grTexTextureMemRequired #10 00000003 004CA8C4
158 t=2233775 grTexDownloadMipMap #10 00000000 00030000 00000003 004CA8C4
159 t=2233775 grTexDownloadMipMap info small=8 large=8 aspect=1 format=05
160 t=2233775 grTexTextureMemRequired #11 00000003 004CA8F4
161 t=2233781 grTexDownloadMipMap #11 00000000 00038000 00000003 004CA8F4
162 t=2233781 grTexTextureMemRequired #12 00000003 004CA924
163 t=2233781 grTexDownloadMipMap #12 00000000 00048000 00000003 004CA924
164 t=2233781 grTexDownloadMipMap info small=8 large=8 aspect=3 format=05
165 t=2233781 grTexTextureMemRequired #13 00000003 004CA954
166 t=2233781 grTexDownloadMipMap #13 00000000 0004A000 00000003 004CA954
167 t=2233781 grTexTextureMemRequired #14 00000003 004CA984
168 t=2233781 grTexDownloadMipMap #14 00000000 00052000 00000003 004CA984
169 t=2233781 grTexTextureMemRequired #15 00000003 004CA9B4
170 t=2233781 grTexDownloadMipMap #15 00000000 00062000 00000003 004CA9B4
171 t=2233781 grTexTextureMemRequired #16 00000003 004CA9E4
172 t=2233781 grTexDownloadMipMap #16 00000000 00072000 00000003 004CA9E4
173 t=2233781 grTexTextureMemRequired #17 00000003 004CAA14
174 t=2233785 grTexDownloadMipMap #17 00000000 0007A000 00000003 004CAA14
175 t=2233785 grTexTextureMemRequired #18 00000003 004CAA44
176 t=2233785 grTexDownloadMipMap #18 00000000 00082000 00000003 004CAA44
177 t=2233785 grTexTextureMemRequired #19 00000003 004CAA74
178 t=2233785 grTexDownloadMipMap #19 00000000 0008A000 00000003 004CAA74
179 t=2233785 grTexTextureMemRequired #20 00000003 004CAAA4
180 t=2233785 grTexDownloadMipMap #20 00000000 0008C000 00000003 004CAAA4
181 t=2233785 grTexDownloadMipMap info small=8 large=8 aspect=2 format=05
182 t=2233785 grTexTextureMemRequired #21 00000003 004CAAD4
183 t=2233785 grTexDownloadMipMap #21 00000000 00090000 00000003 004CAAD4
184 t=2233785 grTexTextureMemRequired #22 00000003 004CAB04
185 t=2233785 grTexDownloadMipMap #22 00000000 00098000 00000003 004CAB04
186 t=2233785 grTexTextureMemRequired #23 00000003 004CAB34
187 t=2233785 grTexDownloadMipMap #23 00000000 000A0000 00000003 004CAB34
188 t=2233785 grTexTextureMemRequired #24 00000003 004CAB64
189 t=2233785 grTexDownloadMipMap #24 00000000 000A2000 00000003 004CAB64
190 t=2233785 grTexTextureMemRequired #25 00000003 004CAB94
191 t=2233785 grTexDownloadMipMap #25 00000000 000A4000 00000003 004CAB94
192 t=2233785 grTexTextureMemRequired #26 00000003 004CABC4
193 t=2233790 grTexDownloadMipMap #26 00000000 000A8000 00000003 004CABC4
194 t=2233790 grTexTextureMemRequired #27 00000003 004CABF4
195 t=2233790 grTexDownloadMipMap #27 00000000 000B0000 00000003 004CABF4
196 t=2233790 grTexTextureMemRequired #28 00000003 004CAC24
197 t=2233790 grTexDownloadMipMap #28 00000000 000B8000 00000003 004CAC24
198 t=2233790 grTexTextureMemRequired #29 00000003 004CAC54
199 t=2233790 grTexDownloadMipMap #29 00000000 000BC000 00000003 004CAC54
200 t=2233790 grTexTextureMemRequired #30 00000003 004CAC84
201 t=2233790 grTexDownloadMipMap #30 00000000 000C4000 00000003 004CAC84
202 t=2233790 grTexTextureMemRequired #31 00000003 004CACB4
203 t=2233790 grTexDownloadMipMap #31 00000000 000CC000 00000003 004CACB4
204 t=2233790 grTexTextureMemRequired #32 00000003 004CACE4
205 t=2233790 grTexDownloadMipMap #32 00000000 000CE000 00000003 004CACE4
206 t=2233790 grTexTextureMemRequired #33 00000003 004CAD14
207 t=2233790 grTexDownloadMipMap #33 00000000 000D6000 00000003 004CAD14
208 t=2233790 grTexTextureMemRequired #34 00000003 004CAD44
209 t=2233795 grTexDownloadMipMap #34 00000000 000DE000 00000003 004CAD44
210 t=2233795 grTexTextureMemRequired #35 00000003 004CAD74
211 t=2233795 grTexDownloadMipMap #35 00000000 000E6000 00000003 004CAD74
212 t=2233795 grTexTextureMemRequired #36 00000003 004CADA4
213 t=2233795 grTexDownloadMipMap #36 00000000 000EE000 00000003 004CADA4
214 t=2233795 grTexTextureMemRequired #37 00000003 004CADD4
215 t=2233795 grTexDownloadMipMap #37 00000000 000F2000 00000003 004CADD4
216 t=2233795 grTexTextureMemRequired #38 00000003 004CAE04
217 t=2233795 grTexDownloadMipMap #38 00000000 000F6000 00000003 004CAE04
218 t=2233795 grTexTextureMemRequired #39 00000003 004CAE34
219 t=2233795 grTexDownloadMipMap #39 00000000 000FA000 00000003 004CAE34
220 t=2233795 grTexTextureMemRequired #40 00000003 004CAE64
221 t=2233795 grTexDownloadMipMap #40 00000000 00102000 00000003 004CAE64
222 t=2233795 grTexTextureMemRequired #41 00000003 004CAE94
223 t=2233795 grTexDownloadMipMap #41 00000000 0010A000 00000003 004CAE94
224 t=2233795 grTexTextureMemRequired #42 00000003 004CAEC4
225 t=2233795 grTexDownloadMipMap #42 00000000 0010E000 00000003 004CAEC4
226 t=2233795 grTexTextureMemRequired #43 00000003 004CAEF4
227 t=2233800 grTexDownloadMipMap #43 00000000 00112000 00000003 004CAEF4
228 t=2233800 grTexTextureMemRequired #44 00000003 004CAF24
229 t=2233800 grTexDownloadMipMap #44 00000000 00114000 00000003 004CAF24
230 t=2233800 grTexTextureMemRequired #45 00000003 004CAF54
231 t=2233800 grTexDownloadMipMap #45 00000000 0011C000 00000003 004CAF54
232 t=2233800 grTexTextureMemRequired #46 00000003 004CAF84
233 t=2233800 grTexDownloadMipMap #46 00000000 00124000 00000003 004CAF84
234 t=2233800 grTexTextureMemRequired #47 00000003 004CAFB4
235 t=2233800 grTexDownloadMipMap #47 00000000 0012C000 00000003 004CAFB4
236 t=2233800 grTexTextureMemRequired #48 00000003 004CAFE4
237 t=2233800 grTexDownloadMipMap #48 00000000 00130000 00000003 004CAFE4
238 t=2233800 grTexTextureMemRequired #49 00000003 004CB014
239 t=2233800 grTexDownloadMipMap #49 00000000 00132000 00000003 004CB014
240 t=2233815 grTexTextureMemRequired #50 00000003 004CB044
241 t=2233815 grTexDownloadMipMap #50 00000000 00142000 00000003 004CB044
242 t=2233821 grTexTextureMemRequired #51 00000003 004CB074
243 t=2233821 grTexDownloadMipMap #51 00000000 00152000 00000003 004CB074
244 t=2233821 grTexTextureMemRequired #52 00000003 004CB0A4
245 t=2233821 grTexDownloadMipMap #52 00000000 00162000 00000003 004CB0A4
246 t=2233821 grTexTextureMemRequired #53 00000003 004CB0D4
247 t=2233821 grTexDownloadMipMap #53 00000000 00172000 00000003 004CB0D4
248 t=2233906 grTexTextureMemRequired #54 00000003 004CB104
249 t=2233906 grTexDownloadMipMap #54 00000000 00182000 00000003 004CB104
250 t=2233915 grTexTextureMemRequired #55 00000003 004CB134
251 t=2233915 grTexDownloadMipMap #56 00000000 0018A000 00000003 004CB134
252 t=2235631 grTexFilterMode #1 00000000 00000001 00000001
253 t=2235631 grAlphaBlendFunction #2 00000004 00000004 00000004 00000004
254 t=2235631 grDepthMask #7 00000000
255 t=2235631 grColorCombine #2 00000001 00000000 00000000 00000002 00000000
256 t=2235631 grAlphaBlendFunction #3 00000004 00000000 00000004 00000000
257 t=2235631 grDepthMask #8 00000001
258 t=2235631 grColorCombine #3 00000003 00000001 00000000 00000001 00000000
259 t=2235631 grTexDownloadTable #13 00000002 02E8500C
260 t=2235631 grTexSource #13 00000000 00010000 00000003 004CA864
261 t=2235631 grTexCombine #14 00000000 00000001 00000000 00000001 00000000 00000000 00000000
262 t=2235631 grDrawVertexArrayContiguous #25 00000003 00000003 004C9580 00000020
263 t=2235631 grTexDownloadTable #14 00000002 02E85410
264 t=2235631 grTexSource #14 00000000 00020000 00000003 004CA894
265 t=2235631 grTexCombine #15 00000000 00000001 00000000 00000001 00000000 00000000 00000000
266 t=2235631 grTexDownloadTable #15 00000002 02E85814
267 t=2235631 grTexSource #15 00000000 00030000 00000003 004CA8C4
268 t=2235631 grTexCombine #16 00000000 00000001 00000000 00000001 00000000 00000000 00000000
269 t=2235631 grTexDownloadTable #16 00000002 02E85410
270 t=2235631 grTexSource #16 00000000 00020000 00000003 004CA894
271 t=2235631 grTexCombine #17 00000000 00000001 00000000 00000001 00000000 00000000 00000000
272 t=2235631 grTexDownloadTable #17 00000002 02E85814
273 t=2235631 grTexSource #17 00000000 00030000 00000003 004CA8C4
274 t=2235635 grTexCombine #18 00000000 00000001 00000000 00000001 00000000 00000000 00000000
275 t=2235635 grTexDownloadTable #18 00000002 02E85410
276 t=2235635 grTexSource #18 00000000 00020000 00000003 004CA894
277 t=2235635 grTexCombine #19 00000000 00000001 00000000 00000001 00000000 00000000 00000000
278 t=2235635 grTexDownloadTable #19 00000002 02E85814
279 t=2235635 grTexSource #19 00000000 00030000 00000003 004CA8C4
280 t=2235635 grTexCombine #20 00000000 00000001 00000000 00000001 00000000 00000000 00000000
281 t=2235635 grAlphaBlendFunction #4 00000004 00000004 00000004 00000004
282 t=2235635 grDepthMask #9 00000000
283 t=2235635 grColorCombine #4 00000001 00000000 00000000 00000002 00000000
284 t=2235635 grAlphaBlendFunction #5 00000004 00000000 00000004 00000000
285 t=2235635 grDepthMask #10 00000001
286 t=2235635 grColorCombine #5 00000003 00000001 00000000 00000001 00000000
287 t=2235635 grTexDownloadTable #20 00000002 02E8500C
288 t=2235635 grTexSource #20 00000000 00010000 00000003 004CA864
289 t=2235635 grTexCombine #21 00000000 00000001 00000000 00000001 00000000 00000000 00000000
290 t=2235635 grTexDownloadTable #21 00000002 02E85814
291 t=2235635 grTexSource #21 00000000 00030000 00000003 004CA8C4
292 t=2235635 grTexCombine #22 00000000 00000001 00000000 00000001 00000000 00000000 00000000
293 t=2235635 grTexDownloadTable #22 00000002 02E8500C
294 t=2235635 grTexSource #22 00000000 00010000 00000003 004CA864
295 t=2235635 grTexCombine #23 00000000 00000001 00000000 00000001 00000000 00000000 00000000
296 t=2235635 grClipWindow #3 000001A9 00000000 00000255 00000004
297 t=2235635 grAlphaBlendFunction #6 00000004 00000004 00000004 00000004
298 t=2235635 grDepthMask #11 00000000
299 t=2235635 grColorCombine #6 00000001 00000000 00000000 00000002 00000000
300 t=2235635 grClipWindow #4 00000000 00000000 00000280 000001E0
301 t=2235635 grAlphaBlendFunction #7 00000004 00000004 00000004 00000004
302 t=2235635 grDepthMask #12 00000000
303 t=2235635 grColorCombine #7 00000003 00000001 00000000 00000001 00000000
304 t=2235641 grTexDownloadTable #23 00000002 03358CF0
305 t=2235641 grTexSource #23 00000000 00182000 00000003 004CB104
306 t=2235641 grTexCombine #24 00000000 00000001 00000000 00000001 00000000 00000000 00000000
307 t=2235641 grColorCombine #8 00000001 00000000 00000000 00000002 00000000
308 t=2235641 grAlphaBlendFunction #8 00000004 00000000 00000004 00000000
309 t=2235641 grDepthMask #13 00000001
310 t=2235641 grColorCombine #9 00000003 00000001 00000000 00000001 00000000
311 t=2235641 grTexDownloadTable #24 00000002 02E85814
312 t=2235641 grTexSource #24 00000000 00030000 00000003 004CA8C4
313 t=2235641 grTexCombine #25 00000000 00000001 00000000 00000001 00000000 00000000 00000000
314 t=2235641 grAlphaBlendFunction #9 00000004 00000000 00000004 00000000
315 t=2235641 grDepthMask #14 00000001
316 t=2235641 grTexDownloadTable #25 00000002 033A8B00
317 t=2235641 grTexSource #25 00000000 00142000 00000003 004CB044
318 t=2235641 grTexDownloadTable #26 00000002 033B8F08
319 t=2235641 grTexSource #26 00000000 00152000 00000003 004CB074
320 t=2235641 grAlphaBlendFunction #10 00000004 00000004 00000004 00000004
321 t=2235641 grDepthMask #15 00000000
322 t=2235641 grTexDownloadTable #56 00000002 02E85814
323 t=2235641 grTexSource #56 00000000 00030000 00000003 004CA8C4
324 t=2235644 grBufferSwap #4 00000001
325 t=2235660 grClipWindow #5 00000000 00000000 00000280 000001E0
326 t=2235660 grDepthMask #16 00000001
327 t=2235660 grBufferClear #5 00000000 00000000 0000FFFF
328 t=2235661 grTexFilterMode #2 00000000 00000001 00000001
329 t=2235661 grAlphaBlendFunction #11 00000004 00000004 00000004 00000004
330 t=2235661 grDepthMask #17 00000000
331 t=2235661 grColorCombine #10 00000001 00000000 00000000 00000002 00000000
332 t=2235661 grAlphaBlendFunction #12 00000004 00000000 00000004 00000000
333 t=2235661 grDepthMask #18 00000001
334 t=2235661 grColorCombine #11 00000003 00000001 00000000 00000001 00000000
335 t=2235661 grTexDownloadTable #57 00000002 02E8500C
336 t=2235661 grTexSource #57 00000000 00010000 00000003 004CA864
337 t=2235661 grTexDownloadTable #58 00000002 02E85410
338 t=2235661 grTexSource #58 00000000 00020000 00000003 004CA894
339 t=2235661 grAlphaBlendFunction #13 00000004 00000004 00000004 00000004
340 t=2235661 grDepthMask #19 00000000
341 t=2235661 grColorCombine #12 00000001 00000000 00000000 00000002 00000000
342 t=2235661 grAlphaBlendFunction #14 00000004 00000000 00000004 00000000
343 t=2235661 grDepthMask #20 00000001
344 t=2235661 grColorCombine #13 00000003 00000001 00000000 00000001 00000000
345 t=2235661 grClipWindow #6 000001A9 00000000 00000255 0000000E
346 t=2235661 grAlphaBlendFunction #15 00000004 00000004 00000004 00000004
347 t=2235661 grDepthMask #21 00000000
348 t=2235661 grColorCombine #14 00000001 00000000 00000000 00000002 00000000
349 t=2235661 grAlphaBlendFunction #16 00000004 00000000 00000004 00000000
350 t=2235661 grDepthMask #22 00000001
351 t=2235665 grColorCombine #15 00000003 00000001 00000000 00000001 00000000
352 t=2235665 grTexDownloadTable #67 00000002 02E84414
353 t=2235665 grTexSource #67 00000000 00048000 00000003 004CA924
354 t=2235665 grDrawVertexArrayContiguous #153 00000003 00000004 004C9580 00000020
355 t=2235665 grAlphaBlendFunction #17 00000004 00000004 00000004 00000004
356 t=2235665 grDepthMask #23 00000000
357 t=2235665 grColorCombine #16 00000001 00000000 00000000 00000002 00000000
358 t=2235665 grClipWindow #7 00000000 00000000 00000280 000001E0
359 t=2235665 grAlphaBlendFunction #18 00000004 00000004 00000004 00000004
360 t=2235665 grDepthMask #24 00000000
361 t=2235665 grColorCombine #17 00000003 00000001 00000000 00000001 00000000
362 t=2235665 grTexDownloadTable #68 00000002 03358CF0
363 t=2235665 grTexSource #68 00000000 00182000 00000003 004CB104
364 t=2235665 grColorCombine #18 00000001 00000000 00000000 00000002 00000000
365 t=2235665 grAlphaBlendFunction #19 00000004 00000000 00000004 00000000
366 t=2235665 grDepthMask #25 00000001
367 t=2235665 grColorCombine #19 00000003 00000001 00000000 00000001 00000000
368 t=2235665 grAlphaBlendFunction #20 00000004 00000000 00000004 00000000
369 t=2235665 grAlphaBlendFunction #21 00000004 00000004 00000004 00000004
370 t=2235665 grDepthMask #27 00000000
371 t=2235676 grBufferSwap #5 00000001
372 t=2235695 grClipWindow #8 00000000 00000000 00000280 000001E0
373 t=2235695 grBufferClear #6 00000000 00000000 0000FFFF
374 t=2235696 grTexFilterMode #3 00000000 00000001 00000001
375 t=2235696 grAlphaBlendFunction #22 00000004 00000004 00000004 00000004
376 t=2235696 grColorCombine #20 00000001 00000000 00000000 00000002 00000000
377 t=2235696 grAlphaBlendFunction #23 00000004 00000000 00000004 00000000
378 t=2235696 grColorCombine #21 00000003 00000001 00000000 00000001 00000000
379 t=2235696 grAlphaBlendFunction #24 00000004 00000004 00000004 00000004
380 t=2235696 grColorCombine #22 00000001 00000000 00000000 00000002 00000000
381 t=2235696 grAlphaBlendFunction #25 00000004 00000000 00000004 00000000
382 t=2235696 grColorCombine #23 00000003 00000001 00000000 00000001 00000000
383 t=2235696 grClipWindow #9 000001A9 00000000 00000255 00000023
384 t=2235696 grAlphaBlendFunction #26 00000004 00000004 00000004 00000004
385 t=2235696 grColorCombine #24 00000001 00000000 00000000 00000002 00000000
386 t=2235696 grColorCombine #25 00000003 00000001 00000000 00000001 00000000
387 t=2235696 grColorCombine #26 00000001 00000000 00000000 00000002 00000000
388 t=2235696 grClipWindow #10 00000000 00000000 00000280 000001E0
389 t=2235708 grBufferSwap #6 00000001
390 t=2235725 grClipWindow #11 00000000 00000000 00000280 000001E0
391 t=2235725 grBufferClear #7 00000000 00000000 0000FFFF
392 t=2235726 grTexFilterMode #4 00000000 00000001 00000001
393 t=2235726 grClipWindow #12 000001A9 00000000 00000255 00000038
394 t=2235726 grDrawVertexArray #1 00000006 00000006 004AAD44
395 t=2235726 grDrawVertexArray vertex 43E55988 41512858 42800000 42800000 42800000 3A9BA35C 3E971285 3DC3BD40 43E35D8A 40EAE0F9 42800000 42800000 42800000 3A9BA917 3E97B3BD 3DC3C475
396 t=2235726 grClipWindow #13 00000000 00000000 00000280 000001E0
397 t=2235740 grBufferSwap #7 00000001
398 t=2235760 grClipWindow #14 00000000 00000000 00000280 000001E0
399 t=2235761 grBufferClear #8 00000000 00000000 0000FFFF
400 t=2235761 grTexFilterMode #5 00000000 00000001 00000001
401 t=2235761 grClipWindow #15 000001A9 00000000 00000255 00000058
402 t=2235761 grDrawVertexArray #2 00000006 00000006 004AAD44
403 t=2235761 grDrawVertexArray vertex 43F5E865 41A882D3 42800000 42800000 42800000 3A9E8922 3E99E288 3DC76225 43F3C6C0 4173C1F6 42800000 42800000 42800000 3A9E7177 3E9A6A00 3DC74461
404 t=2235761 grDrawVertexArray #3 00000006 00000006 004AAD44
405 t=2235761 grDrawVertexArray vertex 43F3C6C0 4173C1F6 42800000 42800000 42800000 3A9E7177 3E8FE477 3DDB1290 43F1C7FD 41162463 42800000 42800000 42800000 3A9E6302 3E9075B9 3DDAFE93
406 t=2235761 grDrawVertexArray #4 00000006 00000006 004AAD44
407 t=2235761 grDrawVertexArray vertex 43E47D23 408C1147 42800000 42800000 42800000 3A9A3308 3E8C09CE 3DD53466 43E66D35 41212546 42800000 42800000 42800000 3A9A40BB 3E8CB080 3DD54758
408 t=2235761 grDrawVertexArray #5 00000006 00000006 004AAD44
409 t=2235761 grDrawVertexArray vertex 43E043EB 41265BD9 42800000 42800000 42800000 3A9A5B7B 3E95D442 3DC220E4 43E23420 4180CC7B 42800000 42800000 42800000 3A9A6936 3E967BFF 3DC23229
410 t=2235761 grDrawVertexArray #6 00000006 00000006 004AAD44
411 t=2235761 grDrawVertexArray vertex 43DFF69B 41DE294D 42800000 42800000 42800000 3A9A2DA3 3E8C04E7 3DD52CF0 43DDE723 41B0C799 42800000 42800000 42800000 3A9A1740 3E8C8AAA 3DD50DFD
412 t=2235761 grDrawVertexArray #7 00000006 00000006 004AAD44
413 t=2235761 grDrawVertexArray vertex 43E4408B 41AC0F84 42800000 42800000 42800000 3A9A83D5 3E95FB6D 3DC253A4 43E23420 4180CC7B 42800000 42800000 42800000 3A9A6936 3E967BFF 3DC23229
414 t=2235761 grDrawVertexArray #8 00000006 00000006 004AAD44
415 t=2235761 grDrawVertexArray vertex 43E879D0 4177840A 42800000 42800000 42800000 3A9A5B4D 3E8C2E60 3DD56C13 43E66D35 41212546 42800000 42800000 42800000 3A9A40BB 3E8CB080 3DD54758
416 t=2235761 grDrawVertexArray #9 00000006 00000006 004AAD44
417 t=2235761 grDrawVertexArray #10 00000006 00000006 004AAD44
418 t=2235761 grDrawVertexArray #11 00000006 00000006 004AAD44
419 t=2235761 grDrawVertexArray #12 00000006 00000006 004AAD44
420 t=2235761 grDrawVertexArray #13 00000006 00000006 004AAD44
421 t=2235761 grDrawVertexArray #14 00000006 00000006 004AAD44
422 t=2235761 grDrawVertexArray #15 00000006 00000006 004AAD44
423 t=2235765 grDrawVertexArray #16 00000006 00000006 004AAD44
424 t=2235765 grDrawVertexArray #17 00000006 00000006 004AAD44
425 t=2235765 grDrawVertexArray #18 00000006 00000006 004AAD44
426 t=2235765 grDrawVertexArray #19 00000006 00000006 004AAD44
427 t=2235765 grDrawVertexArray #20 00000006 00000006 004AAD44
428 t=2235765 grDrawVertexArray #21 00000006 00000006 004AAD44
429 t=2235765 grDrawVertexArray #22 00000006 00000006 004AAD44
430 t=2235765 grDrawVertexArray #23 00000006 00000006 004AAD44
431 t=2235765 grDrawVertexArray #24 00000006 00000006 004AAD44
432 t=2235765 grDrawVertexArray #25 00000006 00000006 004AAD44
433 t=2235765 grClipWindow #16 00000000 00000000 00000280 000001E0
434 t=2235772 grBufferSwap #8 00000001
435 t=2235790 grClipWindow #17 00000000 00000000 00000280 000001E0
436 t=2235790 grBufferClear #9 00000000 00000000 0000FFFF
437 t=2235791 grTexFilterMode #6 00000000 00000001 00000001
438 t=2235791 grClipWindow #18 000001A9 00000000 00000255 00000062
439 t=2235791 grClipWindow #19 00000000 00000000 00000280 000001E0
440 t=2235804 grBufferSwap #9 00000001
441 t=2235820 grClipWindow #20 00000000 00000000 00000280 000001E0
442 t=2235820 grBufferClear #10 00000000 00000000 0000FFFF
443 t=2235821 grTexFilterMode #7 00000000 00000001 00000001
444 t=2235821 grClipWindow #21 000001A9 00000003 00000255 00000077
445 t=2235821 grClipWindow #22 00000000 00000000 00000280 000001E0
446 t=2235836 grBufferSwap #10 00000001
447 t=2235855 grClipWindow #23 00000000 00000000 00000280 000001E0
448 t=2235855 grBufferClear #11 00000000 00000000 0000FFFF
449 t=2235856 grTexFilterMode #8 00000000 00000001 00000001
450 t=2235856 grClipWindow #24 000001A9 00000005 00000255 00000079
451 t=2235856 grClipWindow #25 00000000 00000000 00000280 000001E0
452 t=2235856 grDrawTriangle #1 004C95C0 004C95A0 004C9580
453 t=2235856 grDrawTriangle #2 004C95C0 004C95A0 004C9580
454 t=2235856 grDrawTriangle #3 004C95C0 004C95A0 004C9580
455 t=2235856 grDrawTriangle #4 004C95C0 004C95A0 004C9580
456 t=2235856 grDrawTriangle #5 004C95C0 004C95A0 004C9580
457 t=2235856 grDrawTriangle #6 004C95C0 004C95A0 004C9580
458 t=2235856 grDrawTriangle #7 004C95C0 004C95A0 004C9580
459 t=2235856 grDrawTriangle #8 004C95C0 004C95A0 004C9580
460 t=2235856 grDrawTriangle #9 004C95C0 004C95A0 004C9580
461 t=2235856 grDrawTriangle #10 004C95C0 004C95A0 004C9580
462 t=2235856 grDrawTriangle #11 004C95C0 004C95A0 004C9580
463 t=2235856 grDrawTriangle #12 004C95C0 004C95A0 004C9580
464 t=2235856 grDrawTriangle #13 004C95C0 004C95A0 004C9580
465 t=2235856 grDrawTriangle #14 004C95C0 004C95A0 004C9580
466 t=2235856 grDrawTriangle #15 004C95C0 004C95A0 004C9580
467 t=2235856 grDrawTriangle #16 004C95C0 004C95A0 004C9580
468 t=2235856 grDrawTriangle #17 004C95C0 004C95A0 004C9580
469 t=2235856 grDrawTriangle #18 004C95C0 004C95A0 004C9580
470 t=2235856 grDrawTriangle #19 004C95C0 004C95A0 004C9580
471 t=2235856 grDrawTriangle #20 004C95C0 004C95A0 004C9580
472 t=2235861 grDrawTriangle #21 004C95C0 004C95A0 004C9580
473 t=2235861 grDrawTriangle #22 004C95C0 004C95A0 004C9580
474 t=2235861 grDrawTriangle #23 004C95C0 004C95A0 004C9580
475 t=2235861 grDrawTriangle #24 004C95C0 004C95A0 004C9580
476 t=2235861 grDrawTriangle #25 004C95C0 004C95A0 004C9580
477 t=2235868 grBufferSwap #11 00000001
478 t=2235885 grBufferClear #12 00000000 00000000 0000FFFF
479 t=2235886 grTexFilterMode #9 00000000 00000001 00000001
480 t=2235886 grClipWindow #27 000001A9 00000005 00000255 00000079
481 t=2235900 grBufferSwap #12 00000001
482 t=2235920 grBufferClear #13 00000000 00000000 0000FFFF
483 t=2235921 grTexFilterMode #10 00000000 00000001 00000001
484 t=2235932 grBufferSwap #13 00000001
485 t=2235950 grBufferClear #14 00000000 00000000 0000FFFF
486 t=2235951 grTexFilterMode #11 00000000 00000001 00000001
487 t=2235964 grBufferSwap #14 00000001
488 t=2235980 grBufferClear #15 00000000 00000000 0000FFFF
489 t=2235981 grTexFilterMode #12 00000000 00000001 00000001
490 t=2235996 grBufferSwap #15 00000001
491 t=2236015 grBufferClear #16 00000000 00000000 0000FFFF
492 t=2236016 grTexFilterMode #13 00000000 00000001 00000001
493 t=2236028 grBufferSwap #16 00000001
494 t=2236045 grBufferClear #17 00000000 00000000 0000FFFF
495 t=2236046 grTexFilterMode #14 00000000 00000001 00000001
496 t=2236060 grBufferSwap #17 00000001
497 t=2236081 grBufferClear #18 00000000 00000000 0000FFFF
498 t=2236081 grTexFilterMode #15 00000000 00000001 00000001
499 t=2236092 grBufferSwap #18 00000001
500 t=2236110 grBufferClear #19 00000000 00000000 0000FFFF
501 t=2236111 grTexFilterMode #16 00000000 00000001 00000001
502 t=2236124 grBufferSwap #19 00000001
503 t=2236140 grBufferClear #20 00000000 00000000 0000FFFF
504 t=2236141 grTexFilterMode #17 00000000 00000001 00000001
505 t=2236156 grBufferSwap #20 00000001
506 t=2236175 grBufferClear #21 00000000 00000000 0000FFFF
507 t=2236176 grTexFilterMode #18 00000000 00000001 00000001
508 t=2236188 grBufferSwap #21 00000001
509 t=2236205 grBufferClear #22 00000000 00000000 0000FFFF
510 t=2236206 grTexFilterMode #19 00000000 00000001 00000001
511 t=2236220 grBufferSwap #22 00000001
512 t=2236241 grBufferClear #23 00000000 00000000 0000FFFF
513 t=2236241 grTexFilterMode #20 00000000 00000001 00000001
514 t=2236252 grBufferSwap #23 00000001
515 t=2236270 grBufferClear #24 00000000 00000000 0000FFFF
516 t=2236271 grTexFilterMode #21 00000000 00000001 00000001
517 t=2236284 grBufferSwap #24 00000001
518 t=2236300 grBufferClear #25 00000000 00000000 0000FFFF
519 t=2236301 grTexFilterMode #22 00000000 00000001 00000001
520 t=2236316 grBufferSwap #25 00000001
521 t=2236336 grTexFilterMode #23 00000000 00000001 00000001
522 t=2236366 grTexFilterMode #24 00000000 00000001 00000001
523 t=2236401 grTexFilterMode #25 00000000 00000001 00000001
524 t=2239661 grTexDownloadTable #5812 00000002 02E84010
525 t=2239661 grTexSource #5812 00000000 00038000 00000003 004CA8F4
526 t=2239821 grDrawVertexArrayContiguous #38142 00000003 00000005 004C9580 00000020
527 t=2247400 summary periodic swaps=369
528 t=2247400   grAlphaBlendFunction 4365
529 t=2247400   grAlphaCombine 1
530 t=2247400   grBufferClear 369
531 t=2247400   grBufferSwap 369
532 t=2247400   grChromakeyMode 1
533 t=2247400   grChromakeyValue 1
534 t=2247400   grClipWindow 1100
535 t=2247400   grColorCombine 3659
536 t=2247400   grCoordinateSpace 1
537 t=2247400   grCullMode 1
538 t=2247400   grDepthBufferFunction 3
539 t=2247400   grDepthBufferMode 1
540 t=2247400   grDepthMask 4735
541 t=2247400   grDitherMode 1
542 t=2247400   grDrawTriangle 2950
543 t=2247400   grDrawVertexArray 19867
544 t=2247400   grDrawVertexArrayContiguous 440741
545 t=2247400   grFogMode 1
546 t=2247400   grGet 5
547 t=2247400   grGlideInit 1
548 t=2247400   grQueryResolutions 2
549 t=2247400   grRenderBuffer 1
550 t=2247400   grSstSelect 1
551 t=2247400   grSstWinOpen 1
552 t=2247400   grTexClampMode 1
553 t=2247400   grTexCombine 17085
554 t=2247400   grTexDownloadMipMap 422
555 t=2247400   grTexDownloadTable 17084
556 t=2247400   grTexFilterMode 366
557 t=2247400   grTexMaxAddress 2
558 t=2247400   grTexMinAddress 2
559 t=2247405   grTexMipMapMode 1
560 t=2247405   grTexSource 17084
561 t=2247405   grTexTextureMemRequired 55
562 t=2247405   grVertexLayout 11
563 t=2247405   guGammaCorrectionRGB 1
564 t=2262410 summary periodic swaps=838
565 t=2262410   grAlphaBlendFunction 9922
566 t=2262410   grAlphaCombine 1
567 t=2262410   grBufferClear 838
568 t=2262410   grBufferSwap 838
569 t=2262410   grChromakeyMode 1
570 t=2262410   grChromakeyValue 1
571 t=2262410   grClipWindow 2507
572 t=2262410   grColorCombine 8349
573 t=2262410   grCoordinateSpace 1
574 t=2262410   grCullMode 1
575 t=2262410   grDepthBufferFunction 3
576 t=2262410   grDepthBufferMode 1
577 t=2262410   grDepthMask 10761
578 t=2262410   grDitherMode 1
579 t=2262410   grDrawTriangle 2950
580 t=2262410   grDrawVertexArray 45618
581 t=2262410   grDrawVertexArrayContiguous 1142145
582 t=2262410   grFogMode 1
583 t=2262410   grGet 5
584 t=2262410   grGlideInit 1
585 t=2262410   grQueryResolutions 2
586 t=2262410   grRenderBuffer 1
587 t=2262410   grSstSelect 1
588 t=2262410   grSstWinOpen 1
589 t=2262410   grTexClampMode 1
590 t=2262410   grTexCombine 39057
591 t=2262410   grTexDownloadMipMap 891
592 t=2262410   grTexDownloadTable 39056
593 t=2262410   grTexFilterMode 835
594 t=2262410   grTexMaxAddress 2
595 t=2262410   grTexMinAddress 2
596 t=2262410   grTexMipMapMode 1
597 t=2262415   grTexSource 39056
598 t=2262415   grTexTextureMemRequired 55
599 t=2262415   grVertexLayout 11
600 t=2262415   guGammaCorrectionRGB 1
601 t=2265675 grGet #6 00000013 00000004 004C9810
602 t=2265675 grGet pname=13 -> 1 (4 bytes)
603 t=2265675 grTexMinAddress #3 00000000
604 t=2265675 grTexMaxAddress #3 00000000
605 t=2265685 grTexTextureMemRequired #56 00000003 004CA834
606 t=2265685 grTexDownloadMipMap #994 00000000 00000000 00000003 004CA834
607 t=2265685 grTexTextureMemRequired #57 00000003 004CA864
608 t=2265690 grTexDownloadMipMap #995 00000000 00010000 00000003 004CA864
609 t=2265690 grTexTextureMemRequired #58 00000003 004CA894
610 t=2265690 grTexDownloadMipMap #996 00000000 00020000 00000003 004CA894
611 t=2265690 grTexTextureMemRequired #59 00000003 004CA8C4
612 t=2265690 grTexDownloadMipMap #997 00000000 00030000 00000003 004CA8C4
613 t=2265690 grTexTextureMemRequired #60 00000003 004CA8F4
614 t=2265690 grTexDownloadMipMap #998 00000000 00040000 00000003 004CA8F4
615 t=2265690 grTexTextureMemRequired #61 00000003 004CA924
616 t=2265695 grTexDownloadMipMap #999 00000000 00050000 00000003 004CA924
617 t=2265695 grTexDownloadTable #43710 00000002 0337E02C
618 t=2265695 grTexSource #43710 00000000 00000000 00000003 004CA834
619 t=2265695 grTexDownloadTable #43711 00000002 0338E434
620 t=2265695 grTexDownloadTable #43712 00000002 0338E838
621 t=2265695 grTexDownloadTable #43713 00000002 0338EC3C
622 t=2265695 grTexDownloadTable #43714 00000002 0338F040
623 t=2265695 grTexSource #43714 00000000 00040000 00000003 004CA8F4
624 t=2265695 grTexDownloadTable #43715 00000002 0338F444
625 t=2265695 grTexSource #43715 00000000 00050000 00000003 004CA924
626 t=2265695 grBufferSwap #941 00000000
627 t=2265735 grGet #7 00000013 00000004 004C9810
628 t=2265735 grGet pname=13 -> 1 (4 bytes)
629 t=2265735 grTexMinAddress #4 00000000
630 t=2265735 grTexMaxAddress #4 00000000
631 t=2265750 grFogColorValue #1 3C467F00
632 t=2265795 grTexTextureMemRequired #68 00000003 004CA954
633 t=2265795 grTexDownloadMipMap #1006 00000000 00060000 00000003 004CA954
634 t=2265795 grTexTextureMemRequired #69 00000003 004CA984
635 t=2265795 grTexDownloadMipMap #1007 00000000 00070000 00000003 004CA984
636 t=2265795 grTexTextureMemRequired #70 00000003 004CA9B4
637 t=2265795 grTexDownloadMipMap #1008 00000000 00078000 00000003 004CA9B4
638 t=2265801 grTexTextureMemRequired #71 00000003 004CA9E4
639 t=2265801 grTexDownloadMipMap #1009 00000000 00088000 00000003 004CA9E4
640 t=2265801 grTexTextureMemRequired #72 00000003 004CAA14
641 t=2265801 grTexDownloadMipMap #1010 00000000 00098000 00000003 004CAA14
642 t=2265801 grTexTextureMemRequired #73 00000003 004CAA44
643 t=2265801 grTexDownloadMipMap #1011 00000000 000A8000 00000003 004CAA44
644 t=2265801 grTexTextureMemRequired #74 00000003 004CAA74
645 t=2265801 grTexDownloadMipMap #1012 00000000 000B8000 00000003 004CAA74
646 t=2265801 grTexTextureMemRequired #75 00000003 004CAAA4
647 t=2265801 grTexDownloadMipMap #1013 00000000 000C8000 00000003 004CAAA4
648 t=2265801 grTexTextureMemRequired #76 00000003 004CAAD4
649 t=2265805 grTexDownloadMipMap #1014 00000000 000D8000 00000003 004CAAD4
650 t=2265805 grTexTextureMemRequired #77 00000003 004CAB04
651 t=2265805 grTexDownloadMipMap #1015 00000000 000DC000 00000003 004CAB04
652 t=2265805 grTexTextureMemRequired #78 00000003 004CAB34
653 t=2265805 grTexDownloadMipMap #1016 00000000 000EC000 00000003 004CAB34
654 t=2265805 grTexTextureMemRequired #79 00000003 004CAB64
655 t=2265805 grTexDownloadMipMap #1017 00000000 000FC000 00000003 004CAB64
656 t=2265805 grTexDownloadMipMap #1018 00000000 0010C000 00000003 004CAB94
657 t=2265805 grTexDownloadMipMap #1019 00000000 0011C000 00000003 004CABC4
658 t=2265805 grTexDownloadMipMap #1020 00000000 00120000 00000003 004CABF4
659 t=2265811 grTexDownloadMipMap #1021 00000000 00130000 00000003 004CAC24
660 t=2265811 grTexDownloadMipMap #1022 00000000 00140000 00000003 004CAC54
661 t=2265811 grTexDownloadMipMap #1023 00000000 00148000 00000003 004CAC84
662 t=2265811 grTexDownloadMipMap #1024 00000000 0014A000 00000003 004CACB4
663 t=2265811 grTexDownloadMipMap #1025 00000000 00152000 00000003 004CACE4
664 t=2265811 grTexDownloadMipMap #1026 00000000 00162000 00000003 004CAD14
665 t=2265811 grTexDownloadMipMap #1027 00000000 00172000 00000003 004CAD44
666 t=2265811 grTexDownloadMipMap #1028 00000000 00176000 00000003 004CAD74
667 t=2265815 grTexDownloadMipMap #1029 00000000 00186000 00000003 004CADA4
668 t=2265815 grTexDownloadMipMap #1030 00000000 0018E000 00000003 004CADD4
669 t=2265815 grTexDownloadMipMap #1031 00000000 00196000 00000003 004CAE04
670 t=2265815 grTexDownloadMipMap #1032 00000000 0019E000 00000003 004CAE34
671 t=2265815 grTexDownloadMipMap #1033 00000000 001A0000 00000003 004CAE64
672 t=2265815 grTexDownloadMipMap #1034 00000000 001A4000 00000003 004CAE94
673 t=2265815 grTexDownloadMipMap #1035 00000000 001A8000 00000003 004CAEC4
674 t=2265815 grTexDownloadMipMap #1036 00000000 001AC000 00000003 004CAEF4
675 t=2265815 grTexDownloadMipMap #1037 00000000 001B0000 00000003 004CAF24
676 t=2265815 grTexDownloadMipMap #1038 00000000 001B8000 00000003 004CAF54
677 t=2265815 grTexDownloadMipMap #1039 00000000 001C0000 00000003 004CAF84
678 t=2265820 grTexDownloadMipMap #1040 00000000 001C8000 00000003 004CAFB4
679 t=2265820 grTexDownloadMipMap #1041 00000000 001CC000 00000003 004CAFE4
680 t=2265820 grTexDownloadMipMap #1042 00000000 001D0000 00000003 004CB014
681 t=2265820 grTexDownloadMipMap #1043 00000000 001D4000 00000003 004CB044
682 t=2265820 grTexDownloadMipMap #1044 00000000 001D6000 00000003 004CB074
683 t=2265820 grTexDownloadMipMap #1045 00000000 001DA000 00000003 004CB0A4
684 t=2265835 grTexDownloadMipMap #1046 00000000 001DC000 00000003 004CB0D4
685 t=2265850 grTexDownloadMipMap #1047 00000000 001E4000 00000003 004CB104
686 t=2266108 grTexDownloadMipMap #1048 00000000 00200000 00000003 004CB134
687 t=2268736 grFogMode #2 00000000
688 t=2268736 grTexDownloadTable #43722 00000002 03395C70
689 t=2268736 grTexSource #43722 00000000 00130000 00000003 004CAC24
690 t=2268741 grTexDownloadTable #43723 00000002 03414354
691 t=2268741 grTexSource #43723 00000000 0010C000 00000003 004CAB94
692 t=2268741 grTexDownloadTable #43724 00000002 03413F50
693 t=2268741 grTexSource #43724 00000000 000FC000 00000003 004CAB64
694 t=2268741 grTexDownloadTable #43725 00000002 03413B4C
695 t=2268741 grTexSource #43725 00000000 000EC000 00000003 004CAB34
696 t=2268741 grTexDownloadTable #43726 00000002 03413748
697 t=2268741 grTexSource #43726 00000000 000DC000 00000003 004CAB04
698 t=2268741 grTexDownloadTable #43727 00000002 03412B3C
699 t=2268741 grTexSource #43727 00000000 000B8000 00000003 004CAA74
700 t=2268741 grTexDownloadTable #43728 00000002 035D6C18
701 t=2268741 grTexSource #43728 00000000 001C8000 00000003 004CAFB4
702 t=2268741 grTexDownloadTable #43729 00000002 035D2810
703 t=2268741 grTexSource #43729 00000000 001C0000 00000003 004CAF84
704 t=2268741 grTexDownloadTable #43730 00000002 035CA408
705 t=2268741 grTexSource #43730 00000000 001B8000 00000003 004CAF54
706 t=2268741 grTexDownloadTable #43731 00000002 035C2000
707 t=2268741 grTexSource #43731 00000000 001B0000 00000003 004CAF24
708 t=2268741 grTexDownloadTable #43732 00000002 035A8BD8
709 t=2268741 grTexSource #43732 00000000 0019E000 00000003 004CAE34
710 t=2268741 grTexDownloadTable #43733 00000002 0358DBB8
711 t=2268741 grTexSource #43733 00000000 00176000 00000003 004CAD74
712 t=2268741 grTexDownloadTable #43734 00000002 035793A8
713 t=2268741 grTexSource #43734 00000000 00162000 00000003 004CAD14
714 t=2268741 grTexDownloadTable #43735 00000002 03568FA0
715 t=2268741 grTexSource #43735 00000000 00152000 00000003 004CACE4
716 t=2268741 grTexDownloadTable #43736 00000002 03558B98
717 t=2268741 grTexSource #43736 00000000 0014A000 00000003 004CACB4
718 t=2268741 grTexDownloadTable #43737 00000002 0339847C
719 t=2268745 grTexSource #43737 00000000 00148000 00000003 004CAC84
720 t=2268745 grTexDownloadTable #43738 00000002 03396074
721 t=2268745 grTexSource #43738 00000000 00140000 00000003 004CAC54
722 t=2268745 grTexDownloadTable #43739 00000002 0339586C
723 t=2268745 grTexSource #43739 00000000 00120000 00000003 004CABF4
724 t=2268745 grTexDownloadTable #43740 00000002 03395468
725 t=2268745 grTexSource #43740 00000000 0011C000 00000003 004CABC4
726 t=2268745 grTexDownloadTable #43741 00000002 035ACFE0
727 t=2268745 grTexSource #43741 00000000 001A0000 00000003 004CAE64
728 t=2268745 grTexDownloadTable #43749 00000002 035A67D0
729 t=2268745 grTexSource #43749 00000000 00196000 00000003 004CAE04
730 t=2268745 grTexDownloadTable #43795 00000002 03595FC0
731 t=2268745 grTexSource #43795 00000000 00186000 00000003 004CADA4
732 t=2268745 grTexDownloadTable #43804 00000002 0359E3C8
733 t=2268745 grTexSource #43804 00000000 0018E000 00000003 004CADD4
734 t=2268745 grTexDownloadTable #43815 00000002 0357D7B0
735 t=2268745 grTexSource #43815 00000000 00172000 00000003 004CAD44
736 t=2268745 grTexDownloadTable #43822 00000002 03411728
737 t=2268745 grTexSource #43822 00000000 00070000 00000003 004CA984
738 t=2268745 grTexDownloadTable #43823 00000002 03391060
739 t=2268745 grTexSource #43823 00000000 00060000 00000003 004CA954
740 t=2268745 grTexDownloadTable #43824 00000002 03390454
741 t=2268745 grTexDownloadTable #43825 00000002 03390050
742 t=2268745 grTexDownloadTable #43826 00000002 0338FC4C
743 t=2268745 grTexDownloadTable #43827 00000002 0338F848
744 t=2268745 grTexDownloadTable #43829 00000002 03412738
745 t=2268750 grTexSource #43829 00000000 000A8000 00000003 004CAA44
746 t=2268750 grTexDownloadTable #43830 00000002 03413344
747 t=2268750 grTexSource #43830 00000000 000D8000 00000003 004CAAD4
748 t=2268750 grTexDownloadTable #43833 00000002 03412F40
749 t=2268750 grTexSource #43833 00000000 000C8000 00000003 004CAAA4
750 t=2268750 grAlphaBlendFunction #11150 00000000 00000006 00000004 00000004
751 t=2268750 grFogMode #3 00000000
752 t=2268750 grTexDownloadTable #43876 00000002 03648660
753 t=2268750 grTexSource #43876 00000000 001DC000 00000003 004CB0D4
754 t=2268750 grTexDownloadTable #43877 00000002 0366D99C
755 t=2268750 grTexSource #43877 00000000 00200000 00000003 004CB134
756 t=2268770 grBufferClear #944 00000800 00000000 0000FFFF
757 t=2268771 grFogMode #4 00000000
758 t=2268771 grTexDownloadTable #43887 00000002 035B57F0
759 t=2268775 grTexSource #43887 00000000 001A8000 00000003 004CAEC4
760 t=2268775 grFogMode #5 00000000
761 t=2268800 grFogMode #6 00000000
762 t=2268805 grDrawVertexArrayContiguous #1166870 00000003 00000006 004C9580 00000020
763 t=2268805 grFogMode #7 00000000
764 t=2268835 grFogMode #8 00000000
765 t=2268835 grTexDownloadTable #44268 00000002 035B13E8
766 t=2268835 grTexSource #44268 00000000 001A4000 00000003 004CAE94
767 t=2268841 grFogMode #9 00000000
768 t=2268865 grFogMode #10 00000000
769 t=2268870 grFogMode #11 00000000
770 t=2268901 grFogMode #12 00000000
771 t=2268905 grFogMode #13 00000000
772 t=2268930 grFogMode #14 00000000
773 t=2268935 grFogMode #15 00000000
774 t=2268961 grFogMode #16 00000000
775 t=2268965 grFogMode #17 00000000
776 t=2268995 grFogMode #18 00000000
777 t=2269000 grFogMode #19 00000000
778 t=2269025 grFogMode #20 00000000
779 t=2269030 grFogMode #21 00000000
780 t=2269061 grFogMode #22 00000000
781 t=2269065 grFogMode #23 00000000
782 t=2269091 grFogMode #24 00000000
783 t=2269095 grFogMode #25 00000000
784 t=2277410 summary periodic swaps=1213
785 t=2277410   grAlphaBlendFunction 36072
786 t=2277410   grAlphaCombine 1
787 t=2277410   grBufferClear 1213
788 t=2277410   grBufferSwap 1213
789 t=2277410   grChromakeyMode 1
790 t=2277410   grChromakeyValue 1
791 t=2277410   grClipWindow 3625
792 t=2277410   grColorCombine 11333
793 t=2277410   grCoordinateSpace 1
794 t=2277410   grCullMode 1
795 t=2277410   grDepthBufferFunction 3
796 t=2277410   grDepthBufferMode 1
797 t=2277410   grDepthMask 37286
798 t=2277410   grDitherMode 1
799 t=2277410   grDrawTriangle 66821
800 t=2277410   grDrawVertexArray 245089
801 t=2277410   grDrawVertexArrayContiguous 1238667
802 t=2277410   grFogColorValue 1
803 t=2277410   grFogMode 543
804 t=2277410   grGet 7
805 t=2277410   grGlideInit 1
806 t=2277410   grQueryResolutions 2
807 t=2277410   grRenderBuffer 1
808 t=2277410   grSstSelect 1
809 t=2277410   grSstWinOpen 1
810 t=2277410   grTexClampMode 1
811 t=2277410   grTexCombine 78901
812 t=2277410   grTexDownloadMipMap 1049
813 t=2277410   grTexDownloadTable 78900
814 t=2277410   grTexFilterMode 1208
815 t=2277410   grTexMaxAddress 4
816 t=2277415   grTexMinAddress 4
817 t=2277415   grTexMipMapMode 1
818 t=2277415   grTexSource 78900
819 t=2277415   grTexTextureMemRequired 110
820 t=2277415   grVertexLayout 11
821 t=2277415   guGammaCorrectionRGB 1
822 t=2278825 grTexDownloadTable #84295 00000002 03390C5C
823 t=2280041 grTexDownloadTable #88342 00000002 03658A68
824 t=2280041 grTexSource #88342 00000000 001E4000 00000003 004CB104
825 t=2281290 grTexDownloadTable #92451 00000002 03390858
826 t=2289160 grTexDownloadTable #122832 00000002 035E5C38
827 t=2289160 grTexSource #122832 00000000 001D6000 00000003 004CB074
828 t=2291126 grTexDownloadTable #128141 00000002 035DB020
829 t=2291130 grTexSource #128141 00000000 001CC000 00000003 004CAFE4
830 t=2292421 summary periodic swaps=1680
831 t=2292421   grAlphaBlendFunction 85714
832 t=2292421   grAlphaCombine 1
833 t=2292421   grBufferClear 1681
834 t=2292421   grBufferSwap 1681
835 t=2292421   grChromakeyMode 1
836 t=2292421   grChromakeyValue 1
837 t=2292421   grClipWindow 5028
838 t=2292421   grColorCombine 18159
839 t=2292421   grCoordinateSpace 1
840 t=2292421   grCullMode 1
841 t=2292421   grDepthBufferFunction 3
842 t=2292421   grDepthBufferMode 1
843 t=2292421   grDepthMask 87396
844 t=2292421   grDitherMode 1
845 t=2292421   grDrawTriangle 157809
846 t=2292421   grDrawVertexArray 621742
847 t=2292421   grDrawVertexArrayContiguous 1352640
848 t=2292421   grFogColorValue 1
849 t=2292421   grFogMode 1479
850 t=2292421   grGet 7
851 t=2292421   grGlideInit 1
852 t=2292421   grQueryResolutions 2
853 t=2292421   grRenderBuffer 1
854 t=2292421   grSstSelect 1
855 t=2292421   grSstWinOpen 1
856 t=2292421   grTexClampMode 1
857 t=2292421   grTexCombine 133294
858 t=2292421   grTexDownloadMipMap 1434
859 t=2292421   grTexDownloadTable 133293
860 t=2292421   grTexFilterMode 1676
861 t=2292425   grTexMaxAddress 4
862 t=2292425   grTexMinAddress 4
863 t=2292425   grTexMipMapMode 1
864 t=2292425   grTexSource 133293
865 t=2292425   grTexTextureMemRequired 110
866 t=2292425   grVertexLayout 11
867 t=2292425   guGammaCorrectionRGB 1
868 t=2296229 ---- frame ----
869 t=2296245 grClipWindow #5386 00000000 00000000 00000280 000001E0
870 t=2296245 grDepthMask #95528 00000001
871 t=2296245 grBufferClear #1801 00000800 00000000 0000FFFF
872 t=2296246 grClipWindow #5387 00000000 00000000 00000280 000001E0
873 t=2296246 grAlphaBlendFunction #93727 00000004 00000000 00000004 00000000
874 t=2296246 grDepthMask #95529 00000001
875 t=2296246 grColorCombine #20514 00000001 00000000 00000000 00000002 00000000
876 t=2296246 grDrawVertexArray #721294 00000006 00000006 004AAD44
877 t=2296246 grDrawVertexArray #721295 00000006 00000006 004AAD44
878 t=2296246 grDrawVertexArray #721296 00000006 00000006 004AAD44
879 t=2296246 grDrawVertexArray #721297 00000006 00000006 004AAD44
880 t=2296246 grClipWindow #5388 00000000 00000000 00000280 000001E0
881 t=2296250 grTexDownloadMipMap #1554 00000000 001E4000 00000003 004CB104
882 t=2296250 grFogMode #1718 00000000
883 t=2296250 grTexFilterMode #1796 00000000 00000001 00000001
884 t=2296250 grAlphaBlendFunction #93728 00000004 00000004 00000004 00000004
885 t=2296250 grDepthMask #95530 00000000
886 t=2296250 grAlphaBlendFunction #93729 00000004 00000000 00000004 00000000
887 t=2296250 grDepthMask #95531 00000001
888 t=2296250 grColorCombine #20515 00000003 00000001 00000000 00000001 00000000
889 t=2296250 grTexDownloadTable #148791 00000002 03395C70
890 t=2296250 grTexSource #148791 00000000 00130000 00000003 004CAC24
891 t=2296250 grTexCombine #148792 00000000 00000001 00000000 00000001 00000000 00000000 00000000
892 t=2296250 grDrawVertexArrayContiguous #1376922 00000003 00000004 004C9580 00000020
893 t=2296250 grDrawVertexArrayContiguous #1376923 00000003 00000004 004C9580 00000020
894 t=2296250 grDrawVertexArrayContiguous #1376924 00000003 00000004 004C9580 00000020
895 t=2296250 grDrawVertexArrayContiguous #1376925 00000003 00000004 004C9580 00000020
896 t=2296250 grDrawVertexArrayContiguous #1376926 00000003 00000004 004C9580 00000020
897 t=2296250 grDrawVertexArrayContiguous #1376927 00000003 00000004 004C9580 00000020
898 t=2296250 grDrawVertexArrayContiguous #1376928 00000003 00000004 004C9580 00000020
899 t=2296250 grDrawVertexArrayContiguous #1376929 00000003 00000004 004C9580 00000020
900 t=2296250 grDrawVertexArrayContiguous #1376930 00000003 00000004 004C9580 00000020
901 t=2296250 grDrawVertexArrayContiguous #1376931 00000003 00000004 004C9580 00000020
902 t=2296250 grDrawVertexArrayContiguous #1376932 00000003 00000004 004C9580 00000020
903 t=2296250 grDrawVertexArrayContiguous #1376933 00000003 00000004 004C9580 00000020
904 t=2296250 grTexDownloadTable #148792 00000002 03414354
905 t=2296250 grTexSource #148792 00000000 0010C000 00000003 004CAB94
906 t=2296250 grTexCombine #148793 00000000 00000001 00000000 00000001 00000000 00000000 00000000
907 t=2296250 grTexDownloadTable #148793 00000002 03413F50
908 t=2296255 grTexSource #148793 00000000 000FC000 00000003 004CAB64
909 t=2296255 grTexCombine #148794 00000000 00000001 00000000 00000001 00000000 00000000 00000000
910 t=2296255 grDrawVertexArrayContiguous #1376934 00000003 00000003 004C9580 00000020
911 t=2296255 grDrawVertexArrayContiguous #1376935 00000003 00000004 004C9580 00000020
912 t=2296255 grDrawVertexArrayContiguous #1376936 00000003 00000003 004C9580 00000020
913 t=2296255 grDrawVertexArrayContiguous #1376937 00000003 00000003 004C9580 00000020
914 t=2296255 grDrawVertexArrayContiguous #1376938 00000003 00000004 004C9580 00000020
915 t=2296255 grDrawVertexArray #721298 00000006 00000006 004AAD44
916 t=2296255 grDrawVertexArray #721299 00000006 00000006 004AAD44
917 t=2296255 grDrawVertexArray #721300 00000006 00000006 004AAD44
918 t=2296255 grDrawVertexArray #721301 00000006 00000006 004AAD44
919 t=2296255 grDrawVertexArray #721302 00000006 00000006 004AAD44
920 t=2296255 grDrawVertexArray #721303 00000006 00000006 004AAD44
921 t=2296255 grDrawVertexArray #721304 00000006 00000006 004AAD44
922 t=2296255 grDrawVertexArray #721305 00000006 00000006 004AAD44
923 t=2296255 grDrawVertexArray #721306 00000006 00000006 004AAD44
924 t=2296255 grDrawVertexArray #721307 00000006 00000006 004AAD44
925 t=2296255 grDrawVertexArray #721308 00000006 00000006 004AAD44
926 t=2296255 grDrawVertexArray #721309 00000006 00000006 004AAD44
927 t=2296255 grTexDownloadTable #148794 00000002 03413B4C
928 t=2296255 grTexSource #148794 00000000 000EC000 00000003 004CAB34
929 t=2296255 grTexCombine #148795 00000000 00000001 00000000 00000001 00000000 00000000 00000000
930 t=2296255 grDrawVertexArray #721310 00000006 00000006 004AAD44
931 t=2296255 grDrawVertexArray #721311 00000006 00000006 004AAD44
932 t=2296255 grDrawVertexArray #721312 00000006 00000006 004AAD44
933 t=2296255 grDrawVertexArray #721313 00000006 00000006 004AAD44
934 t=2296255 grDrawVertexArray #721314 00000006 00000006 004AAD44
935 t=2296255 grDrawVertexArray #721315 00000006 00000006 004AAD44
936 t=2296255 grDrawVertexArrayContiguous #1376939 00000003 00000003 004C9580 00000020
937 t=2296255 grDrawVertexArrayContiguous #1376940 00000003 00000004 004C9580 00000020
938 t=2296255 grDrawVertexArrayContiguous #1376941 00000003 00000003 004C9580 00000020
939 t=2296255 grDrawVertexArrayContiguous #1376942 00000003 00000004 004C9580 00000020
940 t=2296255 grAlphaBlendFunction #93730 00000004 00000004 00000004 00000004
941 t=2296260 grDepthMask #95532 00000000
942 t=2296260 grTexDownloadTable #148795 00000002 03412B3C
943 t=2296260 grTexSource #148795 00000000 000B8000 00000003 004CAA74
944 t=2296260 grTexCombine #148796 00000000 00000001 00000000 00000001 00000000 00000000 00000000
945 t=2296260 grDrawVertexArrayContiguous #1376943 00000003 00000004 004C9580 00000020
946 t=2296260 grDrawVertexArrayContiguous #1376944 00000003 00000004 004C9580 00000020
947 t=2296260 grDrawVertexArrayContiguous #1376945 00000003 00000004 004C9580 00000020
948 t=2296260 grDrawVertexArrayContiguous #1376946 00000003 00000004 004C9580 00000020
949 t=2296260 grDrawVertexArrayContiguous #1376947 00000003 00000003 004C9580 00000020
950 t=2296260 grDrawVertexArrayContiguous #1376948 00000003 00000003 004C9580 00000020
951 t=2296260 grDrawVertexArray #721316 00000006 00000006 004AAD44
952 t=2296260 grDrawVertexArrayContiguous #1376949 00000003 00000004 004C9580 00000020
953 t=2296260 grDrawVertexArrayContiguous #1376950 00000003 00000003 004C9580 00000020
954 t=2296260 grAlphaBlendFunction #93731 00000004 00000000 00000004 00000000
955 t=2296260 grDepthMask #95533 00000001
956 t=2296260 grTexDownloadTable #148796 00000002 0339586C
957 t=2296260 grTexSource #148796 00000000 00120000 00000003 004CABF4
958 t=2296260 grTexCombine #148797 00000000 00000001 00000000 00000001 00000000 00000000 00000000
959 t=2296260 grDrawVertexArray #721317 00000006 00000006 004AAD44
960 t=2296260 grDrawVertexArray #721318 00000006 00000006 004AAD44
961 t=2296260 grDrawVertexArray #721319 00000006 00000006 004AAD44
962 t=2296260 grDrawVertexArray #721320 00000006 00000006 004AAD44
963 t=2296260 grDrawVertexArray #721321 00000006 00000006 004AAD44
964 t=2296260 grDrawVertexArray #721322 00000006 00000006 004AAD44
965 t=2296260 grDrawVertexArray #721323 00000006 00000006 004AAD44
966 t=2296260 grDrawVertexArray #721324 00000006 00000006 004AAD44
967 t=2296260 grDrawVertexArray #721325 00000006 00000006 004AAD44
968 t=2296260 grDrawVertexArray #721326 00000006 00000006 004AAD44
969 t=2296260 grDrawVertexArray #721327 00000006 00000006 004AAD44
970 t=2296260 grDrawVertexArray #721328 00000006 00000006 004AAD44
971 t=2296260 grDrawVertexArray #721329 00000006 00000006 004AAD44
972 t=2296260 grDrawVertexArray #721330 00000006 00000006 004AAD44
973 t=2296260 grDrawVertexArray #721331 00000006 00000006 004AAD44
974 t=2296265 grDrawVertexArray #721332 00000006 00000006 004AAD44
975 t=2296265 grDrawVertexArray #721333 00000006 00000006 004AAD44
976 t=2296265 grDrawVertexArray #721334 00000006 00000006 004AAD44
977 t=2296265 grDrawVertexArray #721335 00000006 00000006 004AAD44
978 t=2296265 grDrawVertexArray #721336 00000006 00000006 004AAD44
979 t=2296265 grDrawVertexArray #721337 00000006 00000006 004AAD44
980 t=2296265 grDrawVertexArray #721338 00000006 00000006 004AAD44
981 t=2296265 grDrawVertexArray #721339 00000006 00000006 004AAD44
982 t=2296265 grDrawVertexArray #721340 00000006 00000006 004AAD44
983 t=2296265 grDrawVertexArray #721341 00000006 00000006 004AAD44
984 t=2296265 grDrawVertexArray #721342 00000006 00000006 004AAD44
985 t=2296265 grDrawVertexArray #721343 00000006 00000006 004AAD44
986 t=2296265 grDrawVertexArray #721344 00000006 00000006 004AAD44
987 t=2296265 grDrawVertexArray #721345 00000006 00000006 004AAD44
988 t=2296265 grDrawVertexArray #721346 00000006 00000006 004AAD44
989 t=2296265 grDrawVertexArray #721347 00000006 00000006 004AAD44
990 t=2296265 grDrawVertexArray #721348 00000006 00000006 004AAD44
991 t=2296265 grDrawVertexArray #721349 00000006 00000006 004AAD44
992 t=2296265 grDrawVertexArray #721350 00000006 00000006 004AAD44
993 t=2296265 grDrawVertexArray #721351 00000006 00000006 004AAD44
994 t=2296265 grDrawVertexArray #721352 00000006 00000006 004AAD44
995 t=2296265 grDrawVertexArray #721353 00000006 00000006 004AAD44
996 t=2296265 grDrawVertexArray #721354 00000006 00000006 004AAD44
997 t=2296265 grDrawVertexArray #721355 00000006 00000006 004AAD44
998 t=2296265 grDrawVertexArray #721356 00000006 00000006 004AAD44
999 t=2296265 grDrawVertexArray #721357 00000006 00000006 004AAD44
1000 t=2296265 grDrawVertexArray #721358 00000006 00000006 004AAD44
1001 t=2296265 grDrawVertexArray #721359 00000006 00000006 004AAD44
1002 t=2296265 grDrawVertexArray #721360 00000006 00000006 004AAD44
1003 t=2296265 grDrawVertexArray #721361 00000006 00000006 004AAD44
1004 t=2296265 grDrawVertexArray #721362 00000006 00000006 004AAD44
1005 t=2296265 grDrawVertexArray #721363 00000006 00000006 004AAD44
1006 t=2296265 grDrawVertexArray #721364 00000006 00000006 004AAD44
1007 t=2296265 grDrawVertexArray #721365 00000006 00000006 004AAD44
1008 t=2296270 grDrawVertexArray #721366 00000006 00000006 004AAD44
1009 t=2296270 grDrawVertexArray #721367 00000006 00000006 004AAD44
1010 t=2296270 grDrawVertexArray #721368 00000006 00000006 004AAD44
1011 t=2296270 grDrawVertexArray #721369 00000006 00000006 004AAD44
1012 t=2296270 grDrawVertexArray #721370 00000006 00000006 004AAD44
1013 t=2296270 grDrawVertexArray #721371 00000006 00000006 004AAD44
1014 t=2296270 grDrawVertexArray #721372 00000006 00000006 004AAD44
1015 t=2296270 grDrawVertexArray #721373 00000006 00000006 004AAD44
1016 t=2296270 grDrawVertexArray #721374 00000006 00000006 004AAD44
1017 t=2296270 grDrawVertexArray #721375 00000006 00000006 004AAD44
1018 t=2296270 grDrawVertexArray #721376 00000006 00000006 004AAD44
1019 t=2296270 grDrawVertexArray #721377 00000006 00000006 004AAD44
1020 t=2296270 grDrawVertexArray #721378 00000006 00000006 004AAD44
1021 t=2296270 grDrawVertexArray #721379 00000006 00000006 004AAD44
1022 t=2296270 grDrawVertexArray #721380 00000006 00000006 004AAD44
1023 t=2296270 grDrawVertexArray #721381 00000006 00000006 004AAD44
1024 t=2296270 grDrawVertexArray #721382 00000006 00000006 004AAD44
1025 t=2296270 grDrawVertexArray #721383 00000006 00000006 004AAD44
1026 t=2296270 grDrawVertexArray #721384 00000006 00000006 004AAD44
1027 t=2296270 grDrawVertexArray #721385 00000006 00000006 004AAD44
1028 t=2296270 grDrawVertexArray #721386 00000006 00000006 004AAD44
1029 t=2296270 grDrawVertexArray #721387 00000006 00000006 004AAD44
1030 t=2296270 grDrawVertexArray #721388 00000006 00000006 004AAD44
1031 t=2296270 grDrawVertexArray #721389 00000006 00000006 004AAD44
1032 t=2296270 grDrawVertexArray #721390 00000006 00000006 004AAD44
1033 t=2296270 grDrawVertexArray #721391 00000006 00000006 004AAD44
1034 t=2296270 grDrawVertexArray #721392 00000006 00000006 004AAD44
1035 t=2296270 grDrawVertexArray #721393 00000006 00000006 004AAD44
1036 t=2296270 grDrawVertexArray #721394 00000006 00000006 004AAD44
1037 t=2296270 grDrawVertexArray #721395 00000006 00000006 004AAD44
1038 t=2296270 grDrawVertexArray #721396 00000006 00000006 004AAD44
1039 t=2296270 grDrawVertexArray #721397 00000006 00000006 004AAD44
1040 t=2296270 grDrawVertexArray #721398 00000006 00000006 004AAD44
1041 t=2296275 grDrawVertexArray #721399 00000006 00000006 004AAD44
1042 t=2296276 grDrawVertexArray #721400 00000006 00000006 004AAD44
1043 t=2296276 grDrawVertexArray #721401 00000006 00000006 004AAD44
1044 t=2296276 grDrawVertexArray #721402 00000006 00000006 004AAD44
1045 t=2296276 grDrawVertexArray #721403 00000006 00000006 004AAD44
1046 t=2296276 grDrawVertexArray #721404 00000006 00000006 004AAD44
1047 t=2296276 grDrawVertexArray #721405 00000006 00000006 004AAD44
1048 t=2296276 grDrawVertexArray #721406 00000006 00000006 004AAD44
1049 t=2296276 grDrawVertexArray #721407 00000006 00000006 004AAD44
1050 t=2296276 grDrawVertexArray #721408 00000006 00000006 004AAD44
1051 t=2296276 grDrawVertexArray #721409 00000006 00000006 004AAD44
1052 t=2296276 grDrawVertexArray #721410 00000006 00000006 004AAD44
1053 t=2296276 grDrawVertexArray #721411 00000006 00000006 004AAD44
1054 t=2296276 grDrawVertexArray #721412 00000006 00000006 004AAD44
1055 t=2296276 grDrawVertexArray #721413 00000006 00000006 004AAD44
1056 t=2296276 grDrawVertexArray #721414 00000006 00000006 004AAD44
1057 t=2296276 grDrawVertexArray #721415 00000006 00000006 004AAD44
1058 t=2296276 grDrawVertexArray #721416 00000006 00000006 004AAD44
1059 t=2296276 grDrawVertexArray #721417 00000006 00000006 004AAD44
1060 t=2296276 grDrawVertexArray #721418 00000006 00000006 004AAD44
1061 t=2296276 grDrawVertexArray #721419 00000006 00000006 004AAD44
1062 t=2296276 grDrawVertexArray #721420 00000006 00000006 004AAD44
1063 t=2296276 grDrawVertexArray #721421 00000006 00000006 004AAD44
1064 t=2296276 grDrawVertexArray #721422 00000006 00000006 004AAD44
1065 t=2296276 grDrawVertexArray #721423 00000006 00000006 004AAD44
1066 t=2296276 grDrawVertexArray #721424 00000006 00000006 004AAD44
1067 t=2296276 grDrawVertexArray #721425 00000006 00000006 004AAD44
1068 t=2296276 grDrawVertexArray #721426 00000006 00000006 004AAD44
1069 t=2296276 grDrawVertexArray #721427 00000006 00000006 004AAD44
1070 t=2296276 grDrawVertexArray #721428 00000006 00000006 004AAD44
1071 t=2296276 grDrawVertexArray #721429 00000006 00000006 004AAD44
1072 t=2296276 grDrawVertexArray #721430 00000006 00000006 004AAD44
1073 t=2296276 grDrawVertexArray #721431 00000006 00000006 004AAD44
1074 t=2296280 grDrawVertexArray #721432 00000006 00000006 004AAD44
1075 t=2296280 grDrawVertexArray #721433 00000006 00000006 004AAD44
1076 t=2296280 grDrawVertexArray #721434 00000006 00000006 004AAD44
1077 t=2296280 grDrawVertexArray #721435 00000006 00000006 004AAD44
1078 t=2296280 grDrawVertexArray #721436 00000006 00000006 004AAD44
1079 t=2296280 grDrawVertexArray #721437 00000006 00000006 004AAD44
1080 t=2296281 grDrawVertexArray #721438 00000006 00000006 004AAD44
1081 t=2296281 grDrawVertexArray #721439 00000006 00000006 004AAD44
1082 t=2296281 grDrawVertexArray #721440 00000006 00000006 004AAD44
1083 t=2296281 grDrawVertexArray #721441 00000006 00000006 004AAD44
1084 t=2296281 grDrawVertexArray #721442 00000006 00000006 004AAD44
1085 t=2296281 grDrawVertexArray #721443 00000006 00000006 004AAD44
1086 t=2296281 grDrawVertexArray #721444 00000006 00000006 004AAD44
1087 t=2296281 grDrawVertexArray #721445 00000006 00000006 004AAD44
1088 t=2296281 grDrawVertexArray #721446 00000006 00000006 004AAD44
1089 t=2296281 grDrawVertexArray #721447 00000006 00000006 004AAD44
1090 t=2296281 grDrawVertexArray #721448 00000006 00000006 004AAD44
1091 t=2296281 grDrawVertexArray #721449 00000006 00000006 004AAD44
1092 t=2296281 grDrawVertexArray #721450 00000006 00000006 004AAD44
1093 t=2296281 grDrawVertexArray #721451 00000006 00000006 004AAD44
1094 t=2296281 grDrawVertexArray #721452 00000006 00000006 004AAD44
1095 t=2296281 grDrawVertexArray #721453 00000006 00000006 004AAD44
1096 t=2296281 grDrawVertexArray #721454 00000006 00000006 004AAD44
1097 t=2296281 grDrawVertexArray #721455 00000006 00000006 004AAD44
1098 t=2296281 grDrawVertexArray #721456 00000006 00000006 004AAD44
1099 t=2296281 grDrawVertexArray #721457 00000006 00000006 004AAD44
1100 t=2296281 grDrawVertexArray #721458 00000006 00000006 004AAD44
1101 t=2296281 grDrawVertexArray #721459 00000006 00000006 004AAD44
1102 t=2296281 grDrawVertexArray #721460 00000006 00000006 004AAD44
1103 t=2296281 grDrawVertexArray #721461 00000006 00000006 004AAD44
1104 t=2296281 grDrawVertexArray #721462 00000006 00000006 004AAD44
1105 t=2296281 grAlphaBlendFunction #93732 00000004 00000000 00000004 00000000
1106 t=2296281 grDepthMask #95534 00000001
1107 t=2296285 grDrawVertexArray #721463 00000006 00000006 004AAD44
1108 t=2296285 grAlphaBlendFunction #93733 00000004 00000000 00000004 00000000
1109 t=2296285 grDepthMask #95535 00000001
1110 t=2296285 grDrawVertexArray #721464 00000006 00000006 004AAD44
1111 t=2296285 grDrawVertexArray #721465 00000006 00000006 004AAD44
1112 t=2296285 grDrawVertexArray #721466 00000006 00000006 004AAD44
1113 t=2296285 grDrawVertexArray #721467 00000006 00000006 004AAD44
1114 t=2296285 grDrawVertexArray #721468 00000006 00000006 004AAD44
1115 t=2296285 grDrawVertexArray #721469 00000006 00000006 004AAD44
1116 t=2296285 grDrawVertexArray #721470 00000006 00000006 004AAD44
1117 t=2296285 grDrawVertexArray #721471 00000006 00000006 004AAD44
1118 t=2296285 grDrawVertexArray #721472 00000006 00000006 004AAD44
1119 t=2296285 grDrawVertexArray #721473 00000006 00000006 004AAD44
1120 t=2296285 grDrawVertexArray #721474 00000006 00000006 004AAD44
1121 t=2296285 grAlphaBlendFunction #93734 00000004 00000000 00000004 00000000
1122 t=2296285 grDepthMask #95536 00000001
1123 t=2296285 grDrawVertexArray #721475 00000006 00000006 004AAD44
1124 t=2296285 grAlphaBlendFunction #93735 00000004 00000000 00000004 00000000
1125 t=2296285 grDepthMask #95537 00000001
1126 t=2296285 grDrawVertexArray #721476 00000006 00000006 004AAD44
1127 t=2296285 grDrawVertexArray #721477 00000006 00000006 004AAD44
1128 t=2296285 grDrawVertexArray #721478 00000006 00000006 004AAD44
1129 t=2296285 grDrawVertexArray #721479 00000006 00000006 004AAD44
1130 t=2296285 grDrawVertexArray #721480 00000006 00000006 004AAD44
1131 t=2296285 grDrawVertexArray #721481 00000006 00000006 004AAD44
1132 t=2296285 grDrawVertexArray #721482 00000006 00000006 004AAD44
1133 t=2296285 grDrawVertexArray #721483 00000006 00000006 004AAD44
1134 t=2296285 grDrawVertexArray #721484 00000006 00000006 004AAD44
1135 t=2296285 grDrawVertexArray #721485 00000006 00000006 004AAD44
1136 t=2296285 grDrawVertexArray #721486 00000006 00000006 004AAD44
1137 t=2296285 grDrawVertexArray #721487 00000006 00000006 004AAD44
1138 t=2296285 grDrawVertexArray #721488 00000006 00000006 004AAD44
1139 t=2296285 grDrawVertexArray #721489 00000006 00000006 004AAD44
1140 t=2296290 grDrawVertexArray #721490 00000006 00000006 004AAD44
1141 t=2296290 grDrawVertexArray #721491 00000006 00000006 004AAD44
1142 t=2296290 grDrawVertexArray #721492 00000006 00000006 004AAD44
1143 t=2296290 grDrawVertexArray #721493 00000006 00000006 004AAD44
1144 t=2296290 grDrawVertexArray #721494 00000006 00000006 004AAD44
1145 t=2296290 grDrawVertexArray #721495 00000006 00000006 004AAD44
1146 t=2296290 grDrawVertexArray #721496 00000006 00000006 004AAD44
1147 t=2296290 grDrawVertexArray #721497 00000006 00000006 004AAD44
1148 t=2296290 grDrawVertexArrayContiguous #1376951 00000003 00000004 004C9580 00000020
1149 t=2296290 grDrawVertexArrayContiguous #1376952 00000003 00000004 004C9580 00000020
1150 t=2296290 grDrawVertexArray #721498 00000006 00000006 004AAD44
1151 t=2296290 grDrawVertexArray #721499 00000006 00000006 004AAD44
1152 t=2296290 grDrawVertexArray #721500 00000006 00000006 004AAD44
1153 t=2296290 grDrawVertexArrayContiguous #1376953 00000003 00000004 004C9580 00000020
1154 t=2296290 grDrawVertexArrayContiguous #1376954 00000003 00000003 004C9580 00000020
1155 t=2296290 grDrawVertexArrayContiguous #1376955 00000003 00000003 004C9580 00000020
1156 t=2296290 grDrawVertexArrayContiguous #1376956 00000003 00000004 004C9580 00000020
1157 t=2296290 grDrawVertexArrayContiguous #1376957 00000003 00000003 004C9580 00000020
1158 t=2296290 grDrawVertexArrayContiguous #1376958 00000003 00000004 004C9580 00000020
1159 t=2296290 grDrawVertexArrayContiguous #1376959 00000003 00000003 004C9580 00000020
1160 t=2296290 grDrawVertexArrayContiguous #1376960 00000003 00000004 004C9580 00000020
1161 t=2296290 grDrawVertexArrayContiguous #1376961 00000003 00000003 004C9580 00000020
1162 t=2296290 grDrawVertexArrayContiguous #1376962 00000003 00000004 004C9580 00000020
1163 t=2296290 grDrawVertexArrayContiguous #1376963 00000003 00000004 004C9580 00000020
1164 t=2296290 grDrawVertexArrayContiguous #1376964 00000003 00000004 004C9580 00000020
1165 t=2296290 grDrawVertexArray #721501 00000006 00000006 004AAD44
1166 t=2296290 grDrawVertexArray #721502 00000006 00000006 004AAD44
1167 t=2296290 grDrawVertexArray #721503 00000006 00000006 004AAD44
1168 t=2296290 grDrawVertexArray #721504 00000006 00000006 004AAD44
1169 t=2296290 grDrawVertexArray #721505 00000006 00000006 004AAD44
1170 t=2296290 grDrawVertexArray #721506 00000006 00000006 004AAD44
1171 t=2296290 grDrawVertexArray #721507 00000006 00000006 004AAD44
1172 t=2296290 grDrawVertexArray #721508 00000006 00000006 004AAD44
1173 t=2296295 grDrawVertexArray #721509 00000006 00000006 004AAD44
1174 t=2296295 grDrawVertexArrayContiguous #1376965 00000003 00000004 004C9580 00000020
1175 t=2296295 grDrawVertexArrayContiguous #1376966 00000003 00000003 004C9580 00000020
1176 t=2296295 grDrawVertexArrayContiguous #1376967 00000003 00000003 004C9580 00000020
1177 t=2296295 grDrawVertexArrayContiguous #1376968 00000003 00000003 004C9580 00000020
1178 t=2296295 grDrawVertexArrayContiguous #1376969 00000003 00000003 004C9580 00000020
1179 t=2296295 grDrawVertexArrayContiguous #1376970 00000003 00000004 004C9580 00000020
1180 t=2296295 grDrawVertexArrayContiguous #1376971 00000003 00000003 004C9580 00000020
1181 t=2296295 grDrawVertexArrayContiguous #1376972 00000003 00000004 004C9580 00000020
1182 t=2296295 grDrawVertexArrayContiguous #1376973 00000003 00000004 004C9580 00000020
1183 t=2296295 grDrawVertexArrayContiguous #1376974 00000003 00000004 004C9580 00000020
1184 t=2296295 grDrawVertexArrayContiguous #1376975 00000003 00000003 004C9580 00000020
1185 t=2296295 grDrawVertexArrayContiguous #1376976 00000003 00000003 004C9580 00000020
1186 t=2296295 grDrawVertexArrayContiguous #1376977 00000003 00000003 004C9580 00000020
1187 t=2296295 grDrawVertexArrayContiguous #1376978 00000003 00000003 004C9580 00000020
1188 t=2296295 grDrawVertexArrayContiguous #1376979 00000003 00000004 004C9580 00000020
1189 t=2296295 grDrawVertexArrayContiguous #1376980 00000003 00000004 004C9580 00000020
1190 t=2296295 grDrawVertexArrayContiguous #1376981 00000003 00000004 004C9580 00000020
1191 t=2296295 grDrawVertexArray #721510 00000006 00000006 004AAD44
1192 t=2296295 grDrawVertexArray #721511 00000006 00000006 004AAD44
1193 t=2296295 grDrawVertexArray #721512 00000006 00000006 004AAD44
1194 t=2296295 grDrawVertexArrayContiguous #1376982 00000003 00000004 004C9580 00000020
1195 t=2296295 grDrawVertexArrayContiguous #1376983 00000003 00000003 004C9580 00000020
1196 t=2296295 grDrawVertexArrayContiguous #1376984 00000003 00000003 004C9580 00000020
1197 t=2296295 grDrawVertexArrayContiguous #1376985 00000003 00000004 004C9580 00000020
1198 t=2296295 grDrawVertexArrayContiguous #1376986 00000003 00000003 004C9580 00000020
1199 t=2296295 grDrawVertexArrayContiguous #1376987 00000003 00000004 004C9580 00000020
1200 t=2296295 grDrawVertexArrayContiguous #1376988 00000003 00000003 004C9580 00000020
1201 t=2296295 grDrawVertexArrayContiguous #1376989 00000003 00000005 004C9580 00000020
1202 t=2296295 grDrawVertexArrayContiguous #1376990 00000003 00000003 004C9580 00000020
1203 t=2296295 grDrawVertexArrayContiguous #1376991 00000003 00000003 004C9580 00000020
1204 t=2296295 grDrawVertexArrayContiguous #1376992 00000003 00000003 004C9580 00000020
1205 t=2296295 grDrawVertexArrayContiguous #1376993 00000003 00000004 004C9580 00000020
1206 t=2296300 grDrawVertexArrayContiguous #1376994 00000003 00000004 004C9580 00000020
1207 t=2296300 grDrawVertexArrayContiguous #1376995 00000003 00000003 004C9580 00000020
1208 t=2296300 grDrawVertexArrayContiguous #1376996 00000003 00000004 004C9580 00000020
1209 t=2296300 grDrawVertexArrayContiguous #1376997 00000003 00000004 004C9580 00000020
1210 t=2296300 grDrawVertexArrayContiguous #1376998 00000003 00000004 004C9580 00000020
1211 t=2296300 grDrawVertexArrayContiguous #1376999 00000003 00000003 004C9580 00000020
1212 t=2296300 grTexDownloadTable #148797 00000002 0357D7B0
1213 t=2296300 grTexSource #148797 00000000 00172000 00000003 004CAD44
1214 t=2296300 grTexCombine #148798 00000000 00000001 00000000 00000001 00000000 00000000 00000000
1215 t=2296300 grDrawVertexArray #721513 00000006 00000006 004AAD44
1216 t=2296300 grTexDownloadTable #148798 00000002 035A8BD8
1217 t=2296300 grTexSource #148798 00000000 0019E000 00000003 004CAE34
1218 t=2296300 grTexCombine #148799 00000000 00000001 00000000 00000001 00000000 00000000 00000000
1219 t=2296300 grDrawVertexArray #721514 00000006 00000006 004AAD44
1220 t=2296300 grDrawVertexArray #721515 00000006 00000006 004AAD44
1221 t=2296300 grDrawVertexArray #721516 00000006 00000006 004AAD44
1222 t=2296300 grTexDownloadTable #148799 00000002 0357D7B0
1223 t=2296300 grTexSource #148799 00000000 00172000 00000003 004CAD44
1224 t=2296300 grTexCombine #148800 00000000 00000001 00000000 00000001 00000000 00000000 00000000
1225 t=2296300 grDrawVertexArray #721517 00000006 00000006 004AAD44
1226 t=2296300 grDrawVertexArray #721518 00000006 00000006 004AAD44
1227 t=2296300 grTexDownloadTable #148800 00000002 035A8BD8
1228 t=2296300 grTexSource #148800 00000000 0019E000 00000003 004CAE34
1229 t=2296300 grTexCombine #148801 00000000 00000001 00000000 00000001 00000000 00000000 00000000
1230 t=2296300 grDrawTriangle #188858 004C95C0 004C95A0 004C9580
1231 t=2296300 grDrawTriangle #188859 004C95C0 004C95A0 004C9580
1232 t=2296300 grDrawTriangle #188860 004C95C0 004C95A0 004C9580
1233 t=2296300 grDrawTriangle #188861 004C95C0 004C95A0 004C9580
1234 t=2296300 grDrawTriangle #188862 004C95C0 004C95A0 004C9580
1235 t=2296300 grDrawTriangle #188863 004C95C0 004C95A0 004C9580
1236 t=2296300 grDrawTriangle #188864 004C95C0 004C95A0 004C9580
1237 t=2296300 grDrawTriangle #188865 004C95C0 004C95A0 004C9580
1238 t=2296300 grDrawTriangle #188866 004C95C0 004C95A0 004C9580
1239 t=2296305 grDrawTriangle #188867 004C95C0 004C95A0 004C9580
1240 t=2296305 grDrawTriangle #188868 004C95C0 004C95A0 004C9580
1241 t=2296305 grDrawTriangle #188869 004C95C0 004C95A0 004C9580
1242 t=2296305 grTexDownloadTable #148801 00000002 0357D7B0
1243 t=2296305 grTexSource #148801 00000000 00172000 00000003 004CAD44
1244 t=2296305 grTexCombine #148802 00000000 00000001 00000000 00000001 00000000 00000000 00000000
1245 t=2296305 grDrawVertexArray #721519 00000006 00000006 004AAD44
1246 t=2296305 grTexDownloadTable #148802 00000002 035A8BD8
1247 t=2296305 grTexSource #148802 00000000 0019E000 00000003 004CAE34
1248 t=2296305 grTexCombine #148803 00000000 00000001 00000000 00000001 00000000 00000000 00000000
1249 t=2296305 grDrawVertexArray #721520 00000006 00000006 004AAD44
1250 t=2296305 grDrawVertexArray #721521 00000006 00000006 004AAD44
1251 t=2296305 grDrawVertexArray #721522 00000006 00000006 004AAD44
1252 t=2296305 grDrawVertexArray #721523 00000006 00000006 004AAD44
1253 t=2296305 grDrawVertexArray #721524 00000006 00000006 004AAD44
1254 t=2296305 grDrawTriangle #188870 004C95C0 004C95A0 004C9580
1255 t=2296305 grDrawTriangle #188871 004C95C0 004C95A0 004C9580
1256 t=2296305 grDrawTriangle #188872 004C95C0 004C95A0 004C9580
1257 t=2296305 grDrawTriangle #188873 004C95C0 004C95A0 004C9580
1258 t=2296305 grDrawTriangle #188874 004C95C0 004C95A0 004C9580
1259 t=2296305 grDrawTriangle #188875 004C95C0 004C95A0 004C9580
1260 t=2296305 grDrawTriangle #188876 004C95C0 004C95A0 004C9580
1261 t=2296305 grDrawTriangle #188877 004C95C0 004C95A0 004C9580
1262 t=2296305 grDrawTriangle #188878 004C95C0 004C95A0 004C9580
1263 t=2296305 grDrawTriangle #188879 004C95C0 004C95A0 004C9580
1264 t=2296305 grDrawTriangle #188880 004C95C0 004C95A0 004C9580
1265 t=2296305 grDrawTriangle #188881 004C95C0 004C95A0 004C9580
1266 t=2296305 grTexDownloadTable #148803 00000002 0357D7B0
1267 t=2296305 grTexSource #148803 00000000 00172000 00000003 004CAD44
1268 t=2296305 grTexCombine #148804 00000000 00000001 00000000 00000001 00000000 00000000 00000000
1269 t=2296305 grDrawVertexArray #721525 00000006 00000006 004AAD44
1270 t=2296305 grDrawVertexArray #721526 00000006 00000006 004AAD44
1271 t=2296305 grTexDownloadTable #148804 00000002 035A8BD8
1272 t=2296305 grTexSource #148804 00000000 0019E000 00000003 004CAE34
1273 t=2296310 grTexCombine #148805 00000000 00000001 00000000 00000001 00000000 00000000 00000000
1274 t=2296310 grDrawVertexArray #721527 00000006 00000006 004AAD44
1275 t=2296310 grDrawVertexArray #721528 00000006 00000006 004AAD44
1276 t=2296310 grDrawVertexArray #721529 00000006 00000006 004AAD44
1277 t=2296310 grDrawVertexArray #721530 00000006 00000006 004AAD44
1278 t=2296310 grDrawTriangle #188882 004C95C0 004C95A0 004C9580
1279 t=2296310 grDrawTriangle #188883 004C95C0 004C95A0 004C9580
1280 t=2296310 grDrawTriangle #188884 004C95C0 004C95A0 004C9580
1281 t=2296310 grDrawTriangle #188885 004C95C0 004C95A0 004C9580
1282 t=2296310 grDrawTriangle #188886 004C95C0 004C95A0 004C9580
1283 t=2296310 grDrawTriangle #188887 004C95C0 004C95A0 004C9580
1284 t=2296310 grDrawTriangle #188888 004C95C0 004C95A0 004C9580
1285 t=2296310 grDrawTriangle #188889 004C95C0 004C95A0 004C9580
1286 t=2296310 grDrawTriangle #188890 004C95C0 004C95A0 004C9580
1287 t=2296310 grDrawTriangle #188891 004C95C0 004C95A0 004C9580
1288 t=2296310 grDrawTriangle #188892 004C95C0 004C95A0 004C9580
1289 t=2296310 grDrawTriangle #188893 004C95C0 004C95A0 004C9580
1290 t=2296310 grDrawVertexArray #721531 00000006 00000006 004AAD44
1291 t=2296310 grTexDownloadTable #148805 00000002 0357D7B0
1292 t=2296310 grTexSource #148805 00000000 00172000 00000003 004CAD44
1293 t=2296310 grTexCombine #148806 00000000 00000001 00000000 00000001 00000000 00000000 00000000
1294 t=2296310 grDrawVertexArray #721532 00000006 00000006 004AAD44
1295 t=2296310 grDrawVertexArray #721533 00000006 00000006 004AAD44
1296 t=2296310 grTexDownloadTable #148806 00000002 035A8BD8
1297 t=2296310 grTexSource #148806 00000000 0019E000 00000003 004CAE34
1298 t=2296310 grTexCombine #148807 00000000 00000001 00000000 00000001 00000000 00000000 00000000
1299 t=2296310 grDrawVertexArray #721534 00000006 00000006 004AAD44
1300 t=2296310 grDrawVertexArray #721535 00000006 00000006 004AAD44
1301 t=2296310 grDrawVertexArray #721536 00000006 00000006 004AAD44
1302 t=2296310 grDrawTriangle #188894 004C95C0 004C95A0 004C9580
1303 t=2296310 grDrawTriangle #188895 004C95C0 004C95A0 004C9580
1304 t=2296310 grDrawTriangle #188896 004C95C0 004C95A0 004C9580
1305 t=2296310 grDrawTriangle #188897 004C95C0 004C95A0 004C9580
1306 t=2296315 grDrawTriangle #188898 004C95C0 004C95A0 004C9580
1307 t=2296315 grDrawTriangle #188899 004C95C0 004C95A0 004C9580
1308 t=2296315 grDrawTriangle #188900 004C95C0 004C95A0 004C9580
1309 t=2296315 grDrawTriangle #188901 004C95C0 004C95A0 004C9580
1310 t=2296316 grDrawTriangle #188902 004C95C0 004C95A0 004C9580
1311 t=2296316 grDrawTriangle #188903 004C95C0 004C95A0 004C9580
1312 t=2296316 grDrawTriangle #188904 004C95C0 004C95A0 004C9580
1313 t=2296316 grDrawTriangle #188905 004C95C0 004C95A0 004C9580
1314 t=2296316 grDrawVertexArray #721537 00000006 00000006 004AAD44
1315 t=2296316 grTexDownloadTable #148807 00000002 035A67D0
1316 t=2296316 grTexSource #148807 00000000 00196000 00000003 004CAE04
1317 t=2296316 grTexCombine #148808 00000000 00000001 00000000 00000001 00000000 00000000 00000000
1318 t=2296316 grDrawVertexArray #721538 00000006 00000006 004AAD44
1319 t=2296316 grDrawVertexArray #721539 00000006 00000006 004AAD44
1320 t=2296316 grDrawVertexArray #721540 00000006 00000006 004AAD44
1321 t=2296316 grDrawTriangle #188906 004C95C0 004C95A0 004C9580
1322 t=2296316 grDrawVertexArray #721541 00000006 00000006 004AAD44
1323 t=2296316 grDrawVertexArray #721542 00000006 00000006 004AAD44
1324 t=2296316 grDrawVertexArray #721543 00000006 00000006 004AAD44
1325 t=2296316 grDrawVertexArray #721544 00000006 00000006 004AAD44
1326 t=2296316 grDrawTriangle #188907 004C95C0 004C95A0 004C9580
1327 t=2296316 grTexDownloadTable #148808 00000002 0357D7B0
1328 t=2296316 grTexSource #148808 00000000 00172000 00000003 004CAD44
1329 t=2296316 grTexCombine #148809 00000000 00000001 00000000 00000001 00000000 00000000 00000000
1330 t=2296316 grDrawVertexArray #721545 00000006 00000006 004AAD44
1331 t=2296316 grTexDownloadTable #148809 00000002 035A67D0
1332 t=2296316 grTexSource #148809 00000000 00196000 00000003 004CAE04
1333 t=2296316 grTexCombine #148810 00000000 00000001 00000000 00000001 00000000 00000000 00000000
1334 t=2296316 grDrawVertexArray #721546 00000006 00000006 004AAD44
1335 t=2296316 grDrawVertexArray #721547 00000006 00000006 004AAD44
1336 t=2296316 grDrawVertexArray #721548 00000006 00000006 004AAD44
1337 t=2296316 grDrawVertexArray #721549 00000006 00000006 004AAD44
1338 t=2296316 grDrawVertexArray #721550 00000006 00000006 004AAD44
1339 t=2296320 grDrawVertexArray #721551 00000006 00000006 004AAD44
1340 t=2296320 grDrawTriangle #188908 004C95C0 004C95A0 004C9580
1341 t=2296320 grTexDownloadTable #148810 00000002 0357D7B0
1342 t=2296320 grTexSource #148810 00000000 00172000 00000003 004CAD44
1343 t=2296320 grTexCombine #148811 00000000 00000001 00000000 00000001 00000000 00000000 00000000
1344 t=2296320 grDrawVertexArray #721552 00000006 00000006 004AAD44
1345 t=2296320 grTexDownloadTable #148811 00000002 035A67D0
1346 t=2296320 grTexSource #148811 00000000 00196000 00000003 004CAE04
1347 t=2296320 grTexCombine #148812 00000000 00000001 00000000 00000001 00000000 00000000 00000000
1348 t=2296320 grDrawVertexArray #721553 00000006 00000006 004AAD44
1349 t=2296320 grTexDownloadTable #148812 00000002 035A8BD8
1350 t=2296320 grTexSource #148812 00000000 0019E000 00000003 004CAE34
1351 t=2296320 grTexCombine #148813 00000000 00000001 00000000 00000001 00000000 00000000 00000000
1352 t=2296320 grDrawVertexArray #721554 00000006 00000006 004AAD44
1353 t=2296320 grTexDownloadTable #148813 00000002 0357D7B0
1354 t=2296320 grTexSource #148813 00000000 00172000 00000003 004CAD44
1355 t=2296320 grTexCombine #148814 00000000 00000001 00000000 00000001 00000000 00000000 00000000
1356 t=2296320 grDrawVertexArray #721555 00000006 00000006 004AAD44
1357 t=2296320 grDrawVertexArray #721556 00000006 00000006 004AAD44
1358 t=2296320 grTexDownloadTable #148814 00000002 035A8BD8
1359 t=2296320 grTexSource #148814 00000000 0019E000 00000003 004CAE34
1360 t=2296320 grTexCombine #148815 00000000 00000001 00000000 00000001 00000000 00000000 00000000
1361 t=2296320 grDrawVertexArray #721557 00000006 00000006 004AAD44
1362 t=2296320 grDrawVertexArray #721558 00000006 00000006 004AAD44
1363 t=2296320 grDrawTriangle #188909 004C95C0 004C95A0 004C9580
1364 t=2296320 grDrawTriangle #188910 004C95C0 004C95A0 004C9580
1365 t=2296320 grDrawTriangle #188911 004C95C0 004C95A0 004C9580
1366 t=2296320 grDrawTriangle #188912 004C95C0 004C95A0 004C9580
1367 t=2296320 grDrawTriangle #188913 004C95C0 004C95A0 004C9580
1368 t=2296320 grDrawTriangle #188914 004C95C0 004C95A0 004C9580
1369 t=2296320 grDrawTriangle #188915 004C95C0 004C95A0 004C9580
1370 t=2296320 grDrawTriangle #188916 004C95C0 004C95A0 004C9580
1371 t=2296320 grDrawTriangle #188917 004C95C0 004C95A0 004C9580
1372 t=2296325 grDrawTriangle #188918 004C95C0 004C95A0 004C9580
1373 t=2296325 grDrawTriangle #188919 004C95C0 004C95A0 004C9580
1374 t=2296325 grDrawTriangle #188920 004C95C0 004C95A0 004C9580
1375 t=2296325 grTexDownloadTable #148815 00000002 0357D7B0
1376 t=2296325 grTexSource #148815 00000000 00172000 00000003 004CAD44
1377 t=2296325 grTexCombine #148816 00000000 00000001 00000000 00000001 00000000 00000000 00000000
1378 t=2296325 grDrawVertexArray #721559 00000006 00000006 004AAD44
1379 t=2296325 grTexDownloadTable #148816 00000002 035A8BD8
1380 t=2296325 grTexSource #148816 00000000 0019E000 00000003 004CAE34
1381 t=2296325 grTexCombine #148817 00000000 00000001 00000000 00000001 00000000 00000000 00000000
1382 t=2296325 grDrawVertexArray #721560 00000006 00000006 004AAD44
1383 t=2296325 grDrawVertexArray #721561 00000006 00000006 004AAD44
1384 t=2296325 grDrawVertexArray #721562 00000006 00000006 004AAD44
1385 t=2296325 grDrawVertexArray #721563 00000006 00000006 004AAD44
1386 t=2296325 grTexDownloadTable #148817 00000002 0357D7B0
1387 t=2296325 grTexSource #148817 00000000 00172000 00000003 004CAD44
1388 t=2296325 grTexCombine #148818 00000000 00000001 00000000 00000001 00000000 00000000 00000000
1389 t=2296325 grDrawVertexArray #721564 00000006 00000006 004AAD44
1390 t=2296325 grTexDownloadTable #148818 00000002 035A8BD8
1391 t=2296325 grTexSource #148818 00000000 0019E000 00000003 004CAE34
1392 t=2296325 grTexCombine #148819 00000000 00000001 00000000 00000001 00000000 00000000 00000000
1393 t=2296325 grDrawTriangle #188921 004C95C0 004C95A0 004C9580
1394 t=2296325 grDrawTriangle #188922 004C95C0 004C95A0 004C9580
1395 t=2296325 grDrawTriangle #188923 004C95C0 004C95A0 004C9580
1396 t=2296325 grDrawTriangle #188924 004C95C0 004C95A0 004C9580
1397 t=2296325 grDrawTriangle #188925 004C95C0 004C95A0 004C9580
1398 t=2296325 grDrawTriangle #188926 004C95C0 004C95A0 004C9580
1399 t=2296325 grDrawTriangle #188927 004C95C0 004C95A0 004C9580
1400 t=2296325 grDrawTriangle #188928 004C95C0 004C95A0 004C9580
1401 t=2296325 grDrawTriangle #188929 004C95C0 004C95A0 004C9580
1402 t=2296325 grDrawTriangle #188930 004C95C0 004C95A0 004C9580
1403 t=2296325 grDrawTriangle #188931 004C95C0 004C95A0 004C9580
1404 t=2296325 grDrawTriangle #188932 004C95C0 004C95A0 004C9580
1405 t=2296330 grTexDownloadTable #148819 00000002 0357D7B0
1406 t=2296330 grTexSource #148819 00000000 00172000 00000003 004CAD44
1407 t=2296330 grTexCombine #148820 00000000 00000001 00000000 00000001 00000000 00000000 00000000
1408 t=2296330 grDrawVertexArray #721565 00000006 00000006 004AAD44
1409 t=2296330 grTexDownloadTable #148820 00000002 035A8BD8
1410 t=2296330 grTexSource #148820 00000000 0019E000 00000003 004CAE34
1411 t=2296330 grTexCombine #148821 00000000 00000001 00000000 00000001 00000000 00000000 00000000
1412 t=2296330 grDrawVertexArray #721566 00000006 00000006 004AAD44
1413 t=2296330 grDrawVertexArray #721567 00000006 00000006 004AAD44
1414 t=2296330 grDrawVertexArray #721568 00000006 00000006 004AAD44
1415 t=2296330 grTexDownloadTable #148821 00000002 0357D7B0
1416 t=2296330 grTexSource #148821 00000000 00172000 00000003 004CAD44
1417 t=2296330 grTexCombine #148822 00000000 00000001 00000000 00000001 00000000 00000000 00000000
1418 t=2296330 grDrawVertexArray #721569 00000006 00000006 004AAD44
1419 t=2296330 grDrawVertexArray #721570 00000006 00000006 004AAD44
1420 t=2296330 grTexDownloadTable #148822 00000002 035A8BD8
1421 t=2296330 grTexSource #148822 00000000 0019E000 00000003 004CAE34
1422 t=2296330 grTexCombine #148823 00000000 00000001 00000000 00000001 00000000 00000000 00000000
1423 t=2296330 grDrawTriangle #188933 004C95C0 004C95A0 004C9580
1424 t=2296330 grDrawTriangle #188934 004C95C0 004C95A0 004C9580
1425 t=2296330 grDrawTriangle #188935 004C95C0 004C95A0 004C9580
1426 t=2296330 grDrawTriangle #188936 004C95C0 004C95A0 004C9580
1427 t=2296330 grDrawTriangle #188937 004C95C0 004C95A0 004C9580
1428 t=2296330 grDrawTriangle #188938 004C95C0 004C95A0 004C9580
1429 t=2296330 grDrawTriangle #188939 004C95C0 004C95A0 004C9580
1430 t=2296330 grDrawTriangle #188940 004C95C0 004C95A0 004C9580
1431 t=2296330 grDrawTriangle #188941 004C95C0 004C95A0 004C9580
1432 t=2296330 grDrawTriangle #188942 004C95C0 004C95A0 004C9580
1433 t=2296330 grDrawTriangle #188943 004C95C0 004C95A0 004C9580
1434 t=2296330 grDrawTriangle #188944 004C95C0 004C95A0 004C9580
1435 t=2296330 grTexDownloadTable #148823 00000002 0357D7B0
1436 t=2296330 grTexSource #148823 00000000 00172000 00000003 004CAD44
1437 t=2296330 grTexCombine #148824 00000000 00000001 00000000 00000001 00000000 00000000 00000000
1438 t=2296330 grDrawVertexArray #721571 00000006 00000006 004AAD44
1439 t=2296335 grTexDownloadTable #148824 00000002 035A8BD8
1440 t=2296335 grTexSource #148824 00000000 0019E000 00000003 004CAE34
1441 t=2296335 grTexCombine #148825 00000000 00000001 00000000 00000001 00000000 00000000 00000000
1442 t=2296335 grDrawVertexArray #721572 00000006 00000006 004AAD44
1443 t=2296335 grDrawVertexArray #721573 00000006 00000006 004AAD44
1444 t=2296335 grDrawVertexArray #721574 00000006 00000006 004AAD44
1445 t=2296335 grDrawVertexArray #721575 00000006 00000006 004AAD44
1446 t=2296335 grTexDownloadTable #148825 00000002 0357D7B0
1447 t=2296335 grTexSource #148825 00000000 00172000 00000003 004CAD44
1448 t=2296335 grTexCombine #148826 00000000 00000001 00000000 00000001 00000000 00000000 00000000
1449 t=2296335 grDrawVertexArray #721576 00000006 00000006 004AAD44
1450 t=2296335 grTexDownloadTable #148826 00000002 035A8BD8
1451 t=2296335 grTexSource #148826 00000000 0019E000 00000003 004CAE34
1452 t=2296335 grTexCombine #148827 00000000 00000001 00000000 00000001 00000000 00000000 00000000
1453 t=2296335 grDrawTriangle #188945 004C95C0 004C95A0 004C9580
1454 t=2296335 grDrawTriangle #188946 004C95C0 004C95A0 004C9580
1455 t=2296335 grDrawTriangle #188947 004C95C0 004C95A0 004C9580
1456 t=2296335 grDrawTriangle #188948 004C95C0 004C95A0 004C9580
1457 t=2296335 grDrawTriangle #188949 004C95C0 004C95A0 004C9580
1458 t=2296335 grDrawTriangle #188950 004C95C0 004C95A0 004C9580
1459 t=2296335 grDrawTriangle #188951 004C95C0 004C95A0 004C9580
1460 t=2296335 grDrawTriangle #188952 004C95C0 004C95A0 004C9580
1461 t=2296335 grDrawTriangle #188953 004C95C0 004C95A0 004C9580
1462 t=2296335 grDrawTriangle #188954 004C95C0 004C95A0 004C9580
1463 t=2296335 grDrawTriangle #188955 004C95C0 004C95A0 004C9580
1464 t=2296335 grDrawTriangle #188956 004C95C0 004C95A0 004C9580
1465 t=2296335 grTexDownloadTable #148827 00000002 0357D7B0
1466 t=2296335 grTexSource #148827 00000000 00172000 00000003 004CAD44
1467 t=2296335 grTexCombine #148828 00000000 00000001 00000000 00000001 00000000 00000000 00000000
1468 t=2296335 grDrawVertexArray #721577 00000006 00000006 004AAD44
1469 t=2296335 grTexDownloadTable #148828 00000002 035A8BD8
1470 t=2296335 grTexSource #148828 00000000 0019E000 00000003 004CAE34
1471 t=2296335 grTexCombine #148829 00000000 00000001 00000000 00000001 00000000 00000000 00000000
1472 t=2296340 grDrawVertexArray #721578 00000006 00000006 004AAD44
1473 t=2296340 grDrawVertexArray #721579 00000006 00000006 004AAD44
1474 t=2296340 grDrawVertexArray #721580 00000006 00000006 004AAD44
1475 t=2296340 grTexDownloadTable #148829 00000002 0357D7B0
1476 t=2296340 grTexSource #148829 00000000 00172000 00000003 004CAD44
1477 t=2296340 grTexCombine #148830 00000000 00000001 00000000 00000001 00000000 00000000 00000000
1478 t=2296340 grDrawVertexArray #721581 00000006 00000006 004AAD44
1479 t=2296340 grTexDownloadTable #148830 00000002 035A8BD8
1480 t=2296340 grTexSource #148830 00000000 0019E000 00000003 004CAE34
1481 t=2296340 grTexCombine #148831 00000000 00000001 00000000 00000001 00000000 00000000 00000000
1482 t=2296340 grDrawTriangle #188957 004C95C0 004C95A0 004C9580
1483 t=2296340 grDrawTriangle #188958 004C95C0 004C95A0 004C9580
1484 t=2296340 grDrawTriangle #188959 004C95C0 004C95A0 004C9580
1485 t=2296340 grDrawTriangle #188960 004C95C0 004C95A0 004C9580
1486 t=2296340 grDrawTriangle #188961 004C95C0 004C95A0 004C9580
1487 t=2296340 grDrawTriangle #188962 004C95C0 004C95A0 004C9580
1488 t=2296340 grDrawTriangle #188963 004C95C0 004C95A0 004C9580
1489 t=2296340 grDrawTriangle #188964 004C95C0 004C95A0 004C9580
1490 t=2296340 grDrawTriangle #188965 004C95C0 004C95A0 004C9580
1491 t=2296340 grDrawTriangle #188966 004C95C0 004C95A0 004C9580
1492 t=2296340 grDrawTriangle #188967 004C95C0 004C95A0 004C9580
1493 t=2296340 grDrawTriangle #188968 004C95C0 004C95A0 004C9580
1494 t=2296340 grDrawVertexArray #721582 00000006 00000006 004AAD44
1495 t=2296340 grTexDownloadTable #148831 00000002 0357D7B0
1496 t=2296340 grTexSource #148831 00000000 00172000 00000003 004CAD44
1497 t=2296340 grTexCombine #148832 00000000 00000001 00000000 00000001 00000000 00000000 00000000
1498 t=2296340 grDrawVertexArray #721583 00000006 00000006 004AAD44
1499 t=2296340 grDrawVertexArray #721584 00000006 00000006 004AAD44
1500 t=2296340 grTexDownloadTable #148832 00000002 035A8BD8
1501 t=2296340 grTexSource #148832 00000000 0019E000 00000003 004CAE34
1502 t=2296340 grTexCombine #148833 00000000 00000001 00000000 00000001 00000000 00000000 00000000
1503 t=2296340 grDrawVertexArray #721585 00000006 00000006 004AAD44
1504 t=2296340 grDrawVertexArray #721586 00000006 00000006 004AAD44
1505 t=2296345 grDrawVertexArray #721587 00000006 00000006 004AAD44
1506 t=2296345 grDrawTriangle #188969 004C95C0 004C95A0 004C9580
1507 t=2296345 grDrawTriangle #188970 004C95C0 004C95A0 004C9580
1508 t=2296345 grDrawTriangle #188971 004C95C0 004C95A0 004C9580
1509 t=2296345 grDrawTriangle #188972 004C95C0 004C95A0 004C9580
1510 t=2296345 grDrawTriangle #188973 004C95C0 004C95A0 004C9580
1511 t=2296345 grDrawTriangle #188974 004C95C0 004C95A0 004C9580
1512 t=2296345 grDrawTriangle #188975 004C95C0 004C95A0 004C9580
1513 t=2296345 grDrawTriangle #188976 004C95C0 004C95A0 004C9580
1514 t=2296345 grDrawTriangle #188977 004C95C0 004C95A0 004C9580
1515 t=2296345 grDrawTriangle #188978 004C95C0 004C95A0 004C9580
1516 t=2296345 grDrawTriangle #188979 004C95C0 004C95A0 004C9580
1517 t=2296345 grDrawTriangle #188980 004C95C0 004C95A0 004C9580
1518 t=2296345 grTexDownloadTable #148833 00000002 0357D7B0
1519 t=2296345 grTexSource #148833 00000000 00172000 00000003 004CAD44
1520 t=2296345 grTexCombine #148834 00000000 00000001 00000000 00000001 00000000 00000000 00000000
1521 t=2296345 grDrawVertexArray #721588 00000006 00000006 004AAD44
1522 t=2296345 grTexDownloadTable #148834 00000002 035A8BD8
1523 t=2296345 grTexSource #148834 00000000 0019E000 00000003 004CAE34
1524 t=2296345 grTexCombine #148835 00000000 00000001 00000000 00000001 00000000 00000000 00000000
1525 t=2296345 grDrawVertexArray #721589 00000006 00000006 004AAD44
1526 t=2296345 grDrawVertexArray #721590 00000006 00000006 004AAD44
1527 t=2296345 grDrawVertexArray #721591 00000006 00000006 004AAD44
1528 t=2296345 grTexDownloadTable #148835 00000002 0357D7B0
1529 t=2296345 grTexSource #148835 00000000 00172000 00000003 004CAD44
1530 t=2296345 grTexCombine #148836 00000000 00000001 00000000 00000001 00000000 00000000 00000000
1531 t=2296345 grDrawVertexArray #721592 00000006 00000006 004AAD44
1532 t=2296345 grDrawVertexArray #721593 00000006 00000006 004AAD44
1533 t=2296345 grTexDownloadTable #148836 00000002 035A8BD8
1534 t=2296345 grTexSource #148836 00000000 0019E000 00000003 004CAE34
1535 t=2296345 grTexCombine #148837 00000000 00000001 00000000 00000001 00000000 00000000 00000000
1536 t=2296345 grDrawTriangle #188981 004C95C0 004C95A0 004C9580
1537 t=2296345 grDrawTriangle #188982 004C95C0 004C95A0 004C9580
1538 t=2296350 grDrawTriangle #188983 004C95C0 004C95A0 004C9580
1539 t=2296350 grDrawTriangle #188984 004C95C0 004C95A0 004C9580
1540 t=2296350 grDrawTriangle #188985 004C95C0 004C95A0 004C9580
1541 t=2296350 grDrawTriangle #188986 004C95C0 004C95A0 004C9580
1542 t=2296350 grDrawTriangle #188987 004C95C0 004C95A0 004C9580
1543 t=2296350 grDrawTriangle #188988 004C95C0 004C95A0 004C9580
1544 t=2296350 grDrawTriangle #188989 004C95C0 004C95A0 004C9580
1545 t=2296350 grDrawTriangle #188990 004C95C0 004C95A0 004C9580
1546 t=2296350 grDrawTriangle #188991 004C95C0 004C95A0 004C9580
1547 t=2296350 grDrawTriangle #188992 004C95C0 004C95A0 004C9580
1548 t=2296350 grTexDownloadTable #148837 00000002 0357D7B0
1549 t=2296350 grTexSource #148837 00000000 00172000 00000003 004CAD44
1550 t=2296350 grTexCombine #148838 00000000 00000001 00000000 00000001 00000000 00000000 00000000
1551 t=2296350 grDrawVertexArray #721594 00000006 00000006 004AAD44
1552 t=2296350 grTexDownloadTable #148838 00000002 035A8BD8
1553 t=2296350 grTexSource #148838 00000000 0019E000 00000003 004CAE34
1554 t=2296350 grTexCombine #148839 00000000 00000001 00000000 00000001 00000000 00000000 00000000
1555 t=2296350 grDrawVertexArray #721595 00000006 00000006 004AAD44
1556 t=2296350 grDrawVertexArray #721596 00000006 00000006 004AAD44
1557 t=2296350 grDrawVertexArray #721597 00000006 00000006 004AAD44
1558 t=2296350 grDrawVertexArray #721598 00000006 00000006 004AAD44
1559 t=2296350 grTexDownloadTable #148839 00000002 0357D7B0
1560 t=2296350 grTexSource #148839 00000000 00172000 00000003 004CAD44
1561 t=2296350 grTexCombine #148840 00000000 00000001 00000000 00000001 00000000 00000000 00000000
1562 t=2296350 grDrawVertexArray #721599 00000006 00000006 004AAD44
1563 t=2296350 grTexDownloadTable #148840 00000002 035A8BD8
1564 t=2296350 grTexSource #148840 00000000 0019E000 00000003 004CAE34
1565 t=2296350 grTexCombine #148841 00000000 00000001 00000000 00000001 00000000 00000000 00000000
1566 t=2296350 grDrawTriangle #188993 004C95C0 004C95A0 004C9580
1567 t=2296350 grDrawTriangle #188994 004C95C0 004C95A0 004C9580
1568 t=2296350 grDrawTriangle #188995 004C95C0 004C95A0 004C9580
1569 t=2296350 grDrawTriangle #188996 004C95C0 004C95A0 004C9580
1570 t=2296350 grDrawTriangle #188997 004C95C0 004C95A0 004C9580
1571 t=2296355 grDrawTriangle #188998 004C95C0 004C95A0 004C9580
1572 t=2296355 grDrawTriangle #188999 004C95C0 004C95A0 004C9580
1573 t=2296356 grDrawTriangle #189000 004C95C0 004C95A0 004C9580
1574 t=2296356 grDrawTriangle #189001 004C95C0 004C95A0 004C9580
1575 t=2296356 grDrawTriangle #189002 004C95C0 004C95A0 004C9580
1576 t=2296356 grDrawTriangle #189003 004C95C0 004C95A0 004C9580
1577 t=2296356 grDrawTriangle #189004 004C95C0 004C95A0 004C9580
1578 t=2296356 grTexDownloadTable #148841 00000002 0358DBB8
1579 t=2296356 grTexSource #148841 00000000 00176000 00000003 004CAD74
1580 t=2296356 grTexCombine #148842 00000000 00000001 00000000 00000001 00000000 00000000 00000000
1581 t=2296356 grDrawVertexArray #721600 00000006 00000006 004AAD44
1582 t=2296356 grDrawVertexArray #721601 00000006 00000006 004AAD44
1583 t=2296356 grDrawTriangle #189005 004C95C0 004C95A0 004C9580
1584 t=2296356 grDrawVertexArray #721602 00000006 00000006 004AAD44
1585 t=2296356 grDrawVertexArray #721603 00000006 00000006 004AAD44
1586 t=2296356 grDrawVertexArray #721604 00000006 00000006 004AAD44
1587 t=2296356 grDrawVertexArray #721605 00000006 00000006 004AAD44
1588 t=2296356 grDrawVertexArray #721606 00000006 00000006 004AAD44
1589 t=2296356 grDrawVertexArray #721607 00000006 00000006 004AAD44
1590 t=2296356 grDrawTriangle #189006 004C95C0 004C95A0 004C9580
1591 t=2296356 grDrawVertexArray #721608 00000006 00000006 004AAD44
1592 t=2296356 grDrawVertexArray #721609 00000006 00000006 004AAD44
1593 t=2296356 grDrawVertexArray #721610 00000006 00000006 004AAD44
1594 t=2296356 grTexDownloadTable #148842 00000002 03595FC0
1595 t=2296356 grTexSource #148842 00000000 00186000 00000003 004CADA4
1596 t=2296356 grTexCombine #148843 00000000 00000001 00000000 00000001 00000000 00000000 00000000
1597 t=2296356 grDrawVertexArray #721611 00000006 00000006 004AAD44
1598 t=2296356 grTexDownloadTable #148843 00000002 0358DBB8
1599 t=2296356 grTexSource #148843 00000000 00176000 00000003 004CAD74
1600 t=2296356 grTexCombine #148844 00000000 00000001 00000000 00000001 00000000 00000000 00000000
1601 t=2296356 grDrawVertexArray #721612 00000006 00000006 004AAD44
1602 t=2296356 grTexDownloadTable #148844 00000002 03595FC0
1603 t=2296356 grTexSource #148844 00000000 00186000 00000003 004CADA4
1604 t=2296360 grTexCombine #148845 00000000 00000001 00000000 00000001 00000000 00000000 00000000
1605 t=2296360 grDrawVertexArray #721613 00000006 00000006 004AAD44
1606 t=2296360 grTexDownloadTable #148845 00000002 0358DBB8
1607 t=2296360 grTexSource #148845 00000000 00176000 00000003 004CAD74
1608 t=2296360 grTexCombine #148846 00000000 00000001 00000000 00000001 00000000 00000000 00000000
1609 t=2296360 grDrawTriangle #189007 004C95C0 004C95A0 004C9580
1610 t=2296360 grTexDownloadTable #148846 00000002 03595FC0
1611 t=2296360 grTexSource #148846 00000000 00186000 00000003 004CADA4
1612 t=2296360 grTexCombine #148847 00000000 00000001 00000000 00000001 00000000 00000000 00000000
1613 t=2296360 grDrawVertexArray #721614 00000006 00000006 004AAD44
1614 t=2296360 grTexDownloadTable #148847 00000002 0358DBB8
1615 t=2296360 grTexSource #148847 00000000 00176000 00000003 004CAD74
1616 t=2296360 grTexCombine #148848 00000000 00000001 00000000 00000001 00000000 00000000 00000000
1617 t=2296360 grDrawVertexArray #721615 00000006 00000006 004AAD44
1618 t=2296360 grTexDownloadTable #148848 00000002 035A67D0
1619 t=2296360 grTexSource #148848 00000000 00196000 00000003 004CAE04
1620 t=2296360 grTexCombine #148849 00000000 00000001 00000000 00000001 00000000 00000000 00000000
1621 t=2296360 grDrawVertexArray #721616 00000006 00000006 004AAD44
1622 t=2296360 grTexDownloadTable #148849 00000002 0357D7B0
1623 t=2296360 grTexSource #148849 00000000 00172000 00000003 004CAD44
1624 t=2296360 grTexCombine #148850 00000000 00000001 00000000 00000001 00000000 00000000 00000000
1625 t=2296360 grDrawVertexArray #721617 00000006 00000006 004AAD44
1626 t=2296360 grTexDownloadTable #148850 00000002 035A67D0
1627 t=2296360 grTexSource #148850 00000000 00196000 00000003 004CAE04
1628 t=2296360 grTexCombine #148851 00000000 00000001 00000000 00000001 00000000 00000000 00000000
1629 t=2296360 grDrawVertexArray #721618 00000006 00000006 004AAD44
1630 t=2296360 grTexDownloadTable #148851 00000002 0357D7B0
1631 t=2296360 grTexSource #148851 00000000 00172000 00000003 004CAD44
1632 t=2296360 grTexCombine #148852 00000000 00000001 00000000 00000001 00000000 00000000 00000000
1633 t=2296360 grDrawVertexArray #721619 00000006 00000006 004AAD44
1634 t=2296360 grTexDownloadTable #148852 00000002 0358DBB8
1635 t=2296360 grTexSource #148852 00000000 00176000 00000003 004CAD74
1636 t=2296360 grTexCombine #148853 00000000 00000001 00000000 00000001 00000000 00000000 00000000
1637 t=2296365 grDrawVertexArray #721620 00000006 00000006 004AAD44
1638 t=2296365 grDrawTriangle #189008 004C95C0 004C95A0 004C9580
1639 t=2296365 grDrawTriangle #189009 004C95C0 004C95A0 004C9580
1640 t=2296365 grDrawVertexArray #721621 00000006 00000006 004AAD44
1641 t=2296365 grDrawVertexArray #721622 00000006 00000006 004AAD44
1642 t=2296365 grDrawVertexArray #721623 00000006 00000006 004AAD44
1643 t=2296365 grDrawVertexArray #721624 00000006 00000006 004AAD44
1644 t=2296365 grDrawTriangle #189010 004C95C0 004C95A0 004C9580
1645 t=2296365 grDrawVertexArray #721625 00000006 00000006 004AAD44
1646 t=2296365 grDrawVertexArray #721626 00000006 00000006 004AAD44
1647 t=2296365 grDrawTriangle #189011 004C95C0 004C95A0 004C9580
1648 t=2296365 grDrawVertexArray #721627 00000006 00000006 004AAD44
1649 t=2296365 grDrawVertexArray #721628 00000006 00000006 004AAD44
1650 t=2296365 grDrawVertexArray #721629 00000006 00000006 004AAD44
1651 t=2296365 grDrawVertexArray #721630 00000006 00000006 004AAD44
1652 t=2296365 grDrawVertexArray #721631 00000006 00000006 004AAD44
1653 t=2296365 grDrawVertexArray #721632 00000006 00000006 004AAD44
1654 t=2296365 grDrawVertexArray #721633 00000006 00000006 004AAD44
1655 t=2296365 grDrawVertexArray #721634 00000006 00000006 004AAD44
1656 t=2296365 grDrawVertexArray #721635 00000006 00000006 004AAD44
1657 t=2296365 grDrawVertexArray #721636 00000006 00000006 004AAD44
1658 t=2296365 grDrawVertexArray #721637 00000006 00000006 004AAD44
1659 t=2296365 grDrawVertexArray #721638 00000006 00000006 004AAD44
1660 t=2296365 grDrawVertexArray #721639 00000006 00000006 004AAD44
1661 t=2296365 grDrawVertexArray #721640 00000006 00000006 004AAD44
1662 t=2296365 grDrawVertexArray #721641 00000006 00000006 004AAD44
1663 t=2296365 grDrawVertexArray #721642 00000006 00000006 004AAD44
1664 t=2296365 grDrawVertexArray #721643 00000006 00000006 004AAD44
1665 t=2296365 grDrawVertexArray #721644 00000006 00000006 004AAD44
1666 t=2296365 grDrawVertexArray #721645 00000006 00000006 004AAD44
1667 t=2296365 grTexDownloadTable #148853 00000002 03391060
1668 t=2296365 grTexSource #148853 00000000 00060000 00000003 004CA954
1669 t=2296365 grTexCombine #148854 00000000 00000001 00000000 00000001 00000000 00000000 00000000
1670 t=2296370 grTexDownloadTable #148854 00000002 0338FC4C
1671 t=2296370 grTexSource #148854 00000000 00010000 00000003 004CA864
1672 t=2296370 grTexCombine #148855 00000000 00000001 00000000 00000001 00000000 00000000 00000000
1673 t=2296370 grDrawVertexArrayContiguous #1377000 00000003 00000004 004C9580 00000020
1674 t=2296370 grDrawVertexArrayContiguous #1377001 00000003 00000003 004C9580 00000020
1675 t=2296370 grDrawVertexArrayContiguous #1377002 00000003 00000003 004C9580 00000020
1676 t=2296370 grDrawVertexArrayContiguous #1377003 00000003 00000004 004C9580 00000020
1677 t=2296370 grAlphaBlendFunction #93736 00000004 00000000 00000004 00000000
1678 t=2296370 grDepthMask #95538 00000001
1679 t=2296370 grDrawVertexArrayContiguous #1377004 00000003 00000003 004C9580 00000020
1680 t=2296370 grDrawVertexArrayContiguous #1377005 00000003 00000004 004C9580 00000020
1681 t=2296370 grAlphaBlendFunction #93737 00000004 00000000 00000004 00000000
1682 t=2296370 grDepthMask #95539 00000001
1683 t=2296370 grDrawVertexArray #721646 00000006 00000006 004AAD44
1684 t=2296370 grAlphaBlendFunction #93738 00000004 00000000 00000004 00000000
1685 t=2296370 grDepthMask #95540 00000001
1686 t=2296370 grDrawVertexArray #721647 00000006 00000006 004AAD44
1687 t=2296370 grAlphaBlendFunction #93739 00000004 00000000 00000004 00000000
1688 t=2296370 grDepthMask #95541 00000001
1689 t=2296370 grDrawVertexArray #721648 00000006 00000006 004AAD44
1690 t=2296370 grAlphaBlendFunction #93740 00000004 00000000 00000004 00000000
1691 t=2296370 grDepthMask #95542 00000001
1692 t=2296370 grDrawVertexArray #721649 00000006 00000006 004AAD44
1693 t=2296370 grAlphaBlendFunction #93741 00000004 00000000 00000004 00000000
1694 t=2296370 grDepthMask #95543 00000001
1695 t=2296370 grDrawVertexArray #721650 00000006 00000006 004AAD44
1696 t=2296370 grAlphaBlendFunction #93742 00000004 00000000 00000004 00000000
1697 t=2296370 grDepthMask #95544 00000001
1698 t=2296370 grDrawVertexArray #721651 00000006 00000006 004AAD44
1699 t=2296370 grAlphaBlendFunction #93743 00000004 00000000 00000004 00000000
1700 t=2296370 grDepthMask #95545 00000001
1701 t=2296370 grDrawVertexArrayContiguous #1377006 00000003 00000004 004C9580 00000020
1702 t=2296370 grDrawVertexArrayContiguous #1377007 00000003 00000004 004C9580 00000020
1703 t=2296375 grDrawVertexArrayContiguous #1377008 00000003 00000003 004C9580 00000020
1704 t=2296375 grDrawVertexArray #721652 00000006 00000006 004AAD44
1705 t=2296375 grAlphaBlendFunction #93744 00000004 00000000 00000004 00000000
1706 t=2296375 grDepthMask #95546 00000001
1707 t=2296375 grDrawVertexArray #721653 00000006 00000006 004AAD44
1708 t=2296375 grAlphaBlendFunction #93745 00000004 00000000 00000004 00000000
1709 t=2296375 grDepthMask #95547 00000001
1710 t=2296375 grDrawVertexArray #721654 00000006 00000006 004AAD44
1711 t=2296375 grAlphaBlendFunction #93746 00000004 00000000 00000004 00000000
1712 t=2296375 grDepthMask #95548 00000001
1713 t=2296375 grDrawVertexArray #721655 00000006 00000006 004AAD44
1714 t=2296375 grAlphaBlendFunction #93747 00000004 00000000 00000004 00000000
1715 t=2296375 grDepthMask #95549 00000001
1716 t=2296375 grDrawVertexArray #721656 00000006 00000006 004AAD44
1717 t=2296375 grAlphaBlendFunction #93748 00000004 00000000 00000004 00000000
1718 t=2296375 grDepthMask #95550 00000001
1719 t=2296375 grDrawVertexArray #721657 00000006 00000006 004AAD44
1720 t=2296375 grAlphaBlendFunction #93749 00000004 00000000 00000004 00000000
1721 t=2296375 grDepthMask #95551 00000001
1722 t=2296375 grDrawVertexArray #721658 00000006 00000006 004AAD44
1723 t=2296375 grAlphaBlendFunction #93750 00000004 00000000 00000004 00000000
1724 t=2296375 grDepthMask #95552 00000001
1725 t=2296375 grDrawVertexArray #721659 00000006 00000006 004AAD44
1726 t=2296375 grAlphaBlendFunction #93751 00000004 00000000 00000004 00000000
1727 t=2296375 grDepthMask #95553 00000001
1728 t=2296375 grTexDownloadTable #148855 00000002 0338F848
1729 t=2296375 grTexSource #148855 00000000 00000000 00000003 004CA834
1730 t=2296375 grTexCombine #148856 00000000 00000001 00000000 00000001 00000000 00000000 00000000
1731 t=2296375 grDrawVertexArrayContiguous #1377009 00000003 00000004 004C9580 00000020
1732 t=2296375 grDrawVertexArrayContiguous #1377010 00000003 00000003 004C9580 00000020
1733 t=2296375 grDrawVertexArray #721660 00000006 00000006 004AAD44
1734 t=2296375 grDrawVertexArray #721661 00000006 00000006 004AAD44
1735 t=2296375 grDrawVertexArray #721662 00000006 00000006 004AAD44
1736 t=2296380 grDrawVertexArray #721663 00000006 00000006 004AAD44
1737 t=2296380 grDrawVertexArrayContiguous #1377011 00000003 00000004 004C9580 00000020
1738 t=2296380 grDrawVertexArrayContiguous #1377012 00000003 00000003 004C9580 00000020
1739 t=2296380 grDrawVertexArray #721664 00000006 00000006 004AAD44
1740 t=2296380 grDrawVertexArray #721665 00000006 00000006 004AAD44
1741 t=2296380 grDrawVertexArray #721666 00000006 00000006 004AAD44
1742 t=2296380 grDrawVertexArray #721667 00000006 00000006 004AAD44
1743 t=2296380 grDrawVertexArray #721668 00000006 00000006 004AAD44
1744 t=2296380 grDrawVertexArrayContiguous #1377013 00000003 00000003 004C9580 00000020
1745 t=2296380 grDrawVertexArrayContiguous #1377014 00000003 00000004 004C9580 00000020
1746 t=2296380 grDrawVertexArray #721669 00000006 00000006 004AAD44
1747 t=2296380 grDrawVertexArray #721670 00000006 00000006 004AAD44
1748 t=2296380 grDrawVertexArray #721671 00000006 00000006 004AAD44
1749 t=2296380 grDrawVertexArray #721672 00000006 00000006 004AAD44
1750 t=2296380 grDrawVertexArray #721673 00000006 00000006 004AAD44
1751 t=2296380 grDrawVertexArray #721674 00000006 00000006 004AAD44
1752 t=2296380 grDrawVertexArray #721675 00000006 00000006 004AAD44
1753 t=2296380 grDrawVertexArray #721676 00000006 00000006 004AAD44
1754 t=2296380 grDrawVertexArray #721677 00000006 00000006 004AAD44
1755 t=2296380 grDrawVertexArray #721678 00000006 00000006 004AAD44
1756 t=2296380 grDrawVertexArray #721679 00000006 00000006 004AAD44
1757 t=2296380 grDrawVertexArray #721680 00000006 00000006 004AAD44
1758 t=2296380 grDrawVertexArray #721681 00000006 00000006 004AAD44
1759 t=2296380 grDrawVertexArray #721682 00000006 00000006 004AAD44
1760 t=2296380 grDrawVertexArray #721683 00000006 00000006 004AAD44
1761 t=2296380 grDrawVertexArray #721684 00000006 00000006 004AAD44
1762 t=2296380 grDrawVertexArray #721685 00000006 00000006 004AAD44
1763 t=2296380 grDrawVertexArray #721686 00000006 00000006 004AAD44
1764 t=2296380 grDrawVertexArray #721687 00000006 00000006 004AAD44
1765 t=2296380 grDrawVertexArray #721688 00000006 00000006 004AAD44
1766 t=2296380 grDrawVertexArray #721689 00000006 00000006 004AAD44
1767 t=2296380 grAlphaBlendFunction #93752 00000004 00000000 00000004 00000000
1768 t=2296380 grDepthMask #95554 00000001
1769 t=2296385 grDrawVertexArray #721690 00000006 00000006 004AAD44
1770 t=2296385 grAlphaBlendFunction #93753 00000004 00000000 00000004 00000000
1771 t=2296385 grDepthMask #95555 00000001
1772 t=2296385 grDrawVertexArray #721691 00000006 00000006 004AAD44
1773 t=2296385 grDrawVertexArray #721692 00000006 00000006 004AAD44
1774 t=2296385 grDrawVertexArray #721693 00000006 00000006 004AAD44
1775 t=2296385 grDrawVertexArray #721694 00000006 00000006 004AAD44
1776 t=2296385 grDrawVertexArray #721695 00000006 00000006 004AAD44
1777 t=2296385 grDrawVertexArray #721696 00000006 00000006 004AAD44
1778 t=2296385 grDrawVertexArray #721697 00000006 00000006 004AAD44
1779 t=2296385 grDrawVertexArray #721698 00000006 00000006 004AAD44
1780 t=2296385 grDrawVertexArray #721699 00000006 00000006 004AAD44
1781 t=2296385 grDrawVertexArray #721700 00000006 00000006 004AAD44
1782 t=2296385 grDrawVertexArray #721701 00000006 00000006 004AAD44
1783 t=2296385 grDrawVertexArray #721702 00000006 00000006 004AAD44
1784 t=2296385 grAlphaBlendFunction #93754 00000004 00000000 00000004 00000000
1785 t=2296385 grDepthMask #95556 00000001
1786 t=2296385 grDrawVertexArray #721703 00000006 00000006 004AAD44
1787 t=2296385 grAlphaBlendFunction #93755 00000004 00000000 00000004 00000000
1788 t=2296385 grDepthMask #95557 00000001
1789 t=2296385 grDrawVertexArray #721704 00000006 00000006 004AAD44
1790 t=2296385 grDrawVertexArray #721705 00000006 00000006 004AAD44
1791 t=2296385 grDrawVertexArray #721706 00000006 00000006 004AAD44
1792 t=2296385 grDrawVertexArray #721707 00000006 00000006 004AAD44
1793 t=2296385 grDrawVertexArray #721708 00000006 00000006 004AAD44
1794 t=2296385 grDrawVertexArray #721709 00000006 00000006 004AAD44
1795 t=2296385 grDrawVertexArray #721710 00000006 00000006 004AAD44
1796 t=2296385 grDrawVertexArray #721711 00000006 00000006 004AAD44
1797 t=2296385 grDrawVertexArray #721712 00000006 00000006 004AAD44
1798 t=2296385 grDrawVertexArray #721713 00000006 00000006 004AAD44
1799 t=2296385 grAlphaBlendFunction #93756 00000004 00000000 00000004 00000000
1800 t=2296385 grDepthMask #95558 00000001
1801 t=2296390 grDrawVertexArray #721714 00000006 00000006 004AAD44
1802 t=2296390 grAlphaBlendFunction #93757 00000004 00000000 00000004 00000000
1803 t=2296390 grDepthMask #95559 00000001
1804 t=2296390 grDrawVertexArray #721715 00000006 00000006 004AAD44
1805 t=2296390 grDrawVertexArray #721716 00000006 00000006 004AAD44
1806 t=2296390 grDrawVertexArray #721717 00000006 00000006 004AAD44
1807 t=2296390 grDrawVertexArray #721718 00000006 00000006 004AAD44
1808 t=2296390 grDrawVertexArray #721719 00000006 00000006 004AAD44
1809 t=2296390 grDrawVertexArray #721720 00000006 00000006 004AAD44
1810 t=2296390 grDrawVertexArray #721721 00000006 00000006 004AAD44
1811 t=2296390 grDrawVertexArray #721722 00000006 00000006 004AAD44
1812 t=2296390 grAlphaBlendFunction #93758 00000004 00000000 00000004 00000000
1813 t=2296390 grDepthMask #95560 00000001
1814 t=2296390 grDrawVertexArray #721723 00000006 00000006 004AAD44
1815 t=2296390 grAlphaBlendFunction #93759 00000004 00000000 00000004 00000000
1816 t=2296390 grDepthMask #95561 00000001
1817 t=2296390 grDrawVertexArray #721724 00000006 00000006 004AAD44
1818 t=2296390 grDrawVertexArray #721725 00000006 00000006 004AAD44
1819 t=2296390 grAlphaBlendFunction #93760 00000004 00000000 00000004 00000000
1820 t=2296390 grDepthMask #95562 00000001
1821 t=2296390 grDrawVertexArray #721726 00000006 00000006 004AAD44
1822 t=2296390 grAlphaBlendFunction #93761 00000004 00000000 00000004 00000000
1823 t=2296390 grDepthMask #95563 00000001
1824 t=2296390 grDrawVertexArray #721727 00000006 00000006 004AAD44
1825 t=2296390 grDrawVertexArray #721728 00000006 00000006 004AAD44
1826 t=2296390 grDrawVertexArray #721729 00000006 00000006 004AAD44
1827 t=2296390 grDrawVertexArray #721730 00000006 00000006 004AAD44
1828 t=2296390 grDrawVertexArray #721731 00000006 00000006 004AAD44
1829 t=2296390 grDrawVertexArray #721732 00000006 00000006 004AAD44
1830 t=2296390 grDrawVertexArray #721733 00000006 00000006 004AAD44
1831 t=2296390 grDrawVertexArray #721734 00000006 00000006 004AAD44
1832 t=2296390 grDrawVertexArray #721735 00000006 00000006 004AAD44
1833 t=2296390 grDrawVertexArray #721736 00000006 00000006 004AAD44
1834 t=2296390 grAlphaBlendFunction #93762 00000004 00000000 00000004 00000000
1835 t=2296395 grDepthMask #95564 00000001
1836 t=2296395 grDrawVertexArray #721737 00000006 00000006 004AAD44
1837 t=2296396 grAlphaBlendFunction #93763 00000004 00000000 00000004 00000000
1838 t=2296396 grDepthMask #95565 00000001
1839 t=2296396 grDrawVertexArray #721738 00000006 00000006 004AAD44
1840 t=2296396 grDrawVertexArray #721739 00000006 00000006 004AAD44
1841 t=2296396 grDrawVertexArray #721740 00000006 00000006 004AAD44
1842 t=2296396 grDrawVertexArray #721741 00000006 00000006 004AAD44
1843 t=2296396 grDrawVertexArray #721742 00000006 00000006 004AAD44
1844 t=2296396 grDrawVertexArray #721743 00000006 00000006 004AAD44
1845 t=2296396 grDrawVertexArray #721744 00000006 00000006 004AAD44
1846 t=2296396 grDrawVertexArray #721745 00000006 00000006 004AAD44
1847 t=2296396 grDrawVertexArray #721746 00000006 00000006 004AAD44
1848 t=2296396 grDrawVertexArray #721747 00000006 00000006 004AAD44
1849 t=2296396 grDrawVertexArray #721748 00000006 00000006 004AAD44
1850 t=2296396 grDrawVertexArray #721749 00000006 00000006 004AAD44
1851 t=2296396 grDrawVertexArray #721750 00000006 00000006 004AAD44
1852 t=2296396 grDrawVertexArray #721751 00000006 00000006 004AAD44
1853 t=2296396 grDrawVertexArray #721752 00000006 00000006 004AAD44
1854 t=2296396 grDrawVertexArray #721753 00000006 00000006 004AAD44
1855 t=2296396 grDrawVertexArray #721754 00000006 00000006 004AAD44
1856 t=2296396 grDrawVertexArray #721755 00000006 00000006 004AAD44
1857 t=2296396 grDrawVertexArray #721756 00000006 00000006 004AAD44
1858 t=2296396 grDrawVertexArray #721757 00000006 00000006 004AAD44
1859 t=2296396 grDrawVertexArray #721758 00000006 00000006 004AAD44
1860 t=2296396 grDrawVertexArray #721759 00000006 00000006 004AAD44
1861 t=2296396 grDrawVertexArray #721760 00000006 00000006 004AAD44
1862 t=2296396 grDrawVertexArray #721761 00000006 00000006 004AAD44
1863 t=2296396 grDrawVertexArray #721762 00000006 00000006 004AAD44
1864 t=2296396 grDrawVertexArray #721763 00000006 00000006 004AAD44
1865 t=2296396 grDrawVertexArray #721764 00000006 00000006 004AAD44
1866 t=2296396 grDrawVertexArray #721765 00000006 00000006 004AAD44
1867 t=2296396 grDrawVertexArray #721766 00000006 00000006 004AAD44
1868 t=2296400 grDrawVertexArray #721767 00000006 00000006 004AAD44
1869 t=2296400 grAlphaBlendFunction #93764 00000004 00000000 00000004 00000000
1870 t=2296400 grDepthMask #95566 00000001
1871 t=2296400 grDrawVertexArray #721768 00000006 00000006 004AAD44
1872 t=2296400 grAlphaBlendFunction #93765 00000004 00000000 00000004 00000000
1873 t=2296400 grDepthMask #95567 00000001
1874 t=2296400 grDrawVertexArray #721769 00000006 00000006 004AAD44
1875 t=2296400 grDrawVertexArray #721770 00000006 00000006 004AAD44
1876 t=2296400 grDrawVertexArray #721771 00000006 00000006 004AAD44
1877 t=2296400 grDrawVertexArray #721772 00000006 00000006 004AAD44
1878 t=2296400 grDrawVertexArray #721773 00000006 00000006 004AAD44
1879 t=2296400 grDrawVertexArray #721774 00000006 00000006 004AAD44
1880 t=2296400 grAlphaBlendFunction #93766 00000004 00000004 00000004 00000004
1881 t=2296400 grDepthMask #95568 00000000
1882 t=2296400 grColorCombine #20516 00000001 00000000 00000000 00000002 00000000
1883 t=2296400 grAlphaBlendFunction #93767 00000004 00000004 00000004 00000004
1884 t=2296400 grDepthMask #95569 00000000
1885 t=2296400 grColorCombine #20517 00000003 00000001 00000000 00000001 00000000
1886 t=2296400 grTexDownloadTable #148856 00000002 03412B3C
1887 t=2296400 grTexSource #148856 00000000 000B8000 00000003 004CAA74
1888 t=2296400 grTexCombine #148857 00000000 00000001 00000000 00000001 00000000 00000000 00000000
1889 t=2296400 grDrawVertexArrayContiguous #1377015 00000003 00000003 004C9580 00000020
1890 t=2296400 grDrawVertexArrayContiguous #1377016 00000003 00000003 004C9580 00000020
1891 t=2296400 grDrawVertexArrayContiguous #1377017 00000003 00000003 004C9580 00000020
1892 t=2296400 grDrawVertexArrayContiguous #1377018 00000003 00000003 004C9580 00000020
1893 t=2296400 grDrawVertexArrayContiguous #1377019 00000003 00000003 004C9580 00000020
1894 t=2296400 grDrawVertexArrayContiguous #1377020 00000003 00000003 004C9580 00000020
1895 t=2296400 grDrawVertexArrayContiguous #1377021 00000003 00000003 004C9580 00000020
1896 t=2296400 grDrawVertexArrayContiguous #1377022 00000003 00000003 004C9580 00000020
1897 t=2296400 grDrawVertexArrayContiguous #1377023 00000003 00000004 004C9580 00000020
1898 t=2296400 grDrawVertexArrayContiguous #1377024 00000003 00000003 004C9580 00000020
1899 t=2296400 grDrawVertexArrayContiguous #1377025 00000003 00000003 004C9580 00000020
1900 t=2296405 grDrawVertexArrayContiguous #1377026 00000003 00000003 004C9580 00000020
1901 t=2296405 grDrawVertexArrayContiguous #1377027 00000003 00000003 004C9580 00000020
1902 t=2296405 grDrawVertexArrayContiguous #1377028 00000003 00000003 004C9580 00000020
1903 t=2296405 grDrawVertexArrayContiguous #1377029 00000003 00000003 004C9580 00000020
1904 t=2296405 grDrawVertexArrayContiguous #1377030 00000003 00000003 004C9580 00000020
1905 t=2296405 grDrawVertexArrayContiguous #1377031 00000003 00000003 004C9580 00000020
1906 t=2296405 grDrawVertexArrayContiguous #1377032 00000003 00000003 004C9580 00000020
1907 t=2296405 grTexDownloadTable #148857 00000002 03412738
1908 t=2296405 grTexSource #148857 00000000 000A8000 00000003 004CAA44
1909 t=2296405 grTexCombine #148858 00000000 00000001 00000000 00000001 00000000 00000000 00000000
1910 t=2296405 grDrawVertexArray #721775 00000006 00000006 004AAD44
1911 t=2296405 grDrawVertexArray #721776 00000006 00000006 004AAD44
1912 t=2296405 grDrawVertexArray #721777 00000006 00000006 004AAD44
1913 t=2296405 grDrawVertexArray #721778 00000006 00000006 004AAD44
1914 t=2296405 grAlphaBlendFunction #93768 00000000 00000006 00000004 00000004
1915 t=2296405 grDepthMask #95570 00000000
1916 t=2296405 grTexDownloadTable #148858 00000002 03412B3C
1917 t=2296405 grTexSource #148858 00000000 000B8000 00000003 004CAA74
1918 t=2296405 grTexCombine #148859 00000000 00000001 00000000 00000001 00000000 00000000 00000000
1919 t=2296405 grDrawVertexArray #721779 00000006 00000006 004AAD44
1920 t=2296405 grAlphaBlendFunction #93769 00000004 00000004 00000004 00000004
1921 t=2296405 grDepthMask #95571 00000000
1922 t=2296405 grTexDownloadTable #148859 00000002 03658A68
1923 t=2296405 grTexSource #148859 00000000 001E4000 00000003 004CB104
1924 t=2296405 grTexCombine #148860 00000000 00000001 00000000 00000001 00000000 00000000 00000000
1925 t=2296405 grDrawTriangle #189012 004C95C0 004C95A0 004C9580
1926 t=2296405 grDrawTriangle #189013 004C95C0 004C95A0 004C9580
1927 t=2296405 grDrawTriangle #189014 004C95C0 004C95A0 004C9580
1928 t=2296405 grDrawTriangle #189015 004C95C0 004C95A0 004C9580
1929 t=2296405 grDrawTriangle #189016 004C95C0 004C95A0 004C9580
1930 t=2296405 grDrawTriangle #189017 004C95C0 004C95A0 004C9580
1931 t=2296405 grDrawTriangle #189018 004C95C0 004C95A0 004C9580
1932 t=2296410 grDrawTriangle #189019 004C95C0 004C95A0 004C9580
1933 t=2296410 grDrawTriangle #189020 004C95C0 004C95A0 004C9580
1934 t=2296410 grDrawTriangle #189021 004C95C0 004C95A0 004C9580
1935 t=2296410 grDrawTriangle #189022 004C95C0 004C95A0 004C9580
1936 t=2296410 grDrawTriangle #189023 004C95C0 004C95A0 004C9580
1937 t=2296410 grDrawTriangle #189024 004C95C0 004C95A0 004C9580
1938 t=2296410 grDrawTriangle #189025 004C95C0 004C95A0 004C9580
1939 t=2296410 grDrawTriangle #189026 004C95C0 004C95A0 004C9580
1940 t=2296410 grDrawTriangle #189027 004C95C0 004C95A0 004C9580
1941 t=2296410 grDrawTriangle #189028 004C95C0 004C95A0 004C9580
1942 t=2296410 grDrawTriangle #189029 004C95C0 004C95A0 004C9580
1943 t=2296410 grDrawTriangle #189030 004C95C0 004C95A0 004C9580
1944 t=2296410 grDrawTriangle #189031 004C95C0 004C95A0 004C9580
1945 t=2296410 grDrawTriangle #189032 004C95C0 004C95A0 004C9580
1946 t=2296410 grDrawTriangle #189033 004C95C0 004C95A0 004C9580
1947 t=2296410 grDrawTriangle #189034 004C95C0 004C95A0 004C9580
1948 t=2296410 grDrawTriangle #189035 004C95C0 004C95A0 004C9580
1949 t=2296410 grDrawTriangle #189036 004C95C0 004C95A0 004C9580
1950 t=2296410 grDrawTriangle #189037 004C95C0 004C95A0 004C9580
1951 t=2296410 grDrawTriangle #189038 004C95C0 004C95A0 004C9580
1952 t=2296410 grDrawTriangle #189039 004C95C0 004C95A0 004C9580
1953 t=2296410 grDrawTriangle #189040 004C95C0 004C95A0 004C9580
1954 t=2296410 grDrawTriangle #189041 004C95C0 004C95A0 004C9580
1955 t=2296410 grDrawTriangle #189042 004C95C0 004C95A0 004C9580
1956 t=2296410 grDrawTriangle #189043 004C95C0 004C95A0 004C9580
1957 t=2296410 grDrawTriangle #189044 004C95C0 004C95A0 004C9580
1958 t=2296410 grDrawTriangle #189045 004C95C0 004C95A0 004C9580
1959 t=2296410 grDrawTriangle #189046 004C95C0 004C95A0 004C9580
1960 t=2296410 grDrawTriangle #189047 004C95C0 004C95A0 004C9580
1961 t=2296410 grDrawTriangle #189048 004C95C0 004C95A0 004C9580
1962 t=2296410 grDrawTriangle #189049 004C95C0 004C95A0 004C9580
1963 t=2296410 grDrawTriangle #189050 004C95C0 004C95A0 004C9580
1964 t=2296410 grDrawTriangle #189051 004C95C0 004C95A0 004C9580
1965 t=2296410 grDrawTriangle #189052 004C95C0 004C95A0 004C9580
1966 t=2296415 grDrawTriangle #189053 004C95C0 004C95A0 004C9580
1967 t=2296415 grDrawTriangle #189054 004C95C0 004C95A0 004C9580
1968 t=2296415 grDrawTriangle #189055 004C95C0 004C95A0 004C9580
1969 t=2296415 grDrawTriangle #189056 004C95C0 004C95A0 004C9580
1970 t=2296415 grDrawTriangle #189057 004C95C0 004C95A0 004C9580
1971 t=2296415 grDrawTriangle #189058 004C95C0 004C95A0 004C9580
1972 t=2296415 grDrawTriangle #189059 004C95C0 004C95A0 004C9580
1973 t=2296415 grDrawTriangle #189060 004C95C0 004C95A0 004C9580
1974 t=2296415 grDrawTriangle #189061 004C95C0 004C95A0 004C9580
1975 t=2296415 grDrawTriangle #189062 004C95C0 004C95A0 004C9580
1976 t=2296415 grDrawTriangle #189063 004C95C0 004C95A0 004C9580
1977 t=2296415 grDrawTriangle #189064 004C95C0 004C95A0 004C9580
1978 t=2296415 grDrawTriangle #189065 004C95C0 004C95A0 004C9580
1979 t=2296415 grDrawTriangle #189066 004C95C0 004C95A0 004C9580
1980 t=2296415 grDrawTriangle #189067 004C95C0 004C95A0 004C9580
1981 t=2296415 grDrawTriangle #189068 004C95C0 004C95A0 004C9580
1982 t=2296415 grDrawTriangle #189069 004C95C0 004C95A0 004C9580
1983 t=2296415 grDrawTriangle #189070 004C95C0 004C95A0 004C9580
1984 t=2296415 grDrawTriangle #189071 004C95C0 004C95A0 004C9580
1985 t=2296415 grDrawTriangle #189072 004C95C0 004C95A0 004C9580
1986 t=2296415 grDrawTriangle #189073 004C95C0 004C95A0 004C9580
1987 t=2296415 grDrawTriangle #189074 004C95C0 004C95A0 004C9580
1988 t=2296415 grDrawTriangle #189075 004C95C0 004C95A0 004C9580
1989 t=2296415 grDrawTriangle #189076 004C95C0 004C95A0 004C9580
1990 t=2296415 grDrawTriangle #189077 004C95C0 004C95A0 004C9580
1991 t=2296415 grDrawTriangle #189078 004C95C0 004C95A0 004C9580
1992 t=2296415 grDrawTriangle #189079 004C95C0 004C95A0 004C9580
1993 t=2296415 grDrawTriangle #189080 004C95C0 004C95A0 004C9580
1994 t=2296415 grDrawTriangle #189081 004C95C0 004C95A0 004C9580
1995 t=2296415 grDrawTriangle #189082 004C95C0 004C95A0 004C9580
1996 t=2296415 grDrawTriangle #189083 004C95C0 004C95A0 004C9580
1997 t=2296415 grDrawTriangle #189084 004C95C0 004C95A0 004C9580
1998 t=2296415 grDrawTriangle #189085 004C95C0 004C95A0 004C9580
1999 t=2296420 grDrawTriangle #189086 004C95C0 004C95A0 004C9580
2000 t=2296420 grDrawTriangle #189087 004C95C0 004C95A0 004C9580
2001 t=2296420 grDrawTriangle #189088 004C95C0 004C95A0 004C9580
2002 t=2296420 grDrawTriangle #189089 004C95C0 004C95A0 004C9580
2003 t=2296420 grDrawTriangle #189090 004C95C0 004C95A0 004C9580
2004 t=2296420 grDrawTriangle #189091 004C95C0 004C95A0 004C9580
2005 t=2296420 grTexDownloadTable #148860 00000002 03412738
2006 t=2296420 grTexSource #148860 00000000 000A8000 00000003 004CAA44
2007 t=2296420 grTexCombine #148861 00000000 00000001 00000000 00000001 00000000 00000000 00000000
2008 t=2296420 grDrawVertexArray #721780 00000006 00000006 004AAD44
2009 t=2296420 grDrawVertexArray #721781 00000006 00000006 004AAD44
2010 t=2296420 grDrawVertexArray #721782 00000006 00000006 004AAD44
2011 t=2296420 grDrawVertexArray #721783 00000006 00000006 004AAD44
2012 t=2296420 grTexDownloadTable #148861 00000002 03412B3C
2013 t=2296420 grTexSource #148861 00000000 000B8000 00000003 004CAA74
2014 t=2296420 grTexCombine #148862 00000000 00000001 00000000 00000001 00000000 00000000 00000000
2015 t=2296420 grDrawVertexArrayContiguous #1377033 00000003 00000003 004C9580 00000020
2016 t=2296420 grDrawVertexArrayContiguous #1377034 00000003 00000003 004C9580 00000020
2017 t=2296420 grTexDownloadTable #148862 00000002 03413344
2018 t=2296420 grTexSource #148862 00000000 000D8000 00000003 004CAAD4
2019 t=2296420 grTexCombine #148863 00000000 00000001 00000000 00000001 00000000 00000000 00000000
2020 t=2296420 grDrawTriangle #189092 004C95C0 004C95A0 004C9580
2021 t=2296420 grDrawTriangle #189093 004C95C0 004C95A0 004C9580
2022 t=2296420 grDrawTriangle #189094 004C95C0 004C95A0 004C9580
2023 t=2296420 grTexDownloadTable #148863 00000002 03412F40
2024 t=2296420 grTexSource #148863 00000000 000C8000 00000003 004CAAA4
2025 t=2296420 grTexCombine #148864 00000000 00000001 00000000 00000001 00000000 00000000 00000000
2026 t=2296420 grDrawVertexArray #721784 00000006 00000006 004AAD44
2027 t=2296420 grTexDownloadTable #148864 00000002 03413344
2028 t=2296420 grTexSource #148864 00000000 000D8000 00000003 004CAAD4
2029 t=2296420 grTexCombine #148865 00000000 00000001 00000000 00000001 00000000 00000000 00000000
2030 t=2296420 grDrawTriangle #189095 004C95C0 004C95A0 004C9580
2031 t=2296425 grDrawTriangle #189096 004C95C0 004C95A0 004C9580
2032 t=2296425 grDrawTriangle #189097 004C95C0 004C95A0 004C9580
2033 t=2296425 grDrawTriangle #189098 004C95C0 004C95A0 004C9580
2034 t=2296425 grTexDownloadTable #148865 00000002 03412738
2035 t=2296425 grTexSource #148865 00000000 000A8000 00000003 004CAA44
2036 t=2296425 grTexCombine #148866 00000000 00000001 00000000 00000001 00000000 00000000 00000000
2037 t=2296425 grDrawVertexArray #721785 00000006 00000006 004AAD44
2038 t=2296425 grDrawVertexArray #721786 00000006 00000006 004AAD44
2039 t=2296425 grDrawVertexArray #721787 00000006 00000006 004AAD44
2040 t=2296425 grDrawVertexArray #721788 00000006 00000006 004AAD44
2041 t=2296425 grTexDownloadTable #148866 00000002 03412F40
2042 t=2296425 grTexSource #148866 00000000 000C8000 00000003 004CAAA4
2043 t=2296425 grTexCombine #148867 00000000 00000001 00000000 00000001 00000000 00000000 00000000
2044 t=2296425 grDrawVertexArray #721789 00000006 00000006 004AAD44
2045 t=2296425 grTexDownloadTable #148867 00000002 03412B3C
2046 t=2296425 grTexSource #148867 00000000 000B8000 00000003 004CAA74
2047 t=2296425 grTexCombine #148868 00000000 00000001 00000000 00000001 00000000 00000000 00000000
2048 t=2296425 grDrawVertexArrayContiguous #1377035 00000003 00000003 004C9580 00000020
2049 t=2296425 grDrawVertexArrayContiguous #1377036 00000003 00000003 004C9580 00000020
2050 t=2296425 grTexDownloadTable #148868 00000002 03412738
2051 t=2296425 grTexSource #148868 00000000 000A8000 00000003 004CAA44
2052 t=2296425 grTexCombine #148869 00000000 00000001 00000000 00000001 00000000 00000000 00000000
2053 t=2296425 grDrawVertexArray #721790 00000006 00000006 004AAD44
2054 t=2296425 grTexDownloadTable #148869 00000002 03412F40
2055 t=2296425 grTexSource #148869 00000000 000C8000 00000003 004CAAA4
2056 t=2296425 grTexCombine #148870 00000000 00000001 00000000 00000001 00000000 00000000 00000000
2057 t=2296425 grDrawVertexArray #721791 00000006 00000006 004AAD44
2058 t=2296425 grTexDownloadTable #148870 00000002 03412738
2059 t=2296425 grTexSource #148870 00000000 000A8000 00000003 004CAA44
2060 t=2296425 grTexCombine #148871 00000000 00000001 00000000 00000001 00000000 00000000 00000000
2061 t=2296425 grDrawVertexArray #721792 00000006 00000006 004AAD44
2062 t=2296425 grAlphaBlendFunction #93770 00000000 00000006 00000004 00000004
2063 t=2296425 grDepthMask #95572 00000000
2064 t=2296430 grTexDownloadTable #148871 00000002 03412B3C
2065 t=2296430 grTexSource #148871 00000000 000B8000 00000003 004CAA74
2066 t=2296430 grTexCombine #148872 00000000 00000001 00000000 00000001 00000000 00000000 00000000
2067 t=2296430 grDrawVertexArray #721793 00000006 00000006 004AAD44
2068 t=2296430 grAlphaBlendFunction #93771 00000004 00000004 00000004 00000004
2069 t=2296430 grDepthMask #95573 00000000
2070 t=2296430 grTexDownloadTable #148872 00000002 03413344
2071 t=2296430 grTexSource #148872 00000000 000D8000 00000003 004CAAD4
2072 t=2296430 grTexCombine #148873 00000000 00000001 00000000 00000001 00000000 00000000 00000000
2073 t=2296430 grDrawVertexArray #721794 00000006 00000006 004AAD44
2074 t=2296430 grDrawVertexArray #721795 00000006 00000006 004AAD44
2075 t=2296430 grDrawVertexArray #721796 00000006 00000006 004AAD44
2076 t=2296430 grDrawVertexArray #721797 00000006 00000006 004AAD44
2077 t=2296430 grDrawVertexArray #721798 00000006 00000006 004AAD44
2078 t=2296430 grDrawVertexArray #721799 00000006 00000006 004AAD44
2079 t=2296430 grDrawVertexArray #721800 00000006 00000006 004AAD44
2080 t=2296430 grDrawVertexArray #721801 00000006 00000006 004AAD44
2081 t=2296430 grDrawVertexArray #721802 00000006 00000006 004AAD44
2082 t=2296430 grDrawVertexArray #721803 00000006 00000006 004AAD44
2083 t=2296430 grDrawVertexArray #721804 00000006 00000006 004AAD44
2084 t=2296430 grDrawVertexArray #721805 00000006 00000006 004AAD44
2085 t=2296430 grDrawVertexArray #721806 00000006 00000006 004AAD44
2086 t=2296430 grDrawVertexArray #721807 00000006 00000006 004AAD44
2087 t=2296430 grDrawVertexArray #721808 00000006 00000006 004AAD44
2088 t=2296430 grDrawVertexArray #721809 00000006 00000006 004AAD44
2089 t=2296430 grDrawVertexArray #721810 00000006 00000006 004AAD44
2090 t=2296430 grDrawVertexArray #721811 00000006 00000006 004AAD44
2091 t=2296430 grDrawVertexArray #721812 00000006 00000006 004AAD44
2092 t=2296430 grDrawVertexArray #721813 00000006 00000006 004AAD44
2093 t=2296430 grDrawVertexArray #721814 00000006 00000006 004AAD44
2094 t=2296430 grDrawVertexArray #721815 00000006 00000006 004AAD44
2095 t=2296430 grDrawVertexArray #721816 00000006 00000006 004AAD44
2096 t=2296430 grDrawVertexArray #721817 00000006 00000006 004AAD44
2097 t=2296435 grDrawVertexArray #721818 00000006 00000006 004AAD44
2098 t=2296435 grDrawVertexArray #721819 00000006 00000006 004AAD44
2099 t=2296436 grDrawVertexArray #721820 00000006 00000006 004AAD44
2100 t=2296436 grDrawVertexArray #721821 00000006 00000006 004AAD44
2101 t=2296436 grDrawVertexArray #721822 00000006 00000006 004AAD44
2102 t=2296436 grDrawVertexArray #721823 00000006 00000006 004AAD44
2103 t=2296436 grDrawVertexArray #721824 00000006 00000006 004AAD44
2104 t=2296436 grDrawVertexArray #721825 00000006 00000006 004AAD44
2105 t=2296436 grTexDownloadTable #148873 00000002 03412738
2106 t=2296436 grTexSource #148873 00000000 000A8000 00000003 004CAA44
2107 t=2296436 grTexCombine #148874 00000000 00000001 00000000 00000001 00000000 00000000 00000000
2108 t=2296436 grDrawVertexArray #721826 00000006 00000006 004AAD44
2109 t=2296436 grDrawVertexArray #721827 00000006 00000006 004AAD44
2110 t=2296436 grColorCombine #20518 00000001 00000000 00000000 00000002 00000000
2111 t=2296436 grDrawTriangle #189099 004C95C0 004C95A0 004C9580
2112 t=2296436 grDrawTriangle #189100 004C95C0 004C95A0 004C9580
2113 t=2296436 grColorCombine #20519 00000003 00000001 00000000 00000001 00000000
2114 t=2296436 grTexDownloadTable #148874 00000002 03412F40
2115 t=2296436 grTexSource #148874 00000000 000C8000 00000003 004CAAA4
2116 t=2296436 grTexCombine #148875 00000000 00000001 00000000 00000001 00000000 00000000 00000000
2117 t=2296436 grDrawVertexArray #721828 00000006 00000006 004AAD44
2118 t=2296436 grDrawVertexArray #721829 00000006 00000006 004AAD44
2119 t=2296436 grTexDownloadTable #148875 00000002 03413344
2120 t=2296436 grTexSource #148875 00000000 000D8000 00000003 004CAAD4
2121 t=2296436 grTexCombine #148876 00000000 00000001 00000000 00000001 00000000 00000000 00000000
2122 t=2296436 grDrawTriangle #189101 004C95C0 004C95A0 004C9580
2123 t=2296436 grTexDownloadTable #148876 00000002 03412B3C
2124 t=2296436 grTexSource #148876 00000000 000B8000 00000003 004CAA74
2125 t=2296436 grTexCombine #148877 00000000 00000001 00000000 00000001 00000000 00000000 00000000
2126 t=2296436 grDrawVertexArrayContiguous #1377037 00000003 00000003 004C9580 00000020
2127 t=2296436 grDrawVertexArrayContiguous #1377038 00000003 00000003 004C9580 00000020
2128 t=2296436 grDrawVertexArrayContiguous #1377039 00000003 00000003 004C9580 00000020
2129 t=2296436 grDrawVertexArrayContiguous #1377040 00000003 00000003 004C9580 00000020
2130 t=2296440 grTexDownloadTable #148877 00000002 03413344
2131 t=2296440 grTexSource #148877 00000000 000D8000 00000003 004CAAD4
2132 t=2296440 grTexCombine #148878 00000000 00000001 00000000 00000001 00000000 00000000 00000000
2133 t=2296440 grDrawTriangle #189102 004C95C0 004C95A0 004C9580
2134 t=2296440 grDrawTriangle #189103 004C95C0 004C95A0 004C9580
2135 t=2296440 grDrawTriangle #189104 004C95C0 004C95A0 004C9580
2136 t=2296440 grDrawTriangle #189105 004C95C0 004C95A0 004C9580
2137 t=2296440 grDrawTriangle #189106 004C95C0 004C95A0 004C9580
2138 t=2296440 grTexDownloadTable #148878 00000002 03412F40
2139 t=2296440 grTexSource #148878 00000000 000C8000 00000003 004CAAA4
2140 t=2296440 grTexCombine #148879 00000000 00000001 00000000 00000001 00000000 00000000 00000000
2141 t=2296440 grDrawVertexArray #721830 00000006 00000006 004AAD44
2142 t=2296440 grDrawVertexArray #721831 00000006 00000006 004AAD44
2143 t=2296440 grTexDownloadTable #148879 00000002 03413344
2144 t=2296440 grTexSource #148879 00000000 000D8000 00000003 004CAAD4
2145 t=2296440 grTexCombine #148880 00000000 00000001 00000000 00000001 00000000 00000000 00000000
2146 t=2296440 grDrawTriangle #189107 004C95C0 004C95A0 004C9580
2147 t=2296440 grDrawTriangle #189108 004C95C0 004C95A0 004C9580
2148 t=2296440 grDrawTriangle #189109 004C95C0 004C95A0 004C9580
2149 t=2296440 grDrawTriangle #189110 004C95C0 004C95A0 004C9580
2150 t=2296440 grDrawTriangle #189111 004C95C0 004C95A0 004C9580
2151 t=2296440 grDrawTriangle #189112 004C95C0 004C95A0 004C9580
2152 t=2296440 grDrawTriangle #189113 004C95C0 004C95A0 004C9580
2153 t=2296440 grDrawTriangle #189114 004C95C0 004C95A0 004C9580
2154 t=2296440 grTexDownloadTable #148880 00000002 03412738
2155 t=2296440 grTexSource #148880 00000000 000A8000 00000003 004CAA44
2156 t=2296440 grTexCombine #148881 00000000 00000001 00000000 00000001 00000000 00000000 00000000
2157 t=2296440 grDrawVertexArray #721832 00000006 00000006 004AAD44
2158 t=2296440 grDrawVertexArray #721833 00000006 00000006 004AAD44
2159 t=2296440 grDrawVertexArray #721834 00000006 00000006 004AAD44
2160 t=2296440 grDrawVertexArray #721835 00000006 00000006 004AAD44
2161 t=2296440 grDrawVertexArray #721836 00000006 00000006 004AAD44
2162 t=2296445 grTexDownloadTable #148881 00000002 03412F40
2163 t=2296445 grTexSource #148881 00000000 000C8000 00000003 004CAAA4
2164 t=2296445 grTexCombine #148882 00000000 00000001 00000000 00000001 00000000 00000000 00000000
2165 t=2296445 grDrawVertexArray #721837 00000006 00000006 004AAD44
2166 t=2296445 grDrawVertexArray #721838 00000006 00000006 004AAD44
2167 t=2296445 grDrawVertexArray #721839 00000006 00000006 004AAD44
2168 t=2296445 grDrawVertexArray #721840 00000006 00000006 004AAD44
2169 t=2296445 grDrawVertexArray #721841 00000006 00000006 004AAD44
2170 t=2296445 grTexDownloadTable #148882 00000002 03412B3C
2171 t=2296445 grTexSource #148882 00000000 000B8000 00000003 004CAA74
2172 t=2296445 grTexCombine #148883 00000000 00000001 00000000 00000001 00000000 00000000 00000000
2173 t=2296445 grDrawVertexArrayContiguous #1377041 00000003 00000003 004C9580 00000020
2174 t=2296445 grDrawVertexArrayContiguous #1377042 00000003 00000003 004C9580 00000020
2175 t=2296445 grTexDownloadTable #148883 00000002 03412F40
2176 t=2296445 grTexSource #148883 00000000 000C8000 00000003 004CAAA4
2177 t=2296445 grTexCombine #148884 00000000 00000001 00000000 00000001 00000000 00000000 00000000
2178 t=2296445 grDrawVertexArray #721842 00000006 00000006 004AAD44
2179 t=2296445 grDrawVertexArray #721843 00000006 00000006 004AAD44
2180 t=2296445 grDrawVertexArray #721844 00000006 00000006 004AAD44
2181 t=2296445 grDrawVertexArray #721845 00000006 00000006 004AAD44
2182 t=2296445 grDrawVertexArray #721846 00000006 00000006 004AAD44
2183 t=2296445 grDrawVertexArray #721847 00000006 00000006 004AAD44
2184 t=2296445 grDrawVertexArray #721848 00000006 00000006 004AAD44
2185 t=2296445 grColorCombine #20520 00000001 00000000 00000000 00000002 00000000
2186 t=2296445 grDrawTriangle #189115 004C95C0 004C95A0 004C9580
2187 t=2296445 grColorCombine #20521 00000003 00000001 00000000 00000001 00000000
2188 t=2296445 grTexDownloadTable #148884 00000002 03412F40
2189 t=2296445 grTexSource #148884 00000000 000C8000 00000003 004CAAA4
2190 t=2296445 grTexCombine #148885 00000000 00000001 00000000 00000001 00000000 00000000 00000000
2191 t=2296445 grDrawVertexArray #721849 00000006 00000006 004AAD44
2192 t=2296445 grTexDownloadTable #148885 00000002 03412B3C
2193 t=2296445 grTexSource #148885 00000000 000B8000 00000003 004CAA74
2194 t=2296445 grTexCombine #148886 00000000 00000001 00000000 00000001 00000000 00000000 00000000
2195 t=2296445 grDrawVertexArrayContiguous #1377043 00000003 00000003 004C9580 00000020
2196 t=2296450 grDrawVertexArrayContiguous #1377044 00000003 00000003 004C9580 00000020
2197 t=2296450 grColorCombine #20522 00000001 00000000 00000000 00000002 00000000
2198 t=2296450 grDrawTriangle #189116 004C95C0 004C95A0 004C9580
2199 t=2296450 grDrawTriangle #189117 004C95C0 004C95A0 004C9580
2200 t=2296450 grDrawTriangle #189118 004C95C0 004C95A0 004C9580
2201 t=2296450 grColorCombine #20523 00000003 00000001 00000000 00000001 00000000
2202 t=2296450 grTexDownloadTable #148886 00000002 03412F40
2203 t=2296450 grTexSource #148886 00000000 000C8000 00000003 004CAAA4
2204 t=2296450 grTexCombine #148887 00000000 00000001 00000000 00000001 00000000 00000000 00000000
2205 t=2296450 grDrawVertexArray #721850 00000006 00000006 004AAD44
2206 t=2296450 grDrawVertexArray #721851 00000006 00000006 004AAD44
2207 t=2296450 grDrawVertexArray #721852 00000006 00000006 004AAD44
2208 t=2296450 grDrawVertexArray #721853 00000006 00000006 004AAD44
2209 t=2296450 grDrawVertexArray #721854 00000006 00000006 004AAD44
2210 t=2296450 grTexDownloadTable #148887 00000002 03412738
2211 t=2296450 grTexSource #148887 00000000 000A8000 00000003 004CAA44
2212 t=2296450 grTexCombine #148888 00000000 00000001 00000000 00000001 00000000 00000000 00000000
2213 t=2296450 grDrawTriangle #189119 004C95C0 004C95A0 004C9580
2214 t=2296450 grTexDownloadTable #148888 00000002 03412F40
2215 t=2296450 grTexSource #148888 00000000 000C8000 00000003 004CAAA4
2216 t=2296450 grTexCombine #148889 00000000 00000001 00000000 00000001 00000000 00000000 00000000
2217 t=2296450 grDrawVertexArray #721855 00000006 00000006 004AAD44
2218 t=2296450 grDrawVertexArray #721856 00000006 00000006 004AAD44
2219 t=2296450 grTexDownloadTable #148889 00000002 03412738
2220 t=2296450 grTexSource #148889 00000000 000A8000 00000003 004CAA44
2221 t=2296450 grTexCombine #148890 00000000 00000001 00000000 00000001 00000000 00000000 00000000
2222 t=2296450 grDrawVertexArray #721857 00000006 00000006 004AAD44
2223 t=2296450 grDrawTriangle #189120 004C95C0 004C95A0 004C9580
2224 t=2296450 grDrawVertexArray #721858 00000006 00000006 004AAD44
2225 t=2296450 grAlphaBlendFunction #93772 00000000 00000006 00000004 00000004
2226 t=2296450 grDepthMask #95574 00000000
2227 t=2296450 grTexDownloadTable #148890 00000002 03412B3C
2228 t=2296455 grTexSource #148890 00000000 000B8000 00000003 004CAA74
2229 t=2296455 grTexCombine #148891 00000000 00000001 00000000 00000001 00000000 00000000 00000000
2230 t=2296455 grDrawVertexArray #721859 00000006 00000006 004AAD44
2231 t=2296455 grAlphaBlendFunction #93773 00000004 00000004 00000004 00000004
2232 t=2296455 grDepthMask #95575 00000000
2233 t=2296455 grTexDownloadTable #148891 00000002 03413344
2234 t=2296455 grTexSource #148891 00000000 000D8000 00000003 004CAAD4
2235 t=2296455 grTexCombine #148892 00000000 00000001 00000000 00000001 00000000 00000000 00000000
2236 t=2296455 grDrawVertexArray #721860 00000006 00000006 004AAD44
2237 t=2296455 grDrawVertexArray #721861 00000006 00000006 004AAD44
2238 t=2296455 grDrawVertexArray #721862 00000006 00000006 004AAD44
2239 t=2296455 grDrawVertexArray #721863 00000006 00000006 004AAD44
2240 t=2296455 grDrawVertexArray #721864 00000006 00000006 004AAD44
2241 t=2296455 grDrawVertexArray #721865 00000006 00000006 004AAD44
2242 t=2296455 grDrawVertexArray #721866 00000006 00000006 004AAD44
2243 t=2296455 grDrawVertexArray #721867 00000006 00000006 004AAD44
2244 t=2296455 grDrawVertexArray #721868 00000006 00000006 004AAD44
2245 t=2296455 grDrawVertexArray #721869 00000006 00000006 004AAD44
2246 t=2296455 grDrawVertexArray #721870 00000006 00000006 004AAD44
2247 t=2296455 grDrawVertexArray #721871 00000006 00000006 004AAD44
2248 t=2296455 grDrawVertexArray #721872 00000006 00000006 004AAD44
2249 t=2296455 grDrawVertexArray #721873 00000006 00000006 004AAD44
2250 t=2296455 grDrawVertexArray #721874 00000006 00000006 004AAD44
2251 t=2296455 grDrawVertexArray #721875 00000006 00000006 004AAD44
2252 t=2296455 grDrawVertexArray #721876 00000006 00000006 004AAD44
2253 t=2296455 grDrawVertexArray #721877 00000006 00000006 004AAD44
2254 t=2296455 grDrawVertexArray #721878 00000006 00000006 004AAD44
2255 t=2296455 grDrawVertexArray #721879 00000006 00000006 004AAD44
2256 t=2296455 grDrawVertexArray #721880 00000006 00000006 004AAD44
2257 t=2296455 grDrawVertexArray #721881 00000006 00000006 004AAD44
2258 t=2296455 grDrawVertexArray #721882 00000006 00000006 004AAD44
2259 t=2296455 grDrawVertexArray #721883 00000006 00000006 004AAD44
2260 t=2296455 grDrawVertexArray #721884 00000006 00000006 004AAD44
2261 t=2296460 grDrawVertexArray #721885 00000006 00000006 004AAD44
2262 t=2296460 grDrawVertexArray #721886 00000006 00000006 004AAD44
2263 t=2296460 grDrawVertexArray #721887 00000006 00000006 004AAD44
2264 t=2296460 grDrawVertexArray #721888 00000006 00000006 004AAD44
2265 t=2296460 grDrawVertexArray #721889 00000006 00000006 004AAD44
2266 t=2296460 grDrawVertexArray #721890 00000006 00000006 004AAD44
2267 t=2296460 grDrawVertexArray #721891 00000006 00000006 004AAD44
2268 t=2296460 grTexDownloadTable #148892 00000002 03412738
2269 t=2296460 grTexSource #148892 00000000 000A8000 00000003 004CAA44
2270 t=2296460 grTexCombine #148893 00000000 00000001 00000000 00000001 00000000 00000000 00000000
2271 t=2296460 grDrawVertexArray #721892 00000006 00000006 004AAD44
2272 t=2296460 grDrawVertexArray #721893 00000006 00000006 004AAD44
2273 t=2296460 grDrawVertexArray #721894 00000006 00000006 004AAD44
2274 t=2296460 grTexDownloadTable #148893 00000002 03412F40
2275 t=2296460 grTexSource #148893 00000000 000C8000 00000003 004CAAA4
2276 t=2296460 grTexCombine #148894 00000000 00000001 00000000 00000001 00000000 00000000 00000000
2277 t=2296460 grDrawVertexArray #721895 00000006 00000006 004AAD44
2278 t=2296460 grDrawVertexArray #721896 00000006 00000006 004AAD44
2279 t=2296460 grTexDownloadTable #148894 00000002 03412738
2280 t=2296460 grTexSource #148894 00000000 000A8000 00000003 004CAA44
2281 t=2296460 grTexCombine #148895 00000000 00000001 00000000 00000001 00000000 00000000 00000000
2282 t=2296460 grDrawVertexArray #721897 00000006 00000006 004AAD44
2283 t=2296460 grTexDownloadTable #148895 00000002 03412F40
2284 t=2296460 grTexSource #148895 00000000 000C8000 00000003 004CAAA4
2285 t=2296460 grTexCombine #148896 00000000 00000001 00000000 00000001 00000000 00000000 00000000
2286 t=2296460 grDrawVertexArray #721898 00000006 00000006 004AAD44
2287 t=2296460 grDrawVertexArray #721899 00000006 00000006 004AAD44
2288 t=2296460 grTexDownloadTable #148896 00000002 03413344
2289 t=2296460 grTexSource #148896 00000000 000D8000 00000003 004CAAD4
2290 t=2296460 grTexCombine #148897 00000000 00000001 00000000 00000001 00000000 00000000 00000000
2291 t=2296460 grDrawTriangle #189121 004C95C0 004C95A0 004C9580
2292 t=2296460 grDrawTriangle #189122 004C95C0 004C95A0 004C9580
2293 t=2296460 grDrawTriangle #189123 004C95C0 004C95A0 004C9580
2294 t=2296465 grDrawTriangle #189124 004C95C0 004C95A0 004C9580
2295 t=2296465 grDrawTriangle #189125 004C95C0 004C95A0 004C9580
2296 t=2296465 grDrawTriangle #189126 004C95C0 004C95A0 004C9580
2297 t=2296465 grTexDownloadTable #148897 00000002 03412F40
2298 t=2296465 grTexSource #148897 00000000 000C8000 00000003 004CAAA4
2299 t=2296465 grTexCombine #148898 00000000 00000001 00000000 00000001 00000000 00000000 00000000
2300 t=2296465 grDrawVertexArray #721900 00000006 00000006 004AAD44
2301 t=2296465 grTexDownloadTable #148898 00000002 03413344
2302 t=2296465 grTexSource #148898 00000000 000D8000 00000003 004CAAD4
2303 t=2296465 grTexCombine #148899 00000000 00000001 00000000 00000001 00000000 00000000 00000000
2304 t=2296465 grDrawTriangle #189127 004C95C0 004C95A0 004C9580
2305 t=2296465 grDrawTriangle #189128 004C95C0 004C95A0 004C9580
2306 t=2296465 grDrawTriangle #189129 004C95C0 004C95A0 004C9580
2307 t=2296465 grDrawTriangle #189130 004C95C0 004C95A0 004C9580
2308 t=2296465 grTexDownloadTable #148899 00000002 03412F40
2309 t=2296465 grTexSource #148899 00000000 000C8000 00000003 004CAAA4
2310 t=2296465 grTexCombine #148900 00000000 00000001 00000000 00000001 00000000 00000000 00000000
2311 t=2296465 grDrawVertexArray #721901 00000006 00000006 004AAD44
2312 t=2296465 grTexDownloadTable #148900 00000002 03413344
2313 t=2296465 grTexSource #148900 00000000 000D8000 00000003 004CAAD4
2314 t=2296465 grTexCombine #148901 00000000 00000001 00000000 00000001 00000000 00000000 00000000
2315 t=2296465 grDrawTriangle #189131 004C95C0 004C95A0 004C9580
2316 t=2296465 grDrawTriangle #189132 004C95C0 004C95A0 004C9580
2317 t=2296465 grDrawTriangle #189133 004C95C0 004C95A0 004C9580
2318 t=2296465 grDrawTriangle #189134 004C95C0 004C95A0 004C9580
2319 t=2296465 grTexDownloadTable #148901 00000002 03412738
2320 t=2296465 grTexSource #148901 00000000 000A8000 00000003 004CAA44
2321 t=2296465 grTexCombine #148902 00000000 00000001 00000000 00000001 00000000 00000000 00000000
2322 t=2296465 grDrawVertexArray #721902 00000006 00000006 004AAD44
2323 t=2296465 grDrawVertexArray #721903 00000006 00000006 004AAD44
2324 t=2296465 grDrawVertexArray #721904 00000006 00000006 004AAD44
2325 t=2296465 grDrawVertexArray #721905 00000006 00000006 004AAD44
2326 t=2296470 grTexDownloadTable #148902 00000002 03412B3C
2327 t=2296470 grTexSource #148902 00000000 000B8000 00000003 004CAA74
2328 t=2296470 grTexCombine #148903 00000000 00000001 00000000 00000001 00000000 00000000 00000000
2329 t=2296470 grDrawVertexArrayContiguous #1377045 00000003 00000003 004C9580 00000020
2330 t=2296470 grDrawVertexArrayContiguous #1377046 00000003 00000003 004C9580 00000020
2331 t=2296470 grDrawVertexArrayContiguous #1377047 00000003 00000003 004C9580 00000020
2332 t=2296470 grDrawVertexArrayContiguous #1377048 00000003 00000003 004C9580 00000020
2333 t=2296470 grTexDownloadTable #148903 00000002 03412738
2334 t=2296470 grTexSource #148903 00000000 000A8000 00000003 004CAA44
2335 t=2296470 grTexCombine #148904 00000000 00000001 00000000 00000001 00000000 00000000 00000000
2336 t=2296470 grDrawVertexArray #721906 00000006 00000006 004AAD44
2337 t=2296470 grDrawVertexArray #721907 00000006 00000006 004AAD44
2338 t=2296470 grDrawVertexArray #721908 00000006 00000006 004AAD44
2339 t=2296470 grDrawVertexArray #721909 00000006 00000006 004AAD44
2340 t=2296470 grDrawVertexArray #721910 00000006 00000006 004AAD44
2341 t=2296470 grColorCombine #20524 00000001 00000000 00000000 00000002 00000000
2342 t=2296470 grDrawTriangle #189135 004C95C0 004C95A0 004C9580
2343 t=2296470 grDrawTriangle #189136 004C95C0 004C95A0 004C9580
2344 t=2296470 grColorCombine #20525 00000003 00000001 00000000 00000001 00000000
2345 t=2296470 grTexDownloadTable #148904 00000002 03412F40
2346 t=2296470 grTexSource #148904 00000000 000C8000 00000003 004CAAA4
2347 t=2296470 grTexCombine #148905 00000000 00000001 00000000 00000001 00000000 00000000 00000000
2348 t=2296470 grDrawVertexArray #721911 00000006 00000006 004AAD44
2349 t=2296470 grDrawVertexArray #721912 00000006 00000006 004AAD44
2350 t=2296470 grColorCombine #20526 00000001 00000000 00000000 00000002 00000000
2351 t=2296470 grDrawTriangle #189137 004C95C0 004C95A0 004C9580
2352 t=2296470 grDrawTriangle #189138 004C95C0 004C95A0 004C9580
2353 t=2296470 grColorCombine #20527 00000003 00000001 00000000 00000001 00000000
2354 t=2296470 grTexDownloadTable #148905 00000002 03412F40
2355 t=2296470 grTexSource #148905 00000000 000C8000 00000003 004CAAA4
2356 t=2296470 grTexCombine #148906 00000000 00000001 00000000 00000001 00000000 00000000 00000000
2357 t=2296470 grDrawVertexArray #721913 00000006 00000006 004AAD44
2358 t=2296470 grDrawVertexArray #721914 00000006 00000006 004AAD44
2359 t=2296475 grDrawVertexArray #721915 00000006 00000006 004AAD44
2360 t=2296475 grDrawVertexArray #721916 00000006 00000006 004AAD44
2361 t=2296476 grDrawVertexArrayContiguous #1377049 00000003 00000003 004C9580 00000020
2362 t=2296476 grDrawVertexArrayContiguous #1377050 00000003 00000004 004C9580 00000020
2363 t=2296476 grDrawVertexArrayContiguous #1377051 00000003 00000004 004C9580 00000020
2364 t=2296476 grDrawVertexArrayContiguous #1377052 00000003 00000004 004C9580 00000020
2365 t=2296476 grDrawVertexArrayContiguous #1377053 00000003 00000003 004C9580 00000020
2366 t=2296476 grDrawVertexArrayContiguous #1377054 00000003 00000004 004C9580 00000020
2367 t=2296476 grDrawVertexArrayContiguous #1377055 00000003 00000003 004C9580 00000020
2368 t=2296476 grDrawVertexArrayContiguous #1377056 00000003 00000004 004C9580 00000020
2369 t=2296476 grDrawVertexArrayContiguous #1377057 00000003 00000003 004C9580 00000020
2370 t=2296476 grDrawVertexArrayContiguous #1377058 00000003 00000004 004C9580 00000020
2371 t=2296476 grDrawVertexArrayContiguous #1377059 00000003 00000003 004C9580 00000020
2372 t=2296476 grDrawVertexArrayContiguous #1377060 00000003 00000004 004C9580 00000020
2373 t=2296476 grDrawVertexArrayContiguous #1377061 00000003 00000003 004C9580 00000020
2374 t=2296476 grFogMode #1719 00000000
2375 t=2296476 grAlphaBlendFunction #93774 00000004 00000004 00000004 00000004
2376 t=2296476 grDepthMask #95576 00000000
2377 t=2296476 grColorCombine #20528 00000001 00000000 00000000 00000002 00000000
2378 t=2296476 grAlphaBlendFunction #93775 00000004 00000004 00000004 00000004
2379 t=2296476 grDepthMask #95577 00000000
2380 t=2296476 grColorCombine #20529 00000003 00000001 00000000 00000001 00000000
2381 t=2296476 grTexDownloadTable #148906 00000002 0366D99C
2382 t=2296476 grTexSource #148906 00000000 00200000 00000003 004CB134
2383 t=2296476 grTexCombine #148907 00000000 00000001 00000000 00000001 00000000 00000000 00000000
2384 t=2296476 grDrawVertexArrayContiguous #1377062 00000003 00000003 004C9580 00000020
2385 t=2296476 grDrawVertexArrayContiguous #1377063 00000003 00000003 004C9580 00000020
2386 t=2296480 grBufferSwap #1801 00000001
2387 t=2307424 summary periodic swaps=2142
2388 t=2307424   grAlphaBlendFunction 123911
2389 t=2307424   grAlphaCombine 1
2390 t=2307424   grBufferClear 2143
2391 t=2307424   grBufferSwap 2143
2392 t=2307424   grChromakeyMode 1
2393 t=2307424   grChromakeyValue 1
2394 t=2307424   grClipWindow 6414
2395 t=2307424   grColorCombine 26989
2396 t=2307424   grCoordinateSpace 1
2397 t=2307424   grCullMode 1
2398 t=2307425   grDepthBufferFunction 3
2399 t=2307425   grDepthBufferMode 1
2400 t=2307425   grDepthMask 126055
2401 t=2307425   grDitherMode 1
2402 t=2307425   grDrawTriangle 285408
2403 t=2307425   grDrawVertexArray 1019306
2404 t=2307425   grDrawVertexArrayContiguous 1460153
2405 t=2307425   grFogColorValue 1
2406 t=2307425   grFogMode 2403
2407 t=2307425   grGet 7
2408 t=2307425   grGlideInit 1
2409 t=2307425   grQueryResolutions 2
2410 t=2307425   grRenderBuffer 1
2411 t=2307425   grSstSelect 1
2412 t=2307425   grSstWinOpen 1
2413 t=2307425   grTexClampMode 1
2414 t=2307425   grTexCombine 196402
2415 t=2307425   grTexDownloadMipMap 1896
2416 t=2307425   grTexDownloadTable 196401
2417 t=2307425   grTexFilterMode 2138
2418 t=2307425   grTexMaxAddress 4
2419 t=2307425   grTexMinAddress 4
2420 t=2307425   grTexMipMapMode 1
2421 t=2307425   grTexSource 196401
2422 t=2307425   grTexTextureMemRequired 110
2423 t=2307425   grVertexLayout 11
2424 t=2307425   guGammaCorrectionRGB 1
2425 t=2310657 grSstWinClose #1 00000001
2426 t=2310657 grGlideShutdown #1
2427 t=2310657 summary shutdown swaps=2242
2428 t=2310657   grAlphaBlendFunction 136982
2429 t=2310657   grAlphaCombine 1
2430 t=2310657   grBufferClear 2243
2431 t=2310657   grBufferSwap 2242
2432 t=2310657   grChromakeyMode 1
2433 t=2310657   grChromakeyValue 1
2434 t=2310657   grClipWindow 6712
2435 t=2310657   grColorCombine 29395
2436 t=2310657   grCoordinateSpace 1
2437 t=2310657   grCullMode 1
2438 t=2310657   grDepthBufferFunction 3
2439 t=2310657   grDepthBufferMode 1
2440 t=2310657   grDepthMask 139226
2441 t=2310657   grDitherMode 1
2442 t=2310657   grDrawTriangle 310698
2443 t=2310657   grDrawVertexArray 1106077
2444 t=2310657   grDrawVertexArrayContiguous 1489473
2445 t=2310657   grFogColorValue 1
2446 t=2310657   grFogMode 2601
2447 t=2310657   grGet 7
2448 t=2310660   grGlideInit 1
2449 t=2310660   grGlideShutdown 1
2450 t=2310660   grQueryResolutions 2
2451 t=2310660   grRenderBuffer 1
2452 t=2310660   grSstSelect 1
2453 t=2310660   grSstWinClose 1
2454 t=2310660   grSstWinOpen 1
2455 t=2310660   grTexClampMode 1
2456 t=2310660   grTexCombine 211490
2457 t=2310660   grTexDownloadMipMap 1995
2458 t=2310660   grTexDownloadTable 211489
2459 t=2310660   grTexFilterMode 2237
2460 t=2310660   grTexMaxAddress 4
2461 t=2310660   grTexMinAddress 4
2462 t=2310660   grTexMipMapMode 1
2463 t=2310660   grTexSource 211489
2464 t=2310660   grTexTextureMemRequired 110
2465 t=2310660   grVertexLayout 11
2466 t=2310660   guGammaCorrectionRGB 1
2467 t=2310665 summary detach swaps=2242
2468 t=2310665   grAlphaBlendFunction 136982
2469 t=2310665   grAlphaCombine 1
2470 t=2310665   grBufferClear 2243
2471 t=2310665   grBufferSwap 2242
2472 t=2310665   grChromakeyMode 1
2473 t=2310665   grChromakeyValue 1
2474 t=2310665   grClipWindow 6712
2475 t=2310665   grColorCombine 29395
2476 t=2310665   grCoordinateSpace 1
2477 t=2310665   grCullMode 1
2478 t=2310665   grDepthBufferFunction 3
2479 t=2310665   grDepthBufferMode 1
2480 t=2310665   grDepthMask 139226
2481 t=2310665   grDitherMode 1
2482 t=2310665   grDrawTriangle 310698
2483 t=2310665   grDrawVertexArray 1106077
2484 t=2310665   grDrawVertexArrayContiguous 1489473
2485 t=2310665   grFogColorValue 1
2486 t=2310665   grFogMode 2601
2487 t=2310665   grGet 7
2488 t=2310665   grGlideInit 1
2489 t=2310665   grGlideShutdown 1
2490 t=2310665   grQueryResolutions 2
2491 t=2310665   grRenderBuffer 1
2492 t=2310665   grSstSelect 1
2493 t=2310665   grSstWinClose 1
2494 t=2310670   grSstWinOpen 1
2495 t=2310670   grTexClampMode 1
2496 t=2310670   grTexCombine 211490
2497 t=2310670   grTexDownloadMipMap 1995
2498 t=2310670   grTexDownloadTable 211489
2499 t=2310670   grTexFilterMode 2237
2500 t=2310670   grTexMaxAddress 4
2501 t=2310670   grTexMinAddress 4
2502 t=2310670   grTexMipMapMode 1
2503 t=2310670   grTexSource 211489
2504 t=2310670   grTexTextureMemRequired 110
2505 t=2310670   grVertexLayout 11
2506 t=2310670   guGammaCorrectionRGB 1
