1 pid=FFFDDE81 attach instance=00600000 tls=2 build-marker=1
2 pid=FFFDDE81 DrvValidateVersion version=1
3 pid=FFFDDE81 DrvSetCallbackProcs count=3 procs=78B23978
4 pid=FFFDDE81 describe result=0 engine=2 formats=00000004
5 pid=FFFDDE81 DrvDescribePixelFormat index=1 bytes=0 -> count=1
6 pid=FFFDDE81 DrvDescribePixelFormat index=1 bytes=0 -> count=1
7 pid=FFFDDE81 DrvDescribePixelFormat index=1 bytes=40 -> count=1
8 pid=FFFDDE81 DrvDescribePixelFormat index=1 bytes=0 -> count=1
9 pid=FFFDDE81 DrvDescribePixelFormat index=1 bytes=0 -> count=1
10 pid=FFFDDE81 DrvDescribePixelFormat index=1 bytes=0 -> count=1
11 pid=FFFDDE81 DrvDescribePixelFormat index=1 bytes=0 -> count=1
12 pid=FFFDDE81 DrvDescribePixelFormat index=1 bytes=0 -> count=1
13 pid=FFFDDE81 DrvDescribePixelFormat index=1 bytes=0 -> count=1
14 pid=FFFDDE81 DrvDescribePixelFormat index=1 bytes=0 -> count=1
15 pid=FFFDDE81 DrvDescribePixelFormat index=1 bytes=0 -> count=1
16 pid=FFFDDE81 DrvDescribePixelFormat index=1 bytes=0 -> count=1
17 pid=FFFDDE81 DrvDescribePixelFormat index=1 bytes=0 -> count=1
18 pid=FFFDDE81 DrvDescribePixelFormat index=1 bytes=0 -> count=1
19 pid=FFFDDE81 DrvDescribePixelFormat index=1 bytes=0 -> count=1
20 pid=FFFDDE81 DrvDescribePixelFormat index=1 bytes=0 -> count=1
21 pid=FFFDDE81 DrvDescribePixelFormat index=1 bytes=0 -> count=1
22 pid=FFFDDE81 DrvDescribePixelFormat index=1 bytes=0 -> count=1
23 pid=FFFDDE81 DrvDescribePixelFormat index=1 bytes=0 -> count=1
24 pid=FFFDDE81 DrvDescribePixelFormat index=1 bytes=0 -> count=1
25 pid=FFFDDE81 DrvDescribePixelFormat index=1 bytes=0 -> count=1
26 pid=FFFDDE81 DrvDescribePixelFormat index=1 bytes=0 -> count=1
27 pid=FFFDDE81 DrvDescribePixelFormat index=1 bytes=0 -> count=1
28 pid=FFFDDE81 DrvDescribePixelFormat index=1 bytes=0 -> count=1
29 pid=FFFDDE81 DrvDescribePixelFormat index=1 bytes=0 -> count=1
30 pid=FFFDDE81 DrvDescribePixelFormat index=1 bytes=0 -> count=1
31 pid=FFFDDE81 DrvDescribePixelFormat index=1 bytes=0 -> count=1
32 pid=FFFDDE81 DrvDescribePixelFormat index=1 bytes=0 -> count=1
33 pid=FFFDDE81 DrvDescribePixelFormat index=1 bytes=40 -> count=1
34 pid=FFFDDE81 DrvDescribePixelFormat index=1 bytes=0 -> count=1
35 pid=FFFDDE81 DrvDescribePixelFormat index=1 bytes=0 -> count=1
36 pid=FFFDDE81 DrvDescribePixelFormat index=1 bytes=0 -> count=1
37 pid=FFFDDE81 DrvDescribePixelFormat index=1 bytes=0 -> count=1
38 pid=FFFDDE81 DrvDescribePixelFormat index=1 bytes=0 -> count=1
39 pid=FFFDDE81 DrvDescribePixelFormat index=1 bytes=0 -> count=1
40 pid=FFFDDE81 DrvDescribePixelFormat index=1 bytes=0 -> count=1
41 pid=FFFDDE81 DrvDescribePixelFormat index=1 bytes=0 -> count=1
42 pid=FFFDDE81 DrvDescribePixelFormat index=1 bytes=0 -> count=1
43 pid=FFFDDE81 DrvDescribePixelFormat index=1 bytes=0 -> count=1
44 pid=FFFDDE81 DrvDescribePixelFormat index=1 bytes=0 -> count=1
45 pid=FFFDDE81 DrvDescribePixelFormat index=1 bytes=0 -> count=1
46 pid=FFFDDE81 DrvDescribePixelFormat index=1 bytes=0 -> count=1
47 pid=FFFDDE81 DrvDescribePixelFormat index=1 bytes=0 -> count=1
48 pid=FFFDDE81 DrvDescribePixelFormat index=1 bytes=0 -> count=1
49 pid=FFFDDE81 DrvDescribePixelFormat index=1 bytes=0 -> count=1
50 pid=FFFDDE81 DrvDescribePixelFormat index=1 bytes=0 -> count=1
51 pid=FFFDDE81 DrvDescribePixelFormat index=1 bytes=0 -> count=1
52 pid=FFFDDE81 DrvDescribePixelFormat index=1 bytes=0 -> count=1
53 pid=FFFDDE81 DrvDescribePixelFormat index=1 bytes=0 -> count=1
54 pid=FFFDDE81 DrvDescribePixelFormat index=1 bytes=0 -> count=1
55 pid=FFFDDE81 DrvDescribePixelFormat index=1 bytes=0 -> count=1
56 pid=FFFDDE81 DrvDescribePixelFormat index=1 bytes=0 -> count=1
57 pid=FFFDDE81 DrvDescribePixelFormat index=1 bytes=0 -> count=1
58 pid=FFFDDE81 DrvDescribePixelFormat index=1 bytes=0 -> count=1
59 pid=FFFDDE81 DrvDescribePixelFormat index=1 bytes=40 -> count=1
60 pid=FFFDDE81 DrvDescribePixelFormat index=1 bytes=0 -> count=1
61 pid=FFFDDE81 DrvSetPixelFormat hdc=00000776 index=1
62 pid=FFFDDE81 DrvDescribePixelFormat index=1 bytes=0 -> count=1
63 pid=FFFDDE81 DrvDescribePixelFormat index=1 bytes=40 -> count=1
64 pid=FFFDDE81 DrvCreateLayerContext hdc=00000776 layer=0 -> 1
65 pid=FFFDDE81 drawable window=0000023C 400x300
66 pid=FFFDDE81 DrvSetContext hdc=00000776 context=1 -> 1
67 pid=FFFDDE81 stub first-call slot=219 glPushAttrib
68 pid=FFFDDE81 state tex=0 size=00000000 tex=00000000 blend=00020100 depth=01020100 colour=FF00FF00 mask=7 scissor=0,0,400,300 fog=0
69 pid=FFFDDE81 paths batches/triangles untextured=1/6 hw=0/0 cpu=0/0 cpu-nonsquare=0/0 hw-refused=0/0
70 pid=FFFDDE81 counters hwtex live=0 creates=0 create-failed=0 evictions=0 uploads=0 upload-kb=0 stubs=1 failed r4=0 r7=0 r8=0 other=0
71 pid=FFFDDE81 state tex=1 size=00080008 tex=01010101 blend=00020100 depth=00020101 colour=FFFF0000 mask=7 scissor=0,0,400,300 fog=0
72 pid=FFFDDE81 draw result=4 triangles=3 submitted=0
73 pid=FFFDDE81   v0 sx=00000000 sy=43960000 sz=00000000 rhw=3F800000 tu=00000000 tv=00000000
74 pid=FFFDDE81   v1 sx=37480000 sy=43960000 sz=00000000 rhw=3F800000 tu=32E66667 tv=00000000
75 pid=FFFDDE81   v2 sx=43855555 sy=43960000 sz=3F3DA12F rhw=3EAAAAAB tu=3F800000 tv=00000000
76 pid=FFFDDE81 state tex=0 size=00000000 tex=00000000 blend=00020100 depth=00020100 colour=FFFFFF00 mask=7 scissor=0,0,400,300 fog=0
77 pid=FFFDDE81 state tex=2 size=00400040 tex=01010101 blend=00020100 depth=00020102 colour=FF00FFFF mask=7 scissor=0,0,400,300 fog=0
78 pid=FFFDDE81 draw result=4 triangles=6 submitted=0
79 pid=FFFDDE81   v0 sx=41A00002 sy=43820000 sz=3F000000 rhw=3F800000 tu=00000000 tv=00000000
80 pid=FFFDDE81   v1 sx=42A80000 sy=43820000 sz=3F000000 rhw=3F800000 tu=3F800000 tv=00000000
81 pid=FFFDDE81   v2 sx=42A80000 sy=43440000 sz=3F000000 rhw=3F800000 tu=3F800000 tv=3F800000
82 pid=FFFDDE81 state tex=3 size=01000100 tex=01010101 blend=00020100 depth=00020101 colour=FFFF8000 mask=7 scissor=0,0,400,300 fog=0
83 pid=FFFDDE81 draw result=4 triangles=2 submitted=0
84 pid=FFFDDE81   v0 sx=00000000 sy=43960000 sz=3F000000 rhw=3F800000 tu=00000000 tv=00000000
85 pid=FFFDDE81   v1 sx=43C80000 sy=43960000 sz=3F000000 rhw=3F800000 tu=3F800000 tv=00000000
86 pid=FFFDDE81   v2 sx=43C80000 sy=00000000 sz=3F000000 rhw=3F800000 tu=3F800000 tv=3F800000
87 pid=FFFDDE81 state tex=3 size=01000100 tex=01010200 blend=00020100 depth=00020101 colour=FFFFFFFF mask=7 scissor=0,0,400,300 fog=0
88 pid=FFFDDE81 draw result=4 triangles=2 submitted=0
89 pid=FFFDDE81   v0 sx=00000000 sy=43960000 sz=3F000000 rhw=3F800000 tu=00000000 tv=00000000
90 pid=FFFDDE81   v1 sx=43C80000 sy=43960000 sz=3F000000 rhw=3F800000 tu=3F800000 tv=00000000
91 pid=FFFDDE81   v2 sx=43C80000 sy=00000000 sz=3F000000 rhw=3F800000 tu=3F800000 tv=3F800000
92 pid=FFFDDE81 draw result=4 triangles=2 submitted=0
93 pid=FFFDDE81   v0 sx=00000000 sy=43960000 sz=3F000000 rhw=3F800000 tu=00000000 tv=00000000
94 pid=FFFDDE81   v1 sx=43C80000 sy=43960000 sz=3F000000 rhw=3F800000 tu=3F800000 tv=00000000
95 pid=FFFDDE81   v2 sx=43C80000 sy=00000000 sz=3F000000 rhw=3F800000 tu=3F800000 tv=3F800000
96 pid=FFFDDE81 state tex=4 size=00400040 tex=01010101 blend=00020100 depth=00020101 colour=FFFF8000 mask=7 scissor=0,0,400,300 fog=0
97 pid=FFFDDE81 draw result=4 triangles=2 submitted=0
98 pid=FFFDDE81   v0 sx=41A00002 sy=43820000 sz=3F000000 rhw=3F800000 tu=00000000 tv=00000000
99 pid=FFFDDE81   v1 sx=42A80000 sy=43820000 sz=3F000000 rhw=3F800000 tu=3F800000 tv=00000000
100 pid=FFFDDE81   v2 sx=42A80000 sy=43440000 sz=3F000000 rhw=3F800000 tu=3F800000 tv=3F800000
101 pid=FFFDDE81 state tex=5 size=00400040 tex=01010200 blend=01050600 depth=00020101 colour=54FFFFFF mask=7 scissor=0,0,400,300 fog=0
102 pid=FFFDDE81 state tex=5 size=00400040 tex=01010101 blend=01010300 depth=00020101 colour=FFFFFFFF mask=7 scissor=0,0,400,300 fog=0
103 pid=FFFDDE81 state tex=5 size=00400040 tex=01010200 blend=01010300 depth=00020101 colour=FFFFFFFF mask=7 scissor=0,0,400,300 fog=0
104 pid=FFFDDE81 state tex=6 size=00400040 tex=01010101 blend=00020100 depth=01040101 colour=FFFFFFFF mask=7 scissor=0,0,400,300 fog=0
105 pid=FFFDDE81 state tex=6 size=00400040 tex=01040101 blend=00020100 depth=01040101 colour=FFFF8000 mask=7 scissor=0,0,400,300 fog=0
106 pid=FFFDDE81 state tex=6 size=00400040 tex=01040202 blend=00020100 depth=01040101 colour=FFFFFFFF mask=7 scissor=0,0,400,300 fog=0
107 pid=FFFDDE81 state tex=6 size=00400040 tex=01010200 blend=00020100 depth=01040101 colour=FFFF8000 mask=7 scissor=0,0,400,300 fog=0
108 pid=FFFDDE81 state tex=7 size=00400010 tex=01010101 blend=00020100 depth=00020101 colour=FFFFFFFF mask=7 scissor=0,0,400,300 fog=0
109 pid=FFFDDE81 state tex=7 size=00400010 tex=01010101 blend=00020100 depth=00020102 colour=FFFFFFFF mask=7 scissor=0,0,400,300 fog=0
110 pid=FFFDDE81 state tex=8 size=00010001 tex=01010200 blend=00020100 depth=00020101 colour=FFFFFFFF mask=7 scissor=0,0,400,300 fog=0
111 pid=FFFDDE81 state tex=9 size=00020002 tex=01010200 blend=00020100 depth=00020101 colour=FFFFFFFF mask=7 scissor=0,0,400,300 fog=0
112 pid=FFFDDE81 state tex=10 size=00040004 tex=01010200 blend=00020100 depth=00020101 colour=FFFFFFFF mask=7 scissor=0,0,400,300 fog=0
113 pid=FFFDDE81 state tex=11 size=00040001 tex=01010200 blend=00020100 depth=00020101 colour=FFFFFFFF mask=7 scissor=0,0,400,300 fog=0
114 pid=FFFDDE81 state tex=12 size=00010004 tex=01010200 blend=00020100 depth=00020101 colour=FFFFFFFF mask=7 scissor=0,0,400,300 fog=0
115 pid=FFFDDE81 DrvReleaseContext context=1 -> 1
116 pid=FFFDDE81 DrvDescribePixelFormat index=1 bytes=0 -> count=1
117 pid=FFFDDE81 DrvDescribePixelFormat index=1 bytes=40 -> count=1
118 pid=FFFDDE81 DrvCreateLayerContext hdc=00000776 layer=0 -> 2
119 pid=FFFDDE81 DrvSetContext hdc=00000776 context=2 -> 1
120 pid=FFFDDE81 state tex=1 size=00400040 tex=01010200 blend=00020100 depth=00020103 colour=FFFFFFFF mask=7 scissor=0,0,400,300 fog=0
121 pid=FFFDDE81 DrvReleaseContext context=2 -> 1
122 pid=FFFDDE81 paths batches/triangles untextured=4/16 hw=0/0 cpu=21/49 cpu-nonsquare=5/12 hw-refused=0/0
123 pid=FFFDDE81 counters hwtex live=0 creates=0 create-failed=0 evictions=0 uploads=0 upload-kb=0 stubs=1 failed r4=26 r7=0 r8=0 other=0
124 pid=FFFDDE81 DrvDeleteContext context=2 -> 1
125 pid=FFFDDE81 DrvDescribePixelFormat index=1 bytes=0 -> count=1
126 pid=FFFDDE81 DrvDescribePixelFormat index=1 bytes=40 -> count=1
127 pid=FFFDDE81 DrvCreateLayerContext hdc=00000776 layer=0 -> 2
128 pid=FFFDDE81 DrvSetContext hdc=00000776 context=2 -> 1
129 pid=FFFDDE81 DrvReleaseContext context=2 -> 1
130 pid=FFFDDE81 paths batches/triangles untextured=4/16 hw=0/0 cpu=22/50 cpu-nonsquare=5/12 hw-refused=0/0
131 pid=FFFDDE81 counters hwtex live=0 creates=0 create-failed=0 evictions=0 uploads=0 upload-kb=0 stubs=1 failed r4=27 r7=0 r8=0 other=0
132 pid=FFFDDE81 DrvDeleteContext context=2 -> 1
133 pid=FFFDDE81 DrvDescribePixelFormat index=1 bytes=0 -> count=1
134 pid=FFFDDE81 DrvDescribePixelFormat index=1 bytes=40 -> count=1
135 pid=FFFDDE81 DrvCreateLayerContext hdc=00000776 layer=0 -> 2
136 pid=FFFDDE81 DrvSetContext hdc=00000776 context=2 -> 1
137 pid=FFFDDE81 DrvReleaseContext context=2 -> 1
138 pid=FFFDDE81 paths batches/triangles untextured=4/16 hw=0/0 cpu=23/51 cpu-nonsquare=5/12 hw-refused=0/0
139 pid=FFFDDE81 counters hwtex live=0 creates=0 create-failed=0 evictions=0 uploads=0 upload-kb=0 stubs=1 failed r4=28 r7=0 r8=0 other=0
140 pid=FFFDDE81 DrvDeleteContext context=2 -> 1
141 pid=FFFDDE81 DrvDescribePixelFormat index=1 bytes=0 -> count=1
142 pid=FFFDDE81 DrvDescribePixelFormat index=1 bytes=40 -> count=1
143 pid=FFFDDE81 DrvCreateLayerContext hdc=00000776 layer=0 -> 2
144 pid=FFFDDE81 DrvSetContext hdc=00000776 context=2 -> 1
145 pid=FFFDDE81 DrvReleaseContext context=2 -> 1
146 pid=FFFDDE81 paths batches/triangles untextured=4/16 hw=0/0 cpu=24/52 cpu-nonsquare=5/12 hw-refused=0/0
147 pid=FFFDDE81 counters hwtex live=0 creates=0 create-failed=0 evictions=0 uploads=0 upload-kb=0 stubs=1 failed r4=29 r7=0 r8=0 other=0
148 pid=FFFDDE81 DrvDeleteContext context=2 -> 1
149 pid=FFFDDE81 DrvDescribePixelFormat index=1 bytes=0 -> count=1
150 pid=FFFDDE81 DrvDescribePixelFormat index=1 bytes=40 -> count=1
151 pid=FFFDDE81 DrvCreateLayerContext hdc=00000776 layer=0 -> 2
152 pid=FFFDDE81 DrvSetContext hdc=00000776 context=2 -> 1
153 pid=FFFDDE81 DrvReleaseContext context=2 -> 1
154 pid=FFFDDE81 paths batches/triangles untextured=4/16 hw=0/0 cpu=25/53 cpu-nonsquare=5/12 hw-refused=0/0
155 pid=FFFDDE81 counters hwtex live=0 creates=0 create-failed=0 evictions=0 uploads=0 upload-kb=0 stubs=1 failed r4=30 r7=0 r8=0 other=0
156 pid=FFFDDE81 DrvDeleteContext context=2 -> 1
157 pid=FFFDDE81 DrvDescribePixelFormat index=1 bytes=0 -> count=1
158 pid=FFFDDE81 DrvDescribePixelFormat index=1 bytes=40 -> count=1
159 pid=FFFDDE81 DrvCreateLayerContext hdc=00000776 layer=0 -> 2
160 pid=FFFDDE81 DrvSetContext hdc=00000776 context=2 -> 1
161 pid=FFFDDE81 DrvReleaseContext context=2 -> 1
162 pid=FFFDDE81 paths batches/triangles untextured=4/16 hw=0/0 cpu=26/54 cpu-nonsquare=5/12 hw-refused=0/0
163 pid=FFFDDE81 counters hwtex live=0 creates=0 create-failed=0 evictions=0 uploads=0 upload-kb=0 stubs=1 failed r4=31 r7=0 r8=0 other=0
164 pid=FFFDDE81 DrvDeleteContext context=2 -> 1
165 pid=FFFDDE81 DrvDescribePixelFormat index=1 bytes=0 -> count=1
166 pid=FFFDDE81 DrvDescribePixelFormat index=1 bytes=40 -> count=1
167 pid=FFFDDE81 DrvCreateLayerContext hdc=00000776 layer=0 -> 2
168 pid=FFFDDE81 DrvSetContext hdc=00000776 context=2 -> 1
169 pid=FFFDDE81 DrvReleaseContext context=2 -> 1
170 pid=FFFDDE81 paths batches/triangles untextured=4/16 hw=0/0 cpu=27/55 cpu-nonsquare=5/12 hw-refused=0/0
171 pid=FFFDDE81 counters hwtex live=0 creates=0 create-failed=0 evictions=0 uploads=0 upload-kb=0 stubs=1 failed r4=32 r7=0 r8=0 other=0
172 pid=FFFDDE81 DrvDeleteContext context=2 -> 1
173 pid=FFFDDE81 DrvDescribePixelFormat index=1 bytes=0 -> count=1
174 pid=FFFDDE81 DrvDescribePixelFormat index=1 bytes=40 -> count=1
175 pid=FFFDDE81 DrvCreateLayerContext hdc=00000776 layer=0 -> 2
176 pid=FFFDDE81 DrvSetContext hdc=00000776 context=2 -> 1
177 pid=FFFDDE81 DrvReleaseContext context=2 -> 1
178 pid=FFFDDE81 paths batches/triangles untextured=4/16 hw=0/0 cpu=28/56 cpu-nonsquare=5/12 hw-refused=0/0
179 pid=FFFDDE81 counters hwtex live=0 creates=0 create-failed=0 evictions=0 uploads=0 upload-kb=0 stubs=1 failed r4=33 r7=0 r8=0 other=0
180 pid=FFFDDE81 DrvDeleteContext context=2 -> 1
181 pid=FFFDDE81 DrvDescribePixelFormat index=1 bytes=0 -> count=1
182 pid=FFFDDE81 DrvDescribePixelFormat index=1 bytes=40 -> count=1
183 pid=FFFDDE81 DrvCreateLayerContext hdc=00000776 layer=0 -> 2
184 pid=FFFDDE81 DrvSetContext hdc=00000776 context=2 -> 1
185 pid=FFFDDE81 DrvReleaseContext context=2 -> 1
186 pid=FFFDDE81 paths batches/triangles untextured=4/16 hw=0/0 cpu=29/57 cpu-nonsquare=5/12 hw-refused=0/0
187 pid=FFFDDE81 counters hwtex live=0 creates=0 create-failed=0 evictions=0 uploads=0 upload-kb=0 stubs=1 failed r4=34 r7=0 r8=0 other=0
188 pid=FFFDDE81 DrvDeleteContext context=2 -> 1
189 pid=FFFDDE81 DrvDescribePixelFormat index=1 bytes=0 -> count=1
190 pid=FFFDDE81 DrvDescribePixelFormat index=1 bytes=40 -> count=1
191 pid=FFFDDE81 DrvCreateLayerContext hdc=00000776 layer=0 -> 2
192 pid=FFFDDE81 DrvSetContext hdc=00000776 context=2 -> 1
193 pid=FFFDDE81 DrvReleaseContext context=2 -> 1
194 pid=FFFDDE81 paths batches/triangles untextured=4/16 hw=0/0 cpu=30/58 cpu-nonsquare=5/12 hw-refused=0/0
195 pid=FFFDDE81 counters hwtex live=0 creates=0 create-failed=0 evictions=0 uploads=0 upload-kb=0 stubs=1 failed r4=35 r7=0 r8=0 other=0
196 pid=FFFDDE81 DrvDeleteContext context=2 -> 1
197 pid=FFFDDE81 DrvDescribePixelFormat index=1 bytes=0 -> count=1
198 pid=FFFDDE81 DrvDescribePixelFormat index=1 bytes=40 -> count=1
199 pid=FFFDDE81 DrvCreateLayerContext hdc=00000776 layer=0 -> 2
200 pid=FFFDDE81 DrvSetContext hdc=00000776 context=2 -> 1
201 pid=FFFDDE81 DrvReleaseContext context=2 -> 1
202 pid=FFFDDE81 paths batches/triangles untextured=4/16 hw=0/0 cpu=31/59 cpu-nonsquare=5/12 hw-refused=0/0
203 pid=FFFDDE81 counters hwtex live=0 creates=0 create-failed=0 evictions=0 uploads=0 upload-kb=0 stubs=1 failed r4=36 r7=0 r8=0 other=0
204 pid=FFFDDE81 DrvDeleteContext context=2 -> 1
205 pid=FFFDDE81 DrvDescribePixelFormat index=1 bytes=0 -> count=1
206 pid=FFFDDE81 DrvDescribePixelFormat index=1 bytes=40 -> count=1
207 pid=FFFDDE81 DrvCreateLayerContext hdc=00000776 layer=0 -> 2
208 pid=FFFDDE81 DrvSetContext hdc=00000776 context=2 -> 1
209 pid=FFFDDE81 DrvReleaseContext context=2 -> 1
210 pid=FFFDDE81 paths batches/triangles untextured=4/16 hw=0/0 cpu=32/60 cpu-nonsquare=5/12 hw-refused=0/0
211 pid=FFFDDE81 counters hwtex live=0 creates=0 create-failed=0 evictions=0 uploads=0 upload-kb=0 stubs=1 failed r4=37 r7=0 r8=0 other=0
212 pid=FFFDDE81 DrvDeleteContext context=2 -> 1
213 pid=FFFDDE81 DrvDescribePixelFormat index=1 bytes=0 -> count=1
214 pid=FFFDDE81 DrvDescribePixelFormat index=1 bytes=40 -> count=1
215 pid=FFFDDE81 DrvCreateLayerContext hdc=00000776 layer=0 -> 2
216 pid=FFFDDE81 DrvSetContext hdc=00000776 context=2 -> 1
217 pid=FFFDDE81 DrvReleaseContext context=2 -> 1
218 pid=FFFDDE81 paths batches/triangles untextured=4/16 hw=0/0 cpu=33/61 cpu-nonsquare=5/12 hw-refused=0/0
219 pid=FFFDDE81 counters hwtex live=0 creates=0 create-failed=0 evictions=0 uploads=0 upload-kb=0 stubs=1 failed r4=38 r7=0 r8=0 other=0
220 pid=FFFDDE81 DrvDeleteContext context=2 -> 1
221 pid=FFFDDE81 DrvDescribePixelFormat index=1 bytes=0 -> count=1
222 pid=FFFDDE81 DrvDescribePixelFormat index=1 bytes=40 -> count=1
223 pid=FFFDDE81 DrvCreateLayerContext hdc=00000776 layer=0 -> 2
224 pid=FFFDDE81 DrvSetContext hdc=00000776 context=2 -> 1
225 pid=FFFDDE81 DrvReleaseContext context=2 -> 1
226 pid=FFFDDE81 paths batches/triangles untextured=4/16 hw=0/0 cpu=34/62 cpu-nonsquare=5/12 hw-refused=0/0
227 pid=FFFDDE81 counters hwtex live=0 creates=0 create-failed=0 evictions=0 uploads=0 upload-kb=0 stubs=1 failed r4=39 r7=0 r8=0 other=0
228 pid=FFFDDE81 DrvDeleteContext context=2 -> 1
229 pid=FFFDDE81 DrvDescribePixelFormat index=1 bytes=0 -> count=1
230 pid=FFFDDE81 DrvDescribePixelFormat index=1 bytes=40 -> count=1
231 pid=FFFDDE81 DrvCreateLayerContext hdc=00000776 layer=0 -> 2
232 pid=FFFDDE81 DrvSetContext hdc=00000776 context=2 -> 1
233 pid=FFFDDE81 DrvReleaseContext context=2 -> 1
234 pid=FFFDDE81 paths batches/triangles untextured=4/16 hw=0/0 cpu=35/63 cpu-nonsquare=5/12 hw-refused=0/0
235 pid=FFFDDE81 counters hwtex live=0 creates=0 create-failed=0 evictions=0 uploads=0 upload-kb=0 stubs=1 failed r4=40 r7=0 r8=0 other=0
236 pid=FFFDDE81 DrvDeleteContext context=2 -> 1
237 pid=FFFDDE81 DrvDescribePixelFormat index=1 bytes=0 -> count=1
238 pid=FFFDDE81 DrvDescribePixelFormat index=1 bytes=40 -> count=1
239 pid=FFFDDE81 DrvCreateLayerContext hdc=00000776 layer=0 -> 2
240 pid=FFFDDE81 DrvSetContext hdc=00000776 context=2 -> 1
241 pid=FFFDDE81 DrvReleaseContext context=2 -> 1
242 pid=FFFDDE81 paths batches/triangles untextured=4/16 hw=0/0 cpu=36/64 cpu-nonsquare=5/12 hw-refused=0/0
243 pid=FFFDDE81 counters hwtex live=0 creates=0 create-failed=0 evictions=0 uploads=0 upload-kb=0 stubs=1 failed r4=41 r7=0 r8=0 other=0
244 pid=FFFDDE81 DrvDeleteContext context=2 -> 1
245 pid=FFFDDE81 DrvDescribePixelFormat index=1 bytes=0 -> count=1
246 pid=FFFDDE81 DrvDescribePixelFormat index=1 bytes=40 -> count=1
247 pid=FFFDDE81 DrvCreateLayerContext hdc=00000776 layer=0 -> 2
248 pid=FFFDDE81 DrvSetContext hdc=00000776 context=2 -> 1
249 pid=FFFDDE81 DrvReleaseContext context=2 -> 1
250 pid=FFFDDE81 paths batches/triangles untextured=4/16 hw=0/0 cpu=37/65 cpu-nonsquare=5/12 hw-refused=0/0
251 pid=FFFDDE81 counters hwtex live=0 creates=0 create-failed=0 evictions=0 uploads=0 upload-kb=0 stubs=1 failed r4=42 r7=0 r8=0 other=0
252 pid=FFFDDE81 DrvDeleteContext context=2 -> 1
253 pid=FFFDDE81 DrvDescribePixelFormat index=1 bytes=0 -> count=1
254 pid=FFFDDE81 DrvDescribePixelFormat index=1 bytes=40 -> count=1
255 pid=FFFDDE81 DrvCreateLayerContext hdc=00000776 layer=0 -> 2
256 pid=FFFDDE81 DrvSetContext hdc=00000776 context=2 -> 1
257 pid=FFFDDE81 DrvReleaseContext context=2 -> 1
258 pid=FFFDDE81 paths batches/triangles untextured=4/16 hw=0/0 cpu=38/66 cpu-nonsquare=5/12 hw-refused=0/0
259 pid=FFFDDE81 counters hwtex live=0 creates=0 create-failed=0 evictions=0 uploads=0 upload-kb=0 stubs=1 failed r4=43 r7=0 r8=0 other=0
260 pid=FFFDDE81 DrvDeleteContext context=2 -> 1
261 pid=FFFDDE81 DrvDescribePixelFormat index=1 bytes=0 -> count=1
262 pid=FFFDDE81 DrvDescribePixelFormat index=1 bytes=40 -> count=1
263 pid=FFFDDE81 DrvCreateLayerContext hdc=00000776 layer=0 -> 2
264 pid=FFFDDE81 DrvSetContext hdc=00000776 context=2 -> 1
265 pid=FFFDDE81 DrvReleaseContext context=2 -> 1
266 pid=FFFDDE81 paths batches/triangles untextured=4/16 hw=0/0 cpu=39/67 cpu-nonsquare=5/12 hw-refused=0/0
267 pid=FFFDDE81 counters hwtex live=0 creates=0 create-failed=0 evictions=0 uploads=0 upload-kb=0 stubs=1 failed r4=44 r7=0 r8=0 other=0
268 pid=FFFDDE81 DrvDeleteContext context=2 -> 1
269 pid=FFFDDE81 DrvDescribePixelFormat index=1 bytes=0 -> count=1
270 pid=FFFDDE81 DrvDescribePixelFormat index=1 bytes=40 -> count=1
271 pid=FFFDDE81 DrvCreateLayerContext hdc=00000776 layer=0 -> 2
272 pid=FFFDDE81 DrvSetContext hdc=00000776 context=2 -> 1
273 pid=FFFDDE81 DrvReleaseContext context=2 -> 1
274 pid=FFFDDE81 paths batches/triangles untextured=4/16 hw=0/0 cpu=40/68 cpu-nonsquare=5/12 hw-refused=0/0
275 pid=FFFDDE81 counters hwtex live=0 creates=0 create-failed=0 evictions=0 uploads=0 upload-kb=0 stubs=1 failed r4=45 r7=0 r8=0 other=0
276 pid=FFFDDE81 DrvDeleteContext context=2 -> 1
277 pid=FFFDDE81 DrvDescribePixelFormat index=1 bytes=0 -> count=1
278 pid=FFFDDE81 DrvDescribePixelFormat index=1 bytes=40 -> count=1
279 pid=FFFDDE81 DrvCreateLayerContext hdc=00000776 layer=0 -> 2
280 pid=FFFDDE81 DrvSetContext hdc=00000776 context=2 -> 1
281 pid=FFFDDE81 DrvReleaseContext context=2 -> 1
282 pid=FFFDDE81 paths batches/triangles untextured=4/16 hw=0/0 cpu=41/69 cpu-nonsquare=5/12 hw-refused=0/0
283 pid=FFFDDE81 counters hwtex live=0 creates=0 create-failed=0 evictions=0 uploads=0 upload-kb=0 stubs=1 failed r4=46 r7=0 r8=0 other=0
284 pid=FFFDDE81 DrvDeleteContext context=2 -> 1
285 pid=FFFDDE81 DrvDescribePixelFormat index=1 bytes=0 -> count=1
286 pid=FFFDDE81 DrvDescribePixelFormat index=1 bytes=40 -> count=1
287 pid=FFFDDE81 DrvCreateLayerContext hdc=00000776 layer=0 -> 2
288 pid=FFFDDE81 DrvSetContext hdc=00000776 context=2 -> 1
289 pid=FFFDDE81 DrvReleaseContext context=2 -> 1
290 pid=FFFDDE81 paths batches/triangles untextured=4/16 hw=0/0 cpu=42/70 cpu-nonsquare=5/12 hw-refused=0/0
291 pid=FFFDDE81 counters hwtex live=0 creates=0 create-failed=0 evictions=0 uploads=0 upload-kb=0 stubs=1 failed r4=47 r7=0 r8=0 other=0
292 pid=FFFDDE81 DrvDeleteContext context=2 -> 1
293 pid=FFFDDE81 DrvDescribePixelFormat index=1 bytes=0 -> count=1
294 pid=FFFDDE81 DrvDescribePixelFormat index=1 bytes=40 -> count=1
295 pid=FFFDDE81 DrvCreateLayerContext hdc=00000776 layer=0 -> 2
296 pid=FFFDDE81 DrvSetContext hdc=00000776 context=2 -> 1
297 pid=FFFDDE81 DrvReleaseContext context=2 -> 1
298 pid=FFFDDE81 paths batches/triangles untextured=4/16 hw=0/0 cpu=43/71 cpu-nonsquare=5/12 hw-refused=0/0
299 pid=FFFDDE81 counters hwtex live=0 creates=0 create-failed=0 evictions=0 uploads=0 upload-kb=0 stubs=1 failed r4=48 r7=0 r8=0 other=0
300 pid=FFFDDE81 DrvDeleteContext context=2 -> 1
301 pid=FFFDDE81 DrvDescribePixelFormat index=1 bytes=0 -> count=1
302 pid=FFFDDE81 DrvDescribePixelFormat index=1 bytes=40 -> count=1
303 pid=FFFDDE81 DrvCreateLayerContext hdc=00000776 layer=0 -> 2
304 pid=FFFDDE81 DrvSetContext hdc=00000776 context=2 -> 1
305 pid=FFFDDE81 DrvReleaseContext context=2 -> 1
306 pid=FFFDDE81 paths batches/triangles untextured=4/16 hw=0/0 cpu=44/72 cpu-nonsquare=5/12 hw-refused=0/0
307 pid=FFFDDE81 counters hwtex live=0 creates=0 create-failed=0 evictions=0 uploads=0 upload-kb=0 stubs=1 failed r4=49 r7=0 r8=0 other=0
308 pid=FFFDDE81 DrvDeleteContext context=2 -> 1
309 pid=FFFDDE81 DrvDescribePixelFormat index=1 bytes=0 -> count=1
310 pid=FFFDDE81 DrvDescribePixelFormat index=1 bytes=40 -> count=1
311 pid=FFFDDE81 DrvCreateLayerContext hdc=00000776 layer=0 -> 2
312 pid=FFFDDE81 DrvSetContext hdc=00000776 context=2 -> 1
313 pid=FFFDDE81 DrvReleaseContext context=2 -> 1
314 pid=FFFDDE81 paths batches/triangles untextured=4/16 hw=0/0 cpu=45/73 cpu-nonsquare=5/12 hw-refused=0/0
315 pid=FFFDDE81 counters hwtex live=0 creates=0 create-failed=0 evictions=0 uploads=0 upload-kb=0 stubs=1 failed r4=50 r7=0 r8=0 other=0
316 pid=FFFDDE81 DrvDeleteContext context=2 -> 1
317 pid=FFFDDE81 DrvDescribePixelFormat index=1 bytes=0 -> count=1
318 pid=FFFDDE81 DrvDescribePixelFormat index=1 bytes=40 -> count=1
319 pid=FFFDDE81 DrvCreateLayerContext hdc=00000776 layer=0 -> 2
320 pid=FFFDDE81 drawable window=0000023C 360x280
321 pid=FFFDDE81 DrvSetContext hdc=00000776 context=2 -> 1
322 pid=FFFDDE81 DrvReleaseContext context=2 -> 1
323 pid=FFFDDE81 paths batches/triangles untextured=4/16 hw=0/0 cpu=46/74 cpu-nonsquare=5/12 hw-refused=0/0
324 pid=FFFDDE81 counters hwtex live=0 creates=0 create-failed=0 evictions=0 uploads=0 upload-kb=0 stubs=1 failed r4=51 r7=0 r8=0 other=0
325 pid=FFFDDE81 DrvDeleteContext context=2 -> 1
326 pid=FFFDDE81 DrvDescribePixelFormat index=1 bytes=0 -> count=1
327 pid=FFFDDE81 DrvDescribePixelFormat index=1 bytes=40 -> count=1
328 pid=FFFDDE81 DrvCreateLayerContext hdc=00000776 layer=0 -> 2
329 pid=FFFDDE81 DrvSetContext hdc=00000776 context=2 -> 1
330 pid=FFFDDE81 DrvReleaseContext context=2 -> 1
331 pid=FFFDDE81 paths batches/triangles untextured=4/16 hw=0/0 cpu=47/75 cpu-nonsquare=5/12 hw-refused=0/0
332 pid=FFFDDE81 counters hwtex live=0 creates=0 create-failed=0 evictions=0 uploads=0 upload-kb=0 stubs=1 failed r4=52 r7=0 r8=0 other=0
333 pid=FFFDDE81 DrvDeleteContext context=2 -> 1
334 pid=FFFDDE81 DrvDescribePixelFormat index=1 bytes=0 -> count=1
335 pid=FFFDDE81 DrvDescribePixelFormat index=1 bytes=40 -> count=1
336 pid=FFFDDE81 DrvCreateLayerContext hdc=00000776 layer=0 -> 2
337 pid=FFFDDE81 DrvSetContext hdc=00000776 context=2 -> 1
338 pid=FFFDDE81 DrvReleaseContext context=2 -> 1
339 pid=FFFDDE81 paths batches/triangles untextured=4/16 hw=0/0 cpu=48/76 cpu-nonsquare=5/12 hw-refused=0/0
340 pid=FFFDDE81 counters hwtex live=0 creates=0 create-failed=0 evictions=0 uploads=0 upload-kb=0 stubs=1 failed r4=53 r7=0 r8=0 other=0
341 pid=FFFDDE81 DrvDeleteContext context=2 -> 1
342 pid=FFFDDE81 DrvDescribePixelFormat index=1 bytes=0 -> count=1
343 pid=FFFDDE81 DrvDescribePixelFormat index=1 bytes=40 -> count=1
344 pid=FFFDDE81 DrvCreateLayerContext hdc=00000776 layer=0 -> 2
345 pid=FFFDDE81 DrvSetContext hdc=00000776 context=2 -> 1
346 pid=FFFDDE81 DrvReleaseContext context=2 -> 1
347 pid=FFFDDE81 paths batches/triangles untextured=4/16 hw=0/0 cpu=49/77 cpu-nonsquare=5/12 hw-refused=0/0
348 pid=FFFDDE81 counters hwtex live=0 creates=0 create-failed=0 evictions=0 uploads=0 upload-kb=0 stubs=1 failed r4=54 r7=0 r8=0 other=0
349 pid=FFFDDE81 DrvDeleteContext context=2 -> 1
350 pid=FFFDDE81 DrvDescribePixelFormat index=1 bytes=0 -> count=1
351 pid=FFFDDE81 DrvDescribePixelFormat index=1 bytes=40 -> count=1
352 pid=FFFDDE81 DrvCreateLayerContext hdc=00000776 layer=0 -> 2
353 pid=FFFDDE81 DrvSetContext hdc=00000776 context=2 -> 1
354 pid=FFFDDE81 DrvReleaseContext context=2 -> 1
355 pid=FFFDDE81 paths batches/triangles untextured=4/16 hw=0/0 cpu=50/78 cpu-nonsquare=5/12 hw-refused=0/0
356 pid=FFFDDE81 counters hwtex live=0 creates=0 create-failed=0 evictions=0 uploads=0 upload-kb=0 stubs=1 failed r4=55 r7=0 r8=0 other=0
357 pid=FFFDDE81 DrvDeleteContext context=2 -> 1
358 pid=FFFDDE81 DrvDescribePixelFormat index=1 bytes=0 -> count=1
359 pid=FFFDDE81 DrvDescribePixelFormat index=1 bytes=40 -> count=1
360 pid=FFFDDE81 DrvCreateLayerContext hdc=00000776 layer=0 -> 2
361 pid=FFFDDE81 DrvSetContext hdc=00000776 context=2 -> 1
362 pid=FFFDDE81 DrvReleaseContext context=2 -> 1
363 pid=FFFDDE81 paths batches/triangles untextured=4/16 hw=0/0 cpu=51/79 cpu-nonsquare=5/12 hw-refused=0/0
364 pid=FFFDDE81 counters hwtex live=0 creates=0 create-failed=0 evictions=0 uploads=0 upload-kb=0 stubs=1 failed r4=56 r7=0 r8=0 other=0
365 pid=FFFDDE81 DrvDeleteContext context=2 -> 1
366 pid=FFFDDE81 DrvDescribePixelFormat index=1 bytes=0 -> count=1
367 pid=FFFDDE81 DrvDescribePixelFormat index=1 bytes=40 -> count=1
368 pid=FFFDDE81 DrvCreateLayerContext hdc=00000776 layer=0 -> 2
369 pid=FFFDDE81 DrvSetContext hdc=00000776 context=2 -> 1
370 pid=FFFDDE81 DrvReleaseContext context=2 -> 1
371 pid=FFFDDE81 paths batches/triangles untextured=4/16 hw=0/0 cpu=52/80 cpu-nonsquare=5/12 hw-refused=0/0
372 pid=FFFDDE81 counters hwtex live=0 creates=0 create-failed=0 evictions=0 uploads=0 upload-kb=0 stubs=1 failed r4=57 r7=0 r8=0 other=0
373 pid=FFFDDE81 DrvDeleteContext context=2 -> 1
374 pid=FFFDDE81 DrvDescribePixelFormat index=1 bytes=0 -> count=1
375 pid=FFFDDE81 DrvDescribePixelFormat index=1 bytes=40 -> count=1
376 pid=FFFDDE81 DrvCreateLayerContext hdc=00000776 layer=0 -> 2
377 pid=FFFDDE81 DrvSetContext hdc=00000776 context=2 -> 1
378 pid=FFFDDE81 DrvReleaseContext context=2 -> 1
379 pid=FFFDDE81 paths batches/triangles untextured=4/16 hw=0/0 cpu=53/81 cpu-nonsquare=5/12 hw-refused=0/0
380 pid=FFFDDE81 counters hwtex live=0 creates=0 create-failed=0 evictions=0 uploads=0 upload-kb=0 stubs=1 failed r4=58 r7=0 r8=0 other=0
381 pid=FFFDDE81 DrvDeleteContext context=2 -> 1
382 pid=FFFDDE81 DrvDescribePixelFormat index=1 bytes=0 -> count=1
383 pid=FFFDDE81 DrvDescribePixelFormat index=1 bytes=40 -> count=1
384 pid=FFFDDE81 DrvCreateLayerContext hdc=00000776 layer=0 -> 2
385 pid=FFFDDE81 DrvSetContext hdc=00000776 context=2 -> 1
386 pid=FFFDDE81 DrvReleaseContext context=2 -> 1
387 pid=FFFDDE81 paths batches/triangles untextured=4/16 hw=0/0 cpu=54/82 cpu-nonsquare=5/12 hw-refused=0/0
388 pid=FFFDDE81 counters hwtex live=0 creates=0 create-failed=0 evictions=0 uploads=0 upload-kb=0 stubs=1 failed r4=59 r7=0 r8=0 other=0
389 pid=FFFDDE81 DrvDeleteContext context=2 -> 1
390 pid=FFFDDE81 DrvDescribePixelFormat index=1 bytes=0 -> count=1
391 pid=FFFDDE81 DrvDescribePixelFormat index=1 bytes=40 -> count=1
392 pid=FFFDDE81 DrvCreateLayerContext hdc=00000776 layer=0 -> 2
393 pid=FFFDDE81 DrvSetContext hdc=00000776 context=2 -> 1
394 pid=FFFDDE81 DrvReleaseContext context=2 -> 1
395 pid=FFFDDE81 paths batches/triangles untextured=4/16 hw=0/0 cpu=55/83 cpu-nonsquare=5/12 hw-refused=0/0
396 pid=FFFDDE81 counters hwtex live=0 creates=0 create-failed=0 evictions=0 uploads=0 upload-kb=0 stubs=1 failed r4=60 r7=0 r8=0 other=0
397 pid=FFFDDE81 DrvDeleteContext context=2 -> 1
398 pid=FFFDDE81 DrvDescribePixelFormat index=1 bytes=0 -> count=1
399 pid=FFFDDE81 DrvDescribePixelFormat index=1 bytes=40 -> count=1
400 pid=FFFDDE81 DrvCreateLayerContext hdc=00000776 layer=0 -> 2
401 pid=FFFDDE81 DrvSetContext hdc=00000776 context=2 -> 1
402 pid=FFFDDE81 DrvReleaseContext context=2 -> 1
403 pid=FFFDDE81 paths batches/triangles untextured=4/16 hw=0/0 cpu=56/84 cpu-nonsquare=5/12 hw-refused=0/0
404 pid=FFFDDE81 counters hwtex live=0 creates=0 create-failed=0 evictions=0 uploads=0 upload-kb=0 stubs=1 failed r4=61 r7=0 r8=0 other=0
405 pid=FFFDDE81 DrvDeleteContext context=2 -> 1
406 pid=FFFDDE81 DrvDescribePixelFormat index=1 bytes=0 -> count=1
407 pid=FFFDDE81 DrvDescribePixelFormat index=1 bytes=40 -> count=1
408 pid=FFFDDE81 DrvCreateLayerContext hdc=00000776 layer=0 -> 2
409 pid=FFFDDE81 DrvSetContext hdc=00000776 context=2 -> 1
410 pid=FFFDDE81 DrvReleaseContext context=2 -> 1
411 pid=FFFDDE81 paths batches/triangles untextured=4/16 hw=0/0 cpu=57/85 cpu-nonsquare=5/12 hw-refused=0/0
412 pid=FFFDDE81 counters hwtex live=0 creates=0 create-failed=0 evictions=0 uploads=0 upload-kb=0 stubs=1 failed r4=62 r7=0 r8=0 other=0
413 pid=FFFDDE81 DrvDeleteContext context=2 -> 1
414 pid=FFFDDE81 DrvDescribePixelFormat index=1 bytes=0 -> count=1
415 pid=FFFDDE81 DrvDescribePixelFormat index=1 bytes=40 -> count=1
416 pid=FFFDDE81 DrvCreateLayerContext hdc=00000776 layer=0 -> 2
417 pid=FFFDDE81 DrvSetContext hdc=00000776 context=2 -> 1
418 pid=FFFDDE81 DrvReleaseContext context=2 -> 1
419 pid=FFFDDE81 paths batches/triangles untextured=4/16 hw=0/0 cpu=58/86 cpu-nonsquare=5/12 hw-refused=0/0
420 pid=FFFDDE81 counters hwtex live=0 creates=0 create-failed=0 evictions=0 uploads=0 upload-kb=0 stubs=1 failed r4=63 r7=0 r8=0 other=0
421 pid=FFFDDE81 DrvDeleteContext context=2 -> 1
422 pid=FFFDDE81 DrvDescribePixelFormat index=1 bytes=0 -> count=1
423 pid=FFFDDE81 DrvDescribePixelFormat index=1 bytes=40 -> count=1
424 pid=FFFDDE81 DrvCreateLayerContext hdc=00000776 layer=0 -> 2
425 pid=FFFDDE81 DrvSetContext hdc=00000776 context=2 -> 1
426 pid=FFFDDE81 DrvReleaseContext context=2 -> 1
427 pid=FFFDDE81 paths batches/triangles untextured=4/16 hw=0/0 cpu=59/87 cpu-nonsquare=5/12 hw-refused=0/0
428 pid=FFFDDE81 counters hwtex live=0 creates=0 create-failed=0 evictions=0 uploads=0 upload-kb=0 stubs=1 failed r4=64 r7=0 r8=0 other=0
429 pid=FFFDDE81 DrvDeleteContext context=2 -> 1
430 pid=FFFDDE81 DrvDescribePixelFormat index=1 bytes=0 -> count=1
431 pid=FFFDDE81 DrvDescribePixelFormat index=1 bytes=40 -> count=1
432 pid=FFFDDE81 DrvCreateLayerContext hdc=00000776 layer=0 -> 2
433 pid=FFFDDE81 DrvSetContext hdc=00000776 context=2 -> 1
434 pid=FFFDDE81 DrvReleaseContext context=2 -> 1
435 pid=FFFDDE81 paths batches/triangles untextured=4/16 hw=0/0 cpu=60/88 cpu-nonsquare=5/12 hw-refused=0/0
436 pid=FFFDDE81 counters hwtex live=0 creates=0 create-failed=0 evictions=0 uploads=0 upload-kb=0 stubs=1 failed r4=65 r7=0 r8=0 other=0
437 pid=FFFDDE81 DrvDeleteContext context=2 -> 1
438 pid=FFFDDE81 DrvDescribePixelFormat index=1 bytes=0 -> count=1
439 pid=FFFDDE81 DrvDescribePixelFormat index=1 bytes=40 -> count=1
440 pid=FFFDDE81 DrvCreateLayerContext hdc=00000776 layer=0 -> 2
441 pid=FFFDDE81 DrvSetContext hdc=00000776 context=2 -> 1
442 pid=FFFDDE81 DrvReleaseContext context=2 -> 1
443 pid=FFFDDE81 paths batches/triangles untextured=4/16 hw=0/0 cpu=61/89 cpu-nonsquare=5/12 hw-refused=0/0
444 pid=FFFDDE81 counters hwtex live=0 creates=0 create-failed=0 evictions=0 uploads=0 upload-kb=0 stubs=1 failed r4=66 r7=0 r8=0 other=0
445 pid=FFFDDE81 DrvDeleteContext context=2 -> 1
446 pid=FFFDDE81 DrvDescribePixelFormat index=1 bytes=0 -> count=1
447 pid=FFFDDE81 DrvDescribePixelFormat index=1 bytes=40 -> count=1
448 pid=FFFDDE81 DrvCreateLayerContext hdc=00000776 layer=0 -> 2
449 pid=FFFDDE81 DrvSetContext hdc=00000776 context=2 -> 1
450 pid=FFFDDE81 DrvReleaseContext context=2 -> 1
451 pid=FFFDDE81 paths batches/triangles untextured=4/16 hw=0/0 cpu=62/90 cpu-nonsquare=5/12 hw-refused=0/0
452 pid=FFFDDE81 counters hwtex live=0 creates=0 create-failed=0 evictions=0 uploads=0 upload-kb=0 stubs=1 failed r4=67 r7=0 r8=0 other=0
453 pid=FFFDDE81 DrvDeleteContext context=2 -> 1
454 pid=FFFDDE81 DrvDescribePixelFormat index=1 bytes=0 -> count=1
455 pid=FFFDDE81 DrvDescribePixelFormat index=1 bytes=40 -> count=1
456 pid=FFFDDE81 DrvCreateLayerContext hdc=00000776 layer=0 -> 2
457 pid=FFFDDE81 DrvSetContext hdc=00000776 context=2 -> 1
458 pid=FFFDDE81 DrvReleaseContext context=2 -> 1
459 pid=FFFDDE81 paths batches/triangles untextured=4/16 hw=0/0 cpu=63/91 cpu-nonsquare=5/12 hw-refused=0/0
460 pid=FFFDDE81 counters hwtex live=0 creates=0 create-failed=0 evictions=0 uploads=0 upload-kb=0 stubs=1 failed r4=68 r7=0 r8=0 other=0
461 pid=FFFDDE81 DrvDeleteContext context=2 -> 1
462 pid=FFFDDE81 DrvDescribePixelFormat index=1 bytes=0 -> count=1
463 pid=FFFDDE81 DrvDescribePixelFormat index=1 bytes=40 -> count=1
464 pid=FFFDDE81 DrvCreateLayerContext hdc=00000776 layer=0 -> 2
465 pid=FFFDDE81 DrvSetContext hdc=00000776 context=2 -> 1
466 pid=FFFDDE81 DrvReleaseContext context=2 -> 1
467 pid=FFFDDE81 paths batches/triangles untextured=4/16 hw=0/0 cpu=64/92 cpu-nonsquare=5/12 hw-refused=0/0
468 pid=FFFDDE81 counters hwtex live=0 creates=0 create-failed=0 evictions=0 uploads=0 upload-kb=0 stubs=1 failed r4=69 r7=0 r8=0 other=0
469 pid=FFFDDE81 DrvDeleteContext context=2 -> 1
470 pid=FFFDDE81 DrvDescribePixelFormat index=1 bytes=0 -> count=1
471 pid=FFFDDE81 DrvDescribePixelFormat index=1 bytes=40 -> count=1
472 pid=FFFDDE81 DrvCreateLayerContext hdc=00000776 layer=0 -> 2
473 pid=FFFDDE81 DrvSetContext hdc=00000776 context=2 -> 1
474 pid=FFFDDE81 DrvReleaseContext context=2 -> 1
475 pid=FFFDDE81 paths batches/triangles untextured=4/16 hw=0/0 cpu=65/93 cpu-nonsquare=5/12 hw-refused=0/0
476 pid=FFFDDE81 counters hwtex live=0 creates=0 create-failed=0 evictions=0 uploads=0 upload-kb=0 stubs=1 failed r4=70 r7=0 r8=0 other=0
477 pid=FFFDDE81 DrvDeleteContext context=2 -> 1
478 pid=FFFDDE81 DrvDescribePixelFormat index=1 bytes=0 -> count=1
479 pid=FFFDDE81 DrvDescribePixelFormat index=1 bytes=40 -> count=1
480 pid=FFFDDE81 DrvCreateLayerContext hdc=00000776 layer=0 -> 2
481 pid=FFFDDE81 DrvSetContext hdc=00000776 context=2 -> 1
482 pid=FFFDDE81 DrvReleaseContext context=2 -> 1
483 pid=FFFDDE81 paths batches/triangles untextured=4/16 hw=0/0 cpu=66/94 cpu-nonsquare=5/12 hw-refused=0/0
484 pid=FFFDDE81 counters hwtex live=0 creates=0 create-failed=0 evictions=0 uploads=0 upload-kb=0 stubs=1 failed r4=71 r7=0 r8=0 other=0
485 pid=FFFDDE81 DrvDeleteContext context=2 -> 1
486 pid=FFFDDE81 DrvDescribePixelFormat index=1 bytes=0 -> count=1
487 pid=FFFDDE81 DrvDescribePixelFormat index=1 bytes=40 -> count=1
488 pid=FFFDDE81 DrvCreateLayerContext hdc=00000776 layer=0 -> 2
489 pid=FFFDDE81 DrvSetContext hdc=00000776 context=2 -> 1
490 pid=FFFDDE81 DrvReleaseContext context=2 -> 1
491 pid=FFFDDE81 paths batches/triangles untextured=4/16 hw=0/0 cpu=67/95 cpu-nonsquare=5/12 hw-refused=0/0
492 pid=FFFDDE81 counters hwtex live=0 creates=0 create-failed=0 evictions=0 uploads=0 upload-kb=0 stubs=1 failed r4=72 r7=0 r8=0 other=0
493 pid=FFFDDE81 DrvDeleteContext context=2 -> 1
494 pid=FFFDDE81 DrvDescribePixelFormat index=1 bytes=0 -> count=1
495 pid=FFFDDE81 DrvDescribePixelFormat index=1 bytes=40 -> count=1
496 pid=FFFDDE81 DrvCreateLayerContext hdc=00000776 layer=0 -> 2
497 pid=FFFDDE81 DrvSetContext hdc=00000776 context=2 -> 1
498 pid=FFFDDE81 DrvReleaseContext context=2 -> 1
499 pid=FFFDDE81 paths batches/triangles untextured=4/16 hw=0/0 cpu=68/96 cpu-nonsquare=5/12 hw-refused=0/0
500 pid=FFFDDE81 counters hwtex live=0 creates=0 create-failed=0 evictions=0 uploads=0 upload-kb=0 stubs=1 failed r4=73 r7=0 r8=0 other=0
501 pid=FFFDDE81 DrvDeleteContext context=2 -> 1
502 pid=FFFDDE81 DrvDescribePixelFormat index=1 bytes=0 -> count=1
503 pid=FFFDDE81 DrvDescribePixelFormat index=1 bytes=40 -> count=1
504 pid=FFFDDE81 DrvCreateLayerContext hdc=00000776 layer=0 -> 2
505 pid=FFFDDE81 DrvSetContext hdc=00000776 context=2 -> 1
506 pid=FFFDDE81 DrvReleaseContext context=2 -> 1
507 pid=FFFDDE81 paths batches/triangles untextured=4/16 hw=0/0 cpu=69/97 cpu-nonsquare=5/12 hw-refused=0/0
508 pid=FFFDDE81 counters hwtex live=0 creates=0 create-failed=0 evictions=0 uploads=0 upload-kb=0 stubs=1 failed r4=74 r7=0 r8=0 other=0
509 pid=FFFDDE81 DrvDeleteContext context=2 -> 1
510 pid=FFFDDE81 DrvDescribePixelFormat index=1 bytes=0 -> count=1
511 pid=FFFDDE81 DrvDescribePixelFormat index=1 bytes=40 -> count=1
512 pid=FFFDDE81 DrvCreateLayerContext hdc=00000776 layer=0 -> 2
513 pid=FFFDDE81 DrvSetContext hdc=00000776 context=2 -> 1
514 pid=FFFDDE81 DrvReleaseContext context=2 -> 1
515 pid=FFFDDE81 paths batches/triangles untextured=4/16 hw=0/0 cpu=70/98 cpu-nonsquare=5/12 hw-refused=0/0
516 pid=FFFDDE81 counters hwtex live=0 creates=0 create-failed=0 evictions=0 uploads=0 upload-kb=0 stubs=1 failed r4=75 r7=0 r8=0 other=0
517 pid=FFFDDE81 DrvDeleteContext context=2 -> 1
518 pid=FFFDDE81 DrvSetContext hdc=00000776 context=1 -> 1
519 pid=FFFDDE81 DrvReleaseContext context=1 -> 1
520 pid=FFFDDE81 paths batches/triangles untextured=4/16 hw=0/0 cpu=70/98 cpu-nonsquare=5/12 hw-refused=0/0
521 pid=FFFDDE81 counters hwtex live=0 creates=0 create-failed=0 evictions=0 uploads=0 upload-kb=0 stubs=1 failed r4=75 r7=0 r8=0 other=0
522 pid=FFFDDE81 DrvDeleteContext context=1 -> 1
523 pid=FFFDDE81 detach slots-called=1 stub-calls=1
1 pid=FFFD35B1 attach instance=05EE0000 tls=22 build-marker=1
2 pid=FFFD35B1 DrvValidateVersion version=1
3 pid=FFFD35B1 DrvSetCallbackProcs count=3 procs=78B23978
4 pid=FFFD35B1 describe result=0 engine=2 formats=00000004
5 pid=FFFD35B1 DrvDescribePixelFormat index=1 bytes=0 -> count=1
6 pid=FFFD35B1 DrvDescribePixelFormat index=1 bytes=40 -> count=1
7 pid=FFFD35B1 DrvDescribePixelFormat index=1 bytes=0 -> count=1
8 pid=FFFD35B1 DrvDescribePixelFormat index=1 bytes=40 -> count=1
9 pid=FFFD35B1 DrvDescribePixelFormat index=1 bytes=0 -> count=1
10 pid=FFFD35B1 DrvDescribePixelFormat index=1 bytes=0 -> count=1
11 pid=FFFD35B1 DrvDescribePixelFormat index=1 bytes=0 -> count=1
12 pid=FFFD35B1 DrvDescribePixelFormat index=1 bytes=0 -> count=1
13 pid=FFFD35B1 DrvDescribePixelFormat index=1 bytes=0 -> count=1
14 pid=FFFD35B1 DrvDescribePixelFormat index=1 bytes=0 -> count=1
15 pid=FFFD35B1 DrvDescribePixelFormat index=1 bytes=0 -> count=1
16 pid=FFFD35B1 DrvDescribePixelFormat index=1 bytes=0 -> count=1
17 pid=FFFD35B1 DrvDescribePixelFormat index=1 bytes=0 -> count=1
18 pid=FFFD35B1 DrvDescribePixelFormat index=1 bytes=0 -> count=1
19 pid=FFFD35B1 DrvDescribePixelFormat index=1 bytes=0 -> count=1
20 pid=FFFD35B1 DrvDescribePixelFormat index=1 bytes=0 -> count=1
21 pid=FFFD35B1 DrvDescribePixelFormat index=1 bytes=0 -> count=1
22 pid=FFFD35B1 DrvDescribePixelFormat index=1 bytes=0 -> count=1
23 pid=FFFD35B1 DrvDescribePixelFormat index=1 bytes=0 -> count=1
24 pid=FFFD35B1 DrvDescribePixelFormat index=1 bytes=0 -> count=1
25 pid=FFFD35B1 DrvDescribePixelFormat index=1 bytes=0 -> count=1
26 pid=FFFD35B1 DrvDescribePixelFormat index=1 bytes=0 -> count=1
27 pid=FFFD35B1 DrvDescribePixelFormat index=1 bytes=0 -> count=1
28 pid=FFFD35B1 DrvDescribePixelFormat index=1 bytes=0 -> count=1
29 pid=FFFD35B1 DrvDescribePixelFormat index=1 bytes=0 -> count=1
30 pid=FFFD35B1 DrvDescribePixelFormat index=1 bytes=0 -> count=1
31 pid=FFFD35B1 DrvDescribePixelFormat index=1 bytes=0 -> count=1
32 pid=FFFD35B1 DrvDescribePixelFormat index=1 bytes=0 -> count=1
33 pid=FFFD35B1 DrvDescribePixelFormat index=1 bytes=0 -> count=1
34 pid=FFFD35B1 DrvDescribePixelFormat index=1 bytes=40 -> count=1
35 pid=FFFD35B1 DrvDescribePixelFormat index=1 bytes=0 -> count=1
36 pid=FFFD35B1 DrvSetPixelFormat hdc=00000772 index=1
37 pid=FFFD35B1 DrvDescribePixelFormat index=1 bytes=0 -> count=1
38 pid=FFFD35B1 DrvDescribePixelFormat index=1 bytes=40 -> count=1
39 pid=FFFD35B1 DrvCreateLayerContext hdc=00000772 layer=0 -> 1
40 pid=FFFD35B1 drawable window=0000029C 640x480
41 pid=FFFD35B1 DrvSetContext hdc=00000772 context=1 -> 1
42 pid=FFFD35B1 DrvGetProcAddress name=wglSwapIntervalEXT -> NULL
43 pid=FFFD35B1 state tex=1027 size=02000100 tex=01010200 blend=01050600 depth=00040001 colour=FFFFFFFF mask=7 scissor=0,0,640,480 fog=0
44 pid=FFFD35B1 draw result=4 triangles=3 submitted=0
45 pid=FFFD35B1   v0 sx=441FFFFF sy=43F00000 sz=00000000 rhw=3F800000 tu=3F7FBFFF tv=3F7F7FFF
46 pid=FFFD35B1   v1 sx=00000000 sy=00000000 sz=00000000 rhw=3F800000 tu=3A800000 tv=3B000000
47 pid=FFFD35B1   v2 sx=44200000 sy=00000000 sz=00000000 rhw=3F800000 tu=3F7FC000 tv=3B000000
48 pid=FFFD35B1 paths batches/triangles untextured=0/0 hw=0/0 cpu=0/0 cpu-nonsquare=1/3 hw-refused=0/0
49 pid=FFFD35B1 counters hwtex live=0 creates=0 create-failed=0 evictions=0 uploads=0 upload-kb=0 stubs=0 failed r4=1 r7=0 r8=0 other=0
50 pid=FFFD35B1 draw result=4 triangles=3 submitted=0
51 pid=FFFD35B1   v0 sx=441FFFFF sy=43F00000 sz=00000000 rhw=3F800000 tu=3F7FBFFF tv=3F7F7FFF
52 pid=FFFD35B1   v1 sx=00000000 sy=00000000 sz=00000000 rhw=3F800000 tu=3A800000 tv=3B000000
53 pid=FFFD35B1   v2 sx=44200000 sy=00000000 sz=00000000 rhw=3F800000 tu=3F7FC000 tv=3B000000
54 pid=FFFD35B1 draw result=4 triangles=3 submitted=0
55 pid=FFFD35B1   v0 sx=441FFFFF sy=43F00000 sz=00000000 rhw=3F800000 tu=3F7FBFFF tv=3F7F7FFF
56 pid=FFFD35B1   v1 sx=00000000 sy=00000000 sz=00000000 rhw=3F800000 tu=3A800000 tv=3B000000
57 pid=FFFD35B1   v2 sx=44200000 sy=00000000 sz=00000000 rhw=3F800000 tu=3F7FC000 tv=3B000000
58 pid=FFFD35B1 draw result=4 triangles=3 submitted=0
59 pid=FFFD35B1   v0 sx=441FFFFF sy=43F00000 sz=00000000 rhw=3F800000 tu=3F7FBFFF tv=3F7F7FFF
60 pid=FFFD35B1   v1 sx=00000000 sy=00000000 sz=00000000 rhw=3F800000 tu=3A800000 tv=3B000000
61 pid=FFFD35B1   v2 sx=44200000 sy=00000000 sz=00000000 rhw=3F800000 tu=3F7FC000 tv=3B000000
62 pid=FFFD35B1 draw result=4 triangles=3 submitted=0
63 pid=FFFD35B1   v0 sx=441FFFFF sy=43F00000 sz=00000000 rhw=3F800000 tu=3F7FBFFF tv=3F7F7FFF
64 pid=FFFD35B1   v1 sx=00000000 sy=00000000 sz=00000000 rhw=3F800000 tu=3A800000 tv=3B000000
65 pid=FFFD35B1   v2 sx=44200000 sy=00000000 sz=00000000 rhw=3F800000 tu=3F7FC000 tv=3B000000
66 pid=FFFD35B1 draw result=4 triangles=3 submitted=0
67 pid=FFFD35B1   v0 sx=441FFFFF sy=43F00000 sz=00000000 rhw=3F800000 tu=3F7FBFFF tv=3F7F7FFF
68 pid=FFFD35B1   v1 sx=00000000 sy=00000000 sz=00000000 rhw=3F800000 tu=3A800000 tv=3B000000
69 pid=FFFD35B1   v2 sx=44200000 sy=00000000 sz=00000000 rhw=3F800000 tu=3F7FC000 tv=3B000000
70 pid=FFFD35B1 state tex=1041 size=02000200 tex=01010200 blend=00050600 depth=01040101 colour=FFFFFFFF mask=7 scissor=0,0,640,480 fog=0
71 pid=FFFD35B1 state tex=1048 size=00800080 tex=01010200 blend=00050600 depth=01040101 colour=FFFFFFFF mask=7 scissor=0,0,640,480 fog=0
72 pid=FFFD35B1 state tex=1049 size=00800080 tex=01010200 blend=01020200 depth=01040001 colour=FFE4E4E4 mask=7 scissor=0,0,640,480 fog=0
73 pid=FFFD35B1 state tex=1048 size=00800080 tex=01010200 blend=01020200 depth=01040001 colour=FFFFFFFF mask=7 scissor=0,0,640,480 fog=0
74 pid=FFFD35B1 state tex=1046 size=01000080 tex=01040202 blend=01020200 depth=01040001 colour=FFE4E4E4 mask=7 scissor=0,0,640,480 fog=0
75 pid=FFFD35B1 state tex=1047 size=00400080 tex=01040202 blend=01020200 depth=01040001 colour=FFFFFFFF mask=7 scissor=0,0,640,480 fog=0
76 pid=FFFD35B1 state tex=1035 size=01000100 tex=01040202 blend=01050600 depth=00040001 colour=FF000000 mask=7 scissor=0,0,640,480 fog=0
77 pid=FFFD35B1 state tex=1036 size=01000100 tex=01040202 blend=01050600 depth=00040001 colour=86FF0000 mask=7 scissor=0,0,640,480 fog=0
78 pid=FFFD35B1 state tex=1032 size=01000100 tex=01040202 blend=01050600 depth=01040001 colour=FF7F0000 mask=7 scissor=0,0,640,480 fog=0
79 pid=FFFD35B1 state tex=1038 size=00200020 tex=01040202 blend=01050600 depth=00040001 colour=FFFFFFFF mask=7 scissor=0,0,640,480 fog=0
80 pid=FFFD35B1 paths batches/triangles untextured=0/0 hw=0/0 cpu=2077/79751 cpu-nonsquare=1952/105816 hw-refused=0/0
81 pid=FFFD35B1 counters hwtex live=0 creates=0 create-failed=0 evictions=0 uploads=0 upload-kb=0 stubs=0 failed r4=4029 r7=0 r8=0 other=0
82 pid=FFFD35B1 paths batches/triangles untextured=0/0 hw=0/0 cpu=8782/337670 cpu-nonsquare=7529/444641 hw-refused=0/0
83 pid=FFFD35B1 counters hwtex live=0 creates=0 create-failed=0 evictions=0 uploads=0 upload-kb=0 stubs=0 failed r4=16311 r7=0 r8=0 other=0
84 pid=FFFD35B1 paths batches/triangles untextured=0/0 hw=0/0 cpu=15482/595451 cpu-nonsquare=13671/791121 hw-refused=0/0
85 pid=FFFD35B1 counters hwtex live=0 creates=0 create-failed=0 evictions=0 uploads=0 upload-kb=0 stubs=0 failed r4=29153 r7=0 r8=0 other=0
86 pid=FFFD35B1 paths batches/triangles untextured=0/0 hw=0/0 cpu=22182/853195 cpu-nonsquare=19759/1137087 hw-refused=0/0
87 pid=FFFD35B1 counters hwtex live=0 creates=0 create-failed=0 evictions=0 uploads=0 upload-kb=0 stubs=0 failed r4=41941 r7=0 r8=0 other=0
88 pid=FFFD35B1 paths batches/triangles untextured=0/0 hw=0/0 cpu=28777/1106811 cpu-nonsquare=25220/1469772 hw-refused=0/0
89 pid=FFFD35B1 counters hwtex live=0 creates=0 create-failed=0 evictions=0 uploads=0 upload-kb=0 stubs=0 failed r4=53997 r7=0 r8=0 other=0
90 pid=FFFD35B1 paths batches/triangles untextured=0/0 hw=0/0 cpu=35482/1364730 cpu-nonsquare=31308/1815089 hw-refused=0/0
91 pid=FFFD35B1 counters hwtex live=0 creates=0 create-failed=0 evictions=0 uploads=0 upload-kb=0 stubs=0 failed r4=66790 r7=0 r8=0 other=0
92 pid=FFFD35B1 paths batches/triangles untextured=0/0 hw=0/0 cpu=42179/1622442 cpu-nonsquare=37479/2162247 hw-refused=0/0
93 pid=FFFD35B1 counters hwtex live=0 creates=0 create-failed=0 evictions=0 uploads=0 upload-kb=0 stubs=0 failed r4=79658 r7=0 r8=0 other=0
94 pid=FFFD35B1 paths batches/triangles untextured=0/0 hw=0/0 cpu=48887/1880430 cpu-nonsquare=43081/2500785 hw-refused=0/0
95 pid=FFFD35B1 counters hwtex live=0 creates=0 create-failed=0 evictions=0 uploads=0 upload-kb=0 stubs=0 failed r4=91968 r7=0 r8=0 other=0
96 pid=FFFD35B1 paths batches/triangles untextured=0/0 hw=0/0 cpu=55592/2138349 cpu-nonsquare=49069/2845455 hw-refused=0/0
97 pid=FFFD35B1 counters hwtex live=0 creates=0 create-failed=0 evictions=0 uploads=0 upload-kb=0 stubs=0 failed r4=104661 r7=0 r8=0 other=0
98 pid=FFFD35B1 paths batches/triangles untextured=0/0 hw=0/0 cpu=62286/2395825 cpu-nonsquare=55269/3193209 hw-refused=0/0
99 pid=FFFD35B1 counters hwtex live=0 creates=0 create-failed=0 evictions=0 uploads=0 upload-kb=0 stubs=0 failed r4=117555 r7=0 r8=0 other=0
100 pid=FFFD35B1 paths batches/triangles untextured=0/0 hw=0/0 cpu=68972/2653033 cpu-nonsquare=60913/3531480 hw-refused=0/0
101 pid=FFFD35B1 counters hwtex live=0 creates=0 create-failed=0 evictions=0 uploads=0 upload-kb=0 stubs=0 failed r4=129885 r7=0 r8=0 other=0
102 pid=FFFD35B1 paths batches/triangles untextured=0/0 hw=0/0 cpu=75382/2899550 cpu-nonsquare=66576/3859513 hw-refused=0/0
103 pid=FFFD35B1 counters hwtex live=0 creates=0 create-failed=0 evictions=0 uploads=0 upload-kb=0 stubs=0 failed r4=141958 r7=0 r8=0 other=0
104 pid=FFFD35B1 paths batches/triangles untextured=0/0 hw=0/0 cpu=82072/3156892 cpu-nonsquare=72819/4208160 hw-refused=0/0
105 pid=FFFD35B1 counters hwtex live=0 creates=0 create-failed=0 evictions=0 uploads=0 upload-kb=0 stubs=0 failed r4=154891 r7=0 r8=0 other=0
106 pid=FFFD35B1 paths batches/triangles untextured=0/0 hw=0/0 cpu=88787/3415250 cpu-nonsquare=78511/4547934 hw-refused=0/0
107 pid=FFFD35B1 counters hwtex live=0 creates=0 create-failed=0 evictions=0 uploads=0 upload-kb=0 stubs=0 failed r4=167298 r7=0 r8=0 other=0
108 pid=FFFD35B1 paths batches/triangles untextured=0/0 hw=0/0 cpu=95497/3673307 cpu-nonsquare=84331/4889629 hw-refused=0/0
109 pid=FFFD35B1 counters hwtex live=0 creates=0 create-failed=0 evictions=0 uploads=0 upload-kb=0 stubs=0 failed r4=179828 r7=0 r8=0 other=0
110 pid=FFFD35B1 paths batches/triangles untextured=0/0 hw=0/0 cpu=102187/3930649 cpu-nonsquare=90567/5238333 hw-refused=0/0
111 pid=FFFD35B1 counters hwtex live=0 creates=0 create-failed=0 evictions=0 uploads=0 upload-kb=0 stubs=0 failed r4=192754 r7=0 r8=0 other=0
112 pid=FFFD35B1 paths batches/triangles untextured=0/0 hw=0/0 cpu=108892/4188568 cpu-nonsquare=96366/5579865 hw-refused=0/0
113 pid=FFFD35B1 counters hwtex live=0 creates=0 create-failed=0 evictions=0 uploads=0 upload-kb=0 stubs=0 failed r4=205258 r7=0 r8=0 other=0
114 pid=FFFD35B1 paths batches/triangles untextured=0/0 hw=0/0 cpu=115604/4446857 cpu-nonsquare=102043/5919780 hw-refused=0/0
115 pid=FFFD35B1 counters hwtex live=0 creates=0 create-failed=0 evictions=0 uploads=0 upload-kb=0 stubs=0 failed r4=217647 r7=0 r8=0 other=0
116 pid=FFFD35B1 paths batches/triangles untextured=0/0 hw=0/0 cpu=122287/4703829 cpu-nonsquare=108282/6268590 hw-refused=0/0
117 pid=FFFD35B1 counters hwtex live=0 creates=0 create-failed=0 evictions=0 uploads=0 upload-kb=0 stubs=0 failed r4=230569 r7=0 r8=0 other=0
118 pid=FFFD35B1 paths batches/triangles untextured=0/0 hw=0/0 cpu=128998/4962076 cpu-nonsquare=114211/6611664 hw-refused=0/0
119 pid=FFFD35B1 counters hwtex live=0 creates=0 create-failed=0 evictions=0 uploads=0 upload-kb=0 stubs=0 failed r4=243209 r7=0 r8=0 other=0
120 pid=FFFD35B1 paths batches/triangles untextured=0/0 hw=0/0 cpu=135707/5220106 cpu-nonsquare=119861/6950646 hw-refused=0/0
121 pid=FFFD35B1 counters hwtex live=0 creates=0 create-failed=0 evictions=0 uploads=0 upload-kb=0 stubs=0 failed r4=255568 r7=0 r8=0 other=0
122 pid=FFFD35B1 paths batches/triangles untextured=0/0 hw=0/0 cpu=142402/5477586 cpu-nonsquare=126060/7298850 hw-refused=0/0
123 pid=FFFD35B1 counters hwtex live=0 creates=0 create-failed=0 evictions=0 uploads=0 upload-kb=0 stubs=0 failed r4=268462 r7=0 r8=0 other=0
124 pid=FFFD35B1 paths batches/triangles untextured=0/0 hw=0/0 cpu=149104/5735434 cpu-nonsquare=132047/7642917 hw-refused=0/0
125 pid=FFFD35B1 counters hwtex live=0 creates=0 create-failed=0 evictions=0 uploads=0 upload-kb=0 stubs=0 failed r4=281151 r7=0 r8=0 other=0
126 pid=FFFD35B1 paths batches/triangles untextured=0/0 hw=0/0 cpu=155817/5993688 cpu-nonsquare=137619/7981917 hw-refused=0/0
127 pid=FFFD35B1 counters hwtex live=0 creates=0 create-failed=0 evictions=0 uploads=0 upload-kb=0 stubs=0 failed r4=293436 r7=0 r8=0 other=0
128 pid=FFFD35B1 paths batches/triangles untextured=0/0 hw=0/0 cpu=162512/6251205 cpu-nonsquare=143757/8328732 hw-refused=0/0
129 pid=FFFD35B1 counters hwtex live=0 creates=0 create-failed=0 evictions=0 uploads=0 upload-kb=0 stubs=0 failed r4=306269 r7=0 r8=0 other=0
130 pid=FFFD35B1 paths batches/triangles untextured=0/0 hw=0/0 cpu=169210/6508821 cpu-nonsquare=149867/8674743 hw-refused=0/0
131 pid=FFFD35B1 counters hwtex live=0 creates=0 create-failed=0 evictions=0 uploads=0 upload-kb=0 stubs=0 failed r4=319077 r7=0 r8=0 other=0
132 pid=FFFD35B1 paths batches/triangles untextured=0/0 hw=0/0 cpu=175922/6767043 cpu-nonsquare=155443/9013110 hw-refused=0/0
133 pid=FFFD35B1 counters hwtex live=0 creates=0 create-failed=0 evictions=0 uploads=0 upload-kb=0 stubs=0 failed r4=331365 r7=0 r8=0 other=0
134 pid=FFFD35B1 paths batches/triangles untextured=0/0 hw=0/0 cpu=182621/7024723 cpu-nonsquare=161543/9359385 hw-refused=0/0
135 pid=FFFD35B1 counters hwtex live=0 creates=0 create-failed=0 evictions=0 uploads=0 upload-kb=0 stubs=0 failed r4=344164 r7=0 r8=0 other=0
136 pid=FFFD35B1 paths batches/triangles untextured=0/0 hw=0/0 cpu=189319/7282371 cpu-nonsquare=167691/9705726 hw-refused=0/0
137 pid=FFFD35B1 counters hwtex live=0 creates=0 create-failed=0 evictions=0 uploads=0 upload-kb=0 stubs=0 failed r4=357010 r7=0 r8=0 other=0
138 pid=FFFD35B1 paths batches/triangles untextured=0/0 hw=0/0 cpu=196030/7540497 cpu-nonsquare=173281/10044966 hw-refused=0/0
139 pid=FFFD35B1 counters hwtex live=0 creates=0 create-failed=0 evictions=0 uploads=0 upload-kb=0 stubs=0 failed r4=369311 r7=0 r8=0 other=0
140 pid=FFFD35B1 paths batches/triangles untextured=0/0 hw=0/0 cpu=202732/7798280 cpu-nonsquare=179322/10389633 hw-refused=0/0
141 pid=FFFD35B1 counters hwtex live=0 creates=0 create-failed=0 evictions=0 uploads=0 upload-kb=0 stubs=0 failed r4=382054 r7=0 r8=0 other=0
142 pid=FFFD35B1 paths batches/triangles untextured=0/0 hw=0/0 cpu=209422/8055622 cpu-nonsquare=185519/10737519 hw-refused=0/0
143 pid=FFFD35B1 counters hwtex live=0 creates=0 create-failed=0 evictions=0 uploads=0 upload-kb=0 stubs=0 failed r4=394941 r7=0 r8=0 other=0
144 pid=FFFD35B1 paths batches/triangles untextured=0/0 hw=0/0 cpu=216136/8313917 cpu-nonsquare=191151/11076393 hw-refused=0/0
145 pid=FFFD35B1 counters hwtex live=0 creates=0 create-failed=0 evictions=0 uploads=0 upload-kb=0 stubs=0 failed r4=407287 r7=0 r8=0 other=0
146 pid=FFFD35B1 paths batches/triangles untextured=0/0 hw=0/0 cpu=222832/8571460 cpu-nonsquare=197075/11419614 hw-refused=0/0
147 pid=FFFD35B1 counters hwtex live=0 creates=0 create-failed=0 evictions=0 uploads=0 upload-kb=0 stubs=0 failed r4=419907 r7=0 r8=0 other=0
148 pid=FFFD35B1 paths batches/triangles untextured=0/0 hw=0/0 cpu=229522/8828802 cpu-nonsquare=203292/11767593 hw-refused=0/0
149 pid=FFFD35B1 counters hwtex live=0 creates=0 create-failed=0 evictions=0 uploads=0 upload-kb=0 stubs=0 failed r4=432814 r7=0 r8=0 other=0
150 pid=FFFD35B1 paths batches/triangles untextured=0/0 hw=0/0 cpu=236231/9086921 cpu-nonsquare=208973/12107574 hw-refused=0/0
151 pid=FFFD35B1 counters hwtex live=0 creates=0 create-failed=0 evictions=0 uploads=0 upload-kb=0 stubs=0 failed r4=445204 r7=0 r8=0 other=0
152 pid=FFFD35B1 paths batches/triangles untextured=0/0 hw=0/0 cpu=242942/9345079 cpu-nonsquare=214801/12448800 hw-refused=0/0
153 pid=FFFD35B1 counters hwtex live=0 creates=0 create-failed=0 evictions=0 uploads=0 upload-kb=0 stubs=0 failed r4=457743 r7=0 r8=0 other=0
154 pid=FFFD35B1 paths batches/triangles untextured=0/0 hw=0/0 cpu=249636/9602555 cpu-nonsquare=221041/12798033 hw-refused=0/0
155 pid=FFFD35B1 counters hwtex live=0 creates=0 create-failed=0 evictions=0 uploads=0 upload-kb=0 stubs=0 failed r4=470677 r7=0 r8=0 other=0
156 pid=FFFD35B1 paths batches/triangles untextured=0/0 hw=0/0 cpu=256342/9860478 cpu-nonsquare=226850/13139107 hw-refused=0/0
157 pid=FFFD35B1 counters hwtex live=0 creates=0 create-failed=0 evictions=0 uploads=0 upload-kb=0 stubs=0 failed r4=483192 r7=0 r8=0 other=0
158 pid=FFFD35B1 paths batches/triangles untextured=0/0 hw=0/0 cpu=263047/10118397 cpu-nonsquare=232567/13479385 hw-refused=0/0
159 pid=FFFD35B1 counters hwtex live=0 creates=0 create-failed=0 evictions=0 uploads=0 upload-kb=0 stubs=0 failed r4=495614 r7=0 r8=0 other=0
160 pid=FFFD35B1 paths batches/triangles untextured=0/0 hw=0/0 cpu=269737/10375739 cpu-nonsquare=238797/13828234 hw-refused=0/0
161 pid=FFFD35B1 counters hwtex live=0 creates=0 create-failed=0 evictions=0 uploads=0 upload-kb=0 stubs=0 failed r4=508534 r7=0 r8=0 other=0
162 pid=FFFD35B1 paths batches/triangles untextured=0/0 hw=0/0 cpu=276442/10633658 cpu-nonsquare=244717/14170800 hw-refused=0/0
163 pid=FFFD35B1 counters hwtex live=0 creates=0 create-failed=0 evictions=0 uploads=0 upload-kb=0 stubs=0 failed r4=521159 r7=0 r8=0 other=0
164 pid=FFFD35B1 paths batches/triangles untextured=0/0 hw=0/0 cpu=283147/10891577 cpu-nonsquare=250373/14510286 hw-refused=0/0
165 pid=FFFD35B1 counters hwtex live=0 creates=0 create-failed=0 evictions=0 uploads=0 upload-kb=0 stubs=0 failed r4=533520 r7=0 r8=0 other=0
166 pid=FFFD35B1 paths batches/triangles untextured=0/0 hw=0/0 cpu=289843/11149247 cpu-nonsquare=256565/14858250 hw-refused=0/0
167 pid=FFFD35B1 counters hwtex live=0 creates=0 create-failed=0 evictions=0 uploads=0 upload-kb=0 stubs=0 failed r4=546408 r7=0 r8=0 other=0
168 pid=FFFD35B1 paths batches/triangles untextured=0/0 hw=0/0 cpu=296542/11406838 cpu-nonsquare=262553/15201975 hw-refused=0/0
169 pid=FFFD35B1 counters hwtex live=0 creates=0 create-failed=0 evictions=0 uploads=0 upload-kb=0 stubs=0 failed r4=559095 r7=0 r8=0 other=0
170 pid=FFFD35B1 paths batches/triangles untextured=0/0 hw=0/0 cpu=303257/11665196 cpu-nonsquare=268145/15540687 hw-refused=0/0
171 pid=FFFD35B1 counters hwtex live=0 creates=0 create-failed=0 evictions=0 uploads=0 upload-kb=0 stubs=0 failed r4=571402 r7=0 r8=0 other=0
172 pid=FFFD35B1 paths batches/triangles untextured=0/0 hw=0/0 cpu=309952/11922676 cpu-nonsquare=274311/15888110 hw-refused=0/0
173 pid=FFFD35B1 counters hwtex live=0 creates=0 create-failed=0 evictions=0 uploads=0 upload-kb=0 stubs=0 failed r4=584263 r7=0 r8=0 other=0
174 pid=FFFD35B1 paths batches/triangles untextured=0/0 hw=0/0 cpu=316652/12180457 cpu-nonsquare=280393/16233399 hw-refused=0/0
175 pid=FFFD35B1 counters hwtex live=0 creates=0 create-failed=0 evictions=0 uploads=0 upload-kb=0 stubs=0 failed r4=597045 r7=0 r8=0 other=0
176 pid=FFFD35B1 paths batches/triangles untextured=0/0 hw=0/0 cpu=323366/12438714 cpu-nonsquare=285971/16572219 hw-refused=0/0
177 pid=FFFD35B1 counters hwtex live=0 creates=0 create-failed=0 evictions=0 uploads=0 upload-kb=0 stubs=0 failed r4=609337 r7=0 r8=0 other=0
178 pid=FFFD35B1 paths batches/triangles untextured=0/0 hw=0/0 cpu=330062/12696295 cpu-nonsquare=292075/16917810 hw-refused=0/0
179 pid=FFFD35B1 counters hwtex live=0 creates=0 create-failed=0 evictions=0 uploads=0 upload-kb=0 stubs=0 failed r4=622137 r7=0 r8=0 other=0
180 pid=FFFD35B1 paths batches/triangles untextured=0/0 hw=0/0 cpu=336757/12953775 cpu-nonsquare=298214/17264744 hw-refused=0/0
181 pid=FFFD35B1 counters hwtex live=0 creates=0 create-failed=0 evictions=0 uploads=0 upload-kb=0 stubs=0 failed r4=634971 r7=0 r8=0 other=0
182 pid=FFFD35B1 paths batches/triangles untextured=0/0 hw=0/0 cpu=343472/13212133 cpu-nonsquare=303795/17602878 hw-refused=0/0
183 pid=FFFD35B1 counters hwtex live=0 creates=0 create-failed=0 evictions=0 uploads=0 upload-kb=0 stubs=0 failed r4=647267 r7=0 r8=0 other=0
184 pid=FFFD35B1 paths batches/triangles untextured=0/0 hw=0/0 cpu=350177/13470052 cpu-nonsquare=309857/17947872 hw-refused=0/0
185 pid=FFFD35B1 counters hwtex live=0 creates=0 create-failed=0 evictions=0 uploads=0 upload-kb=0 stubs=0 failed r4=660034 r7=0 r8=0 other=0
186 pid=FFFD35B1 state tex=1033 size=00800080 tex=01040202 blend=00050600 depth=01040101 colour=FFFFFFFF mask=7 scissor=0,0,640,480 fog=0
187 pid=FFFD35B1 state tex=1034 size=00800080 tex=01010200 blend=01020200 depth=01040001 colour=FFFFFFFF mask=7 scissor=0,0,640,480 fog=0
188 pid=FFFD35B1 state tex=1025 size=00080008 tex=01010200 blend=01050600 depth=01040001 colour=FFFFFF00 mask=7 scissor=0,0,640,480 fog=0
189 pid=FFFD35B1 paths batches/triangles untextured=0/0 hw=0/0 cpu=357076/13739345 cpu-nonsquare=315936/18288655 hw-refused=0/0
190 pid=FFFD35B1 counters hwtex live=0 creates=0 create-failed=0 evictions=0 uploads=0 upload-kb=0 stubs=0 failed r4=673012 r7=0 r8=0 other=0
191 pid=FFFD35B1 DrvReleaseContext context=1 -> 1
192 pid=FFFD35B1 paths batches/triangles untextured=0/0 hw=0/0 cpu=357875/13775717 cpu-nonsquare=316273/18308340 hw-refused=0/0
193 pid=FFFD35B1 counters hwtex live=0 creates=0 create-failed=0 evictions=0 uploads=0 upload-kb=0 stubs=0 failed r4=674148 r7=0 r8=0 other=0
194 pid=FFFD35B1 DrvDeleteContext context=1 -> 1
195 pid=FFFD35B1 detach slots-called=0 stub-calls=0
1 pid=FFFD9AD1 attach instance=00600000 tls=2 build-marker=1
2 pid=FFFD9AD1 DrvValidateVersion version=1
3 pid=FFFD9AD1 DrvSetCallbackProcs count=3 procs=78B23978
4 pid=FFFD9AD1 describe result=0 engine=2 formats=00000004
5 pid=FFFD9AD1 DrvDescribePixelFormat index=1 bytes=0 -> count=1
6 pid=FFFD9AD1 DrvDescribePixelFormat index=1 bytes=0 -> count=1
7 pid=FFFD9AD1 DrvDescribePixelFormat index=1 bytes=40 -> count=1
8 pid=FFFD9AD1 DrvDescribePixelFormat index=1 bytes=0 -> count=1
9 pid=FFFD9AD1 DrvDescribePixelFormat index=1 bytes=0 -> count=1
10 pid=FFFD9AD1 DrvDescribePixelFormat index=1 bytes=0 -> count=1
11 pid=FFFD9AD1 DrvDescribePixelFormat index=1 bytes=0 -> count=1
12 pid=FFFD9AD1 DrvDescribePixelFormat index=1 bytes=0 -> count=1
13 pid=FFFD9AD1 DrvDescribePixelFormat index=1 bytes=0 -> count=1
14 pid=FFFD9AD1 DrvDescribePixelFormat index=1 bytes=0 -> count=1
15 pid=FFFD9AD1 DrvDescribePixelFormat index=1 bytes=0 -> count=1
16 pid=FFFD9AD1 DrvDescribePixelFormat index=1 bytes=0 -> count=1
17 pid=FFFD9AD1 DrvDescribePixelFormat index=1 bytes=0 -> count=1
18 pid=FFFD9AD1 DrvDescribePixelFormat index=1 bytes=0 -> count=1
19 pid=FFFD9AD1 DrvDescribePixelFormat index=1 bytes=0 -> count=1
20 pid=FFFD9AD1 DrvDescribePixelFormat index=1 bytes=0 -> count=1
21 pid=FFFD9AD1 DrvDescribePixelFormat index=1 bytes=0 -> count=1
22 pid=FFFD9AD1 DrvDescribePixelFormat index=1 bytes=0 -> count=1
23 pid=FFFD9AD1 DrvDescribePixelFormat index=1 bytes=0 -> count=1
24 pid=FFFD9AD1 DrvDescribePixelFormat index=1 bytes=0 -> count=1
25 pid=FFFD9AD1 DrvDescribePixelFormat index=1 bytes=0 -> count=1
26 pid=FFFD9AD1 DrvDescribePixelFormat index=1 bytes=0 -> count=1
27 pid=FFFD9AD1 DrvDescribePixelFormat index=1 bytes=0 -> count=1
28 pid=FFFD9AD1 DrvDescribePixelFormat index=1 bytes=0 -> count=1
29 pid=FFFD9AD1 DrvDescribePixelFormat index=1 bytes=0 -> count=1
30 pid=FFFD9AD1 DrvDescribePixelFormat index=1 bytes=0 -> count=1
31 pid=FFFD9AD1 DrvDescribePixelFormat index=1 bytes=0 -> count=1
32 pid=FFFD9AD1 DrvDescribePixelFormat index=1 bytes=0 -> count=1
33 pid=FFFD9AD1 DrvDescribePixelFormat index=1 bytes=40 -> count=1
34 pid=FFFD9AD1 DrvDescribePixelFormat index=1 bytes=0 -> count=1
35 pid=FFFD9AD1 DrvDescribePixelFormat index=1 bytes=0 -> count=1
36 pid=FFFD9AD1 DrvDescribePixelFormat index=1 bytes=0 -> count=1
37 pid=FFFD9AD1 DrvDescribePixelFormat index=1 bytes=0 -> count=1
38 pid=FFFD9AD1 DrvDescribePixelFormat index=1 bytes=0 -> count=1
39 pid=FFFD9AD1 DrvDescribePixelFormat index=1 bytes=0 -> count=1
40 pid=FFFD9AD1 DrvDescribePixelFormat index=1 bytes=0 -> count=1
41 pid=FFFD9AD1 DrvDescribePixelFormat index=1 bytes=0 -> count=1
42 pid=FFFD9AD1 DrvDescribePixelFormat index=1 bytes=0 -> count=1
43 pid=FFFD9AD1 DrvDescribePixelFormat index=1 bytes=0 -> count=1
44 pid=FFFD9AD1 DrvDescribePixelFormat index=1 bytes=0 -> count=1
45 pid=FFFD9AD1 DrvDescribePixelFormat index=1 bytes=0 -> count=1
46 pid=FFFD9AD1 DrvDescribePixelFormat index=1 bytes=0 -> count=1
47 pid=FFFD9AD1 DrvDescribePixelFormat index=1 bytes=0 -> count=1
48 pid=FFFD9AD1 DrvDescribePixelFormat index=1 bytes=0 -> count=1
49 pid=FFFD9AD1 DrvDescribePixelFormat index=1 bytes=0 -> count=1
50 pid=FFFD9AD1 DrvDescribePixelFormat index=1 bytes=0 -> count=1
51 pid=FFFD9AD1 DrvDescribePixelFormat index=1 bytes=0 -> count=1
52 pid=FFFD9AD1 DrvDescribePixelFormat index=1 bytes=0 -> count=1
53 pid=FFFD9AD1 DrvDescribePixelFormat index=1 bytes=0 -> count=1
54 pid=FFFD9AD1 DrvDescribePixelFormat index=1 bytes=0 -> count=1
55 pid=FFFD9AD1 DrvDescribePixelFormat index=1 bytes=0 -> count=1
56 pid=FFFD9AD1 DrvDescribePixelFormat index=1 bytes=0 -> count=1
57 pid=FFFD9AD1 DrvDescribePixelFormat index=1 bytes=0 -> count=1
58 pid=FFFD9AD1 DrvDescribePixelFormat index=1 bytes=0 -> count=1
59 pid=FFFD9AD1 DrvDescribePixelFormat index=1 bytes=40 -> count=1
60 pid=FFFD9AD1 DrvDescribePixelFormat index=1 bytes=0 -> count=1
61 pid=FFFD9AD1 DrvSetPixelFormat hdc=0000077A index=1
62 pid=FFFD9AD1 DrvDescribePixelFormat index=1 bytes=0 -> count=1
63 pid=FFFD9AD1 DrvDescribePixelFormat index=1 bytes=40 -> count=1
64 pid=FFFD9AD1 DrvCreateLayerContext hdc=0000077A layer=0 -> 1
65 pid=FFFD9AD1 drawable window=00000158 400x300
66 pid=FFFD9AD1 DrvSetContext hdc=0000077A context=1 -> 1
67 pid=FFFD9AD1 stub first-call slot=219 glPushAttrib
68 pid=FFFD9AD1 state tex=0 size=00000000 tex=00000000 blend=00020100 depth=01020100 colour=FF00FF00 mask=7 scissor=0,0,400,300 fog=0
69 pid=FFFD9AD1 paths batches/triangles untextured=1/6 hw=0/0 cpu=0/0 cpu-nonsquare=0/0 hw-refused=0/0
70 pid=FFFD9AD1 counters hwtex live=0 creates=0 create-failed=0 evictions=0 uploads=0 upload-kb=0 stubs=1 failed r4=0 r7=0 r8=0 other=0
71 pid=FFFD9AD1 state tex=1 size=00080008 tex=01010101 blend=00020100 depth=00020101 colour=FFFF0000 mask=7 scissor=0,0,400,300 fog=0
72 pid=FFFD9AD1 state tex=0 size=00000000 tex=00000000 blend=00020100 depth=00020100 colour=FFFFFF00 mask=7 scissor=0,0,400,300 fog=0
73 pid=FFFD9AD1 state tex=2 size=00400040 tex=01010101 blend=00020100 depth=00020102 colour=FF00FFFF mask=7 scissor=0,0,400,300 fog=0
74 pid=FFFD9AD1 state tex=3 size=01000100 tex=01010101 blend=00020100 depth=00020101 colour=FFFF8000 mask=7 scissor=0,0,400,300 fog=0
75 pid=FFFD9AD1 state tex=3 size=01000100 tex=01010200 blend=00020100 depth=00020101 colour=FFFFFFFF mask=7 scissor=0,0,400,300 fog=0
76 pid=FFFD9AD1 state tex=4 size=00400040 tex=01010101 blend=00020100 depth=00020101 colour=FFFF8000 mask=7 scissor=0,0,400,300 fog=0
77 pid=FFFD9AD1 state tex=5 size=00400040 tex=01010200 blend=01050600 depth=00020101 colour=54FFFFFF mask=7 scissor=0,0,400,300 fog=0
78 pid=FFFD9AD1 refused tex=5 size=00400040 tex=02030202 blend=01050600 depth=00020101 colour=54FFFFFF mask=7 scissor=0,0,400,300 fog=0
79 pid=FFFD9AD1 draw result=4 triangles=2 submitted=0
80 pid=FFFD9AD1   v0 sx=00000000 sy=43960000 sz=3F000000 rhw=3F800000 tu=00000000 tv=00000000
81 pid=FFFD9AD1   v1 sx=43C80000 sy=43960000 sz=3F000000 rhw=3F800000 tu=3F800000 tv=00000000
82 pid=FFFD9AD1   v2 sx=43C80000 sy=00000000 sz=3F000000 rhw=3F800000 tu=3F800000 tv=3F800000
83 pid=FFFD9AD1 state tex=5 size=00400040 tex=01010101 blend=01010300 depth=00020101 colour=FFFFFFFF mask=7 scissor=0,0,400,300 fog=0
84 pid=FFFD9AD1 refused tex=5 size=00400040 tex=02030101 blend=01010300 depth=00020101 colour=FFFFFFFF mask=7 scissor=0,0,400,300 fog=0
85 pid=FFFD9AD1 draw result=4 triangles=2 submitted=0
86 pid=FFFD9AD1   v0 sx=00000000 sy=43960000 sz=3F000000 rhw=3F800000 tu=00000000 tv=00000000
87 pid=FFFD9AD1   v1 sx=43C80000 sy=43960000 sz=3F000000 rhw=3F800000 tu=3F800000 tv=00000000
88 pid=FFFD9AD1   v2 sx=43C80000 sy=00000000 sz=3F000000 rhw=3F800000 tu=3F800000 tv=3F800000
89 pid=FFFD9AD1 state tex=5 size=00400040 tex=01010200 blend=01010300 depth=00020101 colour=FFFFFFFF mask=7 scissor=0,0,400,300 fog=0
90 pid=FFFD9AD1 refused tex=5 size=00400040 tex=02030201 blend=01010300 depth=00020101 colour=FFFFFFFF mask=7 scissor=0,0,400,300 fog=0
91 pid=FFFD9AD1 draw result=4 triangles=2 submitted=0
92 pid=FFFD9AD1   v0 sx=00000000 sy=43960000 sz=3F000000 rhw=3F800000 tu=00000000 tv=00000000
93 pid=FFFD9AD1   v1 sx=43C80000 sy=43960000 sz=3F000000 rhw=3F800000 tu=3F800000 tv=00000000
94 pid=FFFD9AD1   v2 sx=43C80000 sy=00000000 sz=3F000000 rhw=3F800000 tu=3F800000 tv=3F800000
95 pid=FFFD9AD1 state tex=6 size=00400040 tex=01010101 blend=00020100 depth=01040101 colour=FFFFFFFF mask=7 scissor=0,0,400,300 fog=0
96 pid=FFFD9AD1 state tex=6 size=00400040 tex=01040101 blend=00020100 depth=01040101 colour=FFFF8000 mask=7 scissor=0,0,400,300 fog=0
97 pid=FFFD9AD1 state tex=6 size=00400040 tex=01040201 blend=00020100 depth=01040101 colour=FFFFFFFF mask=7 scissor=0,0,400,300 fog=0
98 pid=FFFD9AD1 state tex=6 size=00400040 tex=01010200 blend=00020100 depth=01040101 colour=FFFF8000 mask=7 scissor=0,0,400,300 fog=0
99 pid=FFFD9AD1 state tex=7 size=00400010 tex=01010101 blend=00020100 depth=00020101 colour=FFFFFFFF mask=7 scissor=0,0,400,300 fog=0
100 pid=FFFD9AD1 draw result=4 triangles=2 submitted=0
101 pid=FFFD9AD1   v0 sx=00000000 sy=43960000 sz=3F000000 rhw=3F800000 tu=00000000 tv=00000000
102 pid=FFFD9AD1   v1 sx=43800000 sy=43960000 sz=3F000000 rhw=3F800000 tu=3F800000 tv=00000000
103 pid=FFFD9AD1   v2 sx=43800000 sy=436C0000 sz=3F000000 rhw=3F800000 tu=3F800000 tv=3F800000
104 pid=FFFD9AD1 draw result=4 triangles=2 submitted=0
105 pid=FFFD9AD1   v0 sx=00000000 sy=43960000 sz=3F000000 rhw=3F800000 tu=00000000 tv=00000000
106 pid=FFFD9AD1   v1 sx=42800000 sy=43960000 sz=3F000000 rhw=3F800000 tu=3F800000 tv=00000000
107 pid=FFFD9AD1   v2 sx=42800000 sy=42300000 sz=3F000000 rhw=3F800000 tu=3F800000 tv=3F800000
108 pid=FFFD9AD1 state tex=7 size=00400010 tex=01010101 blend=00020100 depth=00020102 colour=FFFFFFFF mask=7 scissor=0,0,400,300 fog=0
109 pid=FFFD9AD1 draw result=4 triangles=4 submitted=0
110 pid=FFFD9AD1   v0 sx=41A00002 sy=43820000 sz=3F000000 rhw=3F800000 tu=00000000 tv=00000000
111 pid=FFFD9AD1   v1 sx=42A80000 sy=43820000 sz=3F000000 rhw=3F800000 tu=3F800000 tv=00000000
112 pid=FFFD9AD1   v2 sx=42A80000 sy=43740000 sz=3F000000 rhw=3F800000 tu=3F800000 tv=3F800000
113 pid=FFFD9AD1 state tex=8 size=00010001 tex=01010200 blend=00020100 depth=00020101 colour=FFFFFFFF mask=7 scissor=0,0,400,300 fog=0
114 pid=FFFD9AD1 refused tex=8 size=00010001 tex=02030201 blend=00020100 depth=00020101 colour=FFFFFFFF mask=7 scissor=0,0,400,300 fog=0
115 pid=FFFD9AD1 state tex=9 size=00020002 tex=01010200 blend=00020100 depth=00020101 colour=FFFFFFFF mask=7 scissor=0,0,400,300 fog=0
116 pid=FFFD9AD1 refused tex=9 size=00020002 tex=02030201 blend=00020100 depth=00020101 colour=FFFFFFFF mask=7 scissor=0,0,400,300 fog=0
117 pid=FFFD9AD1 state tex=10 size=00040004 tex=01010200 blend=00020100 depth=00020101 colour=FFFFFFFF mask=7 scissor=0,0,400,300 fog=0
118 pid=FFFD9AD1 state tex=11 size=00040001 tex=01010200 blend=00020100 depth=00020101 colour=FFFFFFFF mask=7 scissor=0,0,400,300 fog=0
119 pid=FFFD9AD1 state tex=12 size=00010004 tex=01010200 blend=00020100 depth=00020101 colour=FFFFFFFF mask=7 scissor=0,0,400,300 fog=0
120 pid=FFFD9AD1 DrvReleaseContext context=1 -> 1
121 pid=FFFD9AD1 DrvDescribePixelFormat index=1 bytes=0 -> count=1
122 pid=FFFD9AD1 DrvDescribePixelFormat index=1 bytes=40 -> count=1
123 pid=FFFD9AD1 DrvCreateLayerContext hdc=0000077A layer=0 -> 2
124 pid=FFFD9AD1 DrvSetContext hdc=0000077A context=2 -> 1
125 pid=FFFD9AD1 state tex=1 size=00400040 tex=01010200 blend=00020100 depth=00020103 colour=FFFFFFFF mask=7 scissor=0,0,400,300 fog=0
126 pid=FFFD9AD1 DrvReleaseContext context=2 -> 1
127 pid=FFFD9AD1 paths batches/triangles untextured=4/16 hw=16/39 cpu=0/0 cpu-nonsquare=5/12 hw-refused=5/10
128 pid=FFFD9AD1 counters hwtex live=0 creates=12 create-failed=0 evictions=0 uploads=15 upload-kb=212 stubs=1 failed r4=10 r7=0 r8=0 other=0
129 pid=FFFD9AD1 DrvDeleteContext context=2 -> 1
130 pid=FFFD9AD1 DrvDescribePixelFormat index=1 bytes=0 -> count=1
131 pid=FFFD9AD1 DrvDescribePixelFormat index=1 bytes=40 -> count=1
132 pid=FFFD9AD1 DrvCreateLayerContext hdc=0000077A layer=0 -> 2
133 pid=FFFD9AD1 DrvSetContext hdc=0000077A context=2 -> 1
134 pid=FFFD9AD1 DrvReleaseContext context=2 -> 1
135 pid=FFFD9AD1 paths batches/triangles untextured=4/16 hw=17/40 cpu=0/0 cpu-nonsquare=5/12 hw-refused=5/10
136 pid=FFFD9AD1 counters hwtex live=0 creates=13 create-failed=0 evictions=0 uploads=16 upload-kb=222 stubs=1 failed r4=10 r7=0 r8=0 other=0
137 pid=FFFD9AD1 DrvDeleteContext context=2 -> 1
138 pid=FFFD9AD1 DrvDescribePixelFormat index=1 bytes=0 -> count=1
139 pid=FFFD9AD1 DrvDescribePixelFormat index=1 bytes=40 -> count=1
140 pid=FFFD9AD1 DrvCreateLayerContext hdc=0000077A layer=0 -> 2
141 pid=FFFD9AD1 DrvSetContext hdc=0000077A context=2 -> 1
142 pid=FFFD9AD1 DrvReleaseContext context=2 -> 1
143 pid=FFFD9AD1 paths batches/triangles untextured=4/16 hw=18/41 cpu=0/0 cpu-nonsquare=5/12 hw-refused=5/10
144 pid=FFFD9AD1 counters hwtex live=0 creates=14 create-failed=0 evictions=0 uploads=17 upload-kb=232 stubs=1 failed r4=10 r7=0 r8=0 other=0
145 pid=FFFD9AD1 DrvDeleteContext context=2 -> 1
146 pid=FFFD9AD1 DrvDescribePixelFormat index=1 bytes=0 -> count=1
147 pid=FFFD9AD1 DrvDescribePixelFormat index=1 bytes=40 -> count=1
148 pid=FFFD9AD1 DrvCreateLayerContext hdc=0000077A layer=0 -> 2
149 pid=FFFD9AD1 DrvSetContext hdc=0000077A context=2 -> 1
150 pid=FFFD9AD1 DrvReleaseContext context=2 -> 1
151 pid=FFFD9AD1 paths batches/triangles untextured=4/16 hw=19/42 cpu=0/0 cpu-nonsquare=5/12 hw-refused=5/10
152 pid=FFFD9AD1 counters hwtex live=0 creates=15 create-failed=0 evictions=0 uploads=18 upload-kb=242 stubs=1 failed r4=10 r7=0 r8=0 other=0
153 pid=FFFD9AD1 DrvDeleteContext context=2 -> 1
154 pid=FFFD9AD1 DrvDescribePixelFormat index=1 bytes=0 -> count=1
155 pid=FFFD9AD1 DrvDescribePixelFormat index=1 bytes=40 -> count=1
156 pid=FFFD9AD1 DrvCreateLayerContext hdc=0000077A layer=0 -> 2
157 pid=FFFD9AD1 DrvSetContext hdc=0000077A context=2 -> 1
158 pid=FFFD9AD1 DrvReleaseContext context=2 -> 1
159 pid=FFFD9AD1 paths batches/triangles untextured=4/16 hw=20/43 cpu=0/0 cpu-nonsquare=5/12 hw-refused=5/10
160 pid=FFFD9AD1 counters hwtex live=0 creates=16 create-failed=0 evictions=0 uploads=19 upload-kb=252 stubs=1 failed r4=10 r7=0 r8=0 other=0
161 pid=FFFD9AD1 DrvDeleteContext context=2 -> 1
162 pid=FFFD9AD1 DrvDescribePixelFormat index=1 bytes=0 -> count=1
163 pid=FFFD9AD1 DrvDescribePixelFormat index=1 bytes=40 -> count=1
164 pid=FFFD9AD1 DrvCreateLayerContext hdc=0000077A layer=0 -> 2
165 pid=FFFD9AD1 DrvSetContext hdc=0000077A context=2 -> 1
166 pid=FFFD9AD1 DrvReleaseContext context=2 -> 1
167 pid=FFFD9AD1 paths batches/triangles untextured=4/16 hw=21/44 cpu=0/0 cpu-nonsquare=5/12 hw-refused=5/10
168 pid=FFFD9AD1 counters hwtex live=0 creates=17 create-failed=0 evictions=0 uploads=20 upload-kb=262 stubs=1 failed r4=10 r7=0 r8=0 other=0
169 pid=FFFD9AD1 DrvDeleteContext context=2 -> 1
170 pid=FFFD9AD1 DrvDescribePixelFormat index=1 bytes=0 -> count=1
171 pid=FFFD9AD1 DrvDescribePixelFormat index=1 bytes=40 -> count=1
172 pid=FFFD9AD1 DrvCreateLayerContext hdc=0000077A layer=0 -> 2
173 pid=FFFD9AD1 DrvSetContext hdc=0000077A context=2 -> 1
174 pid=FFFD9AD1 DrvReleaseContext context=2 -> 1
175 pid=FFFD9AD1 paths batches/triangles untextured=4/16 hw=22/45 cpu=0/0 cpu-nonsquare=5/12 hw-refused=5/10
176 pid=FFFD9AD1 counters hwtex live=0 creates=18 create-failed=0 evictions=0 uploads=21 upload-kb=272 stubs=1 failed r4=10 r7=0 r8=0 other=0
177 pid=FFFD9AD1 DrvDeleteContext context=2 -> 1
178 pid=FFFD9AD1 DrvDescribePixelFormat index=1 bytes=0 -> count=1
179 pid=FFFD9AD1 DrvDescribePixelFormat index=1 bytes=40 -> count=1
180 pid=FFFD9AD1 DrvCreateLayerContext hdc=0000077A layer=0 -> 2
181 pid=FFFD9AD1 DrvSetContext hdc=0000077A context=2 -> 1
182 pid=FFFD9AD1 DrvReleaseContext context=2 -> 1
183 pid=FFFD9AD1 paths batches/triangles untextured=4/16 hw=23/46 cpu=0/0 cpu-nonsquare=5/12 hw-refused=5/10
184 pid=FFFD9AD1 counters hwtex live=0 creates=19 create-failed=0 evictions=0 uploads=22 upload-kb=282 stubs=1 failed r4=10 r7=0 r8=0 other=0
185 pid=FFFD9AD1 DrvDeleteContext context=2 -> 1
186 pid=FFFD9AD1 DrvDescribePixelFormat index=1 bytes=0 -> count=1
187 pid=FFFD9AD1 DrvDescribePixelFormat index=1 bytes=40 -> count=1
188 pid=FFFD9AD1 DrvCreateLayerContext hdc=0000077A layer=0 -> 2
189 pid=FFFD9AD1 DrvSetContext hdc=0000077A context=2 -> 1
190 pid=FFFD9AD1 DrvReleaseContext context=2 -> 1
191 pid=FFFD9AD1 paths batches/triangles untextured=4/16 hw=24/47 cpu=0/0 cpu-nonsquare=5/12 hw-refused=5/10
192 pid=FFFD9AD1 counters hwtex live=0 creates=20 create-failed=0 evictions=0 uploads=23 upload-kb=292 stubs=1 failed r4=10 r7=0 r8=0 other=0
193 pid=FFFD9AD1 DrvDeleteContext context=2 -> 1
194 pid=FFFD9AD1 DrvDescribePixelFormat index=1 bytes=0 -> count=1
195 pid=FFFD9AD1 DrvDescribePixelFormat index=1 bytes=40 -> count=1
196 pid=FFFD9AD1 DrvCreateLayerContext hdc=0000077A layer=0 -> 2
197 pid=FFFD9AD1 DrvSetContext hdc=0000077A context=2 -> 1
198 pid=FFFD9AD1 DrvReleaseContext context=2 -> 1
199 pid=FFFD9AD1 paths batches/triangles untextured=4/16 hw=25/48 cpu=0/0 cpu-nonsquare=5/12 hw-refused=5/10
200 pid=FFFD9AD1 counters hwtex live=0 creates=21 create-failed=0 evictions=0 uploads=24 upload-kb=302 stubs=1 failed r4=10 r7=0 r8=0 other=0
201 pid=FFFD9AD1 DrvDeleteContext context=2 -> 1
202 pid=FFFD9AD1 DrvDescribePixelFormat index=1 bytes=0 -> count=1
203 pid=FFFD9AD1 DrvDescribePixelFormat index=1 bytes=40 -> count=1
204 pid=FFFD9AD1 DrvCreateLayerContext hdc=0000077A layer=0 -> 2
205 pid=FFFD9AD1 DrvSetContext hdc=0000077A context=2 -> 1
206 pid=FFFD9AD1 DrvReleaseContext context=2 -> 1
207 pid=FFFD9AD1 paths batches/triangles untextured=4/16 hw=26/49 cpu=0/0 cpu-nonsquare=5/12 hw-refused=5/10
208 pid=FFFD9AD1 counters hwtex live=0 creates=22 create-failed=0 evictions=0 uploads=25 upload-kb=312 stubs=1 failed r4=10 r7=0 r8=0 other=0
209 pid=FFFD9AD1 DrvDeleteContext context=2 -> 1
210 pid=FFFD9AD1 DrvDescribePixelFormat index=1 bytes=0 -> count=1
211 pid=FFFD9AD1 DrvDescribePixelFormat index=1 bytes=40 -> count=1
212 pid=FFFD9AD1 DrvCreateLayerContext hdc=0000077A layer=0 -> 2
213 pid=FFFD9AD1 DrvSetContext hdc=0000077A context=2 -> 1
214 pid=FFFD9AD1 DrvReleaseContext context=2 -> 1
215 pid=FFFD9AD1 paths batches/triangles untextured=4/16 hw=27/50 cpu=0/0 cpu-nonsquare=5/12 hw-refused=5/10
216 pid=FFFD9AD1 counters hwtex live=0 creates=23 create-failed=0 evictions=0 uploads=26 upload-kb=322 stubs=1 failed r4=10 r7=0 r8=0 other=0
217 pid=FFFD9AD1 DrvDeleteContext context=2 -> 1
218 pid=FFFD9AD1 DrvDescribePixelFormat index=1 bytes=0 -> count=1
219 pid=FFFD9AD1 DrvDescribePixelFormat index=1 bytes=40 -> count=1
220 pid=FFFD9AD1 DrvCreateLayerContext hdc=0000077A layer=0 -> 2
221 pid=FFFD9AD1 DrvSetContext hdc=0000077A context=2 -> 1
222 pid=FFFD9AD1 DrvReleaseContext context=2 -> 1
223 pid=FFFD9AD1 paths batches/triangles untextured=4/16 hw=28/51 cpu=0/0 cpu-nonsquare=5/12 hw-refused=5/10
224 pid=FFFD9AD1 counters hwtex live=0 creates=24 create-failed=0 evictions=0 uploads=27 upload-kb=332 stubs=1 failed r4=10 r7=0 r8=0 other=0
225 pid=FFFD9AD1 DrvDeleteContext context=2 -> 1
226 pid=FFFD9AD1 DrvDescribePixelFormat index=1 bytes=0 -> count=1
227 pid=FFFD9AD1 DrvDescribePixelFormat index=1 bytes=40 -> count=1
228 pid=FFFD9AD1 DrvCreateLayerContext hdc=0000077A layer=0 -> 2
229 pid=FFFD9AD1 DrvSetContext hdc=0000077A context=2 -> 1
230 pid=FFFD9AD1 DrvReleaseContext context=2 -> 1
231 pid=FFFD9AD1 paths batches/triangles untextured=4/16 hw=29/52 cpu=0/0 cpu-nonsquare=5/12 hw-refused=5/10
232 pid=FFFD9AD1 counters hwtex live=0 creates=25 create-failed=0 evictions=0 uploads=28 upload-kb=342 stubs=1 failed r4=10 r7=0 r8=0 other=0
233 pid=FFFD9AD1 DrvDeleteContext context=2 -> 1
234 pid=FFFD9AD1 DrvDescribePixelFormat index=1 bytes=0 -> count=1
235 pid=FFFD9AD1 DrvDescribePixelFormat index=1 bytes=40 -> count=1
236 pid=FFFD9AD1 DrvCreateLayerContext hdc=0000077A layer=0 -> 2
237 pid=FFFD9AD1 DrvSetContext hdc=0000077A context=2 -> 1
238 pid=FFFD9AD1 DrvReleaseContext context=2 -> 1
239 pid=FFFD9AD1 paths batches/triangles untextured=4/16 hw=30/53 cpu=0/0 cpu-nonsquare=5/12 hw-refused=5/10
240 pid=FFFD9AD1 counters hwtex live=0 creates=26 create-failed=0 evictions=0 uploads=29 upload-kb=352 stubs=1 failed r4=10 r7=0 r8=0 other=0
241 pid=FFFD9AD1 DrvDeleteContext context=2 -> 1
242 pid=FFFD9AD1 DrvDescribePixelFormat index=1 bytes=0 -> count=1
243 pid=FFFD9AD1 DrvDescribePixelFormat index=1 bytes=40 -> count=1
244 pid=FFFD9AD1 DrvCreateLayerContext hdc=0000077A layer=0 -> 2
245 pid=FFFD9AD1 DrvSetContext hdc=0000077A context=2 -> 1
246 pid=FFFD9AD1 DrvReleaseContext context=2 -> 1
247 pid=FFFD9AD1 paths batches/triangles untextured=4/16 hw=31/54 cpu=0/0 cpu-nonsquare=5/12 hw-refused=5/10
248 pid=FFFD9AD1 counters hwtex live=0 creates=27 create-failed=0 evictions=0 uploads=30 upload-kb=362 stubs=1 failed r4=10 r7=0 r8=0 other=0
249 pid=FFFD9AD1 DrvDeleteContext context=2 -> 1
250 pid=FFFD9AD1 DrvDescribePixelFormat index=1 bytes=0 -> count=1
251 pid=FFFD9AD1 DrvDescribePixelFormat index=1 bytes=40 -> count=1
252 pid=FFFD9AD1 DrvCreateLayerContext hdc=0000077A layer=0 -> 2
253 pid=FFFD9AD1 DrvSetContext hdc=0000077A context=2 -> 1
254 pid=FFFD9AD1 DrvReleaseContext context=2 -> 1
255 pid=FFFD9AD1 paths batches/triangles untextured=4/16 hw=32/55 cpu=0/0 cpu-nonsquare=5/12 hw-refused=5/10
256 pid=FFFD9AD1 counters hwtex live=0 creates=28 create-failed=0 evictions=0 uploads=31 upload-kb=372 stubs=1 failed r4=10 r7=0 r8=0 other=0
257 pid=FFFD9AD1 DrvDeleteContext context=2 -> 1
258 pid=FFFD9AD1 DrvDescribePixelFormat index=1 bytes=0 -> count=1
259 pid=FFFD9AD1 DrvDescribePixelFormat index=1 bytes=40 -> count=1
260 pid=FFFD9AD1 DrvCreateLayerContext hdc=0000077A layer=0 -> 2
261 pid=FFFD9AD1 DrvSetContext hdc=0000077A context=2 -> 1
262 pid=FFFD9AD1 DrvReleaseContext context=2 -> 1
263 pid=FFFD9AD1 paths batches/triangles untextured=4/16 hw=33/56 cpu=0/0 cpu-nonsquare=5/12 hw-refused=5/10
264 pid=FFFD9AD1 counters hwtex live=0 creates=29 create-failed=0 evictions=0 uploads=32 upload-kb=382 stubs=1 failed r4=10 r7=0 r8=0 other=0
265 pid=FFFD9AD1 DrvDeleteContext context=2 -> 1
266 pid=FFFD9AD1 DrvDescribePixelFormat index=1 bytes=0 -> count=1
267 pid=FFFD9AD1 DrvDescribePixelFormat index=1 bytes=40 -> count=1
268 pid=FFFD9AD1 DrvCreateLayerContext hdc=0000077A layer=0 -> 2
269 pid=FFFD9AD1 DrvSetContext hdc=0000077A context=2 -> 1
270 pid=FFFD9AD1 DrvReleaseContext context=2 -> 1
271 pid=FFFD9AD1 paths batches/triangles untextured=4/16 hw=34/57 cpu=0/0 cpu-nonsquare=5/12 hw-refused=5/10
272 pid=FFFD9AD1 counters hwtex live=0 creates=30 create-failed=0 evictions=0 uploads=33 upload-kb=392 stubs=1 failed r4=10 r7=0 r8=0 other=0
273 pid=FFFD9AD1 DrvDeleteContext context=2 -> 1
274 pid=FFFD9AD1 DrvDescribePixelFormat index=1 bytes=0 -> count=1
275 pid=FFFD9AD1 DrvDescribePixelFormat index=1 bytes=40 -> count=1
276 pid=FFFD9AD1 DrvCreateLayerContext hdc=0000077A layer=0 -> 2
277 pid=FFFD9AD1 DrvSetContext hdc=0000077A context=2 -> 1
278 pid=FFFD9AD1 DrvReleaseContext context=2 -> 1
279 pid=FFFD9AD1 paths batches/triangles untextured=4/16 hw=35/58 cpu=0/0 cpu-nonsquare=5/12 hw-refused=5/10
280 pid=FFFD9AD1 counters hwtex live=0 creates=31 create-failed=0 evictions=0 uploads=34 upload-kb=402 stubs=1 failed r4=10 r7=0 r8=0 other=0
281 pid=FFFD9AD1 DrvDeleteContext context=2 -> 1
282 pid=FFFD9AD1 DrvDescribePixelFormat index=1 bytes=0 -> count=1
283 pid=FFFD9AD1 DrvDescribePixelFormat index=1 bytes=40 -> count=1
284 pid=FFFD9AD1 DrvCreateLayerContext hdc=0000077A layer=0 -> 2
285 pid=FFFD9AD1 DrvSetContext hdc=0000077A context=2 -> 1
286 pid=FFFD9AD1 DrvReleaseContext context=2 -> 1
287 pid=FFFD9AD1 paths batches/triangles untextured=4/16 hw=36/59 cpu=0/0 cpu-nonsquare=5/12 hw-refused=5/10
288 pid=FFFD9AD1 counters hwtex live=0 creates=32 create-failed=0 evictions=0 uploads=35 upload-kb=412 stubs=1 failed r4=10 r7=0 r8=0 other=0
289 pid=FFFD9AD1 DrvDeleteContext context=2 -> 1
290 pid=FFFD9AD1 DrvDescribePixelFormat index=1 bytes=0 -> count=1
291 pid=FFFD9AD1 DrvDescribePixelFormat index=1 bytes=40 -> count=1
292 pid=FFFD9AD1 DrvCreateLayerContext hdc=0000077A layer=0 -> 2
293 pid=FFFD9AD1 DrvSetContext hdc=0000077A context=2 -> 1
294 pid=FFFD9AD1 DrvReleaseContext context=2 -> 1
295 pid=FFFD9AD1 paths batches/triangles untextured=4/16 hw=37/60 cpu=0/0 cpu-nonsquare=5/12 hw-refused=5/10
296 pid=FFFD9AD1 counters hwtex live=0 creates=33 create-failed=0 evictions=0 uploads=36 upload-kb=422 stubs=1 failed r4=10 r7=0 r8=0 other=0
297 pid=FFFD9AD1 DrvDeleteContext context=2 -> 1
298 pid=FFFD9AD1 DrvDescribePixelFormat index=1 bytes=0 -> count=1
299 pid=FFFD9AD1 DrvDescribePixelFormat index=1 bytes=40 -> count=1
300 pid=FFFD9AD1 DrvCreateLayerContext hdc=0000077A layer=0 -> 2
301 pid=FFFD9AD1 DrvSetContext hdc=0000077A context=2 -> 1
302 pid=FFFD9AD1 DrvReleaseContext context=2 -> 1
303 pid=FFFD9AD1 paths batches/triangles untextured=4/16 hw=38/61 cpu=0/0 cpu-nonsquare=5/12 hw-refused=5/10
304 pid=FFFD9AD1 counters hwtex live=0 creates=34 create-failed=0 evictions=0 uploads=37 upload-kb=432 stubs=1 failed r4=10 r7=0 r8=0 other=0
305 pid=FFFD9AD1 DrvDeleteContext context=2 -> 1
306 pid=FFFD9AD1 DrvDescribePixelFormat index=1 bytes=0 -> count=1
307 pid=FFFD9AD1 DrvDescribePixelFormat index=1 bytes=40 -> count=1
308 pid=FFFD9AD1 DrvCreateLayerContext hdc=0000077A layer=0 -> 2
309 pid=FFFD9AD1 DrvSetContext hdc=0000077A context=2 -> 1
310 pid=FFFD9AD1 DrvReleaseContext context=2 -> 1
311 pid=FFFD9AD1 paths batches/triangles untextured=4/16 hw=39/62 cpu=0/0 cpu-nonsquare=5/12 hw-refused=5/10
312 pid=FFFD9AD1 counters hwtex live=0 creates=35 create-failed=0 evictions=0 uploads=38 upload-kb=442 stubs=1 failed r4=10 r7=0 r8=0 other=0
313 pid=FFFD9AD1 DrvDeleteContext context=2 -> 1
314 pid=FFFD9AD1 DrvDescribePixelFormat index=1 bytes=0 -> count=1
315 pid=FFFD9AD1 DrvDescribePixelFormat index=1 bytes=40 -> count=1
316 pid=FFFD9AD1 DrvCreateLayerContext hdc=0000077A layer=0 -> 2
317 pid=FFFD9AD1 DrvSetContext hdc=0000077A context=2 -> 1
318 pid=FFFD9AD1 DrvReleaseContext context=2 -> 1
319 pid=FFFD9AD1 paths batches/triangles untextured=4/16 hw=40/63 cpu=0/0 cpu-nonsquare=5/12 hw-refused=5/10
320 pid=FFFD9AD1 counters hwtex live=0 creates=36 create-failed=0 evictions=0 uploads=39 upload-kb=452 stubs=1 failed r4=10 r7=0 r8=0 other=0
321 pid=FFFD9AD1 DrvDeleteContext context=2 -> 1
322 pid=FFFD9AD1 DrvDescribePixelFormat index=1 bytes=0 -> count=1
323 pid=FFFD9AD1 DrvDescribePixelFormat index=1 bytes=40 -> count=1
324 pid=FFFD9AD1 DrvCreateLayerContext hdc=0000077A layer=0 -> 2
325 pid=FFFD9AD1 drawable window=00000158 360x280
326 pid=FFFD9AD1 DrvSetContext hdc=0000077A context=2 -> 1
327 pid=FFFD9AD1 DrvReleaseContext context=2 -> 1
328 pid=FFFD9AD1 paths batches/triangles untextured=4/16 hw=41/64 cpu=0/0 cpu-nonsquare=5/12 hw-refused=5/10
329 pid=FFFD9AD1 counters hwtex live=0 creates=37 create-failed=0 evictions=0 uploads=40 upload-kb=462 stubs=1 failed r4=10 r7=0 r8=0 other=0
330 pid=FFFD9AD1 DrvDeleteContext context=2 -> 1
331 pid=FFFD9AD1 DrvDescribePixelFormat index=1 bytes=0 -> count=1
332 pid=FFFD9AD1 DrvDescribePixelFormat index=1 bytes=40 -> count=1
333 pid=FFFD9AD1 DrvCreateLayerContext hdc=0000077A layer=0 -> 2
334 pid=FFFD9AD1 DrvSetContext hdc=0000077A context=2 -> 1
335 pid=FFFD9AD1 DrvReleaseContext context=2 -> 1
336 pid=FFFD9AD1 paths batches/triangles untextured=4/16 hw=42/65 cpu=0/0 cpu-nonsquare=5/12 hw-refused=5/10
337 pid=FFFD9AD1 counters hwtex live=0 creates=38 create-failed=0 evictions=0 uploads=41 upload-kb=472 stubs=1 failed r4=10 r7=0 r8=0 other=0
338 pid=FFFD9AD1 DrvDeleteContext context=2 -> 1
339 pid=FFFD9AD1 DrvDescribePixelFormat index=1 bytes=0 -> count=1
340 pid=FFFD9AD1 DrvDescribePixelFormat index=1 bytes=40 -> count=1
341 pid=FFFD9AD1 DrvCreateLayerContext hdc=0000077A layer=0 -> 2
342 pid=FFFD9AD1 DrvSetContext hdc=0000077A context=2 -> 1
343 pid=FFFD9AD1 DrvReleaseContext context=2 -> 1
344 pid=FFFD9AD1 paths batches/triangles untextured=4/16 hw=43/66 cpu=0/0 cpu-nonsquare=5/12 hw-refused=5/10
345 pid=FFFD9AD1 counters hwtex live=0 creates=39 create-failed=0 evictions=0 uploads=42 upload-kb=482 stubs=1 failed r4=10 r7=0 r8=0 other=0
346 pid=FFFD9AD1 DrvDeleteContext context=2 -> 1
347 pid=FFFD9AD1 DrvDescribePixelFormat index=1 bytes=0 -> count=1
348 pid=FFFD9AD1 DrvDescribePixelFormat index=1 bytes=40 -> count=1
349 pid=FFFD9AD1 DrvCreateLayerContext hdc=0000077A layer=0 -> 2
350 pid=FFFD9AD1 DrvSetContext hdc=0000077A context=2 -> 1
351 pid=FFFD9AD1 DrvReleaseContext context=2 -> 1
352 pid=FFFD9AD1 paths batches/triangles untextured=4/16 hw=44/67 cpu=0/0 cpu-nonsquare=5/12 hw-refused=5/10
353 pid=FFFD9AD1 counters hwtex live=0 creates=40 create-failed=0 evictions=0 uploads=43 upload-kb=492 stubs=1 failed r4=10 r7=0 r8=0 other=0
354 pid=FFFD9AD1 DrvDeleteContext context=2 -> 1
355 pid=FFFD9AD1 DrvDescribePixelFormat index=1 bytes=0 -> count=1
356 pid=FFFD9AD1 DrvDescribePixelFormat index=1 bytes=40 -> count=1
357 pid=FFFD9AD1 DrvCreateLayerContext hdc=0000077A layer=0 -> 2
358 pid=FFFD9AD1 DrvSetContext hdc=0000077A context=2 -> 1
359 pid=FFFD9AD1 DrvReleaseContext context=2 -> 1
360 pid=FFFD9AD1 paths batches/triangles untextured=4/16 hw=45/68 cpu=0/0 cpu-nonsquare=5/12 hw-refused=5/10
361 pid=FFFD9AD1 counters hwtex live=0 creates=41 create-failed=0 evictions=0 uploads=44 upload-kb=502 stubs=1 failed r4=10 r7=0 r8=0 other=0
362 pid=FFFD9AD1 DrvDeleteContext context=2 -> 1
363 pid=FFFD9AD1 DrvDescribePixelFormat index=1 bytes=0 -> count=1
364 pid=FFFD9AD1 DrvDescribePixelFormat index=1 bytes=40 -> count=1
365 pid=FFFD9AD1 DrvCreateLayerContext hdc=0000077A layer=0 -> 2
366 pid=FFFD9AD1 DrvSetContext hdc=0000077A context=2 -> 1
367 pid=FFFD9AD1 DrvReleaseContext context=2 -> 1
368 pid=FFFD9AD1 paths batches/triangles untextured=4/16 hw=46/69 cpu=0/0 cpu-nonsquare=5/12 hw-refused=5/10
369 pid=FFFD9AD1 counters hwtex live=0 creates=42 create-failed=0 evictions=0 uploads=45 upload-kb=512 stubs=1 failed r4=10 r7=0 r8=0 other=0
370 pid=FFFD9AD1 DrvDeleteContext context=2 -> 1
371 pid=FFFD9AD1 DrvDescribePixelFormat index=1 bytes=0 -> count=1
372 pid=FFFD9AD1 DrvDescribePixelFormat index=1 bytes=40 -> count=1
373 pid=FFFD9AD1 DrvCreateLayerContext hdc=0000077A layer=0 -> 2
374 pid=FFFD9AD1 DrvSetContext hdc=0000077A context=2 -> 1
375 pid=FFFD9AD1 DrvReleaseContext context=2 -> 1
376 pid=FFFD9AD1 paths batches/triangles untextured=4/16 hw=47/70 cpu=0/0 cpu-nonsquare=5/12 hw-refused=5/10
377 pid=FFFD9AD1 counters hwtex live=0 creates=43 create-failed=0 evictions=0 uploads=46 upload-kb=522 stubs=1 failed r4=10 r7=0 r8=0 other=0
378 pid=FFFD9AD1 DrvDeleteContext context=2 -> 1
379 pid=FFFD9AD1 DrvDescribePixelFormat index=1 bytes=0 -> count=1
380 pid=FFFD9AD1 DrvDescribePixelFormat index=1 bytes=40 -> count=1
381 pid=FFFD9AD1 DrvCreateLayerContext hdc=0000077A layer=0 -> 2
382 pid=FFFD9AD1 DrvSetContext hdc=0000077A context=2 -> 1
383 pid=FFFD9AD1 DrvReleaseContext context=2 -> 1
384 pid=FFFD9AD1 paths batches/triangles untextured=4/16 hw=48/71 cpu=0/0 cpu-nonsquare=5/12 hw-refused=5/10
385 pid=FFFD9AD1 counters hwtex live=0 creates=44 create-failed=0 evictions=0 uploads=47 upload-kb=532 stubs=1 failed r4=10 r7=0 r8=0 other=0
386 pid=FFFD9AD1 DrvDeleteContext context=2 -> 1
387 pid=FFFD9AD1 DrvDescribePixelFormat index=1 bytes=0 -> count=1
388 pid=FFFD9AD1 DrvDescribePixelFormat index=1 bytes=40 -> count=1
389 pid=FFFD9AD1 DrvCreateLayerContext hdc=0000077A layer=0 -> 2
390 pid=FFFD9AD1 DrvSetContext hdc=0000077A context=2 -> 1
391 pid=FFFD9AD1 DrvReleaseContext context=2 -> 1
392 pid=FFFD9AD1 paths batches/triangles untextured=4/16 hw=49/72 cpu=0/0 cpu-nonsquare=5/12 hw-refused=5/10
393 pid=FFFD9AD1 counters hwtex live=0 creates=45 create-failed=0 evictions=0 uploads=48 upload-kb=542 stubs=1 failed r4=10 r7=0 r8=0 other=0
394 pid=FFFD9AD1 DrvDeleteContext context=2 -> 1
395 pid=FFFD9AD1 DrvDescribePixelFormat index=1 bytes=0 -> count=1
396 pid=FFFD9AD1 DrvDescribePixelFormat index=1 bytes=40 -> count=1
397 pid=FFFD9AD1 DrvCreateLayerContext hdc=0000077A layer=0 -> 2
398 pid=FFFD9AD1 DrvSetContext hdc=0000077A context=2 -> 1
399 pid=FFFD9AD1 DrvReleaseContext context=2 -> 1
400 pid=FFFD9AD1 paths batches/triangles untextured=4/16 hw=50/73 cpu=0/0 cpu-nonsquare=5/12 hw-refused=5/10
401 pid=FFFD9AD1 counters hwtex live=0 creates=46 create-failed=0 evictions=0 uploads=49 upload-kb=552 stubs=1 failed r4=10 r7=0 r8=0 other=0
402 pid=FFFD9AD1 DrvDeleteContext context=2 -> 1
403 pid=FFFD9AD1 DrvDescribePixelFormat index=1 bytes=0 -> count=1
404 pid=FFFD9AD1 DrvDescribePixelFormat index=1 bytes=40 -> count=1
405 pid=FFFD9AD1 DrvCreateLayerContext hdc=0000077A layer=0 -> 2
406 pid=FFFD9AD1 DrvSetContext hdc=0000077A context=2 -> 1
407 pid=FFFD9AD1 DrvReleaseContext context=2 -> 1
408 pid=FFFD9AD1 paths batches/triangles untextured=4/16 hw=51/74 cpu=0/0 cpu-nonsquare=5/12 hw-refused=5/10
409 pid=FFFD9AD1 counters hwtex live=0 creates=47 create-failed=0 evictions=0 uploads=50 upload-kb=562 stubs=1 failed r4=10 r7=0 r8=0 other=0
410 pid=FFFD9AD1 DrvDeleteContext context=2 -> 1
411 pid=FFFD9AD1 DrvDescribePixelFormat index=1 bytes=0 -> count=1
412 pid=FFFD9AD1 DrvDescribePixelFormat index=1 bytes=40 -> count=1
413 pid=FFFD9AD1 DrvCreateLayerContext hdc=0000077A layer=0 -> 2
414 pid=FFFD9AD1 DrvSetContext hdc=0000077A context=2 -> 1
415 pid=FFFD9AD1 DrvReleaseContext context=2 -> 1
416 pid=FFFD9AD1 paths batches/triangles untextured=4/16 hw=52/75 cpu=0/0 cpu-nonsquare=5/12 hw-refused=5/10
417 pid=FFFD9AD1 counters hwtex live=0 creates=48 create-failed=0 evictions=0 uploads=51 upload-kb=572 stubs=1 failed r4=10 r7=0 r8=0 other=0
418 pid=FFFD9AD1 DrvDeleteContext context=2 -> 1
419 pid=FFFD9AD1 DrvDescribePixelFormat index=1 bytes=0 -> count=1
420 pid=FFFD9AD1 DrvDescribePixelFormat index=1 bytes=40 -> count=1
421 pid=FFFD9AD1 DrvCreateLayerContext hdc=0000077A layer=0 -> 2
422 pid=FFFD9AD1 DrvSetContext hdc=0000077A context=2 -> 1
423 pid=FFFD9AD1 DrvReleaseContext context=2 -> 1
424 pid=FFFD9AD1 paths batches/triangles untextured=4/16 hw=53/76 cpu=0/0 cpu-nonsquare=5/12 hw-refused=5/10
425 pid=FFFD9AD1 counters hwtex live=0 creates=49 create-failed=0 evictions=0 uploads=52 upload-kb=582 stubs=1 failed r4=10 r7=0 r8=0 other=0
426 pid=FFFD9AD1 DrvDeleteContext context=2 -> 1
427 pid=FFFD9AD1 DrvDescribePixelFormat index=1 bytes=0 -> count=1
428 pid=FFFD9AD1 DrvDescribePixelFormat index=1 bytes=40 -> count=1
429 pid=FFFD9AD1 DrvCreateLayerContext hdc=0000077A layer=0 -> 2
430 pid=FFFD9AD1 DrvSetContext hdc=0000077A context=2 -> 1
431 pid=FFFD9AD1 DrvReleaseContext context=2 -> 1
432 pid=FFFD9AD1 paths batches/triangles untextured=4/16 hw=54/77 cpu=0/0 cpu-nonsquare=5/12 hw-refused=5/10
433 pid=FFFD9AD1 counters hwtex live=0 creates=50 create-failed=0 evictions=0 uploads=53 upload-kb=592 stubs=1 failed r4=10 r7=0 r8=0 other=0
434 pid=FFFD9AD1 DrvDeleteContext context=2 -> 1
435 pid=FFFD9AD1 DrvDescribePixelFormat index=1 bytes=0 -> count=1
436 pid=FFFD9AD1 DrvDescribePixelFormat index=1 bytes=40 -> count=1
437 pid=FFFD9AD1 DrvCreateLayerContext hdc=0000077A layer=0 -> 2
438 pid=FFFD9AD1 DrvSetContext hdc=0000077A context=2 -> 1
439 pid=FFFD9AD1 DrvReleaseContext context=2 -> 1
440 pid=FFFD9AD1 paths batches/triangles untextured=4/16 hw=55/78 cpu=0/0 cpu-nonsquare=5/12 hw-refused=5/10
441 pid=FFFD9AD1 counters hwtex live=0 creates=51 create-failed=0 evictions=0 uploads=54 upload-kb=602 stubs=1 failed r4=10 r7=0 r8=0 other=0
442 pid=FFFD9AD1 DrvDeleteContext context=2 -> 1
443 pid=FFFD9AD1 DrvDescribePixelFormat index=1 bytes=0 -> count=1
444 pid=FFFD9AD1 DrvDescribePixelFormat index=1 bytes=40 -> count=1
445 pid=FFFD9AD1 DrvCreateLayerContext hdc=0000077A layer=0 -> 2
446 pid=FFFD9AD1 DrvSetContext hdc=0000077A context=2 -> 1
447 pid=FFFD9AD1 DrvReleaseContext context=2 -> 1
448 pid=FFFD9AD1 paths batches/triangles untextured=4/16 hw=56/79 cpu=0/0 cpu-nonsquare=5/12 hw-refused=5/10
449 pid=FFFD9AD1 counters hwtex live=0 creates=52 create-failed=0 evictions=0 uploads=55 upload-kb=612 stubs=1 failed r4=10 r7=0 r8=0 other=0
450 pid=FFFD9AD1 DrvDeleteContext context=2 -> 1
451 pid=FFFD9AD1 DrvDescribePixelFormat index=1 bytes=0 -> count=1
452 pid=FFFD9AD1 DrvDescribePixelFormat index=1 bytes=40 -> count=1
453 pid=FFFD9AD1 DrvCreateLayerContext hdc=0000077A layer=0 -> 2
454 pid=FFFD9AD1 DrvSetContext hdc=0000077A context=2 -> 1
455 pid=FFFD9AD1 DrvReleaseContext context=2 -> 1
456 pid=FFFD9AD1 paths batches/triangles untextured=4/16 hw=57/80 cpu=0/0 cpu-nonsquare=5/12 hw-refused=5/10
457 pid=FFFD9AD1 counters hwtex live=0 creates=53 create-failed=0 evictions=0 uploads=56 upload-kb=622 stubs=1 failed r4=10 r7=0 r8=0 other=0
458 pid=FFFD9AD1 DrvDeleteContext context=2 -> 1
459 pid=FFFD9AD1 DrvDescribePixelFormat index=1 bytes=0 -> count=1
460 pid=FFFD9AD1 DrvDescribePixelFormat index=1 bytes=40 -> count=1
461 pid=FFFD9AD1 DrvCreateLayerContext hdc=0000077A layer=0 -> 2
462 pid=FFFD9AD1 DrvSetContext hdc=0000077A context=2 -> 1
463 pid=FFFD9AD1 DrvReleaseContext context=2 -> 1
464 pid=FFFD9AD1 paths batches/triangles untextured=4/16 hw=58/81 cpu=0/0 cpu-nonsquare=5/12 hw-refused=5/10
465 pid=FFFD9AD1 counters hwtex live=0 creates=54 create-failed=0 evictions=0 uploads=57 upload-kb=632 stubs=1 failed r4=10 r7=0 r8=0 other=0
466 pid=FFFD9AD1 DrvDeleteContext context=2 -> 1
467 pid=FFFD9AD1 DrvDescribePixelFormat index=1 bytes=0 -> count=1
468 pid=FFFD9AD1 DrvDescribePixelFormat index=1 bytes=40 -> count=1
469 pid=FFFD9AD1 DrvCreateLayerContext hdc=0000077A layer=0 -> 2
470 pid=FFFD9AD1 DrvSetContext hdc=0000077A context=2 -> 1
471 pid=FFFD9AD1 DrvReleaseContext context=2 -> 1
472 pid=FFFD9AD1 paths batches/triangles untextured=4/16 hw=59/82 cpu=0/0 cpu-nonsquare=5/12 hw-refused=5/10
473 pid=FFFD9AD1 counters hwtex live=0 creates=55 create-failed=0 evictions=0 uploads=58 upload-kb=642 stubs=1 failed r4=10 r7=0 r8=0 other=0
474 pid=FFFD9AD1 DrvDeleteContext context=2 -> 1
475 pid=FFFD9AD1 DrvDescribePixelFormat index=1 bytes=0 -> count=1
476 pid=FFFD9AD1 DrvDescribePixelFormat index=1 bytes=40 -> count=1
477 pid=FFFD9AD1 DrvCreateLayerContext hdc=0000077A layer=0 -> 2
478 pid=FFFD9AD1 DrvSetContext hdc=0000077A context=2 -> 1
479 pid=FFFD9AD1 DrvReleaseContext context=2 -> 1
480 pid=FFFD9AD1 paths batches/triangles untextured=4/16 hw=60/83 cpu=0/0 cpu-nonsquare=5/12 hw-refused=5/10
481 pid=FFFD9AD1 counters hwtex live=0 creates=56 create-failed=0 evictions=0 uploads=59 upload-kb=652 stubs=1 failed r4=10 r7=0 r8=0 other=0
482 pid=FFFD9AD1 DrvDeleteContext context=2 -> 1
483 pid=FFFD9AD1 DrvDescribePixelFormat index=1 bytes=0 -> count=1
484 pid=FFFD9AD1 DrvDescribePixelFormat index=1 bytes=40 -> count=1
485 pid=FFFD9AD1 DrvCreateLayerContext hdc=0000077A layer=0 -> 2
486 pid=FFFD9AD1 DrvSetContext hdc=0000077A context=2 -> 1
487 pid=FFFD9AD1 DrvReleaseContext context=2 -> 1
488 pid=FFFD9AD1 paths batches/triangles untextured=4/16 hw=61/84 cpu=0/0 cpu-nonsquare=5/12 hw-refused=5/10
489 pid=FFFD9AD1 counters hwtex live=0 creates=57 create-failed=0 evictions=0 uploads=60 upload-kb=662 stubs=1 failed r4=10 r7=0 r8=0 other=0
490 pid=FFFD9AD1 DrvDeleteContext context=2 -> 1
491 pid=FFFD9AD1 DrvDescribePixelFormat index=1 bytes=0 -> count=1
492 pid=FFFD9AD1 DrvDescribePixelFormat index=1 bytes=40 -> count=1
493 pid=FFFD9AD1 DrvCreateLayerContext hdc=0000077A layer=0 -> 2
494 pid=FFFD9AD1 DrvSetContext hdc=0000077A context=2 -> 1
495 pid=FFFD9AD1 DrvReleaseContext context=2 -> 1
496 pid=FFFD9AD1 paths batches/triangles untextured=4/16 hw=62/85 cpu=0/0 cpu-nonsquare=5/12 hw-refused=5/10
497 pid=FFFD9AD1 counters hwtex live=0 creates=58 create-failed=0 evictions=0 uploads=61 upload-kb=672 stubs=1 failed r4=10 r7=0 r8=0 other=0
498 pid=FFFD9AD1 DrvDeleteContext context=2 -> 1
499 pid=FFFD9AD1 DrvDescribePixelFormat index=1 bytes=0 -> count=1
500 pid=FFFD9AD1 DrvDescribePixelFormat index=1 bytes=40 -> count=1
501 pid=FFFD9AD1 DrvCreateLayerContext hdc=0000077A layer=0 -> 2
502 pid=FFFD9AD1 DrvSetContext hdc=0000077A context=2 -> 1
503 pid=FFFD9AD1 DrvReleaseContext context=2 -> 1
504 pid=FFFD9AD1 paths batches/triangles untextured=4/16 hw=63/86 cpu=0/0 cpu-nonsquare=5/12 hw-refused=5/10
505 pid=FFFD9AD1 counters hwtex live=0 creates=59 create-failed=0 evictions=0 uploads=62 upload-kb=682 stubs=1 failed r4=10 r7=0 r8=0 other=0
506 pid=FFFD9AD1 DrvDeleteContext context=2 -> 1
507 pid=FFFD9AD1 DrvDescribePixelFormat index=1 bytes=0 -> count=1
508 pid=FFFD9AD1 DrvDescribePixelFormat index=1 bytes=40 -> count=1
509 pid=FFFD9AD1 DrvCreateLayerContext hdc=0000077A layer=0 -> 2
510 pid=FFFD9AD1 DrvSetContext hdc=0000077A context=2 -> 1
511 pid=FFFD9AD1 DrvReleaseContext context=2 -> 1
512 pid=FFFD9AD1 paths batches/triangles untextured=4/16 hw=64/87 cpu=0/0 cpu-nonsquare=5/12 hw-refused=5/10
513 pid=FFFD9AD1 counters hwtex live=0 creates=60 create-failed=0 evictions=0 uploads=63 upload-kb=692 stubs=1 failed r4=10 r7=0 r8=0 other=0
514 pid=FFFD9AD1 DrvDeleteContext context=2 -> 1
515 pid=FFFD9AD1 DrvDescribePixelFormat index=1 bytes=0 -> count=1
516 pid=FFFD9AD1 DrvDescribePixelFormat index=1 bytes=40 -> count=1
517 pid=FFFD9AD1 DrvCreateLayerContext hdc=0000077A layer=0 -> 2
518 pid=FFFD9AD1 DrvSetContext hdc=0000077A context=2 -> 1
519 pid=FFFD9AD1 DrvReleaseContext context=2 -> 1
520 pid=FFFD9AD1 paths batches/triangles untextured=4/16 hw=65/88 cpu=0/0 cpu-nonsquare=5/12 hw-refused=5/10
521 pid=FFFD9AD1 counters hwtex live=0 creates=61 create-failed=0 evictions=0 uploads=64 upload-kb=702 stubs=1 failed r4=10 r7=0 r8=0 other=0
522 pid=FFFD9AD1 DrvDeleteContext context=2 -> 1
523 pid=FFFD9AD1 DrvSetContext hdc=0000077A context=1 -> 1
524 pid=FFFD9AD1 DrvReleaseContext context=1 -> 1
525 pid=FFFD9AD1 paths batches/triangles untextured=4/16 hw=65/88 cpu=0/0 cpu-nonsquare=5/12 hw-refused=5/10
526 pid=FFFD9AD1 counters hwtex live=0 creates=61 create-failed=0 evictions=0 uploads=64 upload-kb=702 stubs=1 failed r4=10 r7=0 r8=0 other=0
527 pid=FFFD9AD1 DrvDeleteContext context=1 -> 1
528 pid=FFFD9AD1 detach slots-called=1 stub-calls=1
1 pid=FFFD515D attach instance=05EE0000 tls=22 build-marker=1
2 pid=FFFD515D DrvValidateVersion version=1
3 pid=FFFD515D DrvSetCallbackProcs count=3 procs=78B23978
4 pid=FFFD515D describe result=0 engine=2 formats=00000004
5 pid=FFFD515D DrvDescribePixelFormat index=1 bytes=0 -> count=1
6 pid=FFFD515D DrvDescribePixelFormat index=1 bytes=40 -> count=1
7 pid=FFFD515D DrvDescribePixelFormat index=1 bytes=0 -> count=1
8 pid=FFFD515D DrvDescribePixelFormat index=1 bytes=40 -> count=1
9 pid=FFFD515D DrvDescribePixelFormat index=1 bytes=0 -> count=1
10 pid=FFFD515D DrvDescribePixelFormat index=1 bytes=0 -> count=1
11 pid=FFFD515D DrvDescribePixelFormat index=1 bytes=0 -> count=1
12 pid=FFFD515D DrvDescribePixelFormat index=1 bytes=0 -> count=1
13 pid=FFFD515D DrvDescribePixelFormat index=1 bytes=0 -> count=1
14 pid=FFFD515D DrvDescribePixelFormat index=1 bytes=0 -> count=1
15 pid=FFFD515D DrvDescribePixelFormat index=1 bytes=0 -> count=1
16 pid=FFFD515D DrvDescribePixelFormat index=1 bytes=0 -> count=1
17 pid=FFFD515D DrvDescribePixelFormat index=1 bytes=0 -> count=1
18 pid=FFFD515D DrvDescribePixelFormat index=1 bytes=0 -> count=1
19 pid=FFFD515D DrvDescribePixelFormat index=1 bytes=0 -> count=1
20 pid=FFFD515D DrvDescribePixelFormat index=1 bytes=0 -> count=1
21 pid=FFFD515D DrvDescribePixelFormat index=1 bytes=0 -> count=1
22 pid=FFFD515D DrvDescribePixelFormat index=1 bytes=0 -> count=1
23 pid=FFFD515D DrvDescribePixelFormat index=1 bytes=0 -> count=1
24 pid=FFFD515D DrvDescribePixelFormat index=1 bytes=0 -> count=1
25 pid=FFFD515D DrvDescribePixelFormat index=1 bytes=0 -> count=1
26 pid=FFFD515D DrvDescribePixelFormat index=1 bytes=0 -> count=1
27 pid=FFFD515D DrvDescribePixelFormat index=1 bytes=0 -> count=1
28 pid=FFFD515D DrvDescribePixelFormat index=1 bytes=0 -> count=1
29 pid=FFFD515D DrvDescribePixelFormat index=1 bytes=0 -> count=1
30 pid=FFFD515D DrvDescribePixelFormat index=1 bytes=0 -> count=1
31 pid=FFFD515D DrvDescribePixelFormat index=1 bytes=0 -> count=1
32 pid=FFFD515D DrvDescribePixelFormat index=1 bytes=0 -> count=1
33 pid=FFFD515D DrvDescribePixelFormat index=1 bytes=0 -> count=1
34 pid=FFFD515D DrvDescribePixelFormat index=1 bytes=40 -> count=1
35 pid=FFFD515D DrvDescribePixelFormat index=1 bytes=0 -> count=1
36 pid=FFFD515D DrvSetPixelFormat hdc=00000772 index=1
37 pid=FFFD515D DrvDescribePixelFormat index=1 bytes=0 -> count=1
38 pid=FFFD515D DrvDescribePixelFormat index=1 bytes=40 -> count=1
39 pid=FFFD515D DrvCreateLayerContext hdc=00000772 layer=0 -> 1
40 pid=FFFD515D drawable window=00000174 640x480
41 pid=FFFD515D DrvSetContext hdc=00000772 context=1 -> 1
42 pid=FFFD515D DrvGetProcAddress name=wglSwapIntervalEXT -> NULL
43 pid=FFFD515D state tex=1041 size=02000200 tex=01010200 blend=00050600 depth=01040101 colour=FFFFFFFF mask=7 scissor=0,0,640,480 fog=0
44 pid=FFFD515D paths batches/triangles untextured=0/0 hw=1/3 cpu=0/0 cpu-nonsquare=0/0 hw-refused=0/0
45 pid=FFFD515D counters hwtex live=1 creates=1 create-failed=0 evictions=0 uploads=1 upload-kb=512 stubs=0 failed r4=0 r7=0 r8=0 other=0
46 pid=FFFD515D state tex=1048 size=00800080 tex=01010200 blend=00050600 depth=01040101 colour=FFFFFFFF mask=7 scissor=0,0,640,480 fog=0
47 pid=FFFD515D state tex=1049 size=00800080 tex=01010200 blend=01020200 depth=01040001 colour=FF808080 mask=7 scissor=0,0,640,480 fog=0
48 pid=FFFD515D refused tex=1049 size=00800080 tex=02030201 blend=01020200 depth=01040001 colour=FF808080 mask=7 scissor=0,0,640,480 fog=0
49 pid=FFFD515D draw result=4 triangles=63 submitted=0
50 pid=FFFD515D   v0 sx=430786F7 sy=42EA207C sz=3F7CFFF2 rhw=3B5FA375 tu=3EE25553 tv=3C82058D
51 pid=FFFD515D   v1 sx=4306BDF7 sy=42E28AA4 sz=3F7CFFDA rhw=3B5FA949 tu=3EF04232 tv=BC90CE3B
52 pid=FFFD515D   v2 sx=4315D020 sy=42E9EA68 sz=3F7D019B rhw=3B5F3980 tu=3F002ADE tv=3D98E1A7
53 pid=FFFD515D draw result=4 triangles=4 submitted=0
54 pid=FFFD515D   v0 sx=43CCED1E sy=42C4520C sz=3F7D1FCD rhw=3B57B0BF tu=3F0FB19C tv=BE143F63
55 pid=FFFD515D   v1 sx=43CF7033 sy=42D23360 sz=3F7D2062 rhw=3B578B7B tu=3F06FF5D tv=BD8177F6
56 pid=FFFD515D   v2 sx=43CC6F45 sy=42D638C0 sz=3F7D1FB0 rhw=3B57B809 tu=3EF70861 tv=BD9A4BE2
57 pid=FFFD515D state tex=1048 size=00800080 tex=01010200 blend=01020200 depth=01040001 colour=FFFFFFFF mask=7 scissor=0,0,640,480 fog=0
58 pid=FFFD515D refused tex=1048 size=00800080 tex=02030201 blend=01020200 depth=01040001 colour=FFFFFFFF mask=7 scissor=0,0,640,480 fog=0
59 pid=FFFD515D draw result=4 triangles=63 submitted=0
60 pid=FFFD515D   v0 sx=430786F7 sy=42EA207C sz=3F7CFFF2 rhw=3B5FA375 tu=40161255 tv=403EEADB
61 pid=FFFD515D   v1 sx=4306BDF7 sy=42E28AA4 sz=3F7CFFDA rhw=3B5FA949 tu=4015D0D2 tv=403D4B4F
62 pid=FFFD515D   v2 sx=4315D020 sy=42E9EA68 sz=3F7D019B rhw=3B5F3980 tu=4019A998 tv=403F04B0
63 pid=FFFD515D draw result=4 triangles=4 submitted=0
64 pid=FFFD515D   v0 sx=43CCED1E sy=42C4520C sz=3F7D1FCD rhw=3B57B0BF tu=4061A86F tv=403772BD
65 pid=FFFD515D   v1 sx=43CF7033 sy=42D23360 sz=3F7D2062 rhw=3B578B7B tu=4062EDF9 tv=403A8B61
66 pid=FFFD515D   v2 sx=43CC6F45 sy=42D638C0 sz=3F7D1FB0 rhw=3B57B809 tu=40614705 tv=403B7610
67 pid=FFFD515D state tex=1046 size=01000080 tex=01040201 blend=01020200 depth=01040001 colour=FF808080 mask=7 scissor=0,0,640,480 fog=0
68 pid=FFFD515D draw result=4 triangles=62 submitted=0
69 pid=FFFD515D   v0 sx=42DC0CBA sy=42D5BF88 sz=3F7DE6EE rhw=3B260155 tu=3EF8BACA tv=3A03126F
70 pid=FFFD515D   v1 sx=429E5737 sy=42C05DA8 sz=3F7DE87B rhw=3B259E2F tu=3F4E48EA tv=3A03126F
71 pid=FFFD515D   v2 sx=419E7230 sy=42AC5DD0 sz=3F7CF26A rhw=3B6303D9 tu=3EF8BACA tv=3F7FDF3B
72 pid=FFFD515D draw result=4 triangles=64 submitted=0
73 pid=FFFD515D   v0 sx=425FBAB5 sy=00000000 sz=3F7D498E rhw=3B4D45B0 tu=3FED9E85 tv=3F604CEF
74 pid=FFFD515D   v1 sx=42F39DAF sy=42449398 sz=3F7DFE3A rhw=3B20313D tu=3FED9E85 tv=3A03126F
75 pid=FFFD515D   v2 sx=42FF8EF6 sy=424B61F0 sz=3F7DFE14 rhw=3B203AE5 tu=3FF346DD tv=3A03126F
76 pid=FFFD515D state tex=1047 size=00400080 tex=01040201 blend=01020200 depth=01040001 colour=FFFFFFFF mask=7 scissor=0,0,640,480 fog=0
77 pid=FFFD515D state tex=1035 size=01000100 tex=01040202 blend=01050600 depth=00040001 colour=FF000000 mask=7 scissor=0,0,640,480 fog=0
78 pid=FFFD515D refused tex=1035 size=01000100 tex=02040202 blend=01050600 depth=00040001 colour=FF000000 mask=7 scissor=0,0,640,480 fog=0
79 pid=FFFD515D state tex=1036 size=01000100 tex=01040202 blend=01050600 depth=00040001 colour=7CFF0000 mask=7 scissor=0,0,640,480 fog=0
80 pid=FFFD515D refused tex=1036 size=01000100 tex=02040202 blend=01050600 depth=00040001 colour=7CFF0000 mask=7 scissor=0,0,640,480 fog=0
81 pid=FFFD515D state tex=1032 size=01000100 tex=01040202 blend=01050600 depth=01040001 colour=FF7F0000 mask=7 scissor=0,0,640,480 fog=0
82 pid=FFFD515D refused tex=1032 size=01000100 tex=02040202 blend=01050600 depth=01040001 colour=FF7F0000 mask=7 scissor=0,0,640,480 fog=0
83 pid=FFFD515D state tex=1038 size=00200020 tex=01040202 blend=01050600 depth=00040001 colour=FFFFFFFF mask=7 scissor=0,0,640,480 fog=0
84 pid=FFFD515D refused tex=1038 size=00200020 tex=02040202 blend=01050600 depth=00040001 colour=FFFFFFFF mask=7 scissor=0,0,640,480 fog=0
85 pid=FFFD515D paths batches/triangles untextured=0/0 hw=422/9866 cpu=0/0 cpu-nonsquare=1956/109329 hw-refused=1680/70980
86 pid=FFFD515D counters hwtex live=7 creates=7 create-failed=0 evictions=0 uploads=7 upload-kb=962 stubs=0 failed r4=3636 r7=0 r8=0 other=0
87 pid=FFFD515D paths batches/triangles untextured=0/0 hw=845/19736 cpu=0/0 cpu-nonsquare=3720/216204 hw-refused=3372/142467
88 pid=FFFD515D counters hwtex live=7 creates=7 create-failed=0 evictions=0 uploads=7 upload-kb=962 stubs=0 failed r4=7092 r7=0 r8=0 other=0
89 pid=FFFD515D paths batches/triangles untextured=0/0 hw=1268/29606 cpu=0/0 cpu-nonsquare=5582/324306 hw-refused=5064/213954
90 pid=FFFD515D counters hwtex live=7 creates=7 create-failed=0 evictions=0 uploads=7 upload-kb=962 stubs=0 failed r4=10646 r7=0 r8=0 other=0
91 pid=FFFD515D paths batches/triangles untextured=0/0 hw=1691/39476 cpu=0/0 cpu-nonsquare=7552/434574 hw-refused=6756/285441
92 pid=FFFD515D counters hwtex live=7 creates=7 create-failed=0 evictions=0 uploads=7 upload-kb=962 stubs=0 failed r4=14308 r7=0 r8=0 other=0
93 pid=FFFD515D paths batches/triangles untextured=0/0 hw=2110/49213 cpu=0/0 cpu-nonsquare=9366/541137 hw-refused=8436/356421
94 pid=FFFD515D counters hwtex live=7 creates=7 create-failed=0 evictions=0 uploads=7 upload-kb=962 stubs=0 failed r4=17802 r7=0 r8=0 other=0
95 pid=FFFD515D paths batches/triangles untextured=0/0 hw=2533/59083 cpu=0/0 cpu-nonsquare=11166/648645 hw-refused=10128/427908
96 pid=FFFD515D counters hwtex live=7 creates=7 create-failed=0 evictions=0 uploads=7 upload-kb=962 stubs=0 failed r4=21294 r7=0 r8=0 other=0
97 pid=FFFD515D paths batches/triangles untextured=0/0 hw=2956/68953 cpu=0/0 cpu-nonsquare=13136/759060 hw-refused=11820/499395
98 pid=FFFD515D counters hwtex live=7 creates=7 create-failed=0 evictions=0 uploads=7 upload-kb=962 stubs=0 failed r4=24956 r7=0 r8=0 other=0
99 pid=FFFD515D paths batches/triangles untextured=0/0 hw=3379/78823 cpu=0/0 cpu-nonsquare=14978/866889 hw-refused=13512/570882
100 pid=FFFD515D counters hwtex live=7 creates=7 create-failed=0 evictions=0 uploads=7 upload-kb=962 stubs=0 failed r4=28490 r7=0 r8=0 other=0
101 pid=FFFD515D paths batches/triangles untextured=0/0 hw=3802/88693 cpu=0/0 cpu-nonsquare=16762/973950 hw-refused=15204/642369
102 pid=FFFD515D counters hwtex live=7 creates=7 create-failed=0 evictions=0 uploads=7 upload-kb=962 stubs=0 failed r4=31966 r7=0 r8=0 other=0
103 pid=FFFD515D paths batches/triangles untextured=0/0 hw=4225/98563 cpu=0/0 cpu-nonsquare=18726/1084122 hw-refused=16896/713856
104 pid=FFFD515D counters hwtex live=7 creates=7 create-failed=0 evictions=0 uploads=7 upload-kb=962 stubs=0 failed r4=35622 r7=0 r8=0 other=0
105 pid=FFFD515D paths batches/triangles untextured=0/0 hw=4648/108433 cpu=0/0 cpu-nonsquare=20596/1192527 hw-refused=18588/785343
106 pid=FFFD515D counters hwtex live=7 creates=7 create-failed=0 evictions=0 uploads=7 upload-kb=962 stubs=0 failed r4=39184 r7=0 r8=0 other=0
107 pid=FFFD515D paths batches/triangles untextured=0/0 hw=5071/118303 cpu=0/0 cpu-nonsquare=22370/1299411 hw-refused=20280/856830
108 pid=FFFD515D counters hwtex live=7 creates=7 create-failed=0 evictions=0 uploads=7 upload-kb=962 stubs=0 failed r4=42650 r7=0 r8=0 other=0
109 pid=FFFD515D paths batches/triangles untextured=0/0 hw=5479/127823 cpu=0/0 cpu-nonsquare=24244/1405356 hw-refused=21912/925782
110 pid=FFFD515D counters hwtex live=7 creates=7 create-failed=0 evictions=0 uploads=7 upload-kb=962 stubs=0 failed r4=46156 r7=0 r8=0 other=0
111 pid=FFFD515D paths batches/triangles untextured=0/0 hw=5900/137686 cpu=0/0 cpu-nonsquare=26130/1513392 hw-refused=23592/996762
112 pid=FFFD515D counters hwtex live=7 creates=7 create-failed=0 evictions=0 uploads=7 upload-kb=962 stubs=0 failed r4=49722 r7=0 r8=0 other=0
113 pid=FFFD515D paths batches/triangles untextured=0/0 hw=6323/147556 cpu=0/0 cpu-nonsquare=27896/1620186 hw-refused=25284/1068249
114 pid=FFFD515D counters hwtex live=7 creates=7 create-failed=0 evictions=0 uploads=7 upload-kb=962 stubs=0 failed r4=53180 r7=0 r8=0 other=0
115 pid=FFFD515D state tex=1033 size=00800080 tex=01040201 blend=00050600 depth=01040101 colour=FFFFFFFF mask=7 scissor=0,0,640,480 fog=0
116 pid=FFFD515D state tex=1034 size=00800080 tex=01010200 blend=01020200 depth=01040001 colour=FFFFFFFF mask=7 scissor=0,0,640,480 fog=0
117 pid=FFFD515D refused tex=1034 size=00800080 tex=02030201 blend=01020200 depth=01040001 colour=FFFFFFFF mask=7 scissor=0,0,640,480 fog=0
118 pid=FFFD515D state tex=1025 size=00080008 tex=01010200 blend=01050600 depth=01040001 colour=FFFFFF00 mask=7 scissor=0,0,640,480 fog=0
119 pid=FFFD515D refused tex=1025 size=00080008 tex=02030202 blend=01050600 depth=01040001 colour=FFFFFF00 mask=7 scissor=0,0,640,480 fog=0
120 pid=FFFD515D paths batches/triangles untextured=0/0 hw=6746/157365 cpu=0/0 cpu-nonsquare=29836/1729629 hw-refused=26983/1140026
121 pid=FFFD515D counters hwtex live=10 creates=10 create-failed=0 evictions=0 uploads=10 upload-kb=1026 stubs=0 failed r4=56819 r7=0 r8=0 other=0
122 pid=FFFD515D DrvReleaseContext context=1 -> 1
123 pid=FFFD515D paths batches/triangles untextured=0/0 hw=6817/158658 cpu=0/0 cpu-nonsquare=30088/1743732 hw-refused=27431/1161552
124 pid=FFFD515D counters hwtex live=0 creates=10 create-failed=0 evictions=0 uploads=10 upload-kb=1026 stubs=0 failed r4=57519 r7=0 r8=0 other=0
125 pid=FFFD515D DrvDeleteContext context=1 -> 1
126 pid=FFFD515D detach slots-called=0 stub-calls=0
1 pid=FFFD523D attach instance=05EE0000 tls=22 build-marker=1
2 pid=FFFD523D DrvValidateVersion version=1
3 pid=FFFD523D DrvSetCallbackProcs count=3 procs=78B23978
4 pid=FFFD523D describe result=0 engine=2 formats=00000004
5 pid=FFFD523D DrvDescribePixelFormat index=1 bytes=0 -> count=1
6 pid=FFFD523D DrvDescribePixelFormat index=1 bytes=40 -> count=1
7 pid=FFFD523D DrvDescribePixelFormat index=1 bytes=0 -> count=1
8 pid=FFFD523D DrvDescribePixelFormat index=1 bytes=40 -> count=1
9 pid=FFFD523D DrvDescribePixelFormat index=1 bytes=0 -> count=1
10 pid=FFFD523D DrvDescribePixelFormat index=1 bytes=0 -> count=1
11 pid=FFFD523D DrvDescribePixelFormat index=1 bytes=0 -> count=1
12 pid=FFFD523D DrvDescribePixelFormat index=1 bytes=0 -> count=1
13 pid=FFFD523D DrvDescribePixelFormat index=1 bytes=0 -> count=1
14 pid=FFFD523D DrvDescribePixelFormat index=1 bytes=0 -> count=1
15 pid=FFFD523D DrvDescribePixelFormat index=1 bytes=0 -> count=1
16 pid=FFFD523D DrvDescribePixelFormat index=1 bytes=0 -> count=1
17 pid=FFFD523D DrvDescribePixelFormat index=1 bytes=0 -> count=1
18 pid=FFFD523D DrvDescribePixelFormat index=1 bytes=0 -> count=1
19 pid=FFFD523D DrvDescribePixelFormat index=1 bytes=0 -> count=1
20 pid=FFFD523D DrvDescribePixelFormat index=1 bytes=0 -> count=1
21 pid=FFFD523D DrvDescribePixelFormat index=1 bytes=0 -> count=1
22 pid=FFFD523D DrvDescribePixelFormat index=1 bytes=0 -> count=1
23 pid=FFFD523D DrvDescribePixelFormat index=1 bytes=0 -> count=1
24 pid=FFFD523D DrvDescribePixelFormat index=1 bytes=0 -> count=1
25 pid=FFFD523D DrvDescribePixelFormat index=1 bytes=0 -> count=1
26 pid=FFFD523D DrvDescribePixelFormat index=1 bytes=0 -> count=1
27 pid=FFFD523D DrvDescribePixelFormat index=1 bytes=0 -> count=1
28 pid=FFFD523D DrvDescribePixelFormat index=1 bytes=0 -> count=1
29 pid=FFFD523D DrvDescribePixelFormat index=1 bytes=0 -> count=1
30 pid=FFFD523D DrvDescribePixelFormat index=1 bytes=0 -> count=1
31 pid=FFFD523D DrvDescribePixelFormat index=1 bytes=0 -> count=1
32 pid=FFFD523D DrvDescribePixelFormat index=1 bytes=0 -> count=1
33 pid=FFFD523D DrvDescribePixelFormat index=1 bytes=0 -> count=1
34 pid=FFFD523D DrvDescribePixelFormat index=1 bytes=40 -> count=1
35 pid=FFFD523D DrvDescribePixelFormat index=1 bytes=0 -> count=1
36 pid=FFFD523D DrvSetPixelFormat hdc=0000077A index=1
37 pid=FFFD523D DrvDescribePixelFormat index=1 bytes=0 -> count=1
38 pid=FFFD523D DrvDescribePixelFormat index=1 bytes=40 -> count=1
39 pid=FFFD523D DrvCreateLayerContext hdc=0000077A layer=0 -> 1
40 pid=FFFD523D drawable window=000001E4 640x480
41 pid=FFFD523D DrvSetContext hdc=0000077A context=1 -> 1
42 pid=FFFD523D DrvGetProcAddress name=wglSwapIntervalEXT -> NULL
43 pid=FFFD523D state tex=1027 size=02000100 tex=01010200 blend=01050600 depth=00040001 colour=FFFFFFFF mask=7 scissor=0,0,640,480 fog=0
44 pid=FFFD523D draw result=4 triangles=3 submitted=0
45 pid=FFFD523D   v0 sx=441FFFFF sy=43F00000 sz=00000000 rhw=3F800000 tu=3F7FBFFF tv=3F7F7FFF
46 pid=FFFD523D   v1 sx=00000000 sy=00000000 sz=00000000 rhw=3F800000 tu=3A800000 tv=3B000000
47 pid=FFFD523D   v2 sx=44200000 sy=00000000 sz=00000000 rhw=3F800000 tu=3F7FC000 tv=3B000000
48 pid=FFFD523D paths batches/triangles untextured=0/0 hw=0/0 cpu=0/0 cpu-nonsquare=1/3 hw-refused=0/0
49 pid=FFFD523D counters hwtex live=0 creates=0 create-failed=0 evictions=0 uploads=0 upload-kb=0 stubs=0 failed r4=1 r7=0 r8=0 other=0
50 pid=FFFD523D draw result=4 triangles=3 submitted=0
51 pid=FFFD523D   v0 sx=441FFFFF sy=43F00000 sz=00000000 rhw=3F800000 tu=3F7FBFFF tv=3F7F7FFF
52 pid=FFFD523D   v1 sx=00000000 sy=00000000 sz=00000000 rhw=3F800000 tu=3A800000 tv=3B000000
53 pid=FFFD523D   v2 sx=44200000 sy=00000000 sz=00000000 rhw=3F800000 tu=3F7FC000 tv=3B000000
54 pid=FFFD523D draw result=4 triangles=3 submitted=0
55 pid=FFFD523D   v0 sx=441FFFFF sy=43F00000 sz=00000000 rhw=3F800000 tu=3F7FBFFF tv=3F7F7FFF
56 pid=FFFD523D   v1 sx=00000000 sy=00000000 sz=00000000 rhw=3F800000 tu=3A800000 tv=3B000000
57 pid=FFFD523D   v2 sx=44200000 sy=00000000 sz=00000000 rhw=3F800000 tu=3F7FC000 tv=3B000000
58 pid=FFFD523D draw result=4 triangles=3 submitted=0
59 pid=FFFD523D   v0 sx=441FFFFF sy=43F00000 sz=00000000 rhw=3F800000 tu=3F7FBFFF tv=3F7F7FFF
60 pid=FFFD523D   v1 sx=00000000 sy=00000000 sz=00000000 rhw=3F800000 tu=3A800000 tv=3B000000
61 pid=FFFD523D   v2 sx=44200000 sy=00000000 sz=00000000 rhw=3F800000 tu=3F7FC000 tv=3B000000
62 pid=FFFD523D draw result=4 triangles=3 submitted=0
63 pid=FFFD523D   v0 sx=441FFFFF sy=43F00000 sz=00000000 rhw=3F800000 tu=3F7FBFFF tv=3F7F7FFF
64 pid=FFFD523D   v1 sx=00000000 sy=00000000 sz=00000000 rhw=3F800000 tu=3A800000 tv=3B000000
65 pid=FFFD523D   v2 sx=44200000 sy=00000000 sz=00000000 rhw=3F800000 tu=3F7FC000 tv=3B000000
66 pid=FFFD523D draw result=4 triangles=3 submitted=0
67 pid=FFFD523D   v0 sx=441FFFFF sy=43F00000 sz=00000000 rhw=3F800000 tu=3F7FBFFF tv=3F7F7FFF
68 pid=FFFD523D   v1 sx=00000000 sy=00000000 sz=00000000 rhw=3F800000 tu=3A800000 tv=3B000000
69 pid=FFFD523D   v2 sx=44200000 sy=00000000 sz=00000000 rhw=3F800000 tu=3F7FC000 tv=3B000000
70 pid=FFFD523D state tex=1041 size=02000200 tex=01010200 blend=00050600 depth=01040101 colour=FFFFFFFF mask=7 scissor=0,0,640,480 fog=0
71 pid=FFFD523D state tex=1048 size=00800080 tex=01010200 blend=00050600 depth=01040101 colour=FFFFFFFF mask=7 scissor=0,0,640,480 fog=0
72 pid=FFFD523D state tex=1049 size=00800080 tex=01010200 blend=01020200 depth=01040001 colour=FF090909 mask=7 scissor=0,0,640,480 fog=0
73 pid=FFFD523D refused tex=1049 size=00800080 tex=02030201 blend=01020200 depth=01040001 colour=FF090909 mask=7 scissor=0,0,640,480 fog=0
74 pid=FFFD523D state tex=1048 size=00800080 tex=01010200 blend=01020200 depth=01040001 colour=FFFFFFFF mask=7 scissor=0,0,640,480 fog=0
75 pid=FFFD523D refused tex=1048 size=00800080 tex=02030201 blend=01020200 depth=01040001 colour=FFFFFFFF mask=7 scissor=0,0,640,480 fog=0
76 pid=FFFD523D state tex=1046 size=01000080 tex=01040201 blend=01020200 depth=01040001 colour=FF090909 mask=7 scissor=0,0,640,480 fog=0
77 pid=FFFD523D state tex=1047 size=00400080 tex=01040201 blend=01020200 depth=01040001 colour=FFFFFFFF mask=7 scissor=0,0,640,480 fog=0
78 pid=FFFD523D state tex=1035 size=01000100 tex=01040202 blend=01050600 depth=00040001 colour=FF000000 mask=7 scissor=0,0,640,480 fog=0
79 pid=FFFD523D refused tex=1035 size=01000100 tex=02040202 blend=01050600 depth=00040001 colour=FF000000 mask=7 scissor=0,0,640,480 fog=0
80 pid=FFFD523D state tex=1036 size=01000100 tex=01040202 blend=01050600 depth=00040001 colour=00FF0000 mask=7 scissor=0,0,640,480 fog=0
81 pid=FFFD523D refused tex=1036 size=01000100 tex=02040202 blend=01050600 depth=00040001 colour=00FF0000 mask=7 scissor=0,0,640,480 fog=0
82 pid=FFFD523D state tex=1032 size=01000100 tex=01040202 blend=01050600 depth=01040001 colour=FF7F0000 mask=7 scissor=0,0,640,480 fog=0
83 pid=FFFD523D refused tex=1032 size=01000100 tex=02040202 blend=01050600 depth=01040001 colour=FF7F0000 mask=7 scissor=0,0,640,480 fog=0
84 pid=FFFD523D state tex=1038 size=00200020 tex=01040202 blend=01050600 depth=00040001 colour=FFFFFFFF mask=7 scissor=0,0,640,480 fog=0
85 pid=FFFD523D refused tex=1038 size=00200020 tex=02040202 blend=01050600 depth=00040001 colour=FFFFFFFF mask=7 scissor=0,0,640,480 fog=0
86 pid=FFFD523D paths batches/triangles untextured=0/0 hw=86/2026 cpu=0/0 cpu-nonsquare=580/22143 hw-refused=336/14196
87 pid=FFFD523D counters hwtex live=7 creates=7 create-failed=0 evictions=0 uploads=7 upload-kb=962 stubs=0 failed r4=916 r7=0 r8=0 other=0
88 pid=FFFD523D state tex=1033 size=00800080 tex=01040201 blend=00050600 depth=01040101 colour=FFFFFFFF mask=7 scissor=0,0,640,480 fog=0
89 pid=FFFD523D state tex=1034 size=00800080 tex=01010200 blend=01020200 depth=01040001 colour=FFFFFFFF mask=7 scissor=0,0,640,480 fog=0
90 pid=FFFD523D refused tex=1034 size=00800080 tex=02030201 blend=01020200 depth=01040001 colour=FFFFFFFF mask=7 scissor=0,0,640,480 fog=0
91 pid=FFFD523D state tex=1025 size=00080008 tex=01010200 blend=01050600 depth=01040001 colour=FFFFFF00 mask=7 scissor=0,0,640,480 fog=0
92 pid=FFFD523D refused tex=1025 size=00080008 tex=02030202 blend=01050600 depth=01040001 colour=FFFFFF00 mask=7 scissor=0,0,640,480 fog=0
93 pid=FFFD523D state tex=1046 size=00800080 tex=01010200 blend=01050600 depth=00040001 colour=FFFFFFFF mask=7 scissor=0,0,640,480 fog=0
94 pid=FFFD523D refused tex=1046 size=00800080 tex=02030202 blend=01050600 depth=00040001 colour=FFFFFFFF mask=7 scissor=0,0,640,480 fog=0
95 pid=FFFD523D state tex=1047 size=01000100 tex=01010200 blend=01090300 depth=01040002 colour=FFFFFFFF mask=7 scissor=0,0,640,480 fog=0
96 pid=FFFD523D refused tex=1047 size=01000100 tex=02030201 blend=01090300 depth=01040002 colour=FFFFFFFF mask=7 scissor=0,0,640,480 fog=0
97 pid=FFFD523D paths batches/triangles untextured=0/0 hw=471/9518 cpu=0/0 cpu-nonsquare=1922/102585 hw-refused=2517/114077
98 pid=FFFD523D counters hwtex live=3 creates=13 create-failed=0 evictions=0 uploads=13 upload-kb=1356 stubs=0 failed r4=4439 r7=0 r8=0 other=0
99 pid=FFFD523D state tex=1276 size=00200020 tex=01040202 blend=01050600 depth=01040002 colour=FFFFFFFF mask=7 scissor=0,0,640,480 fog=0
100 pid=FFFD523D refused tex=1276 size=00200020 tex=02040202 blend=01050600 depth=01040002 colour=FFFFFFFF mask=7 scissor=0,0,640,480 fog=0
101 pid=FFFD523D state tex=1281 size=00200020 tex=01040202 blend=01050600 depth=01040002 colour=FFFFFFFF mask=7 scissor=0,0,640,480 fog=0
102 pid=FFFD523D refused tex=1281 size=00200020 tex=02040202 blend=01050600 depth=01040002 colour=FFFFFFFF mask=7 scissor=0,0,640,480 fog=0
103 pid=FFFD523D state tex=1282 size=00200020 tex=01040202 blend=01050600 depth=01040002 colour=FFFFFFFF mask=7 scissor=0,0,640,480 fog=0
104 pid=FFFD523D refused tex=1282 size=00200020 tex=02040202 blend=01050600 depth=01040002 colour=FFFFFFFF mask=7 scissor=0,0,640,480 fog=0
105 pid=FFFD523D state tex=1285 size=00200020 tex=01040202 blend=01050600 depth=01040002 colour=FFFFFFFF mask=7 scissor=0,0,640,480 fog=0
106 pid=FFFD523D refused tex=1285 size=00200020 tex=02040202 blend=01050600 depth=01040002 colour=FFFFFFFF mask=7 scissor=0,0,640,480 fog=0
107 pid=FFFD523D state tex=1287 size=00200020 tex=01040202 blend=01050600 depth=01040002 colour=FFFFFFFF mask=7 scissor=0,0,640,480 fog=0
108 pid=FFFD523D refused tex=1287 size=00200020 tex=02040202 blend=01050600 depth=01040002 colour=FFFFFFFF mask=7 scissor=0,0,640,480 fog=0
109 pid=FFFD523D state tex=1289 size=00200020 tex=01040202 blend=01050600 depth=01040002 colour=FFFFFFFF mask=7 scissor=0,0,640,480 fog=0
110 pid=FFFD523D refused tex=1289 size=00200020 tex=02040202 blend=01050600 depth=01040002 colour=FFFFFFFF mask=7 scissor=0,0,640,480 fog=0
111 pid=FFFD523D state tex=1292 size=00200020 tex=01040202 blend=01050600 depth=01040002 colour=FFFFFFFF mask=7 scissor=0,0,640,480 fog=0
112 pid=FFFD523D refused tex=1292 size=00200020 tex=02040202 blend=01050600 depth=01040002 colour=FFFFFFFF mask=7 scissor=0,0,640,480 fog=0
113 pid=FFFD523D state tex=1295 size=00200020 tex=01040202 blend=01050600 depth=01040002 colour=FFFFFFFF mask=7 scissor=0,0,640,480 fog=0
114 pid=FFFD523D refused tex=1295 size=00200020 tex=02040202 blend=01050600 depth=01040002 colour=FFFFFFFF mask=7 scissor=0,0,640,480 fog=0
115 pid=FFFD523D state tex=1300 size=00200020 tex=01040202 blend=01050600 depth=01040002 colour=FFFFFFFF mask=7 scissor=0,0,640,480 fog=0
116 pid=FFFD523D refused tex=1300 size=00200020 tex=02040202 blend=01050600 depth=01040002 colour=FFFFFFFF mask=7 scissor=0,0,640,480 fog=0
117 pid=FFFD523D state tex=1306 size=00200020 tex=01040202 blend=01050600 depth=01040002 colour=FFFFFFFF mask=7 scissor=0,0,640,480 fog=0
118 pid=FFFD523D refused tex=1306 size=00200020 tex=02040202 blend=01050600 depth=01040002 colour=FFFFFFFF mask=7 scissor=0,0,640,480 fog=0
119 pid=FFFD523D state tex=1312 size=00200020 tex=01040202 blend=01050600 depth=01040002 colour=FFFFFFFF mask=7 scissor=0,0,640,480 fog=0
120 pid=FFFD523D refused tex=1312 size=00200020 tex=02040202 blend=01050600 depth=01040002 colour=FFFFFFFF mask=7 scissor=0,0,640,480 fog=0
121 pid=FFFD523D state tex=1330 size=00200020 tex=01040202 blend=01050600 depth=01040002 colour=FFFFFFFF mask=7 scissor=0,0,640,480 fog=0
122 pid=FFFD523D refused tex=1330 size=00200020 tex=02040202 blend=01050600 depth=01040002 colour=FFFFFFFF mask=7 scissor=0,0,640,480 fog=0
123 pid=FFFD523D state tex=1345 size=00200020 tex=01040202 blend=01050600 depth=01040002 colour=FFFFFFFF mask=7 scissor=0,0,640,480 fog=0
124 pid=FFFD523D refused tex=1345 size=00200020 tex=02040202 blend=01050600 depth=01040002 colour=FFFFFFFF mask=7 scissor=0,0,640,480 fog=0
125 pid=FFFD523D state tex=1354 size=00200020 tex=01040202 blend=01050600 depth=01040002 colour=FFFFFFFF mask=7 scissor=0,0,640,480 fog=0
126 pid=FFFD523D refused tex=1354 size=00200020 tex=02040202 blend=01050600 depth=01040002 colour=FFFFFFFF mask=7 scissor=0,0,640,480 fog=0
127 pid=FFFD523D state tex=1355 size=00200020 tex=01040202 blend=01050600 depth=01040002 colour=FFFFFFFF mask=7 scissor=0,0,640,480 fog=0
128 pid=FFFD523D refused tex=1355 size=00200020 tex=02040202 blend=01050600 depth=01040002 colour=FFFFFFFF mask=7 scissor=0,0,640,480 fog=0
129 pid=FFFD523D state tex=1356 size=00200020 tex=01040202 blend=01050600 depth=01040002 colour=FFFFFFFF mask=7 scissor=0,0,640,480 fog=0
130 pid=FFFD523D refused tex=1356 size=00200020 tex=02040202 blend=01050600 depth=01040002 colour=FFFFFFFF mask=7 scissor=0,0,640,480 fog=0
131 pid=FFFD523D state tex=1357 size=00200020 tex=01040202 blend=01050600 depth=01040002 colour=FFFFFFFF mask=7 scissor=0,0,640,480 fog=0
132 pid=FFFD523D refused tex=1357 size=00200020 tex=02040202 blend=01050600 depth=01040002 colour=FFFFFFFF mask=7 scissor=0,0,640,480 fog=0
133 pid=FFFD523D state tex=1358 size=00200020 tex=01040202 blend=01050600 depth=01040002 colour=FFFFFFFF mask=7 scissor=0,0,640,480 fog=0
134 pid=FFFD523D refused tex=1358 size=00200020 tex=02040202 blend=01050600 depth=01040002 colour=FFFFFFFF mask=7 scissor=0,0,640,480 fog=0
135 pid=FFFD523D state tex=1359 size=00200020 tex=01040202 blend=01050600 depth=01040002 colour=FFFFFFFF mask=7 scissor=0,0,640,480 fog=0
136 pid=FFFD523D refused tex=1359 size=00200020 tex=02040202 blend=01050600 depth=01040002 colour=FFFFFFFF mask=7 scissor=0,0,640,480 fog=0
137 pid=FFFD523D state tex=1363 size=00200020 tex=01040202 blend=01050600 depth=01040002 colour=FFFFFFFF mask=7 scissor=0,0,640,480 fog=0
138 pid=FFFD523D refused tex=1363 size=00200020 tex=02040202 blend=01050600 depth=01040002 colour=FFFFFFFF mask=7 scissor=0,0,640,480 fog=0
139 pid=FFFD523D state tex=1371 size=00400040 tex=01040202 blend=01050600 depth=00040001 colour=FFFFFFFF mask=7 scissor=0,0,640,480 fog=0
140 pid=FFFD523D refused tex=1371 size=00400040 tex=02040202 blend=01050600 depth=00040001 colour=FFFFFFFF mask=7 scissor=0,0,640,480 fog=0
141 pid=FFFD523D state tex=1375 size=00400040 tex=01040202 blend=01050600 depth=00040001 colour=FFFFFFFF mask=7 scissor=0,0,640,480 fog=0
142 pid=FFFD523D refused tex=1375 size=00400040 tex=02040202 blend=01050600 depth=00040001 colour=FFFFFFFF mask=7 scissor=0,0,640,480 fog=0
143 pid=FFFD523D state tex=1377 size=00400040 tex=01040202 blend=01050600 depth=00040001 colour=FFFFFFFF mask=7 scissor=0,0,640,480 fog=0
144 pid=FFFD523D refused tex=1377 size=00400040 tex=02040202 blend=01050600 depth=00040001 colour=FFFFFFFF mask=7 scissor=0,0,640,480 fog=0
145 pid=FFFD523D state tex=1379 size=00400040 tex=01040202 blend=01050600 depth=00040001 colour=FFFFFFFF mask=7 scissor=0,0,640,480 fog=0
146 pid=FFFD523D refused tex=1379 size=00400040 tex=02040202 blend=01050600 depth=00040001 colour=FFFFFFFF mask=7 scissor=0,0,640,480 fog=0
147 pid=FFFD523D state tex=1381 size=00400040 tex=01040202 blend=01050600 depth=00040001 colour=FFFFFFFF mask=7 scissor=0,0,640,480 fog=0
148 pid=FFFD523D refused tex=1381 size=00400040 tex=02040202 blend=01050600 depth=00040001 colour=FFFFFFFF mask=7 scissor=0,0,640,480 fog=0
149 pid=FFFD523D state tex=1024 size=00100010 tex=01040202 blend=01050600 depth=00040002 colour=FFFFFFFF mask=7 scissor=0,0,640,480 fog=0
150 pid=FFFD523D refused tex=1024 size=00100010 tex=02040202 blend=01050600 depth=00040002 colour=FFFFFFFF mask=7 scissor=0,0,640,480 fog=0
151 pid=FFFD523D state tex=1025 size=00080008 tex=01010200 blend=01050600 depth=00040001 colour=FFFFFFFF mask=7 scissor=0,0,640,480 fog=0
152 pid=FFFD523D refused tex=1025 size=00080008 tex=02030202 blend=01050600 depth=00040001 colour=FFFFFFFF mask=7 scissor=0,0,640,480 fog=0
153 pid=FFFD523D state tex=1026 size=00080008 tex=01010200 blend=01050600 depth=00040001 colour=FFFFFFFF mask=7 scissor=0,0,640,480 fog=0
154 pid=FFFD523D refused tex=1026 size=00080008 tex=02030202 blend=01050600 depth=00040001 colour=FFFFFFFF mask=7 scissor=0,0,640,480 fog=0
155 pid=FFFD523D refused tex=1027 size=00080008 tex=02030202 blend=01050600 depth=00040001 colour=FFFFFFFF mask=7 scissor=0,0,640,480 fog=0
156 pid=FFFD523D state tex=1028 size=00100010 tex=01010200 blend=01050600 depth=00040001 colour=FFFFFFFF mask=7 scissor=0,0,640,480 fog=0
157 pid=FFFD523D refused tex=1028 size=00100010 tex=02030202 blend=01050600 depth=00040001 colour=FFFFFFFF mask=7 scissor=0,0,640,480 fog=0
158 pid=FFFD523D state tex=1029 size=01000020 tex=01040202 blend=01050600 depth=00040001 colour=FFFFFFFF mask=7 scissor=0,0,640,480 fog=0
159 pid=FFFD523D state tex=1030 size=00200020 tex=01010200 blend=01050600 depth=00040002 colour=FFFFFFFF mask=7 scissor=0,0,640,480 fog=0
160 pid=FFFD523D refused tex=1030 size=00200020 tex=02030202 blend=01050600 depth=00040002 colour=FFFFFFFF mask=7 scissor=0,0,640,480 fog=0
161 pid=FFFD523D state tex=1031 size=00200020 tex=01010200 blend=01050600 depth=00040002 colour=FFFFFFFF mask=7 scissor=0,0,640,480 fog=0
162 pid=FFFD523D refused tex=1031 size=00200020 tex=02030202 blend=01050600 depth=00040002 colour=FFFFFFFF mask=7 scissor=0,0,640,480 fog=0
163 pid=FFFD523D refused tex=1032 size=01000100 tex=02040202 blend=01050600 depth=00040001 colour=FFFFFFFF mask=7 scissor=0,0,640,480 fog=0
164 pid=FFFD523D refused tex=1033 size=00800080 tex=02040202 blend=01050600 depth=00040001 colour=FFFFFFFF mask=7 scissor=0,0,640,480 fog=0
165 pid=FFFD523D refused tex=1034 size=00800080 tex=02030202 blend=01050600 depth=00040001 colour=FFFFFFFF mask=7 scissor=0,0,640,480 fog=0
166 pid=FFFD523D refused tex=1037 size=01000100 tex=02040202 blend=01050600 depth=00040001 colour=FFFFFFFF mask=7 scissor=0,0,640,480 fog=0
167 pid=FFFD523D refused tex=1039 size=00100010 tex=02040202 blend=01050600 depth=00040001 colour=FFFFFFFF mask=7 scissor=0,0,640,480 fog=0
168 pid=FFFD523D refused tex=1040 size=00100010 tex=02040202 blend=01050600 depth=00040001 colour=FFFFFFFF mask=7 scissor=0,0,640,480 fog=0
169 pid=FFFD523D hwtex create 00800080 levels=8 hr=8876017C
170 pid=FFFD523D hwtex create 00800080 levels=8 hr=8876017C
171 pid=FFFD523D hwtex create 00800080 levels=8 hr=8876017C
172 pid=FFFD523D hwtex create 00800080 levels=8 hr=8876017C
173 pid=FFFD523D hwtex create 00800080 levels=8 hr=8876017C
174 pid=FFFD523D hwtex create 00400040 levels=7 hr=8876017C
175 pid=FFFD523D hwtex create 00400040 levels=7 hr=8876017C
176 pid=FFFD523D hwtex create 00400040 levels=7 hr=8876017C
177 pid=FFFD523D hwtex create 00800080 levels=8 hr=8876017C
178 pid=FFFD523D hwtex create 00800080 levels=8 hr=8876017C
179 pid=FFFD523D hwtex create 00800080 levels=8 hr=8876017C
180 pid=FFFD523D hwtex create 00800080 levels=8 hr=8876017C
181 pid=FFFD523D hwtex create 00800080 levels=8 hr=8876017C
182 pid=FFFD523D hwtex create 00800080 levels=8 hr=8876017C
183 pid=FFFD523D hwtex create 00800080 levels=8 hr=8876017C
184 pid=FFFD523D hwtex create 00800080 levels=8 hr=8876017C
185 pid=FFFD523D hwtex create 00800080 levels=8 hr=8876017C
186 pid=FFFD523D hwtex create 00800080 levels=8 hr=8876017C
187 pid=FFFD523D hwtex create 00800080 levels=8 hr=8876017C
188 pid=FFFD523D hwtex create 00800080 levels=8 hr=8876017C
189 pid=FFFD523D hwtex create 00800080 levels=8 hr=8876017C
190 pid=FFFD523D hwtex create 00800080 levels=8 hr=8876017C
191 pid=FFFD523D hwtex create 00800080 levels=8 hr=8876017C
192 pid=FFFD523D hwtex create 00800080 levels=8 hr=8876017C
193 pid=FFFD523D hwtex create 00800080 levels=8 hr=8876017C
194 pid=FFFD523D hwtex create 00800080 levels=8 hr=8876017C
195 pid=FFFD523D hwtex create 00800080 levels=8 hr=8876017C
196 pid=FFFD523D hwtex create 00800080 levels=8 hr=8876017C
197 pid=FFFD523D hwtex create 00800080 levels=8 hr=8876017C
198 pid=FFFD523D hwtex create 00800080 levels=8 hr=8876017C
199 pid=FFFD523D hwtex create 00800080 levels=8 hr=8876017C
200 pid=FFFD523D hwtex create 00800080 levels=8 hr=8876017C
201 pid=FFFD523D hwtex create 00800080 levels=8 hr=8876017C
202 pid=FFFD523D hwtex create 00800080 levels=8 hr=8876017C
203 pid=FFFD523D hwtex create 00800080 levels=8 hr=8876017C
204 pid=FFFD523D hwtex create 00800080 levels=8 hr=8876017C
205 pid=FFFD523D hwtex create 00800080 levels=8 hr=8876017C
206 pid=FFFD523D hwtex create 00800080 levels=8 hr=8876017C
207 pid=FFFD523D hwtex create 01000100 levels=9 hr=8876017C
208 pid=FFFD523D hwtex create 01000100 levels=9 hr=8876017C
209 pid=FFFD523D hwtex create 01000100 levels=9 hr=8876017C
210 pid=FFFD523D hwtex create 01000100 levels=9 hr=8876017C
211 pid=FFFD523D hwtex create 00800080 levels=8 hr=8876017C
212 pid=FFFD523D hwtex create 00800080 levels=8 hr=8876017C
213 pid=FFFD523D hwtex create 00800080 levels=8 hr=8876017C
214 pid=FFFD523D hwtex create 01000100 levels=9 hr=8876017C
215 pid=FFFD523D hwtex create 01000100 levels=9 hr=8876017C
216 pid=FFFD523D hwtex create 01000100 levels=9 hr=8876017C
217 pid=FFFD523D hwtex create 01000100 levels=9 hr=8876017C
218 pid=FFFD523D hwtex create 01000100 levels=9 hr=8876017C
219 pid=FFFD523D hwtex create 00400040 levels=7 hr=8876017C
220 pid=FFFD523D hwtex create 00800080 levels=8 hr=8876017C
221 pid=FFFD523D hwtex create 00800080 levels=8 hr=8876017C
222 pid=FFFD523D hwtex create 00800080 levels=8 hr=8876017C
223 pid=FFFD523D hwtex create 00800080 levels=8 hr=8876017C
224 pid=FFFD523D hwtex create 00400040 levels=7 hr=8876017C
225 pid=FFFD523D hwtex create 00800080 levels=8 hr=8876017C
226 pid=FFFD523D hwtex create 00800080 levels=8 hr=8876017C
227 pid=FFFD523D hwtex create 00800080 levels=8 hr=8876017C
228 pid=FFFD523D hwtex create 00800080 levels=8 hr=8876017C
229 pid=FFFD523D hwtex create 00800080 levels=8 hr=8876017C
230 pid=FFFD523D hwtex create 00200020 levels=6 hr=8876017C
231 pid=FFFD523D hwtex create 00800080 levels=8 hr=8876017C
232 pid=FFFD523D hwtex create 00800080 levels=8 hr=8876017C
233 pid=FFFD523D hwtex create 00800080 levels=8 hr=8876017C
234 pid=FFFD523D hwtex create 00800080 levels=8 hr=8876017C
235 pid=FFFD523D hwtex create 00800080 levels=8 hr=8876017C
236 pid=FFFD523D hwtex create 00800080 levels=8 hr=8876017C
237 pid=FFFD523D hwtex create 00400040 levels=7 hr=8876017C
238 pid=FFFD523D hwtex create 00800080 levels=8 hr=8876017C
239 pid=FFFD523D hwtex create 00800080 levels=8 hr=8876017C
240 pid=FFFD523D hwtex create 00800080 levels=8 hr=8876017C
241 pid=FFFD523D hwtex create 00800080 levels=8 hr=8876017C
242 pid=FFFD523D hwtex create 00800080 levels=8 hr=8876017C
243 pid=FFFD523D hwtex create 00800080 levels=8 hr=8876017C
244 pid=FFFD523D hwtex create 00800080 levels=8 hr=8876017C
245 pid=FFFD523D hwtex create 00800080 levels=8 hr=8876017C
246 pid=FFFD523D hwtex create 00400040 levels=7 hr=8876017C
247 pid=FFFD523D hwtex create 00400040 levels=7 hr=8876017C
248 pid=FFFD523D hwtex create 00200020 levels=6 hr=8876017C
249 pid=FFFD523D hwtex create 00400040 levels=7 hr=8876017C
250 pid=FFFD523D hwtex create 00400040 levels=7 hr=8876017C
251 pid=FFFD523D hwtex create 00200020 levels=6 hr=8876017C
252 pid=FFFD523D hwtex create 00400040 levels=7 hr=8876017C
253 pid=FFFD523D hwtex create 00800080 levels=8 hr=8876017C
254 pid=FFFD523D hwtex create 00800080 levels=8 hr=8876017C
255 pid=FFFD523D hwtex create 00400040 levels=7 hr=8876017C
256 pid=FFFD523D hwtex create 00400040 levels=7 hr=8876017C
257 pid=FFFD523D hwtex create 00800080 levels=8 hr=8876017C
258 pid=FFFD523D hwtex create 00800080 levels=8 hr=8876017C
259 pid=FFFD523D hwtex create 00400040 levels=7 hr=8876017C
260 pid=FFFD523D hwtex create 00400040 levels=7 hr=8876017C
261 pid=FFFD523D hwtex create 00800080 levels=8 hr=8876017C
262 pid=FFFD523D hwtex create 00800080 levels=8 hr=8876017C
263 pid=FFFD523D hwtex create 00400040 levels=7 hr=8876017C
264 pid=FFFD523D hwtex create 00200020 levels=6 hr=8876017C
265 pid=FFFD523D hwtex create 00800080 levels=8 hr=8876017C
266 pid=FFFD523D hwtex create 00800080 levels=1 hr=8876017C
267 pid=FFFD523D hwtex create 01000100 levels=9 hr=8876017C
268 pid=FFFD523D hwtex create 01000100 levels=9 hr=8876017C
269 pid=FFFD523D hwtex create 01000100 levels=9 hr=8876017C
270 pid=FFFD523D hwtex create 01000100 levels=9 hr=8876017C
271 pid=FFFD523D hwtex create 01000100 levels=9 hr=8876017C
272 pid=FFFD523D hwtex create 01000100 levels=9 hr=8876017C
273 pid=FFFD523D hwtex create 01000100 levels=9 hr=8876017C
274 pid=FFFD523D hwtex create 01000100 levels=9 hr=8876017C
275 pid=FFFD523D hwtex create 00400040 levels=1 hr=8876017C
276 pid=FFFD523D hwtex create 00400040 levels=1 hr=8876017C
277 pid=FFFD523D hwtex create 00400040 levels=1 hr=8876017C
278 pid=FFFD523D hwtex create 01000100 levels=1 hr=8876017C
279 pid=FFFD523D hwtex create 01000100 levels=1 hr=8876017C
280 pid=FFFD523D hwtex create 01000100 levels=1 hr=8876017C
281 pid=FFFD523D hwtex create 01000100 levels=1 hr=8876017C
282 pid=FFFD523D hwtex create 00800080 levels=8 hr=8876017C
283 pid=FFFD523D hwtex create 00800080 levels=1 hr=8876017C
284 pid=FFFD523D hwtex create 00800080 levels=1 hr=8876017C
285 pid=FFFD523D hwtex create 00800080 levels=1 hr=8876017C
286 pid=FFFD523D hwtex create 00800080 levels=1 hr=8876017C
287 pid=FFFD523D hwtex create 00800080 levels=8 hr=8876017C
288 pid=FFFD523D hwtex create 00800080 levels=1 hr=8876017C
289 pid=FFFD523D hwtex create 00800080 levels=1 hr=8876017C
290 pid=FFFD523D hwtex create 00800080 levels=1 hr=8876017C
291 pid=FFFD523D hwtex create 00800080 levels=8 hr=8876017C
292 pid=FFFD523D hwtex create 00800080 levels=8 hr=8876017C
293 pid=FFFD523D hwtex create 00800080 levels=8 hr=8876017C
294 pid=FFFD523D hwtex create 00800080 levels=8 hr=8876017C
295 pid=FFFD523D hwtex create 00800080 levels=8 hr=8876017C
296 pid=FFFD523D hwtex create 00800080 levels=1 hr=8876017C
297 pid=FFFD523D hwtex create 00800080 levels=1 hr=8876017C
298 pid=FFFD523D hwtex create 00800080 levels=8 hr=8876017C
299 pid=FFFD523D hwtex create 00800080 levels=1 hr=8876017C
300 pid=FFFD523D hwtex create 00400040 levels=7 hr=8876017C
301 pid=FFFD523D hwtex create 00400040 levels=7 hr=8876017C
302 pid=FFFD523D hwtex create 00400040 levels=7 hr=8876017C
303 pid=FFFD523D hwtex create 00200020 levels=6 hr=8876017C
304 pid=FFFD523D hwtex create 00200020 levels=6 hr=8876017C
305 pid=FFFD523D hwtex create 00800080 levels=1 hr=8876017C
306 pid=FFFD523D hwtex create 00800080 levels=8 hr=8876017C
307 pid=FFFD523D hwtex create 00800080 levels=1 hr=8876017C
308 pid=FFFD523D hwtex create 00800080 levels=8 hr=8876017C
309 pid=FFFD523D hwtex create 00800080 levels=1 hr=8876017C
310 pid=FFFD523D hwtex create 00800080 levels=1 hr=8876017C
311 pid=FFFD523D hwtex create 00800080 levels=1 hr=8876017C
312 pid=FFFD523D hwtex create 00800080 levels=1 hr=8876017C
313 pid=FFFD523D hwtex create 00800080 levels=1 hr=8876017C
314 pid=FFFD523D hwtex create 00800080 levels=1 hr=8876017C
315 pid=FFFD523D hwtex create 00800080 levels=1 hr=8876017C
316 pid=FFFD523D hwtex create 00800080 levels=8 hr=8876017C
317 pid=FFFD523D hwtex create 00800080 levels=8 hr=8876017C
318 pid=FFFD523D hwtex create 00800080 levels=8 hr=8876017C
319 pid=FFFD523D hwtex create 00800080 levels=1 hr=8876017C
320 pid=FFFD523D hwtex create 00800080 levels=1 hr=8876017C
321 pid=FFFD523D hwtex create 00800080 levels=8 hr=8876017C
322 pid=FFFD523D hwtex create 00800080 levels=8 hr=8876017C
323 pid=FFFD523D stub first-call slot=319 glPolygonOffset
324 pid=FFFD523D hwtex create 00800080 levels=8 hr=8876017C
325 pid=FFFD523D hwtex create 00800080 levels=8 hr=8876017C
326 pid=FFFD523D hwtex create 00800080 levels=8 hr=8876017C
327 pid=FFFD523D hwtex create 00800080 levels=8 hr=8876017C
328 pid=FFFD523D hwtex create 00800080 levels=8 hr=8876017C
329 pid=FFFD523D hwtex create 01000100 levels=1 hr=8876017C
330 pid=FFFD523D hwtex create 01000100 levels=1 hr=8876017C
331 pid=FFFD523D hwtex create 01000100 levels=1 hr=8876017C
332 pid=FFFD523D hwtex create 01000100 levels=1 hr=8876017C
333 pid=FFFD523D hwtex create 01000100 levels=1 hr=8876017C
334 pid=FFFD523D hwtex create 01000100 levels=1 hr=8876017C
335 pid=FFFD523D hwtex create 01000100 levels=1 hr=8876017C
336 pid=FFFD523D hwtex create 01000100 levels=1 hr=8876017C
337 pid=FFFD523D hwtex create 01000100 levels=1 hr=8876017C
338 pid=FFFD523D hwtex create 01000100 levels=1 hr=8876017C
339 pid=FFFD523D hwtex create 01000100 levels=1 hr=8876017C
340 pid=FFFD523D hwtex create 01000100 levels=1 hr=8876017C
341 pid=FFFD523D hwtex create 01000100 levels=1 hr=8876017C
342 pid=FFFD523D hwtex create 01000100 levels=1 hr=8876017C
343 pid=FFFD523D hwtex create 01000100 levels=1 hr=8876017C
344 pid=FFFD523D hwtex create 01000100 levels=1 hr=8876017C
345 pid=FFFD523D hwtex create 01000100 levels=1 hr=8876017C
346 pid=FFFD523D hwtex create 01000100 levels=1 hr=8876017C
347 pid=FFFD523D hwtex create 01000100 levels=1 hr=8876017C
348 pid=FFFD523D hwtex create 01000100 levels=1 hr=8876017C
349 pid=FFFD523D hwtex create 01000100 levels=1 hr=8876017C
350 pid=FFFD523D hwtex create 01000100 levels=1 hr=8876017C
351 pid=FFFD523D hwtex create 01000100 levels=1 hr=8876017C
352 pid=FFFD523D hwtex create 01000100 levels=1 hr=8876017C
353 pid=FFFD523D hwtex create 01000100 levels=1 hr=8876017C
354 pid=FFFD523D hwtex create 01000100 levels=1 hr=8876017C
355 pid=FFFD523D hwtex create 01000100 levels=1 hr=8876017C
356 pid=FFFD523D hwtex create 01000100 levels=1 hr=8876017C
357 pid=FFFD523D hwtex create 01000100 levels=1 hr=8876017C
358 pid=FFFD523D hwtex create 01000100 levels=1 hr=8876017C
359 pid=FFFD523D hwtex create 01000100 levels=1 hr=8876017C
360 pid=FFFD523D hwtex create 01000100 levels=1 hr=8876017C
361 pid=FFFD523D hwtex create 01000100 levels=1 hr=8876017C
362 pid=FFFD523D hwtex create 01000100 levels=1 hr=8876017C
363 pid=FFFD523D hwtex create 01000100 levels=1 hr=8876017C
364 pid=FFFD523D hwtex create 01000100 levels=1 hr=8876017C
365 pid=FFFD523D hwtex create 01000100 levels=1 hr=8876017C
366 pid=FFFD523D hwtex create 01000100 levels=1 hr=8876017C
367 pid=FFFD523D hwtex create 01000100 levels=1 hr=8876017C
368 pid=FFFD523D hwtex create 01000100 levels=1 hr=8876017C
369 pid=FFFD523D hwtex create 01000100 levels=1 hr=8876017C
370 pid=FFFD523D hwtex create 01000100 levels=1 hr=8876017C
371 pid=FFFD523D hwtex create 01000100 levels=1 hr=8876017C
372 pid=FFFD523D hwtex create 01000100 levels=1 hr=8876017C
373 pid=FFFD523D hwtex create 01000100 levels=1 hr=8876017C
374 pid=FFFD523D hwtex create 01000100 levels=1 hr=8876017C
375 pid=FFFD523D hwtex create 01000100 levels=1 hr=8876017C
376 pid=FFFD523D hwtex create 01000100 levels=1 hr=8876017C
377 pid=FFFD523D hwtex create 01000100 levels=1 hr=8876017C
378 pid=FFFD523D hwtex create 01000100 levels=1 hr=8876017C
379 pid=FFFD523D hwtex create 01000100 levels=1 hr=8876017C
380 pid=FFFD523D hwtex create 01000100 levels=1 hr=8876017C
381 pid=FFFD523D hwtex create 01000100 levels=1 hr=8876017C
382 pid=FFFD523D hwtex create 01000100 levels=1 hr=8876017C
383 pid=FFFD523D hwtex create 01000100 levels=1 hr=8876017C
384 pid=FFFD523D hwtex create 01000100 levels=1 hr=8876017C
385 pid=FFFD523D hwtex create 01000100 levels=1 hr=8876017C
386 pid=FFFD523D hwtex create 01000100 levels=1 hr=8876017C
387 pid=FFFD523D hwtex create 01000100 levels=1 hr=8876017C
388 pid=FFFD523D hwtex create 01000100 levels=1 hr=8876017C
389 pid=FFFD523D hwtex create 01000100 levels=1 hr=8876017C
390 pid=FFFD523D hwtex create 01000100 levels=1 hr=8876017C
391 pid=FFFD523D hwtex create 01000100 levels=1 hr=8876017C
392 pid=FFFD523D hwtex create 01000100 levels=1 hr=8876017C
393 pid=FFFD523D hwtex create 01000100 levels=1 hr=8876017C
394 pid=FFFD523D hwtex create 01000100 levels=1 hr=8876017C
395 pid=FFFD523D hwtex create 01000100 levels=1 hr=8876017C
396 pid=FFFD523D hwtex create 01000100 levels=1 hr=8876017C
397 pid=FFFD523D hwtex create 01000100 levels=1 hr=8876017C
398 pid=FFFD523D hwtex create 01000100 levels=1 hr=8876017C
399 pid=FFFD523D hwtex create 01000100 levels=1 hr=8876017C
400 pid=FFFD523D hwtex create 01000100 levels=1 hr=8876017C
401 pid=FFFD523D hwtex create 01000100 levels=1 hr=8876017C
402 pid=FFFD523D hwtex create 01000100 levels=1 hr=8876017C
403 pid=FFFD523D hwtex create 01000100 levels=1 hr=8876017C
404 pid=FFFD523D hwtex create 01000100 levels=1 hr=8876017C
405 pid=FFFD523D hwtex create 01000100 levels=1 hr=8876017C
406 pid=FFFD523D hwtex create 01000100 levels=1 hr=8876017C
407 pid=FFFD523D hwtex create 01000100 levels=1 hr=8876017C
408 pid=FFFD523D hwtex create 01000100 levels=1 hr=8876017C
409 pid=FFFD523D hwtex create 01000100 levels=1 hr=8876017C
410 pid=FFFD523D hwtex create 01000100 levels=1 hr=8876017C
411 pid=FFFD523D hwtex create 01000100 levels=1 hr=8876017C
412 pid=FFFD523D hwtex create 01000100 levels=1 hr=8876017C
413 pid=FFFD523D hwtex create 01000100 levels=1 hr=8876017C
414 pid=FFFD523D hwtex create 01000100 levels=1 hr=8876017C
415 pid=FFFD523D hwtex create 01000100 levels=1 hr=8876017C
416 pid=FFFD523D hwtex create 01000100 levels=1 hr=8876017C
417 pid=FFFD523D hwtex create 01000100 levels=1 hr=8876017C
418 pid=FFFD523D hwtex create 01000100 levels=1 hr=8876017C
419 pid=FFFD523D paths batches/triangles untextured=0/0 hw=744/14517 cpu=9/240 cpu-nonsquare=2046/103923 hw-refused=3780/134759
420 pid=FFFD523D counters hwtex live=264 creates=595 create-failed=249 evictions=248 uploads=346 upload-kb=8028 stubs=4 failed r4=5835 r7=0 r8=0 other=0
421 pid=FFFD523D hwtex create 01000100 levels=9 hr=8876017C
422 pid=FFFD523D hwtex create 01000100 levels=9 hr=8876017C
423 pid=FFFD523D hwtex create 01000100 levels=9 hr=8876017C
424 pid=FFFD523D hwtex create 01000100 levels=9 hr=8876017C
425 pid=FFFD523D hwtex create 00800080 levels=8 hr=8876017C
426 pid=FFFD523D hwtex create 00800080 levels=8 hr=8876017C
427 pid=FFFD523D hwtex create 00800080 levels=8 hr=8876017C
428 pid=FFFD523D hwtex create 00800080 levels=8 hr=8876017C
429 pid=FFFD523D hwtex create 00800080 levels=8 hr=8876017C
430 pid=FFFD523D hwtex create 00800080 levels=8 hr=8876017C
431 pid=FFFD523D hwtex create 00800080 levels=8 hr=8876017C
432 pid=FFFD523D hwtex create 00800080 levels=8 hr=8876017C
433 pid=FFFD523D hwtex create 00800080 levels=8 hr=8876017C
434 pid=FFFD523D hwtex create 00800080 levels=8 hr=8876017C
435 pid=FFFD523D hwtex create 00800080 levels=8 hr=8876017C
436 pid=FFFD523D hwtex create 00800080 levels=8 hr=8876017C
437 pid=FFFD523D hwtex create 00800080 levels=8 hr=8876017C
438 pid=FFFD523D hwtex create 00800080 levels=8 hr=8876017C
439 pid=FFFD523D hwtex create 00800080 levels=8 hr=8876017C
440 pid=FFFD523D hwtex create 00800080 levels=8 hr=8876017C
441 pid=FFFD523D hwtex create 00800080 levels=8 hr=8876017C
442 pid=FFFD523D hwtex create 00800080 levels=8 hr=8876017C
443 pid=FFFD523D hwtex create 00800080 levels=8 hr=8876017C
444 pid=FFFD523D paths batches/triangles untextured=0/0 hw=3634/81071 cpu=9/240 cpu-nonsquare=2901/116154 hw-refused=6870/201942
445 pid=FFFD523D counters hwtex live=278 creates=666 create-failed=272 evictions=271 uploads=394 upload-kb=8720 stubs=72 failed r4=9780 r7=0 r8=0 other=0
446 pid=FFFD523D paths batches/triangles untextured=0/0 hw=6941/169451 cpu=9/240 cpu-nonsquare=3981/129902 hw-refused=9860/277557
447 pid=FFFD523D counters hwtex live=280 creates=672 create-failed=272 evictions=271 uploads=400 upload-kb=8770 stubs=226 failed r4=13850 r7=0 r8=0 other=0
448 pid=FFFD523D paths batches/triangles untextured=0/0 hw=10671/269880 cpu=9/240 cpu-nonsquare=5098/143439 hw-refused=13888/370731
449 pid=FFFD523D counters hwtex live=281 creates=679 create-failed=272 evictions=271 uploads=407 upload-kb=8822 stubs=406 failed r4=18995 r7=0 r8=0 other=0
450 pid=FFFD523D paths batches/triangles untextured=0/0 hw=14219/356323 cpu=9/240 cpu-nonsquare=6233/155938 hw-refused=18165/472093
451 pid=FFFD523D counters hwtex live=281 creates=682 create-failed=272 evictions=271 uploads=410 upload-kb=8828 stubs=606 failed r4=24407 r7=0 r8=0 other=0
452 pid=FFFD523D hwtex create 00400040 levels=7 hr=8876017C
453 pid=FFFD523D hwtex create 00800080 levels=8 hr=8876017C
454 pid=FFFD523D hwtex create 00800080 levels=8 hr=8876017C
455 pid=FFFD523D paths batches/triangles untextured=0/0 hw=17653/441214 cpu=9/240 cpu-nonsquare=7400/170053 hw-refused=22163/568247
456 pid=FFFD523D counters hwtex live=281 creates=689 create-failed=275 evictions=274 uploads=414 upload-kb=8884 stubs=783 failed r4=29572 r7=0 r8=0 other=0
457 pid=FFFD523D hwtex create 00800080 levels=8 hr=8876017C
458 pid=FFFD523D hwtex create 00800080 levels=8 hr=8876017C
459 pid=FFFD523D hwtex create 00800080 levels=8 hr=8876017C
460 pid=FFFD523D hwtex create 00800080 levels=8 hr=8876017C
461 pid=FFFD523D hwtex create 00800080 levels=8 hr=8876017C
462 pid=FFFD523D hwtex create 00800080 levels=8 hr=8876017C
463 pid=FFFD523D hwtex create 00800080 levels=8 hr=8876017C
464 pid=FFFD523D hwtex create 00800080 levels=8 hr=8876017C
465 pid=FFFD523D hwtex create 00800080 levels=8 hr=8876017C
466 pid=FFFD523D hwtex create 00800080 levels=8 hr=8876017C
467 pid=FFFD523D hwtex create 00800080 levels=8 hr=8876017C
468 pid=FFFD523D hwtex create 00800080 levels=8 hr=8876017C
469 pid=FFFD523D hwtex create 00800080 levels=8 hr=8876017C
470 pid=FFFD523D hwtex create 00800080 levels=8 hr=8876017C
471 pid=FFFD523D hwtex create 00800080 levels=8 hr=8876017C
472 pid=FFFD523D hwtex create 00800080 levels=8 hr=8876017C
473 pid=FFFD523D paths batches/triangles untextured=0/0 hw=21207/527029 cpu=9/240 cpu-nonsquare=8821/185788 hw-refused=26231/660887
474 pid=FFFD523D counters hwtex live=283 creates=709 create-failed=291 evictions=290 uploads=418 upload-kb=8980 stubs=956 failed r4=35061 r7=0 r8=0 other=0
475 pid=FFFD523D hwtex create 00800080 levels=8 hr=8876017C
476 pid=FFFD523D hwtex create 00800080 levels=8 hr=8876017C
477 pid=FFFD523D hwtex create 00800080 levels=8 hr=8876017C
478 pid=FFFD523D hwtex create 00800080 levels=8 hr=8876017C
479 pid=FFFD523D hwtex create 00800080 levels=8 hr=8876017C
480 pid=FFFD523D hwtex create 00800080 levels=8 hr=8876017C
481 pid=FFFD523D hwtex create 00800080 levels=8 hr=8876017C
482 pid=FFFD523D hwtex create 00800080 levels=8 hr=8876017C
483 pid=FFFD523D hwtex create 00800080 levels=8 hr=8876017C
484 pid=FFFD523D hwtex create 00800080 levels=8 hr=8876017C
485 pid=FFFD523D hwtex create 01000100 levels=9 hr=8876017C
486 pid=FFFD523D hwtex create 01000100 levels=9 hr=8876017C
487 pid=FFFD523D hwtex create 01000100 levels=9 hr=8876017C
488 pid=FFFD523D hwtex create 01000100 levels=9 hr=8876017C
489 pid=FFFD523D hwtex create 01000100 levels=9 hr=8876017C
490 pid=FFFD523D hwtex create 01000100 levels=9 hr=8876017C
491 pid=FFFD523D hwtex create 01000100 levels=9 hr=8876017C
492 pid=FFFD523D hwtex create 01000100 levels=9 hr=8876017C
493 pid=FFFD523D hwtex create 01000100 levels=9 hr=8876017C
494 pid=FFFD523D hwtex create 01000100 levels=9 hr=8876017C
495 pid=FFFD523D hwtex create 01000100 levels=9 hr=8876017C
496 pid=FFFD523D hwtex create 01000100 levels=9 hr=8876017C
497 pid=FFFD523D hwtex create 01000100 levels=9 hr=8876017C
498 pid=FFFD523D hwtex create 01000100 levels=9 hr=8876017C
499 pid=FFFD523D hwtex create 01000100 levels=9 hr=8876017C
500 pid=FFFD523D hwtex create 01000100 levels=9 hr=8876017C
501 pid=FFFD523D hwtex create 01000100 levels=9 hr=8876017C
502 pid=FFFD523D hwtex create 01000100 levels=9 hr=8876017C
503 pid=FFFD523D hwtex create 01000100 levels=9 hr=8876017C
504 pid=FFFD523D hwtex create 01000100 levels=9 hr=8876017C
505 pid=FFFD523D hwtex create 01000100 levels=9 hr=8876017C
506 pid=FFFD523D hwtex create 01000100 levels=9 hr=8876017C
507 pid=FFFD523D hwtex create 01000100 levels=9 hr=8876017C
508 pid=FFFD523D hwtex create 01000100 levels=9 hr=8876017C
509 pid=FFFD523D hwtex create 01000100 levels=9 hr=8876017C
510 pid=FFFD523D hwtex create 01000100 levels=9 hr=8876017C
511 pid=FFFD523D hwtex create 01000100 levels=9 hr=8876017C
512 pid=FFFD523D hwtex create 01000100 levels=9 hr=8876017C
513 pid=FFFD523D hwtex create 01000100 levels=9 hr=8876017C
514 pid=FFFD523D hwtex create 01000100 levels=9 hr=8876017C
515 pid=FFFD523D hwtex create 01000100 levels=9 hr=8876017C
516 pid=FFFD523D hwtex create 01000100 levels=9 hr=8876017C
517 pid=FFFD523D hwtex create 01000100 levels=9 hr=8876017C
518 pid=FFFD523D hwtex create 01000100 levels=9 hr=8876017C
519 pid=FFFD523D hwtex create 01000100 levels=9 hr=8876017C
520 pid=FFFD523D hwtex create 01000100 levels=9 hr=8876017C
521 pid=FFFD523D hwtex create 01000100 levels=9 hr=8876017C
522 pid=FFFD523D hwtex create 01000100 levels=9 hr=8876017C
523 pid=FFFD523D hwtex create 01000100 levels=9 hr=8876017C
524 pid=FFFD523D hwtex create 01000100 levels=9 hr=8876017C
525 pid=FFFD523D hwtex create 01000100 levels=9 hr=8876017C
526 pid=FFFD523D hwtex create 01000100 levels=9 hr=8876017C
527 pid=FFFD523D hwtex create 01000100 levels=9 hr=8876017C
528 pid=FFFD523D hwtex create 01000100 levels=9 hr=8876017C
529 pid=FFFD523D hwtex create 01000100 levels=9 hr=8876017C
530 pid=FFFD523D hwtex create 01000100 levels=9 hr=8876017C
531 pid=FFFD523D hwtex create 01000100 levels=9 hr=8876017C
532 pid=FFFD523D hwtex create 01000100 levels=9 hr=8876017C
533 pid=FFFD523D hwtex create 01000100 levels=9 hr=8876017C
534 pid=FFFD523D hwtex create 01000100 levels=9 hr=8876017C
535 pid=FFFD523D hwtex create 01000100 levels=9 hr=8876017C
536 pid=FFFD523D hwtex create 01000100 levels=9 hr=8876017C
537 pid=FFFD523D hwtex create 01000100 levels=9 hr=8876017C
538 pid=FFFD523D hwtex create 00800080 levels=8 hr=8876017C
539 pid=FFFD523D hwtex create 00800080 levels=1 hr=8876017C
540 pid=FFFD523D hwtex create 00800080 levels=1 hr=8876017C
541 pid=FFFD523D hwtex create 00800080 levels=1 hr=8876017C
542 pid=FFFD523D hwtex create 00800080 levels=1 hr=8876017C
543 pid=FFFD523D hwtex create 00800080 levels=8 hr=8876017C
544 pid=FFFD523D hwtex create 00800080 levels=8 hr=8876017C
545 pid=FFFD523D hwtex create 00800080 levels=8 hr=8876017C
546 pid=FFFD523D hwtex create 00800080 levels=8 hr=8876017C
547 pid=FFFD523D hwtex create 00800080 levels=8 hr=8876017C
548 pid=FFFD523D hwtex create 00800080 levels=8 hr=8876017C
549 pid=FFFD523D hwtex create 00800080 levels=8 hr=8876017C
550 pid=FFFD523D hwtex create 00800080 levels=8 hr=8876017C
551 pid=FFFD523D hwtex create 00800080 levels=8 hr=8876017C
552 pid=FFFD523D paths batches/triangles untextured=0/0 hw=24358/619715 cpu=9/240 cpu-nonsquare=9866/197986 hw-refused=29541/752255
553 pid=FFFD523D counters hwtex live=291 creates=852 create-failed=368 evictions=367 uploads=484 upload-kb=9986 stubs=1139 failed r4=39416 r7=0 r8=0 other=0
554 pid=FFFD523D hwtex create 00400040 levels=7 hr=8876017C
555 pid=FFFD523D hwtex create 00400040 levels=7 hr=8876017C
556 pid=FFFD523D hwtex create 00400040 levels=7 hr=8876017C
557 pid=FFFD523D hwtex create 00400040 levels=7 hr=8876017C
558 pid=FFFD523D hwtex create 00400040 levels=7 hr=8876017C
559 pid=FFFD523D hwtex create 00400040 levels=7 hr=8876017C
560 pid=FFFD523D hwtex create 00400040 levels=7 hr=8876017C
561 pid=FFFD523D hwtex create 00400040 levels=7 hr=8876017C
562 pid=FFFD523D hwtex create 00800080 levels=8 hr=8876017C
563 pid=FFFD523D hwtex create 00800080 levels=8 hr=8876017C
564 pid=FFFD523D hwtex create 00800080 levels=8 hr=8876017C
565 pid=FFFD523D hwtex create 00800080 levels=8 hr=8876017C
566 pid=FFFD523D hwtex create 00800080 levels=8 hr=8876017C
567 pid=FFFD523D hwtex create 00800080 levels=8 hr=8876017C
568 pid=FFFD523D hwtex create 00800080 levels=8 hr=8876017C
569 pid=FFFD523D hwtex create 00800080 levels=8 hr=8876017C
570 pid=FFFD523D hwtex create 00800080 levels=8 hr=8876017C
571 pid=FFFD523D hwtex create 00800080 levels=8 hr=8876017C
572 pid=FFFD523D hwtex create 00800080 levels=8 hr=8876017C
573 pid=FFFD523D hwtex create 00800080 levels=8 hr=8876017C
574 pid=FFFD523D hwtex create 00800080 levels=8 hr=8876017C
575 pid=FFFD523D hwtex create 00800080 levels=8 hr=8876017C
576 pid=FFFD523D hwtex create 00800080 levels=8 hr=8876017C
577 pid=FFFD523D hwtex create 01000100 levels=9 hr=8876017C
578 pid=FFFD523D hwtex create 01000100 levels=9 hr=8876017C
579 pid=FFFD523D hwtex create 00800080 levels=8 hr=8876017C
580 pid=FFFD523D hwtex create 00800080 levels=8 hr=8876017C
581 pid=FFFD523D hwtex create 00800080 levels=8 hr=8876017C
582 pid=FFFD523D hwtex create 00800080 levels=8 hr=8876017C
583 pid=FFFD523D hwtex create 00800080 levels=8 hr=8876017C
584 pid=FFFD523D hwtex create 00800080 levels=8 hr=8876017C
585 pid=FFFD523D hwtex create 00800080 levels=8 hr=8876017C
586 pid=FFFD523D hwtex create 00800080 levels=8 hr=8876017C
587 pid=FFFD523D paths batches/triangles untextured=0/0 hw=27326/705332 cpu=9/240 cpu-nonsquare=10893/210204 hw-refused=33149/839691
588 pid=FFFD523D counters hwtex live=293 creates=928 create-failed=401 evictions=400 uploads=527 upload-kb=10430 stubs=1399 failed r4=44051 r7=0 r8=0 other=0
589 pid=FFFD523D hwtex create 00400040 levels=7 hr=8876017C
590 pid=FFFD523D hwtex create 00400040 levels=7 hr=8876017C
591 pid=FFFD523D hwtex create 00400040 levels=7 hr=8876017C
592 pid=FFFD523D hwtex create 00400040 levels=7 hr=8876017C
593 pid=FFFD523D hwtex create 00400040 levels=7 hr=8876017C
594 pid=FFFD523D hwtex create 00400040 levels=7 hr=8876017C
595 pid=FFFD523D hwtex create 00400040 levels=7 hr=8876017C
596 pid=FFFD523D hwtex create 00400040 levels=7 hr=8876017C
597 pid=FFFD523D hwtex create 00400040 levels=7 hr=8876017C
598 pid=FFFD523D hwtex create 00800080 levels=8 hr=8876017C
599 pid=FFFD523D hwtex create 00800080 levels=8 hr=8876017C
600 pid=FFFD523D hwtex create 00800080 levels=8 hr=8876017C
601 pid=FFFD523D hwtex create 00800080 levels=8 hr=8876017C
602 pid=FFFD523D hwtex create 00800080 levels=8 hr=8876017C
603 pid=FFFD523D hwtex create 00800080 levels=8 hr=8876017C
604 pid=FFFD523D hwtex create 00800080 levels=8 hr=8876017C
605 pid=FFFD523D hwtex create 00800080 levels=8 hr=8876017C
606 pid=FFFD523D hwtex create 00800080 levels=8 hr=8876017C
607 pid=FFFD523D hwtex create 00800080 levels=8 hr=8876017C
608 pid=FFFD523D paths batches/triangles untextured=0/0 hw=29874/774640 cpu=9/240 cpu-nonsquare=12195/247624 hw-refused=35865/912856
609 pid=FFFD523D counters hwtex live=7 creates=972 create-failed=420 evictions=419 uploads=552 upload-kb=11552 stubs=1544 failed r4=48069 r7=0 r8=0 other=0
610 pid=FFFD523D paths batches/triangles untextured=0/0 hw=30215/779385 cpu=9/240 cpu-nonsquare=12985/294808 hw-refused=37233/950262
611 pid=FFFD523D counters hwtex live=9 creates=974 create-failed=420 evictions=419 uploads=554 upload-kb=11680 stubs=1544 failed r4=50227 r7=0 r8=0 other=0
612 pid=FFFD523D paths batches/triangles untextured=0/0 hw=30495/780225 cpu=9/240 cpu-nonsquare=12985/294808 hw-refused=38353/961182
613 pid=FFFD523D counters hwtex live=9 creates=974 create-failed=420 evictions=419 uploads=554 upload-kb=11680 stubs=1544 failed r4=51347 r7=0 r8=0 other=0
614 pid=FFFD523D paths batches/triangles untextured=0/0 hw=30775/781065 cpu=9/240 cpu-nonsquare=12985/294808 hw-refused=39473/972102
615 pid=FFFD523D counters hwtex live=9 creates=974 create-failed=420 evictions=419 uploads=554 upload-kb=11680 stubs=1544 failed r4=52467 r7=0 r8=0 other=0
1 pid=FFFC48E7 attach instance=01CF0000 tls=11 build-marker=1
2 pid=FFFC48E7 DrvValidateVersion version=1
3 pid=FFFC48E7 DrvSetCallbackProcs count=3 procs=78B23978
4 pid=FFFC48E7 describe result=0 engine=5 formats=00000002
5 pid=FFFC48E7 DrvDescribePixelFormat index=1 bytes=0 -> count=1
6 pid=FFFC48E7 DrvDescribePixelFormat index=1 bytes=40 -> count=1
7 pid=FFFC48E7 DrvDescribePixelFormat index=1 bytes=0 -> count=1
8 pid=FFFC48E7 DrvDescribePixelFormat index=1 bytes=0 -> count=1
9 pid=FFFC48E7 DrvDescribePixelFormat index=1 bytes=0 -> count=1
10 pid=FFFC48E7 DrvDescribePixelFormat index=1 bytes=0 -> count=1
11 pid=FFFC48E7 DrvDescribePixelFormat index=1 bytes=0 -> count=1
12 pid=FFFC48E7 DrvDescribePixelFormat index=1 bytes=0 -> count=1
13 pid=FFFC48E7 DrvDescribePixelFormat index=1 bytes=0 -> count=1
14 pid=FFFC48E7 DrvDescribePixelFormat index=1 bytes=0 -> count=1
15 pid=FFFC48E7 DrvDescribePixelFormat index=1 bytes=0 -> count=1
16 pid=FFFC48E7 DrvDescribePixelFormat index=1 bytes=0 -> count=1
17 pid=FFFC48E7 DrvDescribePixelFormat index=1 bytes=0 -> count=1
18 pid=FFFC48E7 DrvDescribePixelFormat index=1 bytes=0 -> count=1
19 pid=FFFC48E7 DrvDescribePixelFormat index=1 bytes=0 -> count=1
20 pid=FFFC48E7 DrvDescribePixelFormat index=1 bytes=0 -> count=1
21 pid=FFFC48E7 DrvDescribePixelFormat index=1 bytes=0 -> count=1
22 pid=FFFC48E7 DrvDescribePixelFormat index=1 bytes=0 -> count=1
23 pid=FFFC48E7 DrvDescribePixelFormat index=1 bytes=0 -> count=1
24 pid=FFFC48E7 DrvDescribePixelFormat index=1 bytes=0 -> count=1
25 pid=FFFC48E7 DrvDescribePixelFormat index=1 bytes=0 -> count=1
26 pid=FFFC48E7 DrvDescribePixelFormat index=1 bytes=0 -> count=1
27 pid=FFFC48E7 DrvDescribePixelFormat index=1 bytes=0 -> count=1
28 pid=FFFC48E7 DrvDescribePixelFormat index=1 bytes=0 -> count=1
29 pid=FFFC48E7 DrvDescribePixelFormat index=1 bytes=0 -> count=1
30 pid=FFFC48E7 DrvDescribePixelFormat index=1 bytes=0 -> count=1
31 pid=FFFC48E7 DrvDescribePixelFormat index=1 bytes=0 -> count=1
32 pid=FFFC48E7 DrvSetPixelFormat hdc=00000782 index=1
33 pid=FFFC48E7 DrvDescribePixelFormat index=1 bytes=0 -> count=1
34 pid=FFFC48E7 DrvDescribePixelFormat index=1 bytes=40 -> count=1
35 pid=FFFC48E7 DrvDescribePixelFormat index=1 bytes=0 -> count=1
36 pid=FFFC48E7 DrvDescribePixelFormat index=1 bytes=40 -> count=1
37 pid=FFFC48E7 DrvCreateLayerContext hdc=00000782 layer=0 -> 1
38 pid=FFFC48E7 drawable window=0000015C 640x480
39 pid=FFFC48E7 DrvSetContext hdc=00000782 context=1 -> 1
40 pid=FFFC48E7 state tex=1158 size=00400040 tex=01010101 blend=00050600 depth=01040102 colour=FFFFFFFF mask=7 scissor=0,0,640,480 fog=0
41 pid=FFFC48E7 time interval-ms=85901 swaps=0 present-ms=0 draw-ms=69339672 upload-ms=1
42 pid=FFFC48E7 tsc frames=0 wall-ms=85901 vertex-ms=13632 flush-in-vertex-ms=0 flush-other-ms=1473977 bind-ms=6487 iface-ms=725535 beginend-ms=77722 swap-ms=0 vertices=18 flushes=1 draws=1 sink-ms=28460 sink-prep-ms=25707 sinks=4
43 pid=FFFC48E7 sink begin-ms=75366 flush-ms=0 copy-ms=1449 prep-texture-ms=23927 prep-state-ms=918 prep-same-ms=709
44 pid=FFFC48E7 hwno hwtex-ms=618608 iface-cpu-ms=0 not-cpu=0 square-side=0 too-big=0 format=0 no-object=0 no-record=0 table-full=0 unusable=0 backoff=0 make-failed=0 square-alloc=0 upload=0
45 pid=FFFC48E7 prim transform-ms=2502 inside-ms=1809 window-ms=3403 assemble-ms=3315 history-ms=678 fast=10 clipped=0 culled=0
46 pid=FFFC48E7 paths batches/triangles untextured=0/0 hw=1/10 cpu=0/0 cpu-nonsquare=0/0 hw-refused=0/0
47 pid=FFFC48E7 counters hwtex live=1 creates=1 create-failed=0 evictions=0 uploads=1 upload-kb=10 squared=0 alpha-dropped=0 stubs=0 failed r4=0 r7=0 r8=0 other=0
48 pid=FFFC48E7 state tex=1162 size=00400040 tex=01010101 blend=00050600 depth=01040102 colour=FFFFFFFF mask=7 scissor=0,0,640,480 fog=0
49 pid=FFFC48E7 state tex=1163 size=00100010 tex=01010101 blend=00050600 depth=01040102 colour=FFFFFFFF mask=7 scissor=0,0,640,480 fog=0
50 pid=FFFC48E7 state tex=1168 size=00100010 tex=01010101 blend=00050600 depth=01040102 colour=FFFFFFFF mask=7 scissor=0,0,640,480 fog=0
51 pid=FFFC48E7 state tex=1172 size=00400040 tex=01010101 blend=00050600 depth=01040102 colour=FFFFFFFF mask=7 scissor=0,0,640,480 fog=0
52 pid=FFFC48E7 state tex=1180 size=00400040 tex=01010101 blend=00050600 depth=01040102 colour=FFFFFFFF mask=7 scissor=0,0,640,480 fog=0
53 pid=FFFC48E7 state tex=1184 size=00400040 tex=01010101 blend=00050600 depth=01040102 colour=FFFFFFFF mask=7 scissor=0,0,640,480 fog=0
54 pid=FFFC48E7 state tex=1185 size=00400040 tex=01010101 blend=00050600 depth=01040102 colour=FFFFFFFF mask=7 scissor=0,0,640,480 fog=0
55 pid=FFFC48E7 state tex=1188 size=00400040 tex=01010101 blend=00050600 depth=01040102 colour=FFFFFFFF mask=7 scissor=0,0,640,480 fog=0
56 pid=FFFC48E7 state tex=1191 size=00400040 tex=01010101 blend=00050600 depth=01040102 colour=FFFFFFFF mask=7 scissor=0,0,640,480 fog=0
57 pid=FFFC48E7 state tex=1206 size=00400040 tex=01010101 blend=00050600 depth=01040102 colour=FFFFFFFF mask=7 scissor=0,0,640,480 fog=0
58 pid=FFFC48E7 state tex=1210 size=00800080 tex=01010101 blend=00050600 depth=01040102 colour=FFFFFFFF mask=7 scissor=0,0,640,480 fog=0
59 pid=FFFC48E7 state tex=1214 size=00400040 tex=01010101 blend=00050600 depth=01040102 colour=FFFFFFFF mask=7 scissor=0,0,640,480 fog=0
60 pid=FFFC48E7 state tex=1216 size=00400040 tex=01010101 blend=00050600 depth=01040102 colour=FFFFFFFF mask=7 scissor=0,0,640,480 fog=0
61 pid=FFFC48E7 state tex=1218 size=00400040 tex=01010101 blend=00050600 depth=01040102 colour=FFFFFFFF mask=7 scissor=0,0,640,480 fog=0
62 pid=FFFC48E7 state tex=1225 size=00400040 tex=01010101 blend=00050600 depth=01040102 colour=FFFFFFFF mask=7 scissor=0,0,640,480 fog=0
63 pid=FFFC48E7 state tex=1226 size=00400040 tex=01010101 blend=00050600 depth=01040102 colour=FFFFFFFF mask=7 scissor=0,0,640,480 fog=0
64 pid=FFFC48E7 state tex=1264 size=00400040 tex=01010101 blend=00050600 depth=01040102 colour=FFFFFFFF mask=7 scissor=0,0,640,480 fog=0
65 pid=FFFC48E7 state tex=1269 size=00400040 tex=01010101 blend=00050600 depth=01040102 colour=FFFFFFFF mask=7 scissor=0,0,640,480 fog=0
66 pid=FFFC48E7 state tex=1273 size=00200080 tex=01010101 blend=00050600 depth=01040102 colour=FFFFFFFF mask=7 scissor=0,0,640,480 fog=0
67 pid=FFFC48E7 state tex=1278 size=00400040 tex=01010101 blend=00050600 depth=01040102 colour=FFFFFFFF mask=7 scissor=0,0,640,480 fog=0
68 pid=FFFC48E7 state tex=1281 size=00400040 tex=01010101 blend=00050600 depth=01040102 colour=FFFFFFFF mask=7 scissor=0,0,640,480 fog=0
69 pid=FFFC48E7 state tex=1282 size=00400040 tex=01010101 blend=00050600 depth=01040102 colour=FFFFFFFF mask=7 scissor=0,0,640,480 fog=0
70 pid=FFFC48E7 state tex=1025 size=00800080 tex=01010101 blend=01010300 depth=01040001 colour=FFFFFFFF mask=7 scissor=0,0,640,480 fog=0
71 pid=FFFC48E7 state tex=1026 size=00800080 tex=01010101 blend=01010300 depth=01040001 colour=FFFFFFFF mask=7 scissor=0,0,640,480 fog=0
72 pid=FFFC48E7 state tex=1027 size=00800080 tex=01010101 blend=01010300 depth=01040001 colour=FFFFFFFF mask=7 scissor=0,0,640,480 fog=0
73 pid=FFFC48E7 state tex=1030 size=00800080 tex=01010101 blend=01010300 depth=01040001 colour=FFFFFFFF mask=7 scissor=0,0,640,480 fog=0
74 pid=FFFC48E7 state tex=1376 size=01000080 tex=01040201 blend=00050600 depth=01040102 colour=FF94774B mask=7 scissor=0,0,640,480 fog=0
75 pid=FFFC48E7 state tex=1380 size=01000080 tex=01040201 blend=00050600 depth=01040102 colour=FF463827 mask=7 scissor=0,0,640,480 fog=0
76 pid=FFFC48E7 state tex=1382 size=00800020 tex=01040201 blend=00050600 depth=01040102 colour=FF6F562E mask=7 scissor=0,0,640,480 fog=0
77 pid=FFFC48E7 state tex=1384 size=00800020 tex=01010200 blend=00050600 depth=01040102 colour=FF4D4231 mask=7 scissor=0,0,640,480 fog=0
78 pid=FFFC48E7 state tex=1389 size=01000080 tex=01040201 blend=00050600 depth=01040102 colour=FF5F5343 mask=7 scissor=0,0,640,480 fog=0
79 pid=FFFC48E7 state tex=1390 size=00800040 tex=01040201 blend=00050600 depth=01040102 colour=FF7F6F57 mask=7 scissor=0,0,640,480 fog=0
80 pid=FFFC48E7 state tex=1391 size=00400040 tex=01010200 blend=00050600 depth=01040102 colour=FF968569 mask=7 scissor=0,0,640,480 fog=0
81 pid=FFFC48E7 state tex=1393 size=00800040 tex=01040201 blend=00050600 depth=01040102 colour=FFFFFFE8 mask=7 scissor=0,0,640,480 fog=0
82 pid=FFFC48E7 state tex=1396 size=00800040 tex=01040201 blend=00050600 depth=01040102 colour=FF9C8964 mask=7 scissor=0,0,640,480 fog=0
83 pid=FFFC48E7 state tex=1401 size=01000080 tex=01040201 blend=00050600 depth=01040102 colour=FFFFFFED mask=7 scissor=0,0,640,480 fog=0
84 pid=FFFC48E7 state tex=1409 size=01000080 tex=01040201 blend=00050600 depth=01040102 colour=FF4D4137 mask=7 scissor=0,0,640,480 fog=0
85 pid=FFFC48E7 state tex=1152 size=01000100 tex=01040101 blend=00050601 depth=00040101 colour=FFFFFFFF mask=7 scissor=0,0,640,480 fog=0
86 pid=FFFC48E7 refused tex=1152 size=01000100 tex=02040101 blend=00050601 depth=00040101 colour=FFFFFFFF mask=7 scissor=0,0,640,480 fog=0
87 pid=FFFC48E7 draw result=4 triangles=18 submitted=0
88 pid=FFFC48E7   v0 sx=439E0000 sy=436C0000 sz=3F000000 rhw=3F800000 tu=3F70028F tv=3823D70A
89 pid=FFFC48E7   v1 sx=43A20000 sy=436C0000 sz=3F000000 rhw=3F800000 tu=3F77FD71 tv=3823D70A
90 pid=FFFC48E7   v2 sx=43A20000 sy=43740002 sz=3F000000 rhw=3F800000 tu=3F77FD71 tv=3CFFAE14
91 pid=FFFC48E7 draw result=4 triangles=18 submitted=0
92 pid=FFFC48E7   v0 sx=439E0000 sy=436C0000 sz=3F000000 rhw=3F800000 tu=3F70028F tv=3823D70A
93 pid=FFFC48E7   v1 sx=43A20000 sy=436C0000 sz=3F000000 rhw=3F800000 tu=3F77FD71 tv=3823D70A
94 pid=FFFC48E7   v2 sx=43A20000 sy=43740002 sz=3F000000 rhw=3F800000 tu=3F77FD71 tv=3CFFAE14
95 pid=FFFC48E7 draw result=4 triangles=18 submitted=0
96 pid=FFFC48E7   v0 sx=439E0000 sy=436C0000 sz=3F000000 rhw=3F800000 tu=3F70028F tv=3823D70A
97 pid=FFFC48E7   v1 sx=43A20000 sy=436C0000 sz=3F000000 rhw=3F800000 tu=3F77FD71 tv=3823D70A
98 pid=FFFC48E7   v2 sx=43A20000 sy=43740002 sz=3F000000 rhw=3F800000 tu=3F77FD71 tv=3CFFAE14
99 pid=FFFC48E7 draw result=4 triangles=18 submitted=0
100 pid=FFFC48E7   v0 sx=439E0000 sy=436C0000 sz=3F000000 rhw=3F800000 tu=3F70028F tv=3823D70A
101 pid=FFFC48E7   v1 sx=43A20000 sy=436C0000 sz=3F000000 rhw=3F800000 tu=3F77FD71 tv=3823D70A
102 pid=FFFC48E7   v2 sx=43A20000 sy=43740002 sz=3F000000 rhw=3F800000 tu=3F77FD71 tv=3CFFAE14
103 pid=FFFC48E7 draw result=4 triangles=18 submitted=0
104 pid=FFFC48E7   v0 sx=439E0000 sy=436C0000 sz=3F000000 rhw=3F800000 tu=3F70028F tv=3823D70A
105 pid=FFFC48E7   v1 sx=43A20000 sy=436C0000 sz=3F000000 rhw=3F800000 tu=3F77FD71 tv=3823D70A
106 pid=FFFC48E7   v2 sx=43A20000 sy=43740002 sz=3F000000 rhw=3F800000 tu=3F77FD71 tv=3CFFAE14
107 pid=FFFC48E7 draw result=4 triangles=18 submitted=0
108 pid=FFFC48E7   v0 sx=439E0000 sy=436C0000 sz=3F000000 rhw=3F800000 tu=3F70028F tv=3823D70A
109 pid=FFFC48E7   v1 sx=43A20000 sy=436C0000 sz=3F000000 rhw=3F800000 tu=3F77FD71 tv=3823D70A
110 pid=FFFC48E7   v2 sx=43A20000 sy=43740002 sz=3F000000 rhw=3F800000 tu=3F77FD71 tv=3CFFAE14
111 pid=FFFC48E7 state tex=1267 size=00400020 tex=01010101 blend=00050600 depth=01040102 colour=FFFFFFFF mask=7 scissor=0,0,640,480 fog=0
112 pid=FFFC48E7 state tex=1268 size=00400040 tex=01010101 blend=00050600 depth=01040102 colour=FFFFFFFF mask=7 scissor=0,0,640,480 fog=0
113 pid=FFFC48E7 state tex=1266 size=00400020 tex=01010101 blend=00050600 depth=01040102 colour=FFFFFFFF mask=7 scissor=0,0,640,480 fog=0
114 pid=FFFC48E7 state tex=1024 size=00800080 tex=01010101 blend=01010300 depth=01040001 colour=FFFFFFFF mask=7 scissor=0,0,640,480 fog=0
115 pid=FFFC48E7 state tex=1381 size=01000080 tex=01040201 blend=00050600 depth=01040102 colour=FF9C8D54 mask=7 scissor=0,0,640,480 fog=0
116 pid=FFFC48E7 state tex=1342 size=00800040 tex=01010200 blend=01050600 depth=01040002 colour=AA6D6153 mask=7 scissor=0,0,640,480 fog=0
117 pid=FFFC48E7 state tex=1153 size=00080008 tex=01040202 blend=01050600 depth=01040002 colour=FF730700 mask=7 scissor=0,0,640,480 fog=0
118 pid=FFFC48E7 refused tex=1153 size=00080008 tex=02040202 blend=01050600 depth=01040002 colour=D4730700 mask=7 scissor=0,0,640,480 fog=0
119 pid=FFFC48E7 time interval-ms=10000 swaps=17 present-ms=106 draw-ms=8938 upload-ms=107
120 pid=FFFC48E7 tsc frames=17 wall-ms=10000 vertex-ms=241 flush-in-vertex-ms=25 flush-other-ms=9041 bind-ms=4 iface-ms=8938 beginend-ms=5918 swap-ms=106 vertices=154274 flushes=1372 draws=1411 sink-ms=5926 sink-prep-ms=32 sinks=18346
121 pid=FFFC48E7 sink begin-ms=14 flush-ms=5882 copy-ms=7 prep-texture-ms=17 prep-state-ms=7 prep-same-ms=7
122 pid=FFFC48E7 hwno hwtex-ms=112 iface-cpu-ms=0 not-cpu=0 square-side=0 too-big=0 format=0 no-object=0 no-record=0 table-full=0 unusable=0 backoff=0 make-failed=0 square-alloc=0 upload=0
123 pid=FFFC48E7 prim transform-ms=31 inside-ms=24 window-ms=44 assemble-ms=105 history-ms=11 fast=43533 clipped=23386 culled=25689
124 pid=FFFC48E7 paths batches/triangles untextured=0/0 hw=1334/51760 cpu=0/0 cpu-nonsquare=0/0 hw-refused=39/1666
125 pid=FFFC48E7 counters hwtex live=46 creates=46 create-failed=0 evictions=0 uploads=47 upload-kb=1206 squared=0 alpha-dropped=0 stubs=0 failed r4=39 r7=0 r8=0 other=0
126 pid=FFFC48E7 state tex=1153 size=00000000 tex=00000000 blend=01050600 depth=00040100 colour=33FF0000 mask=7 scissor=0,0,640,480 fog=0
127 pid=FFFC48E7 time interval-ms=10051 swaps=18 present-ms=92 draw-ms=9143 upload-ms=13
128 pid=FFFC48E7 tsc frames=18 wall-ms=10051 vertex-ms=214 flush-in-vertex-ms=9 flush-other-ms=9153 bind-ms=2 iface-ms=9143 beginend-ms=5801 swap-ms=93 vertices=145995 flushes=1347 draws=1438 sink-ms=5795 sink-prep-ms=30 sinks=16855
129 pid=FFFC48E7 sink begin-ms=13 flush-ms=5754 copy-ms=7 prep-texture-ms=16 prep-state-ms=6 prep-same-ms=6
130 pid=FFFC48E7 hwno hwtex-ms=15 iface-cpu-ms=0 not-cpu=1 square-side=0 too-big=0 format=0 no-object=0 no-record=0 table-full=0 unusable=0 backoff=0 make-failed=0 square-alloc=0 upload=0
131 pid=FFFC48E7 prim transform-ms=29 inside-ms=23 window-ms=43 assemble-ms=84 history-ms=10 fast=41983 clipped=19175 culled=24235
132 pid=FFFC48E7 paths batches/triangles untextured=1/5 hw=2589/98981 cpu=0/0 cpu-nonsquare=0/0 hw-refused=130/6294
133 pid=FFFC48E7 counters hwtex live=46 creates=46 create-failed=0 evictions=0 uploads=52 upload-kb=1366 squared=0 alpha-dropped=0 stubs=0 failed r4=130 r7=0 r8=0 other=0
134 pid=FFFC48E7 state tex=1361 size=01000080 tex=01040201 blend=00050600 depth=01040102 colour=FFA99362 mask=7 scissor=0,0,640,480 fog=0
135 pid=FFFC48E7 time interval-ms=10008 swaps=18 present-ms=91 draw-ms=9039 upload-ms=35
136 pid=FFFC48E7 tsc frames=18 wall-ms=10008 vertex-ms=241 flush-in-vertex-ms=12 flush-other-ms=9071 bind-ms=4 iface-ms=9039 beginend-ms=5947 swap-ms=92 vertices=165476 flushes=1396 draws=1468 sink-ms=5942 sink-prep-ms=32 sinks=17843
137 pid=FFFC48E7 sink begin-ms=14 flush-ms=5899 copy-ms=7 prep-texture-ms=17 prep-state-ms=7 prep-same-ms=7
138 pid=FFFC48E7 hwno hwtex-ms=37 iface-cpu-ms=0 not-cpu=10 square-side=0 too-big=0 format=0 no-object=0 no-record=0 table-full=0 unusable=0 backoff=0 make-failed=0 square-alloc=0 upload=0
139 pid=FFFC48E7 prim transform-ms=33 inside-ms=25 window-ms=45 assemble-ms=98 history-ms=11 fast=42885 clipped=27265 culled=26560
140 pid=FFFC48E7 paths batches/triangles untextured=11/55 hw=3903/149062 cpu=0/0 cpu-nonsquare=0/0 hw-refused=202/9531
141 pid=FFFC48E7 counters hwtex live=47 creates=47 create-failed=0 evictions=0 uploads=61 upload-kb=1707 squared=0 alpha-dropped=0 stubs=0 failed r4=202 r7=0 r8=0 other=0
142 pid=FFFC48E7 time interval-ms=10003 swaps=17 present-ms=87 draw-ms=9073 upload-ms=25
143 pid=FFFC48E7 tsc frames=17 wall-ms=10003 vertex-ms=239 flush-in-vertex-ms=15 flush-other-ms=9092 bind-ms=5 iface-ms=9072 beginend-ms=5998 swap-ms=88 vertices=165768 flushes=1411 draws=1468 sink-ms=5996 sink-prep-ms=33 sinks=18638
144 pid=FFFC48E7 sink begin-ms=15 flush-ms=5951 copy-ms=7 prep-texture-ms=17 prep-state-ms=7 prep-same-ms=7
145 pid=FFFC48E7 hwno hwtex-ms=27 iface-cpu-ms=0 not-cpu=8 square-side=0 too-big=0 format=0 no-object=0 no-record=0 table-full=0 unusable=0 backoff=0 make-failed=0 square-alloc=0 upload=0
146 pid=FFFC48E7 prim transform-ms=33 inside-ms=25 window-ms=45 assemble-ms=95 history-ms=11 fast=46054 clipped=26966 culled=25584
147 pid=FFFC48E7 paths batches/triangles untextured=19/95 hw=5249/200923 cpu=0/0 cpu-nonsquare=0/0 hw-refused=259/12233
148 pid=FFFC48E7 counters hwtex live=50 creates=50 create-failed=0 evictions=0 uploads=72 upload-kb=1993 squared=0 alpha-dropped=0 stubs=0 failed r4=259 r7=0 r8=0 other=0
149 pid=FFFC48E7 time interval-ms=10023 swaps=16 present-ms=82 draw-ms=9088 upload-ms=10
150 pid=FFFC48E7 tsc frames=16 wall-ms=10023 vertex-ms=255 flush-in-vertex-ms=7 flush-other-ms=9114 bind-ms=19 iface-ms=9088 beginend-ms=6745 swap-ms=82 vertices=185721 flushes=1504 draws=1600 sink-ms=6733 sink-prep-ms=37 sinks=20993
151 pid=FFFC48E7 sink begin-ms=16 flush-ms=6683 copy-ms=8 prep-texture-ms=20 prep-state-ms=8 prep-same-ms=8
152 pid=FFFC48E7 hwno hwtex-ms=12 iface-cpu-ms=0 not-cpu=9 square-side=0 too-big=0 format=0 no-object=0 no-record=0 table-full=0 unusable=0 backoff=0 make-failed=0 square-alloc=0 upload=0
153 pid=FFFC48E7 prim transform-ms=39 inside-ms=29 window-ms=53 assemble-ms=90 history-ms=13 fast=55426 clipped=24007 culled=29090
154 pid=FFFC48E7 paths batches/triangles untextured=28/140 hw=6648/258529 cpu=0/0 cpu-nonsquare=0/0 hw-refused=355/17052
155 pid=FFFC48E7 counters hwtex live=50 creates=50 create-failed=0 evictions=0 uploads=76 upload-kb=2121 squared=0 alpha-dropped=0 stubs=0 failed r4=355 r7=0 r8=0 other=0
156 pid=FFFC48E7 time interval-ms=10003 swaps=15 present-ms=76 draw-ms=9039 upload-ms=64
157 pid=FFFC48E7 tsc frames=15 wall-ms=10003 vertex-ms=313 flush-in-vertex-ms=59 flush-other-ms=9052 bind-ms=2 iface-ms=9038 beginend-ms=6232 swap-ms=77 vertices=190619 flushes=1578 draws=1755 sink-ms=6276 sink-prep-ms=34 sinks=19252
158 pid=FFFC48E7 sink begin-ms=14 flush-ms=6229 copy-ms=8 prep-texture-ms=18 prep-state-ms=7 prep-same-ms=7
159 pid=FFFC48E7 hwno hwtex-ms=68 iface-cpu-ms=0 not-cpu=7 square-side=0 too-big=0 format=0 no-object=0 no-record=0 table-full=0 unusable=0 backoff=0 make-failed=0 square-alloc=0 upload=0
160 pid=FFFC48E7 prim transform-ms=38 inside-ms=30 window-ms=55 assemble-ms=145 history-ms=13 fast=57159 clipped=21354 culled=27204
161 pid=FFFC48E7 paths batches/triangles untextured=35/175 hw=8042/314344 cpu=0/0 cpu-nonsquare=0/0 hw-refused=532/27285
162 pid=FFFC48E7 counters hwtex live=60 creates=60 create-failed=0 evictions=0 uploads=101 upload-kb=2876 squared=0 alpha-dropped=0 stubs=0 failed r4=532 r7=0 r8=0 other=0
163 pid=FFFC48E7 time interval-ms=10000 swaps=25 present-ms=128 draw-ms=8864 upload-ms=67
164 pid=FFFC48E7 tsc frames=25 wall-ms=10000 vertex-ms=200 flush-in-vertex-ms=27 flush-other-ms=8914 bind-ms=4 iface-ms=8864 beginend-ms=4167 swap-ms=128 vertices=124739 flushes=1089 draws=1178 sink-ms=4183 sink-prep-ms=18 sinks=10104
165 pid=FFFC48E7 sink begin-ms=9 flush-ms=4158 copy-ms=5 prep-texture-ms=10 prep-state-ms=4 prep-same-ms=4
166 pid=FFFC48E7 hwno hwtex-ms=69 iface-cpu-ms=0 not-cpu=4 square-side=0 too-big=0 format=0 no-object=0 no-record=0 table-full=0 unusable=0 backoff=0 make-failed=0 square-alloc=0 upload=0
167 pid=FFFC48E7 prim transform-ms=25 inside-ms=18 window-ms=26 assemble-ms=102 history-ms=8 fast=25995 clipped=29734 culled=9578
168 pid=FFFC48E7 paths batches/triangles untextured=39/195 hw=9038/344602 cpu=0/0 cpu-nonsquare=0/0 hw-refused=621/31669
169 pid=FFFC48E7 counters hwtex live=66 creates=66 create-failed=0 evictions=0 uploads=124 upload-kb=3511 squared=0 alpha-dropped=0 stubs=0 failed r4=621 r7=0 r8=0 other=0
170 pid=FFFC48E7 time interval-ms=10049 swaps=22 present-ms=111 draw-ms=8874 upload-ms=113
171 pid=FFFC48E7 tsc frames=22 wall-ms=10049 vertex-ms=260 flush-in-vertex-ms=48 flush-other-ms=8948 bind-ms=4 iface-ms=8873 beginend-ms=6196 swap-ms=112 vertices=163750 flushes=1356 draws=1475 sink-ms=6232 sink-prep-ms=27 sinks=15289
172 pid=FFFC48E7 sink begin-ms=11 flush-ms=6194 copy-ms=7 prep-texture-ms=14 prep-state-ms=6 prep-same-ms=6
173 pid=FFFC48E7 hwno hwtex-ms=115 iface-cpu-ms=0 not-cpu=0 square-side=0 too-big=0 format=0 no-object=0 no-record=0 table-full=0 unusable=0 backoff=0 make-failed=0 square-alloc=0 upload=0
174 pid=FFFC48E7 prim transform-ms=33 inside-ms=25 window-ms=42 assemble-ms=123 history-ms=11 fast=45986 clipped=22713 culled=18439
175 pid=FFFC48E7 paths batches/triangles untextured=39/195 hw=10275/391559 cpu=0/0 cpu-nonsquare=0/0 hw-refused=740/37969
176 pid=FFFC48E7 counters hwtex live=71 creates=71 create-failed=0 evictions=0 uploads=165 upload-kb=4811 squared=0 alpha-dropped=0 stubs=0 failed r4=740 r7=0 r8=0 other=0
177 pid=FFFC48E7 time interval-ms=10026 swaps=24 present-ms=122 draw-ms=8997 upload-ms=28
178 pid=FFFC48E7 tsc frames=24 wall-ms=10026 vertex-ms=185 flush-in-vertex-ms=34 flush-other-ms=8998 bind-ms=3 iface-ms=8996 beginend-ms=4725 swap-ms=123 vertices=105393 flushes=1115 draws=1244 sink-ms=4749 sink-prep-ms=21 sinks=11909
179 pid=FFFC48E7 sink begin-ms=8 flush-ms=4720 copy-ms=5 prep-texture-ms=11 prep-state-ms=5 prep-same-ms=4
180 pid=FFFC48E7 hwno hwtex-ms=30 iface-cpu-ms=0 not-cpu=0 square-side=0 too-big=0 format=0 no-object=0 no-record=0 table-full=0 unusable=0 backoff=0 make-failed=0 square-alloc=0 upload=0
181 pid=FFFC48E7 prim transform-ms=21 inside-ms=16 window-ms=29 assemble-ms=93 history-ms=7 fast=32918 clipped=14409 culled=9752
182 pid=FFFC48E7 paths batches/triangles untextured=39/195 hw=11261/426802 cpu=0/0 cpu-nonsquare=0/0 hw-refused=869/44501
183 pid=FFFC48E7 counters hwtex live=72 creates=72 create-failed=0 evictions=0 uploads=174 upload-kb=5152 squared=0 alpha-dropped=0 stubs=0 failed r4=869 r7=0 r8=0 other=0
184 pid=FFFC48E7 time interval-ms=10038 swaps=23 present-ms=116 draw-ms=8920 upload-ms=47
185 pid=FFFC48E7 tsc frames=23 wall-ms=10038 vertex-ms=263 flush-in-vertex-ms=62 flush-other-ms=8933 bind-ms=22 iface-ms=8920 beginend-ms=5162 swap-ms=117 vertices=143348 flushes=1486 draws=1676 sink-ms=5213 sink-prep-ms=26 sinks=14738
186 pid=FFFC48E7 sink begin-ms=10 flush-ms=5176 copy-ms=7 prep-texture-ms=14 prep-state-ms=6 prep-same-ms=5
187 pid=FFFC48E7 hwno hwtex-ms=49 iface-cpu-ms=0 not-cpu=9 square-side=0 too-big=0 format=0 no-object=0 no-record=0 table-full=0 unusable=0 backoff=0 make-failed=0 square-alloc=0 upload=0
188 pid=FFFC48E7 prim transform-ms=29 inside-ms=23 window-ms=39 assemble-ms=139 history-ms=9 fast=43842 clipped=18311 culled=13435
189 pid=FFFC48E7 paths batches/triangles untextured=48/240 hw=12548/471265 cpu=0/0 cpu-nonsquare=0/0 hw-refused=1059/54863
190 pid=FFFC48E7 counters hwtex live=73 creates=73 create-failed=0 evictions=0 uploads=192 upload-kb=5706 squared=0 alpha-dropped=0 stubs=0 failed r4=1059 r7=0 r8=0 other=0
191 pid=FFFC48E7 time interval-ms=10005 swaps=17 present-ms=89 draw-ms=8716 upload-ms=109
192 pid=FFFC48E7 tsc frames=17 wall-ms=10005 vertex-ms=311 flush-in-vertex-ms=39 flush-other-ms=8994 bind-ms=200 iface-ms=8715 beginend-ms=5899 swap-ms=89 vertices=168563 flushes=1452 draws=1603 sink-ms=5925 sink-prep-ms=29 sinks=14767
193 pid=FFFC48E7 sink begin-ms=12 flush-ms=5885 copy-ms=7 prep-texture-ms=16 prep-state-ms=6 prep-same-ms=5
194 pid=FFFC48E7 hwno hwtex-ms=113 iface-cpu-ms=0 not-cpu=11 square-side=0 too-big=0 format=0 no-object=0 no-record=0 table-full=0 unusable=0 backoff=0 make-failed=0 square-alloc=0 upload=0
195 pid=FFFC48E7 prim transform-ms=35 inside-ms=54 window-ms=61 assemble-ms=119 history-ms=11 fast=44455 clipped=23419 culled=20721
196 pid=FFFC48E7 paths batches/triangles untextured=59/295 hw=13838/514675 cpu=0/0 cpu-nonsquare=0/0 hw-refused=1210/63161
197 pid=FFFC48E7 counters hwtex live=86 creates=86 create-failed=0 evictions=0 uploads=231 upload-kb=6691 squared=0 alpha-dropped=0 stubs=0 failed r4=1210 r7=0 r8=0 other=0
198 pid=FFFC48E7 refused tex=1155 size=00800080 tex=02040101 blend=00050601 depth=00040101 colour=FFFFFFFF mask=7 scissor=0,0,640,480 fog=0
199 pid=FFFC48E7 time interval-ms=10039 swaps=21 present-ms=108 draw-ms=9049 upload-ms=13
200 pid=FFFC48E7 tsc frames=21 wall-ms=10039 vertex-ms=227 flush-in-vertex-ms=31 flush-other-ms=9041 bind-ms=5 iface-ms=9049 beginend-ms=5538 swap-ms=108 vertices=140513 flushes=1492 draws=1632 sink-ms=5557 sink-prep-ms=26 sinks=14981
201 pid=FFFC48E7 sink begin-ms=11 flush-ms=5520 copy-ms=6 prep-texture-ms=14 prep-state-ms=6 prep-same-ms=5
202 pid=FFFC48E7 hwno hwtex-ms=15 iface-cpu-ms=0 not-cpu=9 square-side=0 too-big=0 format=0 no-object=0 no-record=0 table-full=0 unusable=0 backoff=0 make-failed=0 square-alloc=0 upload=0
203 pid=FFFC48E7 prim transform-ms=28 inside-ms=22 window-ms=39 assemble-ms=104 history-ms=10 fast=42854 clipped=19009 culled=17828
204 pid=FFFC48E7 paths batches/triangles untextured=68/340 hw=15181/559089 cpu=0/0 cpu-nonsquare=0/0 hw-refused=1350/70293
205 pid=FFFC48E7 counters hwtex live=87 creates=87 create-failed=0 evictions=0 uploads=236 upload-kb=6851 squared=0 alpha-dropped=0 stubs=0 failed r4=1350 r7=0 r8=0 other=0
206 pid=FFFC48E7 DrvReleaseContext context=1 -> 1
207 pid=FFFC48E7 paths batches/triangles untextured=68/340 hw=15214/560255 cpu=0/0 cpu-nonsquare=0/0 hw-refused=1502/79899
208 pid=FFFC48E7 counters hwtex live=0 creates=88 create-failed=0 evictions=0 uploads=237 upload-kb=6979 squared=0 alpha-dropped=5 stubs=0 failed r4=1502 r7=0 r8=0 other=0
209 pid=FFFC48E7 DrvDeleteContext context=1 -> 1
210 pid=FFFC48E7 detach slots-called=0 stub-calls=0
1 pid=FFFDF7A3 attach instance=00600000 tls=2 build-marker=1
2 pid=FFFDF7A3 DrvValidateVersion version=1
3 pid=FFFDF7A3 DrvSetCallbackProcs count=3 procs=78B23978
4 pid=FFFDF7A3 describe result=0 engine=5 formats=00000002
5 pid=FFFDF7A3 DrvDescribePixelFormat index=1 bytes=0 -> count=1
6 pid=FFFDF7A3 DrvDescribePixelFormat index=1 bytes=0 -> count=1
7 pid=FFFDF7A3 DrvDescribePixelFormat index=1 bytes=40 -> count=1
8 pid=FFFDF7A3 DrvDescribePixelFormat index=1 bytes=0 -> count=1
9 pid=FFFDF7A3 DrvDescribePixelFormat index=1 bytes=0 -> count=1
10 pid=FFFDF7A3 DrvDescribePixelFormat index=1 bytes=0 -> count=1
11 pid=FFFDF7A3 DrvDescribePixelFormat index=1 bytes=0 -> count=1
12 pid=FFFDF7A3 DrvDescribePixelFormat index=1 bytes=0 -> count=1
13 pid=FFFDF7A3 DrvDescribePixelFormat index=1 bytes=0 -> count=1
14 pid=FFFDF7A3 DrvDescribePixelFormat index=1 bytes=0 -> count=1
15 pid=FFFDF7A3 DrvDescribePixelFormat index=1 bytes=0 -> count=1
16 pid=FFFDF7A3 DrvDescribePixelFormat index=1 bytes=0 -> count=1
17 pid=FFFDF7A3 DrvDescribePixelFormat index=1 bytes=0 -> count=1
18 pid=FFFDF7A3 DrvDescribePixelFormat index=1 bytes=0 -> count=1
19 pid=FFFDF7A3 DrvDescribePixelFormat index=1 bytes=0 -> count=1
20 pid=FFFDF7A3 DrvDescribePixelFormat index=1 bytes=0 -> count=1
21 pid=FFFDF7A3 DrvDescribePixelFormat index=1 bytes=0 -> count=1
22 pid=FFFDF7A3 DrvDescribePixelFormat index=1 bytes=0 -> count=1
23 pid=FFFDF7A3 DrvDescribePixelFormat index=1 bytes=0 -> count=1
24 pid=FFFDF7A3 DrvDescribePixelFormat index=1 bytes=0 -> count=1
25 pid=FFFDF7A3 DrvDescribePixelFormat index=1 bytes=0 -> count=1
26 pid=FFFDF7A3 DrvDescribePixelFormat index=1 bytes=0 -> count=1
27 pid=FFFDF7A3 DrvDescribePixelFormat index=1 bytes=0 -> count=1
28 pid=FFFDF7A3 DrvDescribePixelFormat index=1 bytes=0 -> count=1
29 pid=FFFDF7A3 DrvDescribePixelFormat index=1 bytes=0 -> count=1
30 pid=FFFDF7A3 DrvDescribePixelFormat index=1 bytes=0 -> count=1
31 pid=FFFDF7A3 DrvDescribePixelFormat index=1 bytes=0 -> count=1
32 pid=FFFDF7A3 DrvDescribePixelFormat index=1 bytes=0 -> count=1
33 pid=FFFDF7A3 DrvDescribePixelFormat index=1 bytes=40 -> count=1
34 pid=FFFDF7A3 DrvDescribePixelFormat index=1 bytes=0 -> count=1
35 pid=FFFDF7A3 DrvDescribePixelFormat index=1 bytes=0 -> count=1
36 pid=FFFDF7A3 DrvDescribePixelFormat index=1 bytes=0 -> count=1
37 pid=FFFDF7A3 DrvDescribePixelFormat index=1 bytes=0 -> count=1
38 pid=FFFDF7A3 DrvDescribePixelFormat index=1 bytes=0 -> count=1
39 pid=FFFDF7A3 DrvDescribePixelFormat index=1 bytes=0 -> count=1
40 pid=FFFDF7A3 DrvDescribePixelFormat index=1 bytes=0 -> count=1
41 pid=FFFDF7A3 DrvDescribePixelFormat index=1 bytes=0 -> count=1
42 pid=FFFDF7A3 DrvDescribePixelFormat index=1 bytes=0 -> count=1
43 pid=FFFDF7A3 DrvDescribePixelFormat index=1 bytes=0 -> count=1
44 pid=FFFDF7A3 DrvDescribePixelFormat index=1 bytes=0 -> count=1
45 pid=FFFDF7A3 DrvDescribePixelFormat index=1 bytes=0 -> count=1
46 pid=FFFDF7A3 DrvDescribePixelFormat index=1 bytes=0 -> count=1
47 pid=FFFDF7A3 DrvDescribePixelFormat index=1 bytes=0 -> count=1
48 pid=FFFDF7A3 DrvDescribePixelFormat index=1 bytes=0 -> count=1
49 pid=FFFDF7A3 DrvDescribePixelFormat index=1 bytes=0 -> count=1
50 pid=FFFDF7A3 DrvDescribePixelFormat index=1 bytes=0 -> count=1
51 pid=FFFDF7A3 DrvDescribePixelFormat index=1 bytes=0 -> count=1
52 pid=FFFDF7A3 DrvDescribePixelFormat index=1 bytes=0 -> count=1
53 pid=FFFDF7A3 DrvDescribePixelFormat index=1 bytes=0 -> count=1
54 pid=FFFDF7A3 DrvDescribePixelFormat index=1 bytes=0 -> count=1
55 pid=FFFDF7A3 DrvDescribePixelFormat index=1 bytes=0 -> count=1
56 pid=FFFDF7A3 DrvDescribePixelFormat index=1 bytes=0 -> count=1
57 pid=FFFDF7A3 DrvDescribePixelFormat index=1 bytes=0 -> count=1
58 pid=FFFDF7A3 DrvDescribePixelFormat index=1 bytes=0 -> count=1
59 pid=FFFDF7A3 DrvDescribePixelFormat index=1 bytes=40 -> count=1
60 pid=FFFDF7A3 DrvDescribePixelFormat index=1 bytes=0 -> count=1
61 pid=FFFDF7A3 DrvSetPixelFormat hdc=0000077E index=1
62 pid=FFFDF7A3 DrvDescribePixelFormat index=1 bytes=0 -> count=1
63 pid=FFFDF7A3 DrvDescribePixelFormat index=1 bytes=40 -> count=1
64 pid=FFFDF7A3 DrvCreateLayerContext hdc=0000077E layer=0 -> 1
65 pid=FFFDF7A3 drawable window=00000160 400x300
66 pid=FFFDF7A3 DrvSetContext hdc=0000077E context=1 -> 1
67 pid=FFFDF7A3 stub first-call slot=219 glPushAttrib
68 pid=FFFDF7A3 state tex=0 size=00000000 tex=00000000 blend=00020100 depth=01020100 colour=FF00FF00 mask=7 scissor=0,0,400,300 fog=0
69 pid=FFFDF7A3 time interval-ms=279623 swaps=2 present-ms=5 draw-ms=12403 upload-ms=0
70 pid=FFFDF7A3 tsc frames=2 wall-ms=279623 vertex-ms=27 flush-in-vertex-ms=0 flush-other-ms=12608 bind-ms=6 iface-ms=12398 beginend-ms=82 swap-ms=8221 vertices=12 flushes=1 draws=1 sink-ms=8 sink-prep-ms=4 sinks=1
71 pid=FFFDF7A3 sink begin-ms=73 flush-ms=0 copy-ms=3 prep-texture-ms=3 prep-state-ms=1 prep-same-ms=0
72 pid=FFFDF7A3 hwno hwtex-ms=2 iface-cpu-ms=0 not-cpu=1 square-side=0 too-big=0 format=0 no-object=0 no-record=0 table-full=0 unusable=0 backoff=0 make-failed=0 square-alloc=0 upload=0
73 pid=FFFDF7A3 prim transform-ms=4 inside-ms=4 window-ms=8 assemble-ms=6 history-ms=1 fast=6 clipped=0 culled=0
74 pid=FFFDF7A3 paths batches/triangles untextured=1/6 hw=0/0 cpu=0/0 cpu-nonsquare=0/0 hw-refused=0/0
75 pid=FFFDF7A3 counters hwtex live=0 creates=0 create-failed=0 evictions=0 uploads=0 upload-kb=0 squared=0 alpha-dropped=0 stubs=1 failed r4=0 r7=0 r8=0 other=0
76 pid=FFFDF7A3 state tex=1 size=00080008 tex=01010101 blend=00020100 depth=00020101 colour=FFFF0000 mask=7 scissor=0,0,400,300 fog=0
77 pid=FFFDF7A3 state tex=0 size=00000000 tex=00000000 blend=00020100 depth=00020100 colour=FFFFFF00 mask=7 scissor=0,0,400,300 fog=0
78 pid=FFFDF7A3 state tex=2 size=00400040 tex=01010101 blend=00020100 depth=00020102 colour=FF00FFFF mask=7 scissor=0,0,400,300 fog=0
79 pid=FFFDF7A3 state tex=3 size=01000100 tex=01010101 blend=00020100 depth=00020101 colour=FFFF8000 mask=7 scissor=0,0,400,300 fog=0
80 pid=FFFDF7A3 state tex=3 size=01000100 tex=01010200 blend=00020100 depth=00020101 colour=FFFFFFFF mask=7 scissor=0,0,400,300 fog=0
81 pid=FFFDF7A3 state tex=4 size=00400040 tex=01010101 blend=00020100 depth=00020101 colour=FFFF8000 mask=7 scissor=0,0,400,300 fog=0
82 pid=FFFDF7A3 state tex=5 size=00400040 tex=01010200 blend=01050600 depth=00020101 colour=54FFFFFF mask=7 scissor=0,0,400,300 fog=0
83 pid=FFFDF7A3 state tex=5 size=00400040 tex=01010101 blend=01010300 depth=00020101 colour=FFFFFFFF mask=7 scissor=0,0,400,300 fog=0
84 pid=FFFDF7A3 state tex=5 size=00400040 tex=01010200 blend=01010300 depth=00020101 colour=FFFFFFFF mask=7 scissor=0,0,400,300 fog=0
85 pid=FFFDF7A3 state tex=6 size=00400040 tex=01010101 blend=00020100 depth=01040101 colour=FFFFFFFF mask=7 scissor=0,0,400,300 fog=0
86 pid=FFFDF7A3 state tex=6 size=00400040 tex=01040101 blend=00020100 depth=01040101 colour=FFFF8000 mask=7 scissor=0,0,400,300 fog=0
87 pid=FFFDF7A3 state tex=6 size=00400040 tex=01040201 blend=00020100 depth=01040101 colour=FFFFFFFF mask=7 scissor=0,0,400,300 fog=0
88 pid=FFFDF7A3 state tex=6 size=00400040 tex=01010200 blend=00020100 depth=01040101 colour=FFFF8000 mask=7 scissor=0,0,400,300 fog=0
89 pid=FFFDF7A3 state tex=7 size=00400010 tex=01010101 blend=00020100 depth=00020101 colour=FFFFFFFF mask=7 scissor=0,0,400,300 fog=0
90 pid=FFFDF7A3 state tex=7 size=00400010 tex=01010101 blend=00020100 depth=00020102 colour=FFFFFFFF mask=7 scissor=0,0,400,300 fog=0
91 pid=FFFDF7A3 state tex=8 size=00010001 tex=01010200 blend=00020100 depth=00020101 colour=FFFFFFFF mask=7 scissor=0,0,400,300 fog=0
92 pid=FFFDF7A3 state tex=9 size=00020002 tex=01010200 blend=00020100 depth=00020101 colour=FFFFFFFF mask=7 scissor=0,0,400,300 fog=0
93 pid=FFFDF7A3 state tex=10 size=00040004 tex=01010200 blend=00020100 depth=00020101 colour=FFFFFFFF mask=7 scissor=0,0,400,300 fog=0
94 pid=FFFDF7A3 state tex=11 size=00040001 tex=01010200 blend=00020100 depth=00020101 colour=FFFFFFFF mask=7 scissor=0,0,400,300 fog=0
95 pid=FFFDF7A3 state tex=12 size=00010004 tex=01010200 blend=00020100 depth=00020101 colour=FFFFFFFF mask=7 scissor=0,0,400,300 fog=0
96 pid=FFFDF7A3 DrvReleaseContext context=1 -> 1
97 pid=FFFDF7A3 DrvDescribePixelFormat index=1 bytes=0 -> count=1
98 pid=FFFDF7A3 DrvDescribePixelFormat index=1 bytes=40 -> count=1
99 pid=FFFDF7A3 DrvCreateLayerContext hdc=0000077E layer=0 -> 2
100 pid=FFFDF7A3 DrvSetContext hdc=0000077E context=2 -> 1
101 pid=FFFDF7A3 state tex=1 size=00400040 tex=01010200 blend=00020100 depth=00020103 colour=FFFFFFFF mask=7 scissor=0,0,400,300 fog=0
102 pid=FFFDF7A3 DrvReleaseContext context=2 -> 1
103 pid=FFFDF7A3 paths batches/triangles untextured=4/16 hw=26/61 cpu=0/0 cpu-nonsquare=0/0 hw-refused=0/0
104 pid=FFFDF7A3 counters hwtex live=0 creates=17 create-failed=0 evictions=0 uploads=20 upload-kb=218 squared=5 alpha-dropped=0 stubs=1 failed r4=0 r7=0 r8=0 other=0
105 pid=FFFDF7A3 DrvDeleteContext context=2 -> 1
106 pid=FFFDF7A3 DrvDescribePixelFormat index=1 bytes=0 -> count=1
107 pid=FFFDF7A3 DrvDescribePixelFormat index=1 bytes=40 -> count=1
108 pid=FFFDF7A3 DrvCreateLayerContext hdc=0000077E layer=0 -> 2
109 pid=FFFDF7A3 DrvSetContext hdc=0000077E context=2 -> 1
110 pid=FFFDF7A3 DrvReleaseContext context=2 -> 1
111 pid=FFFDF7A3 paths batches/triangles untextured=4/16 hw=27/62 cpu=0/0 cpu-nonsquare=0/0 hw-refused=0/0
112 pid=FFFDF7A3 counters hwtex live=0 creates=18 create-failed=0 evictions=0 uploads=21 upload-kb=228 squared=5 alpha-dropped=0 stubs=1 failed r4=0 r7=0 r8=0 other=0
113 pid=FFFDF7A3 DrvDeleteContext context=2 -> 1
114 pid=FFFDF7A3 DrvDescribePixelFormat index=1 bytes=0 -> count=1
115 pid=FFFDF7A3 DrvDescribePixelFormat index=1 bytes=40 -> count=1
116 pid=FFFDF7A3 DrvCreateLayerContext hdc=0000077E layer=0 -> 2
117 pid=FFFDF7A3 DrvSetContext hdc=0000077E context=2 -> 1
118 pid=FFFDF7A3 DrvReleaseContext context=2 -> 1
119 pid=FFFDF7A3 paths batches/triangles untextured=4/16 hw=28/63 cpu=0/0 cpu-nonsquare=0/0 hw-refused=0/0
120 pid=FFFDF7A3 counters hwtex live=0 creates=19 create-failed=0 evictions=0 uploads=22 upload-kb=238 squared=5 alpha-dropped=0 stubs=1 failed r4=0 r7=0 r8=0 other=0
121 pid=FFFDF7A3 DrvDeleteContext context=2 -> 1
122 pid=FFFDF7A3 DrvDescribePixelFormat index=1 bytes=0 -> count=1
123 pid=FFFDF7A3 DrvDescribePixelFormat index=1 bytes=40 -> count=1
124 pid=FFFDF7A3 DrvCreateLayerContext hdc=0000077E layer=0 -> 2
125 pid=FFFDF7A3 DrvSetContext hdc=0000077E context=2 -> 1
126 pid=FFFDF7A3 DrvReleaseContext context=2 -> 1
127 pid=FFFDF7A3 paths batches/triangles untextured=4/16 hw=29/64 cpu=0/0 cpu-nonsquare=0/0 hw-refused=0/0
128 pid=FFFDF7A3 counters hwtex live=0 creates=20 create-failed=0 evictions=0 uploads=23 upload-kb=248 squared=5 alpha-dropped=0 stubs=1 failed r4=0 r7=0 r8=0 other=0
129 pid=FFFDF7A3 DrvDeleteContext context=2 -> 1
130 pid=FFFDF7A3 DrvDescribePixelFormat index=1 bytes=0 -> count=1
131 pid=FFFDF7A3 DrvDescribePixelFormat index=1 bytes=40 -> count=1
132 pid=FFFDF7A3 DrvCreateLayerContext hdc=0000077E layer=0 -> 2
133 pid=FFFDF7A3 DrvSetContext hdc=0000077E context=2 -> 1
134 pid=FFFDF7A3 DrvReleaseContext context=2 -> 1
135 pid=FFFDF7A3 paths batches/triangles untextured=4/16 hw=30/65 cpu=0/0 cpu-nonsquare=0/0 hw-refused=0/0
136 pid=FFFDF7A3 counters hwtex live=0 creates=21 create-failed=0 evictions=0 uploads=24 upload-kb=258 squared=5 alpha-dropped=0 stubs=1 failed r4=0 r7=0 r8=0 other=0
137 pid=FFFDF7A3 DrvDeleteContext context=2 -> 1
138 pid=FFFDF7A3 DrvDescribePixelFormat index=1 bytes=0 -> count=1
139 pid=FFFDF7A3 DrvDescribePixelFormat index=1 bytes=40 -> count=1
140 pid=FFFDF7A3 DrvCreateLayerContext hdc=0000077E layer=0 -> 2
141 pid=FFFDF7A3 DrvSetContext hdc=0000077E context=2 -> 1
142 pid=FFFDF7A3 DrvReleaseContext context=2 -> 1
143 pid=FFFDF7A3 paths batches/triangles untextured=4/16 hw=31/66 cpu=0/0 cpu-nonsquare=0/0 hw-refused=0/0
144 pid=FFFDF7A3 counters hwtex live=0 creates=22 create-failed=0 evictions=0 uploads=25 upload-kb=268 squared=5 alpha-dropped=0 stubs=1 failed r4=0 r7=0 r8=0 other=0
145 pid=FFFDF7A3 DrvDeleteContext context=2 -> 1
146 pid=FFFDF7A3 DrvDescribePixelFormat index=1 bytes=0 -> count=1
147 pid=FFFDF7A3 DrvDescribePixelFormat index=1 bytes=40 -> count=1
148 pid=FFFDF7A3 DrvCreateLayerContext hdc=0000077E layer=0 -> 2
149 pid=FFFDF7A3 DrvSetContext hdc=0000077E context=2 -> 1
150 pid=FFFDF7A3 DrvReleaseContext context=2 -> 1
151 pid=FFFDF7A3 paths batches/triangles untextured=4/16 hw=32/67 cpu=0/0 cpu-nonsquare=0/0 hw-refused=0/0
152 pid=FFFDF7A3 counters hwtex live=0 creates=23 create-failed=0 evictions=0 uploads=26 upload-kb=278 squared=5 alpha-dropped=0 stubs=1 failed r4=0 r7=0 r8=0 other=0
153 pid=FFFDF7A3 DrvDeleteContext context=2 -> 1
154 pid=FFFDF7A3 DrvDescribePixelFormat index=1 bytes=0 -> count=1
155 pid=FFFDF7A3 DrvDescribePixelFormat index=1 bytes=40 -> count=1
156 pid=FFFDF7A3 DrvCreateLayerContext hdc=0000077E layer=0 -> 2
157 pid=FFFDF7A3 DrvSetContext hdc=0000077E context=2 -> 1
158 pid=FFFDF7A3 DrvReleaseContext context=2 -> 1
159 pid=FFFDF7A3 paths batches/triangles untextured=4/16 hw=33/68 cpu=0/0 cpu-nonsquare=0/0 hw-refused=0/0
160 pid=FFFDF7A3 counters hwtex live=0 creates=24 create-failed=0 evictions=0 uploads=27 upload-kb=288 squared=5 alpha-dropped=0 stubs=1 failed r4=0 r7=0 r8=0 other=0
161 pid=FFFDF7A3 DrvDeleteContext context=2 -> 1
162 pid=FFFDF7A3 DrvDescribePixelFormat index=1 bytes=0 -> count=1
163 pid=FFFDF7A3 DrvDescribePixelFormat index=1 bytes=40 -> count=1
164 pid=FFFDF7A3 DrvCreateLayerContext hdc=0000077E layer=0 -> 2
165 pid=FFFDF7A3 DrvSetContext hdc=0000077E context=2 -> 1
166 pid=FFFDF7A3 DrvReleaseContext context=2 -> 1
167 pid=FFFDF7A3 paths batches/triangles untextured=4/16 hw=34/69 cpu=0/0 cpu-nonsquare=0/0 hw-refused=0/0
168 pid=FFFDF7A3 counters hwtex live=0 creates=25 create-failed=0 evictions=0 uploads=28 upload-kb=298 squared=5 alpha-dropped=0 stubs=1 failed r4=0 r7=0 r8=0 other=0
169 pid=FFFDF7A3 DrvDeleteContext context=2 -> 1
170 pid=FFFDF7A3 DrvDescribePixelFormat index=1 bytes=0 -> count=1
171 pid=FFFDF7A3 DrvDescribePixelFormat index=1 bytes=40 -> count=1
172 pid=FFFDF7A3 DrvCreateLayerContext hdc=0000077E layer=0 -> 2
173 pid=FFFDF7A3 DrvSetContext hdc=0000077E context=2 -> 1
174 pid=FFFDF7A3 DrvReleaseContext context=2 -> 1
175 pid=FFFDF7A3 paths batches/triangles untextured=4/16 hw=35/70 cpu=0/0 cpu-nonsquare=0/0 hw-refused=0/0
176 pid=FFFDF7A3 counters hwtex live=0 creates=26 create-failed=0 evictions=0 uploads=29 upload-kb=308 squared=5 alpha-dropped=0 stubs=1 failed r4=0 r7=0 r8=0 other=0
177 pid=FFFDF7A3 DrvDeleteContext context=2 -> 1
178 pid=FFFDF7A3 DrvDescribePixelFormat index=1 bytes=0 -> count=1
179 pid=FFFDF7A3 DrvDescribePixelFormat index=1 bytes=40 -> count=1
180 pid=FFFDF7A3 DrvCreateLayerContext hdc=0000077E layer=0 -> 2
181 pid=FFFDF7A3 DrvSetContext hdc=0000077E context=2 -> 1
182 pid=FFFDF7A3 DrvReleaseContext context=2 -> 1
183 pid=FFFDF7A3 paths batches/triangles untextured=4/16 hw=36/71 cpu=0/0 cpu-nonsquare=0/0 hw-refused=0/0
184 pid=FFFDF7A3 counters hwtex live=0 creates=27 create-failed=0 evictions=0 uploads=30 upload-kb=318 squared=5 alpha-dropped=0 stubs=1 failed r4=0 r7=0 r8=0 other=0
185 pid=FFFDF7A3 DrvDeleteContext context=2 -> 1
186 pid=FFFDF7A3 DrvDescribePixelFormat index=1 bytes=0 -> count=1
187 pid=FFFDF7A3 DrvDescribePixelFormat index=1 bytes=40 -> count=1
188 pid=FFFDF7A3 DrvCreateLayerContext hdc=0000077E layer=0 -> 2
189 pid=FFFDF7A3 DrvSetContext hdc=0000077E context=2 -> 1
190 pid=FFFDF7A3 DrvReleaseContext context=2 -> 1
191 pid=FFFDF7A3 paths batches/triangles untextured=4/16 hw=37/72 cpu=0/0 cpu-nonsquare=0/0 hw-refused=0/0
192 pid=FFFDF7A3 counters hwtex live=0 creates=28 create-failed=0 evictions=0 uploads=31 upload-kb=328 squared=5 alpha-dropped=0 stubs=1 failed r4=0 r7=0 r8=0 other=0
193 pid=FFFDF7A3 DrvDeleteContext context=2 -> 1
194 pid=FFFDF7A3 DrvDescribePixelFormat index=1 bytes=0 -> count=1
195 pid=FFFDF7A3 DrvDescribePixelFormat index=1 bytes=40 -> count=1
196 pid=FFFDF7A3 DrvCreateLayerContext hdc=0000077E layer=0 -> 2
197 pid=FFFDF7A3 DrvSetContext hdc=0000077E context=2 -> 1
198 pid=FFFDF7A3 DrvReleaseContext context=2 -> 1
199 pid=FFFDF7A3 paths batches/triangles untextured=4/16 hw=38/73 cpu=0/0 cpu-nonsquare=0/0 hw-refused=0/0
200 pid=FFFDF7A3 counters hwtex live=0 creates=29 create-failed=0 evictions=0 uploads=32 upload-kb=338 squared=5 alpha-dropped=0 stubs=1 failed r4=0 r7=0 r8=0 other=0
201 pid=FFFDF7A3 DrvDeleteContext context=2 -> 1
202 pid=FFFDF7A3 DrvDescribePixelFormat index=1 bytes=0 -> count=1
203 pid=FFFDF7A3 DrvDescribePixelFormat index=1 bytes=40 -> count=1
204 pid=FFFDF7A3 DrvCreateLayerContext hdc=0000077E layer=0 -> 2
205 pid=FFFDF7A3 DrvSetContext hdc=0000077E context=2 -> 1
206 pid=FFFDF7A3 DrvReleaseContext context=2 -> 1
207 pid=FFFDF7A3 paths batches/triangles untextured=4/16 hw=39/74 cpu=0/0 cpu-nonsquare=0/0 hw-refused=0/0
208 pid=FFFDF7A3 counters hwtex live=0 creates=30 create-failed=0 evictions=0 uploads=33 upload-kb=348 squared=5 alpha-dropped=0 stubs=1 failed r4=0 r7=0 r8=0 other=0
209 pid=FFFDF7A3 DrvDeleteContext context=2 -> 1
210 pid=FFFDF7A3 DrvDescribePixelFormat index=1 bytes=0 -> count=1
211 pid=FFFDF7A3 DrvDescribePixelFormat index=1 bytes=40 -> count=1
212 pid=FFFDF7A3 DrvCreateLayerContext hdc=0000077E layer=0 -> 2
213 pid=FFFDF7A3 DrvSetContext hdc=0000077E context=2 -> 1
214 pid=FFFDF7A3 DrvReleaseContext context=2 -> 1
215 pid=FFFDF7A3 paths batches/triangles untextured=4/16 hw=40/75 cpu=0/0 cpu-nonsquare=0/0 hw-refused=0/0
216 pid=FFFDF7A3 counters hwtex live=0 creates=31 create-failed=0 evictions=0 uploads=34 upload-kb=358 squared=5 alpha-dropped=0 stubs=1 failed r4=0 r7=0 r8=0 other=0
217 pid=FFFDF7A3 DrvDeleteContext context=2 -> 1
218 pid=FFFDF7A3 DrvDescribePixelFormat index=1 bytes=0 -> count=1
219 pid=FFFDF7A3 DrvDescribePixelFormat index=1 bytes=40 -> count=1
220 pid=FFFDF7A3 DrvCreateLayerContext hdc=0000077E layer=0 -> 2
221 pid=FFFDF7A3 DrvSetContext hdc=0000077E context=2 -> 1
222 pid=FFFDF7A3 DrvReleaseContext context=2 -> 1
223 pid=FFFDF7A3 paths batches/triangles untextured=4/16 hw=41/76 cpu=0/0 cpu-nonsquare=0/0 hw-refused=0/0
224 pid=FFFDF7A3 counters hwtex live=0 creates=32 create-failed=0 evictions=0 uploads=35 upload-kb=368 squared=5 alpha-dropped=0 stubs=1 failed r4=0 r7=0 r8=0 other=0
225 pid=FFFDF7A3 DrvDeleteContext context=2 -> 1
226 pid=FFFDF7A3 DrvDescribePixelFormat index=1 bytes=0 -> count=1
227 pid=FFFDF7A3 DrvDescribePixelFormat index=1 bytes=40 -> count=1
228 pid=FFFDF7A3 DrvCreateLayerContext hdc=0000077E layer=0 -> 2
229 pid=FFFDF7A3 DrvSetContext hdc=0000077E context=2 -> 1
230 pid=FFFDF7A3 DrvReleaseContext context=2 -> 1
231 pid=FFFDF7A3 paths batches/triangles untextured=4/16 hw=42/77 cpu=0/0 cpu-nonsquare=0/0 hw-refused=0/0
232 pid=FFFDF7A3 counters hwtex live=0 creates=33 create-failed=0 evictions=0 uploads=36 upload-kb=378 squared=5 alpha-dropped=0 stubs=1 failed r4=0 r7=0 r8=0 other=0
233 pid=FFFDF7A3 DrvDeleteContext context=2 -> 1
234 pid=FFFDF7A3 DrvDescribePixelFormat index=1 bytes=0 -> count=1
235 pid=FFFDF7A3 DrvDescribePixelFormat index=1 bytes=40 -> count=1
236 pid=FFFDF7A3 DrvCreateLayerContext hdc=0000077E layer=0 -> 2
237 pid=FFFDF7A3 DrvSetContext hdc=0000077E context=2 -> 1
238 pid=FFFDF7A3 DrvReleaseContext context=2 -> 1
239 pid=FFFDF7A3 paths batches/triangles untextured=4/16 hw=43/78 cpu=0/0 cpu-nonsquare=0/0 hw-refused=0/0
240 pid=FFFDF7A3 counters hwtex live=0 creates=34 create-failed=0 evictions=0 uploads=37 upload-kb=388 squared=5 alpha-dropped=0 stubs=1 failed r4=0 r7=0 r8=0 other=0
241 pid=FFFDF7A3 DrvDeleteContext context=2 -> 1
242 pid=FFFDF7A3 DrvDescribePixelFormat index=1 bytes=0 -> count=1
243 pid=FFFDF7A3 DrvDescribePixelFormat index=1 bytes=40 -> count=1
244 pid=FFFDF7A3 DrvCreateLayerContext hdc=0000077E layer=0 -> 2
245 pid=FFFDF7A3 DrvSetContext hdc=0000077E context=2 -> 1
246 pid=FFFDF7A3 DrvReleaseContext context=2 -> 1
247 pid=FFFDF7A3 paths batches/triangles untextured=4/16 hw=44/79 cpu=0/0 cpu-nonsquare=0/0 hw-refused=0/0
248 pid=FFFDF7A3 counters hwtex live=0 creates=35 create-failed=0 evictions=0 uploads=38 upload-kb=398 squared=5 alpha-dropped=0 stubs=1 failed r4=0 r7=0 r8=0 other=0
249 pid=FFFDF7A3 DrvDeleteContext context=2 -> 1
250 pid=FFFDF7A3 DrvDescribePixelFormat index=1 bytes=0 -> count=1
251 pid=FFFDF7A3 DrvDescribePixelFormat index=1 bytes=40 -> count=1
252 pid=FFFDF7A3 DrvCreateLayerContext hdc=0000077E layer=0 -> 2
253 pid=FFFDF7A3 DrvSetContext hdc=0000077E context=2 -> 1
254 pid=FFFDF7A3 DrvReleaseContext context=2 -> 1
255 pid=FFFDF7A3 paths batches/triangles untextured=4/16 hw=45/80 cpu=0/0 cpu-nonsquare=0/0 hw-refused=0/0
256 pid=FFFDF7A3 counters hwtex live=0 creates=36 create-failed=0 evictions=0 uploads=39 upload-kb=408 squared=5 alpha-dropped=0 stubs=1 failed r4=0 r7=0 r8=0 other=0
257 pid=FFFDF7A3 DrvDeleteContext context=2 -> 1
258 pid=FFFDF7A3 DrvDescribePixelFormat index=1 bytes=0 -> count=1
259 pid=FFFDF7A3 DrvDescribePixelFormat index=1 bytes=40 -> count=1
260 pid=FFFDF7A3 DrvCreateLayerContext hdc=0000077E layer=0 -> 2
261 pid=FFFDF7A3 DrvSetContext hdc=0000077E context=2 -> 1
262 pid=FFFDF7A3 DrvReleaseContext context=2 -> 1
263 pid=FFFDF7A3 paths batches/triangles untextured=4/16 hw=46/81 cpu=0/0 cpu-nonsquare=0/0 hw-refused=0/0
264 pid=FFFDF7A3 counters hwtex live=0 creates=37 create-failed=0 evictions=0 uploads=40 upload-kb=418 squared=5 alpha-dropped=0 stubs=1 failed r4=0 r7=0 r8=0 other=0
265 pid=FFFDF7A3 DrvDeleteContext context=2 -> 1
266 pid=FFFDF7A3 DrvDescribePixelFormat index=1 bytes=0 -> count=1
267 pid=FFFDF7A3 DrvDescribePixelFormat index=1 bytes=40 -> count=1
268 pid=FFFDF7A3 DrvCreateLayerContext hdc=0000077E layer=0 -> 2
269 pid=FFFDF7A3 DrvSetContext hdc=0000077E context=2 -> 1
270 pid=FFFDF7A3 DrvReleaseContext context=2 -> 1
271 pid=FFFDF7A3 paths batches/triangles untextured=4/16 hw=47/82 cpu=0/0 cpu-nonsquare=0/0 hw-refused=0/0
272 pid=FFFDF7A3 counters hwtex live=0 creates=38 create-failed=0 evictions=0 uploads=41 upload-kb=428 squared=5 alpha-dropped=0 stubs=1 failed r4=0 r7=0 r8=0 other=0
273 pid=FFFDF7A3 DrvDeleteContext context=2 -> 1
274 pid=FFFDF7A3 DrvDescribePixelFormat index=1 bytes=0 -> count=1
275 pid=FFFDF7A3 DrvDescribePixelFormat index=1 bytes=40 -> count=1
276 pid=FFFDF7A3 DrvCreateLayerContext hdc=0000077E layer=0 -> 2
277 pid=FFFDF7A3 DrvSetContext hdc=0000077E context=2 -> 1
278 pid=FFFDF7A3 DrvReleaseContext context=2 -> 1
279 pid=FFFDF7A3 paths batches/triangles untextured=4/16 hw=48/83 cpu=0/0 cpu-nonsquare=0/0 hw-refused=0/0
280 pid=FFFDF7A3 counters hwtex live=0 creates=39 create-failed=0 evictions=0 uploads=42 upload-kb=438 squared=5 alpha-dropped=0 stubs=1 failed r4=0 r7=0 r8=0 other=0
281 pid=FFFDF7A3 DrvDeleteContext context=2 -> 1
282 pid=FFFDF7A3 DrvDescribePixelFormat index=1 bytes=0 -> count=1
283 pid=FFFDF7A3 DrvDescribePixelFormat index=1 bytes=40 -> count=1
284 pid=FFFDF7A3 DrvCreateLayerContext hdc=0000077E layer=0 -> 2
285 pid=FFFDF7A3 DrvSetContext hdc=0000077E context=2 -> 1
286 pid=FFFDF7A3 DrvReleaseContext context=2 -> 1
287 pid=FFFDF7A3 paths batches/triangles untextured=4/16 hw=49/84 cpu=0/0 cpu-nonsquare=0/0 hw-refused=0/0
288 pid=FFFDF7A3 counters hwtex live=0 creates=40 create-failed=0 evictions=0 uploads=43 upload-kb=448 squared=5 alpha-dropped=0 stubs=1 failed r4=0 r7=0 r8=0 other=0
289 pid=FFFDF7A3 DrvDeleteContext context=2 -> 1
290 pid=FFFDF7A3 DrvDescribePixelFormat index=1 bytes=0 -> count=1
291 pid=FFFDF7A3 DrvDescribePixelFormat index=1 bytes=40 -> count=1
292 pid=FFFDF7A3 DrvCreateLayerContext hdc=0000077E layer=0 -> 2
293 pid=FFFDF7A3 DrvSetContext hdc=0000077E context=2 -> 1
294 pid=FFFDF7A3 DrvReleaseContext context=2 -> 1
295 pid=FFFDF7A3 paths batches/triangles untextured=4/16 hw=50/85 cpu=0/0 cpu-nonsquare=0/0 hw-refused=0/0
296 pid=FFFDF7A3 counters hwtex live=0 creates=41 create-failed=0 evictions=0 uploads=44 upload-kb=458 squared=5 alpha-dropped=0 stubs=1 failed r4=0 r7=0 r8=0 other=0
297 pid=FFFDF7A3 DrvDeleteContext context=2 -> 1
298 pid=FFFDF7A3 DrvDescribePixelFormat index=1 bytes=0 -> count=1
299 pid=FFFDF7A3 DrvDescribePixelFormat index=1 bytes=40 -> count=1
300 pid=FFFDF7A3 DrvCreateLayerContext hdc=0000077E layer=0 -> 2
301 pid=FFFDF7A3 drawable window=00000160 360x280
302 pid=FFFDF7A3 DrvSetContext hdc=0000077E context=2 -> 1
303 pid=FFFDF7A3 DrvReleaseContext context=2 -> 1
304 pid=FFFDF7A3 paths batches/triangles untextured=4/16 hw=51/86 cpu=0/0 cpu-nonsquare=0/0 hw-refused=0/0
305 pid=FFFDF7A3 counters hwtex live=0 creates=42 create-failed=0 evictions=0 uploads=45 upload-kb=468 squared=5 alpha-dropped=0 stubs=1 failed r4=0 r7=0 r8=0 other=0
306 pid=FFFDF7A3 DrvDeleteContext context=2 -> 1
307 pid=FFFDF7A3 DrvDescribePixelFormat index=1 bytes=0 -> count=1
308 pid=FFFDF7A3 DrvDescribePixelFormat index=1 bytes=40 -> count=1
309 pid=FFFDF7A3 DrvCreateLayerContext hdc=0000077E layer=0 -> 2
310 pid=FFFDF7A3 DrvSetContext hdc=0000077E context=2 -> 1
311 pid=FFFDF7A3 DrvReleaseContext context=2 -> 1
312 pid=FFFDF7A3 paths batches/triangles untextured=4/16 hw=52/87 cpu=0/0 cpu-nonsquare=0/0 hw-refused=0/0
313 pid=FFFDF7A3 counters hwtex live=0 creates=43 create-failed=0 evictions=0 uploads=46 upload-kb=478 squared=5 alpha-dropped=0 stubs=1 failed r4=0 r7=0 r8=0 other=0
314 pid=FFFDF7A3 DrvDeleteContext context=2 -> 1
315 pid=FFFDF7A3 DrvDescribePixelFormat index=1 bytes=0 -> count=1
316 pid=FFFDF7A3 DrvDescribePixelFormat index=1 bytes=40 -> count=1
317 pid=FFFDF7A3 DrvCreateLayerContext hdc=0000077E layer=0 -> 2
318 pid=FFFDF7A3 DrvSetContext hdc=0000077E context=2 -> 1
319 pid=FFFDF7A3 DrvReleaseContext context=2 -> 1
320 pid=FFFDF7A3 paths batches/triangles untextured=4/16 hw=53/88 cpu=0/0 cpu-nonsquare=0/0 hw-refused=0/0
321 pid=FFFDF7A3 counters hwtex live=0 creates=44 create-failed=0 evictions=0 uploads=47 upload-kb=488 squared=5 alpha-dropped=0 stubs=1 failed r4=0 r7=0 r8=0 other=0
322 pid=FFFDF7A3 DrvDeleteContext context=2 -> 1
323 pid=FFFDF7A3 DrvDescribePixelFormat index=1 bytes=0 -> count=1
324 pid=FFFDF7A3 DrvDescribePixelFormat index=1 bytes=40 -> count=1
325 pid=FFFDF7A3 DrvCreateLayerContext hdc=0000077E layer=0 -> 2
326 pid=FFFDF7A3 DrvSetContext hdc=0000077E context=2 -> 1
327 pid=FFFDF7A3 DrvReleaseContext context=2 -> 1
328 pid=FFFDF7A3 paths batches/triangles untextured=4/16 hw=54/89 cpu=0/0 cpu-nonsquare=0/0 hw-refused=0/0
329 pid=FFFDF7A3 counters hwtex live=0 creates=45 create-failed=0 evictions=0 uploads=48 upload-kb=498 squared=5 alpha-dropped=0 stubs=1 failed r4=0 r7=0 r8=0 other=0
330 pid=FFFDF7A3 DrvDeleteContext context=2 -> 1
331 pid=FFFDF7A3 DrvDescribePixelFormat index=1 bytes=0 -> count=1
332 pid=FFFDF7A3 DrvDescribePixelFormat index=1 bytes=40 -> count=1
333 pid=FFFDF7A3 DrvCreateLayerContext hdc=0000077E layer=0 -> 2
334 pid=FFFDF7A3 DrvSetContext hdc=0000077E context=2 -> 1
335 pid=FFFDF7A3 DrvReleaseContext context=2 -> 1
336 pid=FFFDF7A3 paths batches/triangles untextured=4/16 hw=55/90 cpu=0/0 cpu-nonsquare=0/0 hw-refused=0/0
337 pid=FFFDF7A3 counters hwtex live=0 creates=46 create-failed=0 evictions=0 uploads=49 upload-kb=508 squared=5 alpha-dropped=0 stubs=1 failed r4=0 r7=0 r8=0 other=0
338 pid=FFFDF7A3 DrvDeleteContext context=2 -> 1
339 pid=FFFDF7A3 DrvDescribePixelFormat index=1 bytes=0 -> count=1
340 pid=FFFDF7A3 DrvDescribePixelFormat index=1 bytes=40 -> count=1
341 pid=FFFDF7A3 DrvCreateLayerContext hdc=0000077E layer=0 -> 2
342 pid=FFFDF7A3 DrvSetContext hdc=0000077E context=2 -> 1
343 pid=FFFDF7A3 DrvReleaseContext context=2 -> 1
344 pid=FFFDF7A3 paths batches/triangles untextured=4/16 hw=56/91 cpu=0/0 cpu-nonsquare=0/0 hw-refused=0/0
345 pid=FFFDF7A3 counters hwtex live=0 creates=47 create-failed=0 evictions=0 uploads=50 upload-kb=518 squared=5 alpha-dropped=0 stubs=1 failed r4=0 r7=0 r8=0 other=0
346 pid=FFFDF7A3 DrvDeleteContext context=2 -> 1
347 pid=FFFDF7A3 DrvDescribePixelFormat index=1 bytes=0 -> count=1
348 pid=FFFDF7A3 DrvDescribePixelFormat index=1 bytes=40 -> count=1
349 pid=FFFDF7A3 DrvCreateLayerContext hdc=0000077E layer=0 -> 2
350 pid=FFFDF7A3 DrvSetContext hdc=0000077E context=2 -> 1
351 pid=FFFDF7A3 DrvReleaseContext context=2 -> 1
352 pid=FFFDF7A3 paths batches/triangles untextured=4/16 hw=57/92 cpu=0/0 cpu-nonsquare=0/0 hw-refused=0/0
353 pid=FFFDF7A3 counters hwtex live=0 creates=48 create-failed=0 evictions=0 uploads=51 upload-kb=528 squared=5 alpha-dropped=0 stubs=1 failed r4=0 r7=0 r8=0 other=0
354 pid=FFFDF7A3 DrvDeleteContext context=2 -> 1
355 pid=FFFDF7A3 DrvDescribePixelFormat index=1 bytes=0 -> count=1
356 pid=FFFDF7A3 DrvDescribePixelFormat index=1 bytes=40 -> count=1
357 pid=FFFDF7A3 DrvCreateLayerContext hdc=0000077E layer=0 -> 2
358 pid=FFFDF7A3 DrvSetContext hdc=0000077E context=2 -> 1
359 pid=FFFDF7A3 DrvReleaseContext context=2 -> 1
360 pid=FFFDF7A3 paths batches/triangles untextured=4/16 hw=58/93 cpu=0/0 cpu-nonsquare=0/0 hw-refused=0/0
361 pid=FFFDF7A3 counters hwtex live=0 creates=49 create-failed=0 evictions=0 uploads=52 upload-kb=538 squared=5 alpha-dropped=0 stubs=1 failed r4=0 r7=0 r8=0 other=0
362 pid=FFFDF7A3 DrvDeleteContext context=2 -> 1
363 pid=FFFDF7A3 DrvDescribePixelFormat index=1 bytes=0 -> count=1
364 pid=FFFDF7A3 DrvDescribePixelFormat index=1 bytes=40 -> count=1
365 pid=FFFDF7A3 DrvCreateLayerContext hdc=0000077E layer=0 -> 2
366 pid=FFFDF7A3 DrvSetContext hdc=0000077E context=2 -> 1
367 pid=FFFDF7A3 DrvReleaseContext context=2 -> 1
368 pid=FFFDF7A3 paths batches/triangles untextured=4/16 hw=59/94 cpu=0/0 cpu-nonsquare=0/0 hw-refused=0/0
369 pid=FFFDF7A3 counters hwtex live=0 creates=50 create-failed=0 evictions=0 uploads=53 upload-kb=548 squared=5 alpha-dropped=0 stubs=1 failed r4=0 r7=0 r8=0 other=0
370 pid=FFFDF7A3 DrvDeleteContext context=2 -> 1
371 pid=FFFDF7A3 DrvDescribePixelFormat index=1 bytes=0 -> count=1
372 pid=FFFDF7A3 DrvDescribePixelFormat index=1 bytes=40 -> count=1
373 pid=FFFDF7A3 DrvCreateLayerContext hdc=0000077E layer=0 -> 2
374 pid=FFFDF7A3 DrvSetContext hdc=0000077E context=2 -> 1
375 pid=FFFDF7A3 DrvReleaseContext context=2 -> 1
376 pid=FFFDF7A3 paths batches/triangles untextured=4/16 hw=60/95 cpu=0/0 cpu-nonsquare=0/0 hw-refused=0/0
377 pid=FFFDF7A3 counters hwtex live=0 creates=51 create-failed=0 evictions=0 uploads=54 upload-kb=558 squared=5 alpha-dropped=0 stubs=1 failed r4=0 r7=0 r8=0 other=0
378 pid=FFFDF7A3 DrvDeleteContext context=2 -> 1
379 pid=FFFDF7A3 DrvDescribePixelFormat index=1 bytes=0 -> count=1
380 pid=FFFDF7A3 DrvDescribePixelFormat index=1 bytes=40 -> count=1
381 pid=FFFDF7A3 DrvCreateLayerContext hdc=0000077E layer=0 -> 2
382 pid=FFFDF7A3 DrvSetContext hdc=0000077E context=2 -> 1
383 pid=FFFDF7A3 DrvReleaseContext context=2 -> 1
384 pid=FFFDF7A3 paths batches/triangles untextured=4/16 hw=61/96 cpu=0/0 cpu-nonsquare=0/0 hw-refused=0/0
385 pid=FFFDF7A3 counters hwtex live=0 creates=52 create-failed=0 evictions=0 uploads=55 upload-kb=568 squared=5 alpha-dropped=0 stubs=1 failed r4=0 r7=0 r8=0 other=0
386 pid=FFFDF7A3 DrvDeleteContext context=2 -> 1
387 pid=FFFDF7A3 DrvDescribePixelFormat index=1 bytes=0 -> count=1
388 pid=FFFDF7A3 DrvDescribePixelFormat index=1 bytes=40 -> count=1
389 pid=FFFDF7A3 DrvCreateLayerContext hdc=0000077E layer=0 -> 2
390 pid=FFFDF7A3 DrvSetContext hdc=0000077E context=2 -> 1
391 pid=FFFDF7A3 DrvReleaseContext context=2 -> 1
392 pid=FFFDF7A3 paths batches/triangles untextured=4/16 hw=62/97 cpu=0/0 cpu-nonsquare=0/0 hw-refused=0/0
393 pid=FFFDF7A3 counters hwtex live=0 creates=53 create-failed=0 evictions=0 uploads=56 upload-kb=578 squared=5 alpha-dropped=0 stubs=1 failed r4=0 r7=0 r8=0 other=0
394 pid=FFFDF7A3 DrvDeleteContext context=2 -> 1
395 pid=FFFDF7A3 DrvDescribePixelFormat index=1 bytes=0 -> count=1
396 pid=FFFDF7A3 DrvDescribePixelFormat index=1 bytes=40 -> count=1
397 pid=FFFDF7A3 DrvCreateLayerContext hdc=0000077E layer=0 -> 2
398 pid=FFFDF7A3 DrvSetContext hdc=0000077E context=2 -> 1
399 pid=FFFDF7A3 DrvReleaseContext context=2 -> 1
400 pid=FFFDF7A3 paths batches/triangles untextured=4/16 hw=63/98 cpu=0/0 cpu-nonsquare=0/0 hw-refused=0/0
401 pid=FFFDF7A3 counters hwtex live=0 creates=54 create-failed=0 evictions=0 uploads=57 upload-kb=588 squared=5 alpha-dropped=0 stubs=1 failed r4=0 r7=0 r8=0 other=0
402 pid=FFFDF7A3 DrvDeleteContext context=2 -> 1
403 pid=FFFDF7A3 DrvDescribePixelFormat index=1 bytes=0 -> count=1
404 pid=FFFDF7A3 DrvDescribePixelFormat index=1 bytes=40 -> count=1
405 pid=FFFDF7A3 DrvCreateLayerContext hdc=0000077E layer=0 -> 2
406 pid=FFFDF7A3 DrvSetContext hdc=0000077E context=2 -> 1
407 pid=FFFDF7A3 DrvReleaseContext context=2 -> 1
408 pid=FFFDF7A3 paths batches/triangles untextured=4/16 hw=64/99 cpu=0/0 cpu-nonsquare=0/0 hw-refused=0/0
409 pid=FFFDF7A3 counters hwtex live=0 creates=55 create-failed=0 evictions=0 uploads=58 upload-kb=598 squared=5 alpha-dropped=0 stubs=1 failed r4=0 r7=0 r8=0 other=0
410 pid=FFFDF7A3 DrvDeleteContext context=2 -> 1
411 pid=FFFDF7A3 DrvDescribePixelFormat index=1 bytes=0 -> count=1
412 pid=FFFDF7A3 DrvDescribePixelFormat index=1 bytes=40 -> count=1
413 pid=FFFDF7A3 DrvCreateLayerContext hdc=0000077E layer=0 -> 2
414 pid=FFFDF7A3 DrvSetContext hdc=0000077E context=2 -> 1
415 pid=FFFDF7A3 DrvReleaseContext context=2 -> 1
416 pid=FFFDF7A3 paths batches/triangles untextured=4/16 hw=65/100 cpu=0/0 cpu-nonsquare=0/0 hw-refused=0/0
417 pid=FFFDF7A3 counters hwtex live=0 creates=56 create-failed=0 evictions=0 uploads=59 upload-kb=608 squared=5 alpha-dropped=0 stubs=1 failed r4=0 r7=0 r8=0 other=0
418 pid=FFFDF7A3 DrvDeleteContext context=2 -> 1
419 pid=FFFDF7A3 DrvDescribePixelFormat index=1 bytes=0 -> count=1
420 pid=FFFDF7A3 DrvDescribePixelFormat index=1 bytes=40 -> count=1
421 pid=FFFDF7A3 DrvCreateLayerContext hdc=0000077E layer=0 -> 2
422 pid=FFFDF7A3 DrvSetContext hdc=0000077E context=2 -> 1
423 pid=FFFDF7A3 DrvReleaseContext context=2 -> 1
424 pid=FFFDF7A3 paths batches/triangles untextured=4/16 hw=66/101 cpu=0/0 cpu-nonsquare=0/0 hw-refused=0/0
425 pid=FFFDF7A3 counters hwtex live=0 creates=57 create-failed=0 evictions=0 uploads=60 upload-kb=618 squared=5 alpha-dropped=0 stubs=1 failed r4=0 r7=0 r8=0 other=0
426 pid=FFFDF7A3 DrvDeleteContext context=2 -> 1
427 pid=FFFDF7A3 DrvDescribePixelFormat index=1 bytes=0 -> count=1
428 pid=FFFDF7A3 DrvDescribePixelFormat index=1 bytes=40 -> count=1
429 pid=FFFDF7A3 DrvCreateLayerContext hdc=0000077E layer=0 -> 2
430 pid=FFFDF7A3 DrvSetContext hdc=0000077E context=2 -> 1
431 pid=FFFDF7A3 DrvReleaseContext context=2 -> 1
432 pid=FFFDF7A3 paths batches/triangles untextured=4/16 hw=67/102 cpu=0/0 cpu-nonsquare=0/0 hw-refused=0/0
433 pid=FFFDF7A3 counters hwtex live=0 creates=58 create-failed=0 evictions=0 uploads=61 upload-kb=628 squared=5 alpha-dropped=0 stubs=1 failed r4=0 r7=0 r8=0 other=0
434 pid=FFFDF7A3 DrvDeleteContext context=2 -> 1
435 pid=FFFDF7A3 DrvDescribePixelFormat index=1 bytes=0 -> count=1
436 pid=FFFDF7A3 DrvDescribePixelFormat index=1 bytes=40 -> count=1
437 pid=FFFDF7A3 DrvCreateLayerContext hdc=0000077E layer=0 -> 2
438 pid=FFFDF7A3 DrvSetContext hdc=0000077E context=2 -> 1
439 pid=FFFDF7A3 DrvReleaseContext context=2 -> 1
440 pid=FFFDF7A3 paths batches/triangles untextured=4/16 hw=68/103 cpu=0/0 cpu-nonsquare=0/0 hw-refused=0/0
441 pid=FFFDF7A3 counters hwtex live=0 creates=59 create-failed=0 evictions=0 uploads=62 upload-kb=638 squared=5 alpha-dropped=0 stubs=1 failed r4=0 r7=0 r8=0 other=0
442 pid=FFFDF7A3 DrvDeleteContext context=2 -> 1
443 pid=FFFDF7A3 DrvDescribePixelFormat index=1 bytes=0 -> count=1
444 pid=FFFDF7A3 DrvDescribePixelFormat index=1 bytes=40 -> count=1
445 pid=FFFDF7A3 DrvCreateLayerContext hdc=0000077E layer=0 -> 2
446 pid=FFFDF7A3 DrvSetContext hdc=0000077E context=2 -> 1
447 pid=FFFDF7A3 DrvReleaseContext context=2 -> 1
448 pid=FFFDF7A3 paths batches/triangles untextured=4/16 hw=69/104 cpu=0/0 cpu-nonsquare=0/0 hw-refused=0/0
449 pid=FFFDF7A3 counters hwtex live=0 creates=60 create-failed=0 evictions=0 uploads=63 upload-kb=648 squared=5 alpha-dropped=0 stubs=1 failed r4=0 r7=0 r8=0 other=0
450 pid=FFFDF7A3 DrvDeleteContext context=2 -> 1
451 pid=FFFDF7A3 DrvDescribePixelFormat index=1 bytes=0 -> count=1
452 pid=FFFDF7A3 DrvDescribePixelFormat index=1 bytes=40 -> count=1
453 pid=FFFDF7A3 DrvCreateLayerContext hdc=0000077E layer=0 -> 2
454 pid=FFFDF7A3 DrvSetContext hdc=0000077E context=2 -> 1
455 pid=FFFDF7A3 DrvReleaseContext context=2 -> 1
456 pid=FFFDF7A3 paths batches/triangles untextured=4/16 hw=70/105 cpu=0/0 cpu-nonsquare=0/0 hw-refused=0/0
457 pid=FFFDF7A3 counters hwtex live=0 creates=61 create-failed=0 evictions=0 uploads=64 upload-kb=658 squared=5 alpha-dropped=0 stubs=1 failed r4=0 r7=0 r8=0 other=0
458 pid=FFFDF7A3 DrvDeleteContext context=2 -> 1
459 pid=FFFDF7A3 DrvDescribePixelFormat index=1 bytes=0 -> count=1
460 pid=FFFDF7A3 DrvDescribePixelFormat index=1 bytes=40 -> count=1
461 pid=FFFDF7A3 DrvCreateLayerContext hdc=0000077E layer=0 -> 2
462 pid=FFFDF7A3 DrvSetContext hdc=0000077E context=2 -> 1
463 pid=FFFDF7A3 DrvReleaseContext context=2 -> 1
464 pid=FFFDF7A3 paths batches/triangles untextured=4/16 hw=71/106 cpu=0/0 cpu-nonsquare=0/0 hw-refused=0/0
465 pid=FFFDF7A3 counters hwtex live=0 creates=62 create-failed=0 evictions=0 uploads=65 upload-kb=668 squared=5 alpha-dropped=0 stubs=1 failed r4=0 r7=0 r8=0 other=0
466 pid=FFFDF7A3 DrvDeleteContext context=2 -> 1
467 pid=FFFDF7A3 DrvDescribePixelFormat index=1 bytes=0 -> count=1
468 pid=FFFDF7A3 DrvDescribePixelFormat index=1 bytes=40 -> count=1
469 pid=FFFDF7A3 DrvCreateLayerContext hdc=0000077E layer=0 -> 2
470 pid=FFFDF7A3 DrvSetContext hdc=0000077E context=2 -> 1
471 pid=FFFDF7A3 DrvReleaseContext context=2 -> 1
472 pid=FFFDF7A3 paths batches/triangles untextured=4/16 hw=72/107 cpu=0/0 cpu-nonsquare=0/0 hw-refused=0/0
473 pid=FFFDF7A3 counters hwtex live=0 creates=63 create-failed=0 evictions=0 uploads=66 upload-kb=678 squared=5 alpha-dropped=0 stubs=1 failed r4=0 r7=0 r8=0 other=0
474 pid=FFFDF7A3 DrvDeleteContext context=2 -> 1
475 pid=FFFDF7A3 DrvDescribePixelFormat index=1 bytes=0 -> count=1
476 pid=FFFDF7A3 DrvDescribePixelFormat index=1 bytes=40 -> count=1
477 pid=FFFDF7A3 DrvCreateLayerContext hdc=0000077E layer=0 -> 2
478 pid=FFFDF7A3 DrvSetContext hdc=0000077E context=2 -> 1
479 pid=FFFDF7A3 DrvReleaseContext context=2 -> 1
480 pid=FFFDF7A3 paths batches/triangles untextured=4/16 hw=73/108 cpu=0/0 cpu-nonsquare=0/0 hw-refused=0/0
481 pid=FFFDF7A3 counters hwtex live=0 creates=64 create-failed=0 evictions=0 uploads=67 upload-kb=688 squared=5 alpha-dropped=0 stubs=1 failed r4=0 r7=0 r8=0 other=0
482 pid=FFFDF7A3 DrvDeleteContext context=2 -> 1
483 pid=FFFDF7A3 DrvDescribePixelFormat index=1 bytes=0 -> count=1
484 pid=FFFDF7A3 DrvDescribePixelFormat index=1 bytes=40 -> count=1
485 pid=FFFDF7A3 DrvCreateLayerContext hdc=0000077E layer=0 -> 2
486 pid=FFFDF7A3 DrvSetContext hdc=0000077E context=2 -> 1
487 pid=FFFDF7A3 DrvReleaseContext context=2 -> 1
488 pid=FFFDF7A3 paths batches/triangles untextured=4/16 hw=74/109 cpu=0/0 cpu-nonsquare=0/0 hw-refused=0/0
489 pid=FFFDF7A3 counters hwtex live=0 creates=65 create-failed=0 evictions=0 uploads=68 upload-kb=698 squared=5 alpha-dropped=0 stubs=1 failed r4=0 r7=0 r8=0 other=0
490 pid=FFFDF7A3 DrvDeleteContext context=2 -> 1
491 pid=FFFDF7A3 DrvDescribePixelFormat index=1 bytes=0 -> count=1
492 pid=FFFDF7A3 DrvDescribePixelFormat index=1 bytes=40 -> count=1
493 pid=FFFDF7A3 DrvCreateLayerContext hdc=0000077E layer=0 -> 2
494 pid=FFFDF7A3 DrvSetContext hdc=0000077E context=2 -> 1
495 pid=FFFDF7A3 DrvReleaseContext context=2 -> 1
496 pid=FFFDF7A3 paths batches/triangles untextured=4/16 hw=75/110 cpu=0/0 cpu-nonsquare=0/0 hw-refused=0/0
497 pid=FFFDF7A3 counters hwtex live=0 creates=66 create-failed=0 evictions=0 uploads=69 upload-kb=708 squared=5 alpha-dropped=0 stubs=1 failed r4=0 r7=0 r8=0 other=0
498 pid=FFFDF7A3 DrvDeleteContext context=2 -> 1
499 pid=FFFDF7A3 DrvSetContext hdc=0000077E context=1 -> 1
500 pid=FFFDF7A3 DrvReleaseContext context=1 -> 1
501 pid=FFFDF7A3 paths batches/triangles untextured=4/16 hw=75/110 cpu=0/0 cpu-nonsquare=0/0 hw-refused=0/0
502 pid=FFFDF7A3 counters hwtex live=0 creates=66 create-failed=0 evictions=0 uploads=69 upload-kb=708 squared=5 alpha-dropped=0 stubs=1 failed r4=0 r7=0 r8=0 other=0
503 pid=FFFDF7A3 DrvDeleteContext context=1 -> 1
504 pid=FFFDF7A3 detach slots-called=1 stub-calls=1
1 pid=FFFDF7A3 attach instance=01CF0000 tls=11 build-marker=1
2 pid=FFFDF7A3 DrvValidateVersion version=1
3 pid=FFFDF7A3 DrvSetCallbackProcs count=3 procs=78B23978
4 pid=FFFDF7A3 describe result=0 engine=5 formats=00000002
5 pid=FFFDF7A3 DrvDescribePixelFormat index=1 bytes=0 -> count=1
6 pid=FFFDF7A3 DrvDescribePixelFormat index=1 bytes=40 -> count=1
7 pid=FFFDF7A3 DrvDescribePixelFormat index=1 bytes=0 -> count=1
8 pid=FFFDF7A3 DrvDescribePixelFormat index=1 bytes=0 -> count=1
9 pid=FFFDF7A3 DrvDescribePixelFormat index=1 bytes=0 -> count=1
10 pid=FFFDF7A3 DrvDescribePixelFormat index=1 bytes=0 -> count=1
11 pid=FFFDF7A3 DrvDescribePixelFormat index=1 bytes=0 -> count=1
12 pid=FFFDF7A3 DrvDescribePixelFormat index=1 bytes=0 -> count=1
13 pid=FFFDF7A3 DrvDescribePixelFormat index=1 bytes=0 -> count=1
14 pid=FFFDF7A3 DrvDescribePixelFormat index=1 bytes=0 -> count=1
15 pid=FFFDF7A3 DrvDescribePixelFormat index=1 bytes=0 -> count=1
16 pid=FFFDF7A3 DrvDescribePixelFormat index=1 bytes=0 -> count=1
17 pid=FFFDF7A3 DrvDescribePixelFormat index=1 bytes=0 -> count=1
18 pid=FFFDF7A3 DrvDescribePixelFormat index=1 bytes=0 -> count=1
19 pid=FFFDF7A3 DrvDescribePixelFormat index=1 bytes=0 -> count=1
20 pid=FFFDF7A3 DrvDescribePixelFormat index=1 bytes=0 -> count=1
21 pid=FFFDF7A3 DrvDescribePixelFormat index=1 bytes=0 -> count=1
22 pid=FFFDF7A3 DrvDescribePixelFormat index=1 bytes=0 -> count=1
23 pid=FFFDF7A3 DrvDescribePixelFormat index=1 bytes=0 -> count=1
24 pid=FFFDF7A3 DrvDescribePixelFormat index=1 bytes=0 -> count=1
25 pid=FFFDF7A3 DrvDescribePixelFormat index=1 bytes=0 -> count=1
26 pid=FFFDF7A3 DrvDescribePixelFormat index=1 bytes=0 -> count=1
27 pid=FFFDF7A3 DrvDescribePixelFormat index=1 bytes=0 -> count=1
28 pid=FFFDF7A3 DrvDescribePixelFormat index=1 bytes=0 -> count=1
29 pid=FFFDF7A3 DrvDescribePixelFormat index=1 bytes=0 -> count=1
30 pid=FFFDF7A3 DrvDescribePixelFormat index=1 bytes=0 -> count=1
31 pid=FFFDF7A3 DrvDescribePixelFormat index=1 bytes=0 -> count=1
32 pid=FFFDF7A3 DrvSetPixelFormat hdc=00000782 index=1
33 pid=FFFDF7A3 DrvDescribePixelFormat index=1 bytes=0 -> count=1
34 pid=FFFDF7A3 DrvDescribePixelFormat index=1 bytes=40 -> count=1
35 pid=FFFDF7A3 DrvDescribePixelFormat index=1 bytes=0 -> count=1
36 pid=FFFDF7A3 DrvDescribePixelFormat index=1 bytes=40 -> count=1
37 pid=FFFDF7A3 DrvCreateLayerContext hdc=00000782 layer=0 -> 1
38 pid=FFFDF7A3 drawable window=00000164 640x480
39 pid=FFFDF7A3 DrvSetContext hdc=00000782 context=1 -> 1
40 pid=FFFDF7A3 state tex=1158 size=00400040 tex=01010101 blend=00050600 depth=01040102 colour=FFFFFFFF mask=7 scissor=0,0,640,480 fog=0
41 pid=FFFDF7A3 time interval-ms=355451 swaps=0 present-ms=0 draw-ms=193820096 upload-ms=0
42 pid=FFFDF7A3 tsc frames=0 wall-ms=355451 vertex-ms=86241 flush-in-vertex-ms=0 flush-other-ms=7754994 bind-ms=38750 iface-ms=3385006 beginend-ms=500625 swap-ms=0 vertices=18 flushes=1 draws=1 sink-ms=182522 sink-prep-ms=165021 sinks=4
43 pid=FFFDF7A3 sink begin-ms=456609 flush-ms=0 copy-ms=10196 prep-texture-ms=153620 prep-state-ms=5872 prep-same-ms=4543
44 pid=FFFDF7A3 hwno hwtex-ms=3521036 iface-cpu-ms=0 not-cpu=0 square-side=0 too-big=0 format=0 no-object=0 no-record=0 table-full=0 unusable=0 backoff=0 make-failed=0 square-alloc=0 upload=0
45 pid=FFFDF7A3 prim transform-ms=15130 inside-ms=11287 window-ms=22095 assemble-ms=21626 history-ms=4391 fast=10 clipped=0 culled=0
46 pid=FFFDF7A3 paths batches/triangles untextured=0/0 hw=1/10 cpu=0/0 cpu-nonsquare=0/0 hw-refused=0/0
47 pid=FFFDF7A3 counters hwtex live=1 creates=1 create-failed=0 evictions=0 uploads=1 upload-kb=10 squared=0 alpha-dropped=0 stubs=0 failed r4=0 r7=0 r8=0 other=0
48 pid=FFFDF7A3 state tex=1162 size=00400040 tex=01010101 blend=00050600 depth=01040102 colour=FFFFFFFF mask=7 scissor=0,0,640,480 fog=0
49 pid=FFFDF7A3 state tex=1163 size=00100010 tex=01010101 blend=00050600 depth=01040102 colour=FFFFFFFF mask=7 scissor=0,0,640,480 fog=0
50 pid=FFFDF7A3 state tex=1168 size=00100010 tex=01010101 blend=00050600 depth=01040102 colour=FFFFFFFF mask=7 scissor=0,0,640,480 fog=0
51 pid=FFFDF7A3 state tex=1172 size=00400040 tex=01010101 blend=00050600 depth=01040102 colour=FFFFFFFF mask=7 scissor=0,0,640,480 fog=0
52 pid=FFFDF7A3 state tex=1180 size=00400040 tex=01010101 blend=00050600 depth=01040102 colour=FFFFFFFF mask=7 scissor=0,0,640,480 fog=0
53 pid=FFFDF7A3 state tex=1184 size=00400040 tex=01010101 blend=00050600 depth=01040102 colour=FFFFFFFF mask=7 scissor=0,0,640,480 fog=0
54 pid=FFFDF7A3 state tex=1185 size=00400040 tex=01010101 blend=00050600 depth=01040102 colour=FFFFFFFF mask=7 scissor=0,0,640,480 fog=0
55 pid=FFFDF7A3 state tex=1188 size=00400040 tex=01010101 blend=00050600 depth=01040102 colour=FFFFFFFF mask=7 scissor=0,0,640,480 fog=0
56 pid=FFFDF7A3 state tex=1191 size=00400040 tex=01010101 blend=00050600 depth=01040102 colour=FFFFFFFF mask=7 scissor=0,0,640,480 fog=0
57 pid=FFFDF7A3 state tex=1206 size=00400040 tex=01010101 blend=00050600 depth=01040102 colour=FFFFFFFF mask=7 scissor=0,0,640,480 fog=0
58 pid=FFFDF7A3 state tex=1210 size=00800080 tex=01010101 blend=00050600 depth=01040102 colour=FFFFFFFF mask=7 scissor=0,0,640,480 fog=0
59 pid=FFFDF7A3 state tex=1214 size=00400040 tex=01010101 blend=00050600 depth=01040102 colour=FFFFFFFF mask=7 scissor=0,0,640,480 fog=0
60 pid=FFFDF7A3 state tex=1216 size=00400040 tex=01010101 blend=00050600 depth=01040102 colour=FFFFFFFF mask=7 scissor=0,0,640,480 fog=0
61 pid=FFFDF7A3 state tex=1218 size=00400040 tex=01010101 blend=00050600 depth=01040102 colour=FFFFFFFF mask=7 scissor=0,0,640,480 fog=0
62 pid=FFFDF7A3 state tex=1225 size=00400040 tex=01010101 blend=00050600 depth=01040102 colour=FFFFFFFF mask=7 scissor=0,0,640,480 fog=0
63 pid=FFFDF7A3 state tex=1226 size=00400040 tex=01010101 blend=00050600 depth=01040102 colour=FFFFFFFF mask=7 scissor=0,0,640,480 fog=0
64 pid=FFFDF7A3 state tex=1264 size=00400040 tex=01010101 blend=00050600 depth=01040102 colour=FFFFFFFF mask=7 scissor=0,0,640,480 fog=0
65 pid=FFFDF7A3 state tex=1269 size=00400040 tex=01010101 blend=00050600 depth=01040102 colour=FFFFFFFF mask=7 scissor=0,0,640,480 fog=0
66 pid=FFFDF7A3 state tex=1273 size=00200080 tex=01010101 blend=00050600 depth=01040102 colour=FFFFFFFF mask=7 scissor=0,0,640,480 fog=0
67 pid=FFFDF7A3 state tex=1278 size=00400040 tex=01010101 blend=00050600 depth=01040102 colour=FFFFFFFF mask=7 scissor=0,0,640,480 fog=0
68 pid=FFFDF7A3 state tex=1281 size=00400040 tex=01010101 blend=00050600 depth=01040102 colour=FFFFFFFF mask=7 scissor=0,0,640,480 fog=0
69 pid=FFFDF7A3 state tex=1282 size=00400040 tex=01010101 blend=00050600 depth=01040102 colour=FFFFFFFF mask=7 scissor=0,0,640,480 fog=0
70 pid=FFFDF7A3 state tex=1025 size=00800080 tex=01010101 blend=01010300 depth=01040001 colour=FFFFFFFF mask=7 scissor=0,0,640,480 fog=0
71 pid=FFFDF7A3 state tex=1026 size=00800080 tex=01010101 blend=01010300 depth=01040001 colour=FFFFFFFF mask=7 scissor=0,0,640,480 fog=0
72 pid=FFFDF7A3 state tex=1027 size=00800080 tex=01010101 blend=01010300 depth=01040001 colour=FFFFFFFF mask=7 scissor=0,0,640,480 fog=0
73 pid=FFFDF7A3 state tex=1030 size=00800080 tex=01010101 blend=01010300 depth=01040001 colour=FFFFFFFF mask=7 scissor=0,0,640,480 fog=0
74 pid=FFFDF7A3 state tex=1376 size=01000080 tex=01040201 blend=00050600 depth=01040102 colour=FF94774B mask=7 scissor=0,0,640,480 fog=0
75 pid=FFFDF7A3 state tex=1380 size=01000080 tex=01040201 blend=00050600 depth=01040102 colour=FF463827 mask=7 scissor=0,0,640,480 fog=0
76 pid=FFFDF7A3 state tex=1382 size=00800020 tex=01040201 blend=00050600 depth=01040102 colour=FF6F562E mask=7 scissor=0,0,640,480 fog=0
77 pid=FFFDF7A3 state tex=1384 size=00800020 tex=01010200 blend=00050600 depth=01040102 colour=FF4D4231 mask=7 scissor=0,0,640,480 fog=0
78 pid=FFFDF7A3 state tex=1389 size=01000080 tex=01040201 blend=00050600 depth=01040102 colour=FF5F5343 mask=7 scissor=0,0,640,480 fog=0
79 pid=FFFDF7A3 state tex=1390 size=00800040 tex=01040201 blend=00050600 depth=01040102 colour=FF7F6F57 mask=7 scissor=0,0,640,480 fog=0
80 pid=FFFDF7A3 state tex=1391 size=00400040 tex=01010200 blend=00050600 depth=01040102 colour=FF968569 mask=7 scissor=0,0,640,480 fog=0
81 pid=FFFDF7A3 state tex=1393 size=00800040 tex=01040201 blend=00050600 depth=01040102 colour=FFFFFFE8 mask=7 scissor=0,0,640,480 fog=0
82 pid=FFFDF7A3 state tex=1396 size=00800040 tex=01040201 blend=00050600 depth=01040102 colour=FF9C8964 mask=7 scissor=0,0,640,480 fog=0
83 pid=FFFDF7A3 state tex=1401 size=01000080 tex=01040201 blend=00050600 depth=01040102 colour=FFFFFFED mask=7 scissor=0,0,640,480 fog=0
84 pid=FFFDF7A3 state tex=1409 size=01000080 tex=01040201 blend=00050600 depth=01040102 colour=FF4D4137 mask=7 scissor=0,0,640,480 fog=0
85 pid=FFFDF7A3 state tex=1152 size=01000100 tex=01040101 blend=00050601 depth=00040101 colour=FFFFFFFF mask=7 scissor=0,0,640,480 fog=0
86 pid=FFFDF7A3 refused tex=1152 size=01000100 tex=02040101 blend=00050601 depth=00040101 colour=FFFFFFFF mask=7 scissor=0,0,640,480 fog=0
87 pid=FFFDF7A3 draw result=4 triangles=18 submitted=0
88 pid=FFFDF7A3   v0 sx=439E0000 sy=436C0000 sz=3F000000 rhw=3F800000 tu=3F70028F tv=3823D70A
89 pid=FFFDF7A3   v1 sx=43A20000 sy=436C0000 sz=3F000000 rhw=3F800000 tu=3F77FD71 tv=3823D70A
90 pid=FFFDF7A3   v2 sx=43A20000 sy=43740002 sz=3F000000 rhw=3F800000 tu=3F77FD71 tv=3CFFAE14
91 pid=FFFDF7A3 draw result=4 triangles=18 submitted=0
92 pid=FFFDF7A3   v0 sx=439E0000 sy=436C0000 sz=3F000000 rhw=3F800000 tu=3F70028F tv=3823D70A
93 pid=FFFDF7A3   v1 sx=43A20000 sy=436C0000 sz=3F000000 rhw=3F800000 tu=3F77FD71 tv=3823D70A
94 pid=FFFDF7A3   v2 sx=43A20000 sy=43740002 sz=3F000000 rhw=3F800000 tu=3F77FD71 tv=3CFFAE14
95 pid=FFFDF7A3 draw result=4 triangles=18 submitted=0
96 pid=FFFDF7A3   v0 sx=439E0000 sy=436C0000 sz=3F000000 rhw=3F800000 tu=3F70028F tv=3823D70A
97 pid=FFFDF7A3   v1 sx=43A20000 sy=436C0000 sz=3F000000 rhw=3F800000 tu=3F77FD71 tv=3823D70A
98 pid=FFFDF7A3   v2 sx=43A20000 sy=43740002 sz=3F000000 rhw=3F800000 tu=3F77FD71 tv=3CFFAE14
99 pid=FFFDF7A3 draw result=4 triangles=18 submitted=0
100 pid=FFFDF7A3   v0 sx=439E0000 sy=436C0000 sz=3F000000 rhw=3F800000 tu=3F70028F tv=3823D70A
101 pid=FFFDF7A3   v1 sx=43A20000 sy=436C0000 sz=3F000000 rhw=3F800000 tu=3F77FD71 tv=3823D70A
102 pid=FFFDF7A3   v2 sx=43A20000 sy=43740002 sz=3F000000 rhw=3F800000 tu=3F77FD71 tv=3CFFAE14
103 pid=FFFDF7A3 draw result=4 triangles=18 submitted=0
104 pid=FFFDF7A3   v0 sx=439E0000 sy=436C0000 sz=3F000000 rhw=3F800000 tu=3F70028F tv=3823D70A
105 pid=FFFDF7A3   v1 sx=43A20000 sy=436C0000 sz=3F000000 rhw=3F800000 tu=3F77FD71 tv=3823D70A
106 pid=FFFDF7A3   v2 sx=43A20000 sy=43740002 sz=3F000000 rhw=3F800000 tu=3F77FD71 tv=3CFFAE14
107 pid=FFFDF7A3 draw result=4 triangles=18 submitted=0
108 pid=FFFDF7A3   v0 sx=439E0000 sy=436C0000 sz=3F000000 rhw=3F800000 tu=3F70028F tv=3823D70A
109 pid=FFFDF7A3   v1 sx=43A20000 sy=436C0000 sz=3F000000 rhw=3F800000 tu=3F77FD71 tv=3823D70A
110 pid=FFFDF7A3   v2 sx=43A20000 sy=43740002 sz=3F000000 rhw=3F800000 tu=3F77FD71 tv=3CFFAE14
111 pid=FFFDF7A3 state tex=1267 size=00400020 tex=01010101 blend=00050600 depth=01040102 colour=FFFFFFFF mask=7 scissor=0,0,640,480 fog=0
112 pid=FFFDF7A3 state tex=1268 size=00400040 tex=01010101 blend=00050600 depth=01040102 colour=FFFFFFFF mask=7 scissor=0,0,640,480 fog=0
113 pid=FFFDF7A3 state tex=1266 size=00400020 tex=01010101 blend=00050600 depth=01040102 colour=FFFFFFFF mask=7 scissor=0,0,640,480 fog=0
114 pid=FFFDF7A3 state tex=1024 size=00800080 tex=01010101 blend=01010300 depth=01040001 colour=FFFFFFFF mask=7 scissor=0,0,640,480 fog=0
115 pid=FFFDF7A3 state tex=1381 size=01000080 tex=01040201 blend=00050600 depth=01040102 colour=FF9C8D54 mask=7 scissor=0,0,640,480 fog=0
116 pid=FFFDF7A3 state tex=1342 size=00800040 tex=01010200 blend=01050600 depth=01040002 colour=AA6D6153 mask=7 scissor=0,0,640,480 fog=0
117 pid=FFFDF7A3 state tex=1153 size=00080008 tex=01040202 blend=01050600 depth=01040002 colour=FF730700 mask=7 scissor=0,0,640,480 fog=0
118 pid=FFFDF7A3 refused tex=1153 size=00080008 tex=02040202 blend=01050600 depth=01040002 colour=D4730700 mask=7 scissor=0,0,640,480 fog=0
119 pid=FFFDF7A3 time interval-ms=10007 swaps=17 present-ms=87 draw-ms=8980 upload-ms=107
120 pid=FFFDF7A3 tsc frames=17 wall-ms=10007 vertex-ms=244 flush-in-vertex-ms=25 flush-other-ms=9085 bind-ms=4 iface-ms=8980 beginend-ms=5947 swap-ms=87 vertices=154897 flushes=1376 draws=1415 sink-ms=5955 sink-prep-ms=33 sinks=18420
121 pid=FFFDF7A3 sink begin-ms=14 flush-ms=5911 copy-ms=7 prep-texture-ms=17 prep-state-ms=7 prep-same-ms=7
122 pid=FFFDF7A3 hwno hwtex-ms=112 iface-cpu-ms=0 not-cpu=0 square-side=0 too-big=0 format=0 no-object=0 no-record=0 table-full=0 unusable=0 backoff=0 make-failed=0 square-alloc=0 upload=0
123 pid=FFFDF7A3 prim transform-ms=31 inside-ms=24 window-ms=44 assemble-ms=105 history-ms=11 fast=43661 clipped=23633 culled=25691
124 pid=FFFDF7A3 paths batches/triangles untextured=0/0 hw=1338/52006 cpu=0/0 cpu-nonsquare=0/0 hw-refused=39/1666
125 pid=FFFDF7A3 counters hwtex live=46 creates=46 create-failed=0 evictions=0 uploads=47 upload-kb=1206 squared=0 alpha-dropped=0 stubs=0 failed r4=39 r7=0 r8=0 other=0
126 pid=FFFDF7A3 state tex=1153 size=00000000 tex=00000000 blend=01050600 depth=00040100 colour=33FF0000 mask=7 scissor=0,0,640,480 fog=0
127 pid=FFFDF7A3 time interval-ms=10000 swaps=18 present-ms=92 draw-ms=9094 upload-ms=13
128 pid=FFFDF7A3 tsc frames=18 wall-ms=10000 vertex-ms=213 flush-in-vertex-ms=9 flush-other-ms=9106 bind-ms=4 iface-ms=9094 beginend-ms=5767 swap-ms=92 vertices=145372 flushes=1343 draws=1434 sink-ms=5762 sink-prep-ms=30 sinks=16781
129 pid=FFFDF7A3 sink begin-ms=13 flush-ms=5721 copy-ms=7 prep-texture-ms=16 prep-state-ms=6 prep-same-ms=6
130 pid=FFFDF7A3 hwno hwtex-ms=15 iface-cpu-ms=0 not-cpu=1 square-side=0 too-big=0 format=0 no-object=0 no-record=0 table-full=0 unusable=0 backoff=0 make-failed=0 square-alloc=0 upload=0
131 pid=FFFDF7A3 prim transform-ms=29 inside-ms=23 window-ms=43 assemble-ms=83 history-ms=10 fast=41855 clipped=18928 culled=24233
132 pid=FFFDF7A3 paths batches/triangles untextured=1/5 hw=2589/98981 cpu=0/0 cpu-nonsquare=0/0 hw-refused=130/6294
133 pid=FFFDF7A3 counters hwtex live=46 creates=46 create-failed=0 evictions=0 uploads=52 upload-kb=1366 squared=0 alpha-dropped=0 stubs=0 failed r4=130 r7=0 r8=0 other=0
134 pid=FFFDF7A3 state tex=1361 size=01000080 tex=01040201 blend=00050600 depth=01040102 colour=FFA99362 mask=7 scissor=0,0,640,480 fog=0
135 pid=FFFDF7A3 time interval-ms=10009 swaps=18 present-ms=92 draw-ms=9038 upload-ms=35
136 pid=FFFDF7A3 tsc frames=18 wall-ms=10009 vertex-ms=241 flush-in-vertex-ms=12 flush-other-ms=9070 bind-ms=4 iface-ms=9038 beginend-ms=5943 swap-ms=93 vertices=165476 flushes=1396 draws=1468 sink-ms=5938 sink-prep-ms=32 sinks=17843
137 pid=FFFDF7A3 sink begin-ms=14 flush-ms=5895 copy-ms=7 prep-texture-ms=17 prep-state-ms=7 prep-same-ms=7
138 pid=FFFDF7A3 hwno hwtex-ms=36 iface-cpu-ms=0 not-cpu=10 square-side=0 too-big=0 format=0 no-object=0 no-record=0 table-full=0 unusable=0 backoff=0 make-failed=0 square-alloc=0 upload=0
139 pid=FFFDF7A3 prim transform-ms=33 inside-ms=25 window-ms=45 assemble-ms=98 history-ms=11 fast=42885 clipped=27265 culled=26560
140 pid=FFFDF7A3 paths batches/triangles untextured=11/55 hw=3903/149062 cpu=0/0 cpu-nonsquare=0/0 hw-refused=202/9531
141 pid=FFFDF7A3 counters hwtex live=47 creates=47 create-failed=0 evictions=0 uploads=61 upload-kb=1707 squared=0 alpha-dropped=0 stubs=0 failed r4=202 r7=0 r8=0 other=0
142 pid=FFFDF7A3 time interval-ms=10008 swaps=17 present-ms=87 draw-ms=9079 upload-ms=25
143 pid=FFFDF7A3 tsc frames=17 wall-ms=10008 vertex-ms=239 flush-in-vertex-ms=15 flush-other-ms=9095 bind-ms=2 iface-ms=9079 beginend-ms=6002 swap-ms=88 vertices=165863 flushes=1412 draws=1469 sink-ms=6000 sink-prep-ms=33 sinks=18656
144 pid=FFFDF7A3 sink begin-ms=15 flush-ms=5955 copy-ms=7 prep-texture-ms=17 prep-state-ms=7 prep-same-ms=7
145 pid=FFFDF7A3 hwno hwtex-ms=27 iface-cpu-ms=0 not-cpu=8 square-side=0 too-big=0 format=0 no-object=0 no-record=0 table-full=0 unusable=0 backoff=0 make-failed=0 square-alloc=0 upload=0
146 pid=FFFDF7A3 prim transform-ms=33 inside-ms=25 window-ms=45 assemble-ms=95 history-ms=11 fast=46093 clipped=26982 culled=25584
147 pid=FFFDF7A3 paths batches/triangles untextured=19/95 hw=5250/200987 cpu=0/0 cpu-nonsquare=0/0 hw-refused=259/12233
148 pid=FFFDF7A3 counters hwtex live=50 creates=50 create-failed=0 evictions=0 uploads=72 upload-kb=1993 squared=0 alpha-dropped=0 stubs=0 failed r4=259 r7=0 r8=0 other=0
149 pid=FFFDF7A3 time interval-ms=10020 swaps=12 present-ms=79 draw-ms=9010 upload-ms=10
150 pid=FFFDF7A3 tsc frames=12 wall-ms=10020 vertex-ms=281 flush-in-vertex-ms=7 flush-other-ms=9097 bind-ms=79 iface-ms=9009 beginend-ms=6819 swap-ms=79 vertices=152536 flushes=1202 draws=1290 sink-ms=6811 sink-prep-ms=31 sinks=16799
151 pid=FFFDF7A3 sink begin-ms=14 flush-ms=6767 copy-ms=8 prep-texture-ms=17 prep-state-ms=7 prep-same-ms=6
152 pid=FFFDF7A3 hwno hwtex-ms=12 iface-cpu-ms=0 not-cpu=9 square-side=0 too-big=0 format=0 no-object=0 no-record=0 table-full=0 unusable=0 backoff=0 make-failed=0 square-alloc=0 upload=0
153 pid=FFFDF7A3 prim transform-ms=81 inside-ms=24 window-ms=46 assemble-ms=77 history-ms=11 fast=45360 clipped=19819 culled=23155
154 pid=FFFDF7A3 paths batches/triangles untextured=28/140 hw=6355/246935 cpu=0/0 cpu-nonsquare=0/0 hw-refused=347/16847
155 pid=FFFDF7A3 counters hwtex live=50 creates=50 create-failed=0 evictions=0 uploads=76 upload-kb=2121 squared=0 alpha-dropped=0 stubs=0 failed r4=347 r7=0 r8=0 other=0
156 pid=FFFDF7A3 time interval-ms=10653 swaps=10 present-ms=51 draw-ms=9018 upload-ms=54
157 pid=FFFDF7A3 tsc frames=10 wall-ms=10653 vertex-ms=373 flush-in-vertex-ms=57 flush-other-ms=9101 bind-ms=81 iface-ms=9017 beginend-ms=6709 swap-ms=51 vertices=108043 flushes=932 draws=1002 sink-ms=6750 sink-prep-ms=24 sinks=11960
158 pid=FFFDF7A3 sink begin-ms=14 flush-ms=6715 copy-ms=6 prep-texture-ms=13 prep-state-ms=5 prep-same-ms=5
159 pid=FFFDF7A3 hwno hwtex-ms=57 iface-cpu-ms=0 not-cpu=6 square-side=0 too-big=0 format=0 no-object=0 no-record=0 table-full=0 unusable=0 backoff=0 make-failed=0 square-alloc=0 upload=0
160 pid=FFFDF7A3 prim transform-ms=46 inside-ms=19 window-ms=85 assemble-ms=132 history-ms=10 fast=33127 clipped=11373 culled=17933
161 pid=FFFDF7A3 paths batches/triangles untextured=34/170 hw=7211/281345 cpu=0/0 cpu-nonsquare=0/0 hw-refused=417/20633
162 pid=FFFDF7A3 counters hwtex live=57 creates=57 create-failed=0 evictions=0 uploads=89 upload-kb=2568 squared=0 alpha-dropped=1 stubs=0 failed r4=417 r7=0 r8=0 other=0
163 pid=FFFDF7A3 refused tex=1155 size=00800080 tex=02040101 blend=00050601 depth=00040101 colour=FFFFFFFF mask=7 scissor=0,0,640,480 fog=0
164 pid=FFFDF7A3 time interval-ms=10000 swaps=63 present-ms=321 draw-ms=5218 upload-ms=54
165 pid=FFFDF7A3 tsc frames=63 wall-ms=10000 vertex-ms=281 flush-in-vertex-ms=0 flush-other-ms=5284 bind-ms=6 iface-ms=5218 beginend-ms=245 swap-ms=322 vertices=244120 flushes=1982 draws=3901 sink-ms=208 sink-prep-ms=89 sinks=61030
166 pid=FFFDF7A3 sink begin-ms=29 flush-ms=87 copy-ms=16 prep-texture-ms=40 prep-state-ms=22 prep-same-ms=23
167 pid=FFFDF7A3 hwno hwtex-ms=55 iface-cpu-ms=0 not-cpu=0 square-side=0 too-big=0 format=0 no-object=0 no-record=0 table-full=0 unusable=0 backoff=0 make-failed=0 square-alloc=0 upload=0
168 pid=FFFDF7A3 prim transform-ms=48 inside-ms=40 window-ms=65 assemble-ms=69 history-ms=18 fast=122060 clipped=0 culled=0
169 pid=FFFDF7A3 paths batches/triangles untextured=34/170 hw=7274/281471 cpu=0/0 cpu-nonsquare=0/0 hw-refused=2336/142567
170 pid=FFFDF7A3 counters hwtex live=58 creates=58 create-failed=0 evictions=0 uploads=90 upload-kb=2600 squared=0 alpha-dropped=64 stubs=0 failed r4=2336 r7=0 r8=0 other=0
171 pid=FFFDF7A3 time interval-ms=10123 swaps=64 present-ms=327 draw-ms=5308 upload-ms=0
172 pid=FFFDF7A3 tsc frames=64 wall-ms=10123 vertex-ms=277 flush-in-vertex-ms=0 flush-other-ms=5315 bind-ms=2 iface-ms=5308 beginend-ms=184 swap-ms=327 vertices=240512 flushes=1955 draws=3846 sink-ms=147 sink-prep-ms=88 sinks=60128
173 pid=FFFDF7A3 sink begin-ms=29 flush-ms=28 copy-ms=15 prep-texture-ms=39 prep-state-ms=22 prep-same-ms=23
174 pid=FFFDF7A3 hwno hwtex-ms=1 iface-cpu-ms=0 not-cpu=0 square-side=0 too-big=0 format=0 no-object=0 no-record=0 table-full=0 unusable=0 backoff=0 make-failed=0 square-alloc=0 upload=0
175 pid=FFFDF7A3 prim transform-ms=48 inside-ms=39 window-ms=64 assemble-ms=68 history-ms=18 fast=120256 clipped=0 culled=0
176 pid=FFFDF7A3 paths batches/triangles untextured=34/170 hw=7338/281599 cpu=0/0 cpu-nonsquare=0/0 hw-refused=4227/262695
177 pid=FFFDF7A3 counters hwtex live=58 creates=58 create-failed=0 evictions=0 uploads=90 upload-kb=2600 squared=0 alpha-dropped=128 stubs=0 failed r4=4227 r7=0 r8=0 other=0
178 pid=FFFDF7A3 time interval-ms=10131 swaps=64 present-ms=326 draw-ms=5302 upload-ms=0
179 pid=FFFDF7A3 tsc frames=64 wall-ms=10131 vertex-ms=281 flush-in-vertex-ms=0 flush-other-ms=5310 bind-ms=4 iface-ms=5301 beginend-ms=187 swap-ms=326 vertices=244224 flushes=1984 draws=3904 sink-ms=150 sink-prep-ms=89 sinks=61056
180 pid=FFFDF7A3 sink begin-ms=29 flush-ms=30 copy-ms=16 prep-texture-ms=40 prep-state-ms=22 prep-same-ms=23
181 pid=FFFDF7A3 hwno hwtex-ms=1 iface-cpu-ms=0 not-cpu=0 square-side=0 too-big=0 format=0 no-object=0 no-record=0 table-full=0 unusable=0 backoff=0 make-failed=0 square-alloc=0 upload=0
182 pid=FFFDF7A3 prim transform-ms=48 inside-ms=40 window-ms=65 assemble-ms=69 history-ms=18 fast=122112 clipped=0 culled=0
183 pid=FFFDF7A3 paths batches/triangles untextured=34/170 hw=7402/281727 cpu=0/0 cpu-nonsquare=0/0 hw-refused=6147/384679
184 pid=FFFDF7A3 counters hwtex live=58 creates=58 create-failed=0 evictions=0 uploads=90 upload-kb=2600 squared=0 alpha-dropped=192 stubs=0 failed r4=6147 r7=0 r8=0 other=0
185 pid=FFFDF7A3 time interval-ms=10129 swaps=64 present-ms=326 draw-ms=5303 upload-ms=0
186 pid=FFFDF7A3 tsc frames=64 wall-ms=10129 vertex-ms=281 flush-in-vertex-ms=0 flush-other-ms=5310 bind-ms=2 iface-ms=5303 beginend-ms=186 swap-ms=326 vertices=244224 flushes=1984 draws=3904 sink-ms=149 sink-prep-ms=89 sinks=61056
187 pid=FFFDF7A3 sink begin-ms=29 flush-ms=28 copy-ms=16 prep-texture-ms=40 prep-state-ms=22 prep-same-ms=23
188 pid=FFFDF7A3 hwno hwtex-ms=1 iface-cpu-ms=0 not-cpu=0 square-side=0 too-big=0 format=0 no-object=0 no-record=0 table-full=0 unusable=0 backoff=0 make-failed=0 square-alloc=0 upload=0
189 pid=FFFDF7A3 prim transform-ms=48 inside-ms=40 window-ms=65 assemble-ms=69 history-ms=18 fast=122112 clipped=0 culled=0
190 pid=FFFDF7A3 paths batches/triangles untextured=34/170 hw=7466/281855 cpu=0/0 cpu-nonsquare=0/0 hw-refused=8067/506663
191 pid=FFFDF7A3 counters hwtex live=58 creates=58 create-failed=0 evictions=0 uploads=90 upload-kb=2600 squared=0 alpha-dropped=256 stubs=0 failed r4=8067 r7=0 r8=0 other=0
192 pid=FFFDF7A3 time interval-ms=10129 swaps=64 present-ms=326 draw-ms=5303 upload-ms=0
193 pid=FFFDF7A3 tsc frames=64 wall-ms=10129 vertex-ms=281 flush-in-vertex-ms=0 flush-other-ms=5310 bind-ms=2 iface-ms=5303 beginend-ms=185 swap-ms=326 vertices=244224 flushes=1984 draws=3904 sink-ms=149 sink-prep-ms=89 sinks=61056
194 pid=FFFDF7A3 sink begin-ms=29 flush-ms=28 copy-ms=16 prep-texture-ms=40 prep-state-ms=22 prep-same-ms=23
195 pid=FFFDF7A3 hwno hwtex-ms=1 iface-cpu-ms=0 not-cpu=0 square-side=0 too-big=0 format=0 no-object=0 no-record=0 table-full=0 unusable=0 backoff=0 make-failed=0 square-alloc=0 upload=0
196 pid=FFFDF7A3 prim transform-ms=48 inside-ms=40 window-ms=65 assemble-ms=69 history-ms=18 fast=122112 clipped=0 culled=0
197 pid=FFFDF7A3 paths batches/triangles untextured=34/170 hw=7530/281983 cpu=0/0 cpu-nonsquare=0/0 hw-refused=9987/628647
198 pid=FFFDF7A3 counters hwtex live=58 creates=58 create-failed=0 evictions=0 uploads=90 upload-kb=2600 squared=0 alpha-dropped=320 stubs=0 failed r4=9987 r7=0 r8=0 other=0
199 pid=FFFDF7A3 time interval-ms=10128 swaps=64 present-ms=325 draw-ms=5303 upload-ms=0
200 pid=FFFDF7A3 tsc frames=64 wall-ms=10128 vertex-ms=281 flush-in-vertex-ms=0 flush-other-ms=5310 bind-ms=2 iface-ms=5303 beginend-ms=185 swap-ms=326 vertices=244224 flushes=1984 draws=3904 sink-ms=148 sink-prep-ms=89 sinks=61056
201 pid=FFFDF7A3 sink begin-ms=29 flush-ms=28 copy-ms=16 prep-texture-ms=40 prep-state-ms=22 prep-same-ms=23
202 pid=FFFDF7A3 hwno hwtex-ms=1 iface-cpu-ms=0 not-cpu=0 square-side=0 too-big=0 format=0 no-object=0 no-record=0 table-full=0 unusable=0 backoff=0 make-failed=0 square-alloc=0 upload=0
203 pid=FFFDF7A3 prim transform-ms=48 inside-ms=40 window-ms=65 assemble-ms=69 history-ms=18 fast=122112 clipped=0 culled=0
204 pid=FFFDF7A3 paths batches/triangles untextured=34/170 hw=7594/282111 cpu=0/0 cpu-nonsquare=0/0 hw-refused=11907/750631
205 pid=FFFDF7A3 counters hwtex live=58 creates=58 create-failed=0 evictions=0 uploads=90 upload-kb=2600 squared=0 alpha-dropped=384 stubs=0 failed r4=11907 r7=0 r8=0 other=0
206 pid=FFFDF7A3 time interval-ms=10128 swaps=64 present-ms=326 draw-ms=5304 upload-ms=0
207 pid=FFFDF7A3 tsc frames=64 wall-ms=10128 vertex-ms=281 flush-in-vertex-ms=0 flush-other-ms=5312 bind-ms=2 iface-ms=5304 beginend-ms=185 swap-ms=326 vertices=244224 flushes=1984 draws=3904 sink-ms=149 sink-prep-ms=89 sinks=61056
208 pid=FFFDF7A3 sink begin-ms=29 flush-ms=28 copy-ms=16 prep-texture-ms=40 prep-state-ms=22 prep-same-ms=23
209 pid=FFFDF7A3 hwno hwtex-ms=1 iface-cpu-ms=0 not-cpu=0 square-side=0 too-big=0 format=0 no-object=0 no-record=0 table-full=0 unusable=0 backoff=0 make-failed=0 square-alloc=0 upload=0
210 pid=FFFDF7A3 prim transform-ms=48 inside-ms=40 window-ms=65 assemble-ms=69 history-ms=18 fast=122112 clipped=0 culled=0
211 pid=FFFDF7A3 paths batches/triangles untextured=34/170 hw=7658/282239 cpu=0/0 cpu-nonsquare=0/0 hw-refused=13827/872615
212 pid=FFFDF7A3 counters hwtex live=58 creates=58 create-failed=0 evictions=0 uploads=90 upload-kb=2600 squared=0 alpha-dropped=448 stubs=0 failed r4=13827 r7=0 r8=0 other=0
213 pid=FFFDF7A3 time interval-ms=10129 swaps=64 present-ms=326 draw-ms=5303 upload-ms=0
214 pid=FFFDF7A3 tsc frames=64 wall-ms=10129 vertex-ms=282 flush-in-vertex-ms=0 flush-other-ms=5310 bind-ms=2 iface-ms=5303 beginend-ms=186 swap-ms=326 vertices=244224 flushes=1984 draws=3904 sink-ms=149 sink-prep-ms=90 sinks=61056
215 pid=FFFDF7A3 sink begin-ms=29 flush-ms=28 copy-ms=16 prep-texture-ms=40 prep-state-ms=22 prep-same-ms=23
216 pid=FFFDF7A3 hwno hwtex-ms=1 iface-cpu-ms=0 not-cpu=0 square-side=0 too-big=0 format=0 no-object=0 no-record=0 table-full=0 unusable=0 backoff=0 make-failed=0 square-alloc=0 upload=0
217 pid=FFFDF7A3 prim transform-ms=48 inside-ms=40 window-ms=65 assemble-ms=69 history-ms=18 fast=122112 clipped=0 culled=0
218 pid=FFFDF7A3 paths batches/triangles untextured=34/170 hw=7722/282367 cpu=0/0 cpu-nonsquare=0/0 hw-refused=15747/994599
219 pid=FFFDF7A3 counters hwtex live=58 creates=58 create-failed=0 evictions=0 uploads=90 upload-kb=2600 squared=0 alpha-dropped=512 stubs=0 failed r4=15747 r7=0 r8=0 other=0
220 pid=FFFDF7A3 time interval-ms=10129 swaps=64 present-ms=326 draw-ms=5303 upload-ms=0
221 pid=FFFDF7A3 tsc frames=64 wall-ms=10129 vertex-ms=282 flush-in-vertex-ms=0 flush-other-ms=5310 bind-ms=2 iface-ms=5303 beginend-ms=186 swap-ms=327 vertices=244224 flushes=1984 draws=3904 sink-ms=149 sink-prep-ms=89 sinks=61056
222 pid=FFFDF7A3 sink begin-ms=29 flush-ms=28 copy-ms=16 prep-texture-ms=40 prep-state-ms=22 prep-same-ms=23
223 pid=FFFDF7A3 hwno hwtex-ms=1 iface-cpu-ms=0 not-cpu=0 square-side=0 too-big=0 format=0 no-object=0 no-record=0 table-full=0 unusable=0 backoff=0 make-failed=0 square-alloc=0 upload=0
224 pid=FFFDF7A3 prim transform-ms=48 inside-ms=40 window-ms=65 assemble-ms=69 history-ms=18 fast=122112 clipped=0 culled=0
225 pid=FFFDF7A3 paths batches/triangles untextured=34/170 hw=7786/282495 cpu=0/0 cpu-nonsquare=0/0 hw-refused=17667/1116583
226 pid=FFFDF7A3 counters hwtex live=58 creates=58 create-failed=0 evictions=0 uploads=90 upload-kb=2600 squared=0 alpha-dropped=576 stubs=0 failed r4=17667 r7=0 r8=0 other=0
227 pid=FFFDF7A3 time interval-ms=10131 swaps=64 present-ms=325 draw-ms=5303 upload-ms=0
228 pid=FFFDF7A3 tsc frames=64 wall-ms=10131 vertex-ms=281 flush-in-vertex-ms=0 flush-other-ms=5310 bind-ms=2 iface-ms=5303 beginend-ms=186 swap-ms=326 vertices=244224 flushes=1984 draws=3904 sink-ms=149 sink-prep-ms=89 sinks=61056
229 pid=FFFDF7A3 sink begin-ms=29 flush-ms=28 copy-ms=16 prep-texture-ms=40 prep-state-ms=22 prep-same-ms=23
230 pid=FFFDF7A3 hwno hwtex-ms=1 iface-cpu-ms=0 not-cpu=0 square-side=0 too-big=0 format=0 no-object=0 no-record=0 table-full=0 unusable=0 backoff=0 make-failed=0 square-alloc=0 upload=0
231 pid=FFFDF7A3 prim transform-ms=48 inside-ms=40 window-ms=65 assemble-ms=69 history-ms=18 fast=122112 clipped=0 culled=0
232 pid=FFFDF7A3 paths batches/triangles untextured=34/170 hw=7850/282623 cpu=0/0 cpu-nonsquare=0/0 hw-refused=19587/1238567
233 pid=FFFDF7A3 counters hwtex live=58 creates=58 create-failed=0 evictions=0 uploads=90 upload-kb=2600 squared=0 alpha-dropped=640 stubs=0 failed r4=19587 r7=0 r8=0 other=0
234 pid=FFFDF7A3 time interval-ms=10128 swaps=64 present-ms=326 draw-ms=5303 upload-ms=0
235 pid=FFFDF7A3 tsc frames=64 wall-ms=10128 vertex-ms=281 flush-in-vertex-ms=0 flush-other-ms=5310 bind-ms=2 iface-ms=5302 beginend-ms=185 swap-ms=326 vertices=244224 flushes=1984 draws=3904 sink-ms=149 sink-prep-ms=89 sinks=61056
236 pid=FFFDF7A3 sink begin-ms=29 flush-ms=28 copy-ms=16 prep-texture-ms=40 prep-state-ms=22 prep-same-ms=23
237 pid=FFFDF7A3 hwno hwtex-ms=1 iface-cpu-ms=0 not-cpu=0 square-side=0 too-big=0 format=0 no-object=0 no-record=0 table-full=0 unusable=0 backoff=0 make-failed=0 square-alloc=0 upload=0
238 pid=FFFDF7A3 prim transform-ms=48 inside-ms=40 window-ms=65 assemble-ms=69 history-ms=18 fast=122112 clipped=0 culled=0
239 pid=FFFDF7A3 paths batches/triangles untextured=34/170 hw=7914/282751 cpu=0/0 cpu-nonsquare=0/0 hw-refused=21507/1360551
240 pid=FFFDF7A3 counters hwtex live=58 creates=58 create-failed=0 evictions=0 uploads=90 upload-kb=2600 squared=0 alpha-dropped=704 stubs=0 failed r4=21507 r7=0 r8=0 other=0
241 pid=FFFDF7A3 time interval-ms=10129 swaps=64 present-ms=326 draw-ms=5303 upload-ms=0
242 pid=FFFDF7A3 tsc frames=64 wall-ms=10129 vertex-ms=281 flush-in-vertex-ms=0 flush-other-ms=5310 bind-ms=2 iface-ms=5303 beginend-ms=185 swap-ms=326 vertices=244224 flushes=1984 draws=3904 sink-ms=148 sink-prep-ms=89 sinks=61056
243 pid=FFFDF7A3 sink begin-ms=29 flush-ms=28 copy-ms=16 prep-texture-ms=40 prep-state-ms=22 prep-same-ms=23
244 pid=FFFDF7A3 hwno hwtex-ms=1 iface-cpu-ms=0 not-cpu=0 square-side=0 too-big=0 format=0 no-object=0 no-record=0 table-full=0 unusable=0 backoff=0 make-failed=0 square-alloc=0 upload=0
245 pid=FFFDF7A3 prim transform-ms=48 inside-ms=40 window-ms=65 assemble-ms=69 history-ms=18 fast=122112 clipped=0 culled=0
246 pid=FFFDF7A3 paths batches/triangles untextured=34/170 hw=7978/282879 cpu=0/0 cpu-nonsquare=0/0 hw-refused=23427/1482535
247 pid=FFFDF7A3 counters hwtex live=58 creates=58 create-failed=0 evictions=0 uploads=90 upload-kb=2600 squared=0 alpha-dropped=768 stubs=0 failed r4=23427 r7=0 r8=0 other=0
248 pid=FFFDF7A3 time interval-ms=10129 swaps=64 present-ms=326 draw-ms=5303 upload-ms=0
249 pid=FFFDF7A3 tsc frames=64 wall-ms=10129 vertex-ms=281 flush-in-vertex-ms=0 flush-other-ms=5310 bind-ms=2 iface-ms=5303 beginend-ms=185 swap-ms=326 vertices=244224 flushes=1984 draws=3904 sink-ms=149 sink-prep-ms=89 sinks=61056
250 pid=FFFDF7A3 sink begin-ms=29 flush-ms=28 copy-ms=16 prep-texture-ms=40 prep-state-ms=22 prep-same-ms=23
251 pid=FFFDF7A3 hwno hwtex-ms=1 iface-cpu-ms=0 not-cpu=0 square-side=0 too-big=0 format=0 no-object=0 no-record=0 table-full=0 unusable=0 backoff=0 make-failed=0 square-alloc=0 upload=0
252 pid=FFFDF7A3 prim transform-ms=48 inside-ms=40 window-ms=65 assemble-ms=69 history-ms=18 fast=122112 clipped=0 culled=0
253 pid=FFFDF7A3 paths batches/triangles untextured=34/170 hw=8042/283007 cpu=0/0 cpu-nonsquare=0/0 hw-refused=25347/1604519
254 pid=FFFDF7A3 counters hwtex live=58 creates=58 create-failed=0 evictions=0 uploads=90 upload-kb=2600 squared=0 alpha-dropped=832 stubs=0 failed r4=25347 r7=0 r8=0 other=0
255 pid=FFFDF7A3 time interval-ms=10130 swaps=64 present-ms=326 draw-ms=5301 upload-ms=0
256 pid=FFFDF7A3 tsc frames=64 wall-ms=10130 vertex-ms=282 flush-in-vertex-ms=0 flush-other-ms=5310 bind-ms=4 iface-ms=5301 beginend-ms=187 swap-ms=326 vertices=244224 flushes=1984 draws=3904 sink-ms=150 sink-prep-ms=89 sinks=61056
257 pid=FFFDF7A3 sink begin-ms=29 flush-ms=30 copy-ms=16 prep-texture-ms=40 prep-state-ms=22 prep-same-ms=23
258 pid=FFFDF7A3 hwno hwtex-ms=1 iface-cpu-ms=0 not-cpu=0 square-side=0 too-big=0 format=0 no-object=0 no-record=0 table-full=0 unusable=0 backoff=0 make-failed=0 square-alloc=0 upload=0
259 pid=FFFDF7A3 prim transform-ms=48 inside-ms=40 window-ms=65 assemble-ms=69 history-ms=18 fast=122112 clipped=0 culled=0
260 pid=FFFDF7A3 paths batches/triangles untextured=34/170 hw=8106/283135 cpu=0/0 cpu-nonsquare=0/0 hw-refused=27267/1726503
261 pid=FFFDF7A3 counters hwtex live=58 creates=58 create-failed=0 evictions=0 uploads=90 upload-kb=2600 squared=0 alpha-dropped=896 stubs=0 failed r4=27267 r7=0 r8=0 other=0
262 pid=FFFDF7A3 time interval-ms=10128 swaps=64 present-ms=326 draw-ms=5303 upload-ms=0
263 pid=FFFDF7A3 tsc frames=64 wall-ms=10128 vertex-ms=281 flush-in-vertex-ms=0 flush-other-ms=5310 bind-ms=2 iface-ms=5302 beginend-ms=185 swap-ms=326 vertices=244224 flushes=1984 draws=3904 sink-ms=149 sink-prep-ms=89 sinks=61056
264 pid=FFFDF7A3 sink begin-ms=29 flush-ms=28 copy-ms=16 prep-texture-ms=40 prep-state-ms=22 prep-same-ms=23
265 pid=FFFDF7A3 hwno hwtex-ms=1 iface-cpu-ms=0 not-cpu=0 square-side=0 too-big=0 format=0 no-object=0 no-record=0 table-full=0 unusable=0 backoff=0 make-failed=0 square-alloc=0 upload=0
266 pid=FFFDF7A3 prim transform-ms=48 inside-ms=40 window-ms=65 assemble-ms=69 history-ms=18 fast=122112 clipped=0 culled=0
267 pid=FFFDF7A3 paths batches/triangles untextured=34/170 hw=8170/283263 cpu=0/0 cpu-nonsquare=0/0 hw-refused=29187/1848487
268 pid=FFFDF7A3 counters hwtex live=58 creates=58 create-failed=0 evictions=0 uploads=90 upload-kb=2600 squared=0 alpha-dropped=960 stubs=0 failed r4=29187 r7=0 r8=0 other=0
269 pid=FFFDF7A3 time interval-ms=10129 swaps=64 present-ms=326 draw-ms=5303 upload-ms=0
270 pid=FFFDF7A3 tsc frames=64 wall-ms=10129 vertex-ms=281 flush-in-vertex-ms=0 flush-other-ms=5310 bind-ms=2 iface-ms=5303 beginend-ms=186 swap-ms=326 vertices=244224 flushes=1984 draws=3904 sink-ms=149 sink-prep-ms=89 sinks=61056
271 pid=FFFDF7A3 sink begin-ms=29 flush-ms=28 copy-ms=16 prep-texture-ms=40 prep-state-ms=22 prep-same-ms=23
272 pid=FFFDF7A3 hwno hwtex-ms=1 iface-cpu-ms=0 not-cpu=0 square-side=0 too-big=0 format=0 no-object=0 no-record=0 table-full=0 unusable=0 backoff=0 make-failed=0 square-alloc=0 upload=0
273 pid=FFFDF7A3 prim transform-ms=48 inside-ms=40 window-ms=65 assemble-ms=69 history-ms=18 fast=122112 clipped=0 culled=0
274 pid=FFFDF7A3 paths batches/triangles untextured=34/170 hw=8234/283391 cpu=0/0 cpu-nonsquare=0/0 hw-refused=31107/1970471
275 pid=FFFDF7A3 counters hwtex live=58 creates=58 create-failed=0 evictions=0 uploads=90 upload-kb=2600 squared=0 alpha-dropped=1024 stubs=0 failed r4=31107 r7=0 r8=0 other=0
276 pid=FFFDF7A3 time interval-ms=10130 swaps=64 present-ms=326 draw-ms=5304 upload-ms=0
277 pid=FFFDF7A3 tsc frames=64 wall-ms=10130 vertex-ms=281 flush-in-vertex-ms=0 flush-other-ms=5311 bind-ms=2 iface-ms=5304 beginend-ms=186 swap-ms=326 vertices=244224 flushes=1984 draws=3904 sink-ms=149 sink-prep-ms=89 sinks=61056
278 pid=FFFDF7A3 sink begin-ms=29 flush-ms=28 copy-ms=16 prep-texture-ms=40 prep-state-ms=22 prep-same-ms=23
279 pid=FFFDF7A3 hwno hwtex-ms=1 iface-cpu-ms=0 not-cpu=0 square-side=0 too-big=0 format=0 no-object=0 no-record=0 table-full=0 unusable=0 backoff=0 make-failed=0 square-alloc=0 upload=0
280 pid=FFFDF7A3 prim transform-ms=48 inside-ms=40 window-ms=65 assemble-ms=69 history-ms=18 fast=122112 clipped=0 culled=0
281 pid=FFFDF7A3 paths batches/triangles untextured=34/170 hw=8298/283519 cpu=0/0 cpu-nonsquare=0/0 hw-refused=33027/2092455
282 pid=FFFDF7A3 counters hwtex live=58 creates=58 create-failed=0 evictions=0 uploads=90 upload-kb=2600 squared=0 alpha-dropped=1088 stubs=0 failed r4=33027 r7=0 r8=0 other=0
283 pid=FFFDF7A3 time interval-ms=10127 swaps=64 present-ms=327 draw-ms=5303 upload-ms=0
284 pid=FFFDF7A3 tsc frames=64 wall-ms=10127 vertex-ms=281 flush-in-vertex-ms=0 flush-other-ms=5310 bind-ms=2 iface-ms=5303 beginend-ms=185 swap-ms=326 vertices=244224 flushes=1984 draws=3904 sink-ms=149 sink-prep-ms=89 sinks=61056
285 pid=FFFDF7A3 sink begin-ms=29 flush-ms=28 copy-ms=16 prep-texture-ms=40 prep-state-ms=22 prep-same-ms=23
286 pid=FFFDF7A3 hwno hwtex-ms=1 iface-cpu-ms=0 not-cpu=0 square-side=0 too-big=0 format=0 no-object=0 no-record=0 table-full=0 unusable=0 backoff=0 make-failed=0 square-alloc=0 upload=0
287 pid=FFFDF7A3 prim transform-ms=48 inside-ms=40 window-ms=65 assemble-ms=69 history-ms=18 fast=122112 clipped=0 culled=0
288 pid=FFFDF7A3 paths batches/triangles untextured=34/170 hw=8362/283647 cpu=0/0 cpu-nonsquare=0/0 hw-refused=34947/2214439
289 pid=FFFDF7A3 counters hwtex live=58 creates=58 create-failed=0 evictions=0 uploads=90 upload-kb=2600 squared=0 alpha-dropped=1152 stubs=0 failed r4=34947 r7=0 r8=0 other=0
290 pid=FFFDF7A3 time interval-ms=10129 swaps=64 present-ms=326 draw-ms=5303 upload-ms=0
291 pid=FFFDF7A3 tsc frames=64 wall-ms=10129 vertex-ms=281 flush-in-vertex-ms=0 flush-other-ms=5310 bind-ms=2 iface-ms=5303 beginend-ms=185 swap-ms=326 vertices=244224 flushes=1984 draws=3904 sink-ms=149 sink-prep-ms=89 sinks=61056
292 pid=FFFDF7A3 sink begin-ms=29 flush-ms=28 copy-ms=16 prep-texture-ms=40 prep-state-ms=22 prep-same-ms=23
293 pid=FFFDF7A3 hwno hwtex-ms=1 iface-cpu-ms=0 not-cpu=0 square-side=0 too-big=0 format=0 no-object=0 no-record=0 table-full=0 unusable=0 backoff=0 make-failed=0 square-alloc=0 upload=0
294 pid=FFFDF7A3 prim transform-ms=48 inside-ms=40 window-ms=65 assemble-ms=69 history-ms=18 fast=122112 clipped=0 culled=0
295 pid=FFFDF7A3 paths batches/triangles untextured=34/170 hw=8426/283775 cpu=0/0 cpu-nonsquare=0/0 hw-refused=36867/2336423
296 pid=FFFDF7A3 counters hwtex live=58 creates=58 create-failed=0 evictions=0 uploads=90 upload-kb=2600 squared=0 alpha-dropped=1216 stubs=0 failed r4=36867 r7=0 r8=0 other=0
297 pid=FFFDF7A3 time interval-ms=10129 swaps=64 present-ms=326 draw-ms=5303 upload-ms=0
298 pid=FFFDF7A3 tsc frames=64 wall-ms=10129 vertex-ms=281 flush-in-vertex-ms=0 flush-other-ms=5310 bind-ms=2 iface-ms=5303 beginend-ms=185 swap-ms=326 vertices=244224 flushes=1984 draws=3904 sink-ms=149 sink-prep-ms=89 sinks=61056
299 pid=FFFDF7A3 sink begin-ms=29 flush-ms=28 copy-ms=16 prep-texture-ms=40 prep-state-ms=22 prep-same-ms=23
300 pid=FFFDF7A3 hwno hwtex-ms=1 iface-cpu-ms=0 not-cpu=0 square-side=0 too-big=0 format=0 no-object=0 no-record=0 table-full=0 unusable=0 backoff=0 make-failed=0 square-alloc=0 upload=0
301 pid=FFFDF7A3 prim transform-ms=48 inside-ms=40 window-ms=65 assemble-ms=69 history-ms=18 fast=122112 clipped=0 culled=0
302 pid=FFFDF7A3 paths batches/triangles untextured=34/170 hw=8490/283903 cpu=0/0 cpu-nonsquare=0/0 hw-refused=38787/2458407
303 pid=FFFDF7A3 counters hwtex live=58 creates=58 create-failed=0 evictions=0 uploads=90 upload-kb=2600 squared=0 alpha-dropped=1280 stubs=0 failed r4=38787 r7=0 r8=0 other=0
304 pid=FFFDF7A3 time interval-ms=10129 swaps=64 present-ms=326 draw-ms=5303 upload-ms=0
305 pid=FFFDF7A3 tsc frames=64 wall-ms=10129 vertex-ms=281 flush-in-vertex-ms=0 flush-other-ms=5312 bind-ms=4 iface-ms=5303 beginend-ms=187 swap-ms=326 vertices=244224 flushes=1984 draws=3904 sink-ms=150 sink-prep-ms=89 sinks=61056
306 pid=FFFDF7A3 sink begin-ms=29 flush-ms=30 copy-ms=16 prep-texture-ms=40 prep-state-ms=22 prep-same-ms=23
307 pid=FFFDF7A3 hwno hwtex-ms=1 iface-cpu-ms=0 not-cpu=0 square-side=0 too-big=0 format=0 no-object=0 no-record=0 table-full=0 unusable=0 backoff=0 make-failed=0 square-alloc=0 upload=0
308 pid=FFFDF7A3 prim transform-ms=48 inside-ms=40 window-ms=65 assemble-ms=69 history-ms=18 fast=122112 clipped=0 culled=0
309 pid=FFFDF7A3 paths batches/triangles untextured=34/170 hw=8554/284031 cpu=0/0 cpu-nonsquare=0/0 hw-refused=40707/2580391
310 pid=FFFDF7A3 counters hwtex live=58 creates=58 create-failed=0 evictions=0 uploads=90 upload-kb=2600 squared=0 alpha-dropped=1344 stubs=0 failed r4=40707 r7=0 r8=0 other=0
311 pid=FFFDF7A3 time interval-ms=10129 swaps=64 present-ms=326 draw-ms=5303 upload-ms=0
312 pid=FFFDF7A3 tsc frames=64 wall-ms=10129 vertex-ms=281 flush-in-vertex-ms=0 flush-other-ms=5310 bind-ms=2 iface-ms=5303 beginend-ms=186 swap-ms=326 vertices=244224 flushes=1984 draws=3904 sink-ms=149 sink-prep-ms=89 sinks=61056
313 pid=FFFDF7A3 sink begin-ms=29 flush-ms=28 copy-ms=16 prep-texture-ms=40 prep-state-ms=22 prep-same-ms=23
314 pid=FFFDF7A3 hwno hwtex-ms=1 iface-cpu-ms=0 not-cpu=0 square-side=0 too-big=0 format=0 no-object=0 no-record=0 table-full=0 unusable=0 backoff=0 make-failed=0 square-alloc=0 upload=0
315 pid=FFFDF7A3 prim transform-ms=48 inside-ms=40 window-ms=65 assemble-ms=69 history-ms=18 fast=122112 clipped=0 culled=0
316 pid=FFFDF7A3 paths batches/triangles untextured=34/170 hw=8618/284159 cpu=0/0 cpu-nonsquare=0/0 hw-refused=42627/2702375
317 pid=FFFDF7A3 counters hwtex live=58 creates=58 create-failed=0 evictions=0 uploads=90 upload-kb=2600 squared=0 alpha-dropped=1408 stubs=0 failed r4=42627 r7=0 r8=0 other=0
318 pid=FFFDF7A3 time interval-ms=10128 swaps=64 present-ms=326 draw-ms=5303 upload-ms=0
319 pid=FFFDF7A3 tsc frames=64 wall-ms=10128 vertex-ms=281 flush-in-vertex-ms=0 flush-other-ms=5310 bind-ms=2 iface-ms=5303 beginend-ms=185 swap-ms=326 vertices=244224 flushes=1984 draws=3904 sink-ms=149 sink-prep-ms=89 sinks=61056
320 pid=FFFDF7A3 sink begin-ms=29 flush-ms=28 copy-ms=16 prep-texture-ms=40 prep-state-ms=22 prep-same-ms=23
321 pid=FFFDF7A3 hwno hwtex-ms=1 iface-cpu-ms=0 not-cpu=0 square-side=0 too-big=0 format=0 no-object=0 no-record=0 table-full=0 unusable=0 backoff=0 make-failed=0 square-alloc=0 upload=0
322 pid=FFFDF7A3 prim transform-ms=48 inside-ms=40 window-ms=65 assemble-ms=69 history-ms=18 fast=122112 clipped=0 culled=0
323 pid=FFFDF7A3 paths batches/triangles untextured=34/170 hw=8682/284287 cpu=0/0 cpu-nonsquare=0/0 hw-refused=44547/2824359
324 pid=FFFDF7A3 counters hwtex live=58 creates=58 create-failed=0 evictions=0 uploads=90 upload-kb=2600 squared=0 alpha-dropped=1472 stubs=0 failed r4=44547 r7=0 r8=0 other=0
325 pid=FFFDF7A3 time interval-ms=10128 swaps=64 present-ms=326 draw-ms=5303 upload-ms=0
326 pid=FFFDF7A3 tsc frames=64 wall-ms=10128 vertex-ms=282 flush-in-vertex-ms=0 flush-other-ms=5310 bind-ms=2 iface-ms=5303 beginend-ms=185 swap-ms=327 vertices=244224 flushes=1984 draws=3904 sink-ms=148 sink-prep-ms=89 sinks=61056
327 pid=FFFDF7A3 sink begin-ms=29 flush-ms=28 copy-ms=16 prep-texture-ms=40 prep-state-ms=22 prep-same-ms=23
328 pid=FFFDF7A3 hwno hwtex-ms=1 iface-cpu-ms=0 not-cpu=0 square-side=0 too-big=0 format=0 no-object=0 no-record=0 table-full=0 unusable=0 backoff=0 make-failed=0 square-alloc=0 upload=0
329 pid=FFFDF7A3 prim transform-ms=48 inside-ms=40 window-ms=65 assemble-ms=69 history-ms=18 fast=122112 clipped=0 culled=0
330 pid=FFFDF7A3 paths batches/triangles untextured=34/170 hw=8746/284415 cpu=0/0 cpu-nonsquare=0/0 hw-refused=46467/2946343
331 pid=FFFDF7A3 counters hwtex live=58 creates=58 create-failed=0 evictions=0 uploads=90 upload-kb=2600 squared=0 alpha-dropped=1536 stubs=0 failed r4=46467 r7=0 r8=0 other=0
332 pid=FFFDF7A3 time interval-ms=10129 swaps=64 present-ms=326 draw-ms=5303 upload-ms=0
333 pid=FFFDF7A3 tsc frames=64 wall-ms=10129 vertex-ms=281 flush-in-vertex-ms=0 flush-other-ms=5312 bind-ms=4 iface-ms=5303 beginend-ms=187 swap-ms=326 vertices=244224 flushes=1984 draws=3904 sink-ms=150 sink-prep-ms=89 sinks=61056
334 pid=FFFDF7A3 sink begin-ms=29 flush-ms=30 copy-ms=16 prep-texture-ms=40 prep-state-ms=22 prep-same-ms=23
335 pid=FFFDF7A3 hwno hwtex-ms=1 iface-cpu-ms=0 not-cpu=0 square-side=0 too-big=0 format=0 no-object=0 no-record=0 table-full=0 unusable=0 backoff=0 make-failed=0 square-alloc=0 upload=0
336 pid=FFFDF7A3 prim transform-ms=48 inside-ms=40 window-ms=65 assemble-ms=69 history-ms=18 fast=122112 clipped=0 culled=0
337 pid=FFFDF7A3 paths batches/triangles untextured=34/170 hw=8810/284543 cpu=0/0 cpu-nonsquare=0/0 hw-refused=48387/3068327
338 pid=FFFDF7A3 counters hwtex live=58 creates=58 create-failed=0 evictions=0 uploads=90 upload-kb=2600 squared=0 alpha-dropped=1600 stubs=0 failed r4=48387 r7=0 r8=0 other=0
339 pid=FFFDF7A3 time interval-ms=10129 swaps=64 present-ms=326 draw-ms=5301 upload-ms=0
340 pid=FFFDF7A3 tsc frames=64 wall-ms=10129 vertex-ms=282 flush-in-vertex-ms=0 flush-other-ms=5310 bind-ms=4 iface-ms=5301 beginend-ms=187 swap-ms=326 vertices=244224 flushes=1984 draws=3904 sink-ms=150 sink-prep-ms=89 sinks=61056
341 pid=FFFDF7A3 sink begin-ms=29 flush-ms=30 copy-ms=16 prep-texture-ms=40 prep-state-ms=22 prep-same-ms=23
342 pid=FFFDF7A3 hwno hwtex-ms=1 iface-cpu-ms=0 not-cpu=0 square-side=0 too-big=0 format=0 no-object=0 no-record=0 table-full=0 unusable=0 backoff=0 make-failed=0 square-alloc=0 upload=0
343 pid=FFFDF7A3 prim transform-ms=48 inside-ms=40 window-ms=65 assemble-ms=69 history-ms=18 fast=122112 clipped=0 culled=0
344 pid=FFFDF7A3 paths batches/triangles untextured=34/170 hw=8874/284671 cpu=0/0 cpu-nonsquare=0/0 hw-refused=50307/3190311
345 pid=FFFDF7A3 counters hwtex live=58 creates=58 create-failed=0 evictions=0 uploads=90 upload-kb=2600 squared=0 alpha-dropped=1664 stubs=0 failed r4=50307 r7=0 r8=0 other=0
346 pid=FFFDF7A3 time interval-ms=10129 swaps=64 present-ms=326 draw-ms=5303 upload-ms=0
347 pid=FFFDF7A3 tsc frames=64 wall-ms=10129 vertex-ms=281 flush-in-vertex-ms=0 flush-other-ms=5310 bind-ms=2 iface-ms=5303 beginend-ms=185 swap-ms=326 vertices=244224 flushes=1984 draws=3904 sink-ms=149 sink-prep-ms=89 sinks=61056
348 pid=FFFDF7A3 sink begin-ms=29 flush-ms=28 copy-ms=16 prep-texture-ms=40 prep-state-ms=22 prep-same-ms=23
349 pid=FFFDF7A3 hwno hwtex-ms=1 iface-cpu-ms=0 not-cpu=0 square-side=0 too-big=0 format=0 no-object=0 no-record=0 table-full=0 unusable=0 backoff=0 make-failed=0 square-alloc=0 upload=0
350 pid=FFFDF7A3 prim transform-ms=48 inside-ms=40 window-ms=65 assemble-ms=69 history-ms=18 fast=122112 clipped=0 culled=0
351 pid=FFFDF7A3 paths batches/triangles untextured=34/170 hw=8938/284799 cpu=0/0 cpu-nonsquare=0/0 hw-refused=52227/3312295
352 pid=FFFDF7A3 counters hwtex live=58 creates=58 create-failed=0 evictions=0 uploads=90 upload-kb=2600 squared=0 alpha-dropped=1728 stubs=0 failed r4=52227 r7=0 r8=0 other=0
353 pid=FFFDF7A3 time interval-ms=10129 swaps=64 present-ms=326 draw-ms=5304 upload-ms=0
354 pid=FFFDF7A3 tsc frames=64 wall-ms=10129 vertex-ms=281 flush-in-vertex-ms=0 flush-other-ms=5312 bind-ms=2 iface-ms=5304 beginend-ms=185 swap-ms=326 vertices=244224 flushes=1984 draws=3904 sink-ms=149 sink-prep-ms=89 sinks=61056
355 pid=FFFDF7A3 sink begin-ms=29 flush-ms=28 copy-ms=16 prep-texture-ms=40 prep-state-ms=22 prep-same-ms=23
356 pid=FFFDF7A3 hwno hwtex-ms=1 iface-cpu-ms=0 not-cpu=0 square-side=0 too-big=0 format=0 no-object=0 no-record=0 table-full=0 unusable=0 backoff=0 make-failed=0 square-alloc=0 upload=0
357 pid=FFFDF7A3 prim transform-ms=48 inside-ms=40 window-ms=65 assemble-ms=69 history-ms=18 fast=122112 clipped=0 culled=0
358 pid=FFFDF7A3 paths batches/triangles untextured=34/170 hw=9002/284927 cpu=0/0 cpu-nonsquare=0/0 hw-refused=54147/3434279
359 pid=FFFDF7A3 counters hwtex live=58 creates=58 create-failed=0 evictions=0 uploads=90 upload-kb=2600 squared=0 alpha-dropped=1792 stubs=0 failed r4=54147 r7=0 r8=0 other=0
360 pid=FFFDF7A3 time interval-ms=10129 swaps=64 present-ms=326 draw-ms=5303 upload-ms=0
361 pid=FFFDF7A3 tsc frames=64 wall-ms=10129 vertex-ms=281 flush-in-vertex-ms=0 flush-other-ms=5310 bind-ms=2 iface-ms=5303 beginend-ms=186 swap-ms=326 vertices=244224 flushes=1984 draws=3904 sink-ms=149 sink-prep-ms=89 sinks=61056
362 pid=FFFDF7A3 sink begin-ms=29 flush-ms=28 copy-ms=16 prep-texture-ms=40 prep-state-ms=22 prep-same-ms=23
363 pid=FFFDF7A3 hwno hwtex-ms=1 iface-cpu-ms=0 not-cpu=0 square-side=0 too-big=0 format=0 no-object=0 no-record=0 table-full=0 unusable=0 backoff=0 make-failed=0 square-alloc=0 upload=0
364 pid=FFFDF7A3 prim transform-ms=48 inside-ms=40 window-ms=65 assemble-ms=69 history-ms=18 fast=122112 clipped=0 culled=0
365 pid=FFFDF7A3 paths batches/triangles untextured=34/170 hw=9066/285055 cpu=0/0 cpu-nonsquare=0/0 hw-refused=56067/3556263
366 pid=FFFDF7A3 counters hwtex live=58 creates=58 create-failed=0 evictions=0 uploads=90 upload-kb=2600 squared=0 alpha-dropped=1856 stubs=0 failed r4=56067 r7=0 r8=0 other=0
367 pid=FFFDF7A3 time interval-ms=10128 swaps=64 present-ms=326 draw-ms=5303 upload-ms=0
368 pid=FFFDF7A3 tsc frames=64 wall-ms=10128 vertex-ms=281 flush-in-vertex-ms=0 flush-other-ms=5310 bind-ms=2 iface-ms=5303 beginend-ms=186 swap-ms=326 vertices=244224 flushes=1984 draws=3904 sink-ms=149 sink-prep-ms=89 sinks=61056
369 pid=FFFDF7A3 sink begin-ms=29 flush-ms=28 copy-ms=16 prep-texture-ms=40 prep-state-ms=22 prep-same-ms=23
370 pid=FFFDF7A3 hwno hwtex-ms=1 iface-cpu-ms=0 not-cpu=0 square-side=0 too-big=0 format=0 no-object=0 no-record=0 table-full=0 unusable=0 backoff=0 make-failed=0 square-alloc=0 upload=0
371 pid=FFFDF7A3 prim transform-ms=48 inside-ms=40 window-ms=65 assemble-ms=69 history-ms=18 fast=122112 clipped=0 culled=0
372 pid=FFFDF7A3 paths batches/triangles untextured=34/170 hw=9130/285183 cpu=0/0 cpu-nonsquare=0/0 hw-refused=57987/3678247
373 pid=FFFDF7A3 counters hwtex live=58 creates=58 create-failed=0 evictions=0 uploads=90 upload-kb=2600 squared=0 alpha-dropped=1920 stubs=0 failed r4=57987 r7=0 r8=0 other=0
374 pid=FFFDF7A3 time interval-ms=10129 swaps=64 present-ms=326 draw-ms=5303 upload-ms=0
375 pid=FFFDF7A3 tsc frames=64 wall-ms=10129 vertex-ms=281 flush-in-vertex-ms=0 flush-other-ms=5310 bind-ms=2 iface-ms=5303 beginend-ms=185 swap-ms=326 vertices=244224 flushes=1984 draws=3904 sink-ms=149 sink-prep-ms=89 sinks=61056
376 pid=FFFDF7A3 sink begin-ms=29 flush-ms=28 copy-ms=16 prep-texture-ms=40 prep-state-ms=22 prep-same-ms=23
377 pid=FFFDF7A3 hwno hwtex-ms=1 iface-cpu-ms=0 not-cpu=0 square-side=0 too-big=0 format=0 no-object=0 no-record=0 table-full=0 unusable=0 backoff=0 make-failed=0 square-alloc=0 upload=0
378 pid=FFFDF7A3 prim transform-ms=48 inside-ms=40 window-ms=65 assemble-ms=69 history-ms=18 fast=122112 clipped=0 culled=0
379 pid=FFFDF7A3 paths batches/triangles untextured=34/170 hw=9194/285311 cpu=0/0 cpu-nonsquare=0/0 hw-refused=59907/3800231
380 pid=FFFDF7A3 counters hwtex live=58 creates=58 create-failed=0 evictions=0 uploads=90 upload-kb=2600 squared=0 alpha-dropped=1984 stubs=0 failed r4=59907 r7=0 r8=0 other=0
381 pid=FFFDF7A3 time interval-ms=10135 swaps=64 present-ms=326 draw-ms=5309 upload-ms=0
382 pid=FFFDF7A3 tsc frames=64 wall-ms=10135 vertex-ms=283 flush-in-vertex-ms=0 flush-other-ms=5318 bind-ms=4 iface-ms=5309 beginend-ms=189 swap-ms=327 vertices=244224 flushes=1984 draws=3904 sink-ms=152 sink-prep-ms=90 sinks=61056
383 pid=FFFDF7A3 sink begin-ms=29 flush-ms=31 copy-ms=16 prep-texture-ms=40 prep-state-ms=22 prep-same-ms=23
384 pid=FFFDF7A3 hwno hwtex-ms=1 iface-cpu-ms=0 not-cpu=0 square-side=0 too-big=0 format=0 no-object=0 no-record=0 table-full=0 unusable=0 backoff=0 make-failed=0 square-alloc=0 upload=0
385 pid=FFFDF7A3 prim transform-ms=48 inside-ms=40 window-ms=65 assemble-ms=69 history-ms=18 fast=122112 clipped=0 culled=0
386 pid=FFFDF7A3 paths batches/triangles untextured=34/170 hw=9258/285439 cpu=0/0 cpu-nonsquare=0/0 hw-refused=61827/3922215
387 pid=FFFDF7A3 counters hwtex live=58 creates=58 create-failed=0 evictions=0 uploads=90 upload-kb=2600 squared=0 alpha-dropped=2048 stubs=0 failed r4=61827 r7=0 r8=0 other=0
1 pid=FFFDE0F3 attach instance=01CF0000 tls=11 build-marker=1
2 pid=FFFDE0F3 DrvValidateVersion version=1
3 pid=FFFDE0F3 DrvSetCallbackProcs count=3 procs=78B23978
4 pid=FFFDE0F3 describe result=0 engine=5 formats=00000002
5 pid=FFFDE0F3 DrvDescribePixelFormat index=1 bytes=0 -> count=1
6 pid=FFFDE0F3 DrvDescribePixelFormat index=1 bytes=40 -> count=1
7 pid=FFFDE0F3 DrvDescribePixelFormat index=1 bytes=0 -> count=1
8 pid=FFFDE0F3 DrvDescribePixelFormat index=1 bytes=0 -> count=1
9 pid=FFFDE0F3 DrvDescribePixelFormat index=1 bytes=0 -> count=1
10 pid=FFFDE0F3 DrvDescribePixelFormat index=1 bytes=0 -> count=1
11 pid=FFFDE0F3 DrvDescribePixelFormat index=1 bytes=0 -> count=1
12 pid=FFFDE0F3 DrvDescribePixelFormat index=1 bytes=0 -> count=1
13 pid=FFFDE0F3 DrvDescribePixelFormat index=1 bytes=0 -> count=1
14 pid=FFFDE0F3 DrvDescribePixelFormat index=1 bytes=0 -> count=1
15 pid=FFFDE0F3 DrvDescribePixelFormat index=1 bytes=0 -> count=1
16 pid=FFFDE0F3 DrvDescribePixelFormat index=1 bytes=0 -> count=1
17 pid=FFFDE0F3 DrvDescribePixelFormat index=1 bytes=0 -> count=1
18 pid=FFFDE0F3 DrvDescribePixelFormat index=1 bytes=0 -> count=1
19 pid=FFFDE0F3 DrvDescribePixelFormat index=1 bytes=0 -> count=1
20 pid=FFFDE0F3 DrvDescribePixelFormat index=1 bytes=0 -> count=1
21 pid=FFFDE0F3 DrvDescribePixelFormat index=1 bytes=0 -> count=1
22 pid=FFFDE0F3 DrvDescribePixelFormat index=1 bytes=0 -> count=1
23 pid=FFFDE0F3 DrvDescribePixelFormat index=1 bytes=0 -> count=1
24 pid=FFFDE0F3 DrvDescribePixelFormat index=1 bytes=0 -> count=1
25 pid=FFFDE0F3 DrvDescribePixelFormat index=1 bytes=0 -> count=1
26 pid=FFFDE0F3 DrvDescribePixelFormat index=1 bytes=0 -> count=1
27 pid=FFFDE0F3 DrvDescribePixelFormat index=1 bytes=0 -> count=1
28 pid=FFFDE0F3 DrvDescribePixelFormat index=1 bytes=0 -> count=1
29 pid=FFFDE0F3 DrvDescribePixelFormat index=1 bytes=0 -> count=1
30 pid=FFFDE0F3 DrvDescribePixelFormat index=1 bytes=0 -> count=1
31 pid=FFFDE0F3 DrvDescribePixelFormat index=1 bytes=0 -> count=1
32 pid=FFFDE0F3 DrvSetPixelFormat hdc=0000077E index=1
33 pid=FFFDE0F3 DrvDescribePixelFormat index=1 bytes=0 -> count=1
34 pid=FFFDE0F3 DrvDescribePixelFormat index=1 bytes=40 -> count=1
35 pid=FFFDE0F3 DrvDescribePixelFormat index=1 bytes=0 -> count=1
36 pid=FFFDE0F3 DrvDescribePixelFormat index=1 bytes=40 -> count=1
37 pid=FFFDE0F3 DrvCreateLayerContext hdc=0000077E layer=0 -> 1
38 pid=FFFDE0F3 drawable window=0000015C 640x480
39 pid=FFFDE0F3 DrvSetContext hdc=0000077E context=1 -> 1
40 pid=FFFDE0F3 state tex=1158 size=00400040 tex=01010101 blend=00050600 depth=01040102 colour=FFFFFFFF mask=7 scissor=0,0,640,480 fog=0
41 pid=FFFDE0F3 time interval-ms=62245 swaps=0 present-ms=0 draw-ms=880323136 upload-ms=11
42 pid=FFFDE0F3 tsc frames=0 wall-ms=62245 vertex-ms=7769 flush-in-vertex-ms=0 flush-other-ms=14586052 bind-ms=4016 iface-ms=10910057 beginend-ms=4411590 swap-ms=0 vertices=18 flushes=1 draws=1 sink-ms=4384256 sink-prep-ms=4382268 sinks=4
43 pid=FFFDE0F3 sink begin-ms=10574075 flush-ms=0 copy-ms=1189 prep-texture-ms=4381066 prep-state-ms=620 prep-same-ms=445
44 pid=FFFDE0F3 hwno hwtex-ms=3593781 iface-cpu-ms=0 not-cpu=0 square-side=0 too-big=0 format=0 no-object=0 no-record=0 table-full=0 unusable=0 backoff=0 make-failed=0 square-alloc=0 upload=0
45 pid=FFFDE0F3 prim transform-ms=1404 inside-ms=1074 window-ms=1679 assemble-ms=2078 history-ms=419 fast=10 clipped=0 culled=0
46 pid=FFFDE0F3 paths batches/triangles untextured=0/0 hw=1/10 cpu=0/0 cpu-nonsquare=0/0 hw-refused=0/0
47 pid=FFFDE0F3 counters hwtex live=1 creates=1 create-failed=0 evictions=0 uploads=1 upload-kb=10 squared=0 alpha-dropped=0 stubs=0 failed r4=0 r7=0 r8=0 other=0
48 pid=FFFDE0F3 state tex=1162 size=00400040 tex=01010101 blend=00050600 depth=01040102 colour=FFFFFFFF mask=7 scissor=0,0,640,480 fog=0
49 pid=FFFDE0F3 state tex=1163 size=00100010 tex=01010101 blend=00050600 depth=01040102 colour=FFFFFFFF mask=7 scissor=0,0,640,480 fog=0
50 pid=FFFDE0F3 state tex=1168 size=00100010 tex=01010101 blend=00050600 depth=01040102 colour=FFFFFFFF mask=7 scissor=0,0,640,480 fog=0
51 pid=FFFDE0F3 state tex=1172 size=00400040 tex=01010101 blend=00050600 depth=01040102 colour=FFFFFFFF mask=7 scissor=0,0,640,480 fog=0
52 pid=FFFDE0F3 state tex=1180 size=00400040 tex=01010101 blend=00050600 depth=01040102 colour=FFFFFFFF mask=7 scissor=0,0,640,480 fog=0
53 pid=FFFDE0F3 state tex=1184 size=00400040 tex=01010101 blend=00050600 depth=01040102 colour=FFFFFFFF mask=7 scissor=0,0,640,480 fog=0
54 pid=FFFDE0F3 state tex=1185 size=00400040 tex=01010101 blend=00050600 depth=01040102 colour=FFFFFFFF mask=7 scissor=0,0,640,480 fog=0
55 pid=FFFDE0F3 state tex=1188 size=00400040 tex=01010101 blend=00050600 depth=01040102 colour=FFFFFFFF mask=7 scissor=0,0,640,480 fog=0
56 pid=FFFDE0F3 state tex=1191 size=00400040 tex=01010101 blend=00050600 depth=01040102 colour=FFFFFFFF mask=7 scissor=0,0,640,480 fog=0
57 pid=FFFDE0F3 state tex=1206 size=00400040 tex=01010101 blend=00050600 depth=01040102 colour=FFFFFFFF mask=7 scissor=0,0,640,480 fog=0
58 pid=FFFDE0F3 state tex=1210 size=00800080 tex=01010101 blend=00050600 depth=01040102 colour=FFFFFFFF mask=7 scissor=0,0,640,480 fog=0
59 pid=FFFDE0F3 state tex=1214 size=00400040 tex=01010101 blend=00050600 depth=01040102 colour=FFFFFFFF mask=7 scissor=0,0,640,480 fog=0
60 pid=FFFDE0F3 state tex=1216 size=00400040 tex=01010101 blend=00050600 depth=01040102 colour=FFFFFFFF mask=7 scissor=0,0,640,480 fog=0
61 pid=FFFDE0F3 state tex=1218 size=00400040 tex=01010101 blend=00050600 depth=01040102 colour=FFFFFFFF mask=7 scissor=0,0,640,480 fog=0
62 pid=FFFDE0F3 state tex=1225 size=00400040 tex=01010101 blend=00050600 depth=01040102 colour=FFFFFFFF mask=7 scissor=0,0,640,480 fog=0
63 pid=FFFDE0F3 state tex=1226 size=00400040 tex=01010101 blend=00050600 depth=01040102 colour=FFFFFFFF mask=7 scissor=0,0,640,480 fog=0
64 pid=FFFDE0F3 state tex=1264 size=00400040 tex=01010101 blend=00050600 depth=01040102 colour=FFFFFFFF mask=7 scissor=0,0,640,480 fog=0
65 pid=FFFDE0F3 state tex=1269 size=00400040 tex=01010101 blend=00050600 depth=01040102 colour=FFFFFFFF mask=7 scissor=0,0,640,480 fog=0
66 pid=FFFDE0F3 state tex=1273 size=00200080 tex=01010101 blend=00050600 depth=01040102 colour=FFFFFFFF mask=7 scissor=0,0,640,480 fog=0
67 pid=FFFDE0F3 state tex=1278 size=00400040 tex=01010101 blend=00050600 depth=01040102 colour=FFFFFFFF mask=7 scissor=0,0,640,480 fog=0
68 pid=FFFDE0F3 state tex=1281 size=00400040 tex=01010101 blend=00050600 depth=01040102 colour=FFFFFFFF mask=7 scissor=0,0,640,480 fog=0
69 pid=FFFDE0F3 state tex=1282 size=00400040 tex=01010101 blend=00050600 depth=01040102 colour=FFFFFFFF mask=7 scissor=0,0,640,480 fog=0
70 pid=FFFDE0F3 state tex=1025 size=00800080 tex=01010101 blend=01010300 depth=01040001 colour=FFFFFFFF mask=7 scissor=0,0,640,480 fog=0
71 pid=FFFDE0F3 state tex=1026 size=00800080 tex=01010101 blend=01010300 depth=01040001 colour=FFFFFFFF mask=7 scissor=0,0,640,480 fog=0
72 pid=FFFDE0F3 state tex=1027 size=00800080 tex=01010101 blend=01010300 depth=01040001 colour=FFFFFFFF mask=7 scissor=0,0,640,480 fog=0
73 pid=FFFDE0F3 state tex=1030 size=00800080 tex=01010101 blend=01010300 depth=01040001 colour=FFFFFFFF mask=7 scissor=0,0,640,480 fog=0
74 pid=FFFDE0F3 state tex=1376 size=01000080 tex=01040201 blend=00050600 depth=01040102 colour=FF94774B mask=7 scissor=0,0,640,480 fog=0
75 pid=FFFDE0F3 state tex=1380 size=01000080 tex=01040201 blend=00050600 depth=01040102 colour=FF463827 mask=7 scissor=0,0,640,480 fog=0
76 pid=FFFDE0F3 state tex=1382 size=00800020 tex=01040201 blend=00050600 depth=01040102 colour=FF6F562E mask=7 scissor=0,0,640,480 fog=0
77 pid=FFFDE0F3 state tex=1384 size=00800020 tex=01010200 blend=00050600 depth=01040102 colour=FF4D4231 mask=7 scissor=0,0,640,480 fog=0
78 pid=FFFDE0F3 state tex=1389 size=01000080 tex=01040201 blend=00050600 depth=01040102 colour=FF5F5343 mask=7 scissor=0,0,640,480 fog=0
79 pid=FFFDE0F3 state tex=1390 size=00800040 tex=01040201 blend=00050600 depth=01040102 colour=FF7F6F57 mask=7 scissor=0,0,640,480 fog=0
80 pid=FFFDE0F3 state tex=1391 size=00400040 tex=01010200 blend=00050600 depth=01040102 colour=FF968569 mask=7 scissor=0,0,640,480 fog=0
81 pid=FFFDE0F3 state tex=1393 size=00800040 tex=01040201 blend=00050600 depth=01040102 colour=FFFFFFE8 mask=7 scissor=0,0,640,480 fog=0
82 pid=FFFDE0F3 state tex=1396 size=00800040 tex=01040201 blend=00050600 depth=01040102 colour=FF9C8964 mask=7 scissor=0,0,640,480 fog=0
83 pid=FFFDE0F3 state tex=1401 size=01000080 tex=01040201 blend=00050600 depth=01040102 colour=FFFFFFED mask=7 scissor=0,0,640,480 fog=0
84 pid=FFFDE0F3 state tex=1409 size=01000080 tex=01040201 blend=00050600 depth=01040102 colour=FF4D4137 mask=7 scissor=0,0,640,480 fog=0
85 pid=FFFDE0F3 state tex=1152 size=01000100 tex=01040101 blend=00050601 depth=00040101 colour=FFFFFFFF mask=7 scissor=0,0,640,480 fog=0
86 pid=FFFDE0F3 refused tex=1152 size=01000100 tex=02040101 blend=00050601 depth=00040101 colour=FFFFFFFF mask=7 scissor=0,0,640,480 fog=0
87 pid=FFFDE0F3 draw result=4 triangles=18 submitted=0
88 pid=FFFDE0F3   v0 sx=439E0000 sy=436C0000 sz=3F000000 rhw=3F800000 tu=3F70028F tv=3823D70A
89 pid=FFFDE0F3   v1 sx=43A20000 sy=436C0000 sz=3F000000 rhw=3F800000 tu=3F77FD71 tv=3823D70A
90 pid=FFFDE0F3   v2 sx=43A20000 sy=43740002 sz=3F000000 rhw=3F800000 tu=3F77FD71 tv=3CFFAE14
91 pid=FFFDE0F3 draw result=4 triangles=18 submitted=0
92 pid=FFFDE0F3   v0 sx=439E0000 sy=436C0000 sz=3F000000 rhw=3F800000 tu=3F70028F tv=3823D70A
93 pid=FFFDE0F3   v1 sx=43A20000 sy=436C0000 sz=3F000000 rhw=3F800000 tu=3F77FD71 tv=3823D70A
94 pid=FFFDE0F3   v2 sx=43A20000 sy=43740002 sz=3F000000 rhw=3F800000 tu=3F77FD71 tv=3CFFAE14
95 pid=FFFDE0F3 draw result=4 triangles=18 submitted=0
96 pid=FFFDE0F3   v0 sx=439E0000 sy=436C0000 sz=3F000000 rhw=3F800000 tu=3F70028F tv=3823D70A
97 pid=FFFDE0F3   v1 sx=43A20000 sy=436C0000 sz=3F000000 rhw=3F800000 tu=3F77FD71 tv=3823D70A
98 pid=FFFDE0F3   v2 sx=43A20000 sy=43740002 sz=3F000000 rhw=3F800000 tu=3F77FD71 tv=3CFFAE14
99 pid=FFFDE0F3 draw result=4 triangles=18 submitted=0
100 pid=FFFDE0F3   v0 sx=439E0000 sy=436C0000 sz=3F000000 rhw=3F800000 tu=3F70028F tv=3823D70A
101 pid=FFFDE0F3   v1 sx=43A20000 sy=436C0000 sz=3F000000 rhw=3F800000 tu=3F77FD71 tv=3823D70A
102 pid=FFFDE0F3   v2 sx=43A20000 sy=43740002 sz=3F000000 rhw=3F800000 tu=3F77FD71 tv=3CFFAE14
103 pid=FFFDE0F3 draw result=4 triangles=18 submitted=0
104 pid=FFFDE0F3   v0 sx=439E0000 sy=436C0000 sz=3F000000 rhw=3F800000 tu=3F70028F tv=3823D70A
105 pid=FFFDE0F3   v1 sx=43A20000 sy=436C0000 sz=3F000000 rhw=3F800000 tu=3F77FD71 tv=3823D70A
106 pid=FFFDE0F3   v2 sx=43A20000 sy=43740002 sz=3F000000 rhw=3F800000 tu=3F77FD71 tv=3CFFAE14
107 pid=FFFDE0F3 draw result=4 triangles=18 submitted=0
108 pid=FFFDE0F3   v0 sx=439E0000 sy=436C0000 sz=3F000000 rhw=3F800000 tu=3F70028F tv=3823D70A
109 pid=FFFDE0F3   v1 sx=43A20000 sy=436C0000 sz=3F000000 rhw=3F800000 tu=3F77FD71 tv=3823D70A
110 pid=FFFDE0F3   v2 sx=43A20000 sy=43740002 sz=3F000000 rhw=3F800000 tu=3F77FD71 tv=3CFFAE14
111 pid=FFFDE0F3 state tex=1267 size=00400020 tex=01010101 blend=00050600 depth=01040102 colour=FFFFFFFF mask=7 scissor=0,0,640,480 fog=0
112 pid=FFFDE0F3 state tex=1268 size=00400040 tex=01010101 blend=00050600 depth=01040102 colour=FFFFFFFF mask=7 scissor=0,0,640,480 fog=0
113 pid=FFFDE0F3 state tex=1266 size=00400020 tex=01010101 blend=00050600 depth=01040102 colour=FFFFFFFF mask=7 scissor=0,0,640,480 fog=0
114 pid=FFFDE0F3 state tex=1024 size=00800080 tex=01010101 blend=01010300 depth=01040001 colour=FFFFFFFF mask=7 scissor=0,0,640,480 fog=0
115 pid=FFFDE0F3 state tex=1381 size=01000080 tex=01040201 blend=00050600 depth=01040102 colour=FF9C8D54 mask=7 scissor=0,0,640,480 fog=0
116 pid=FFFDE0F3 state tex=1342 size=00800040 tex=01010200 blend=01050600 depth=01040002 colour=AA6D6153 mask=7 scissor=0,0,640,480 fog=0
117 pid=FFFDE0F3 state tex=1153 size=00080008 tex=01040202 blend=01050600 depth=01040002 colour=FF730700 mask=7 scissor=0,0,640,480 fog=0
118 pid=FFFDE0F3 refused tex=1153 size=00080008 tex=02040202 blend=01050600 depth=01040002 colour=D4730700 mask=7 scissor=0,0,640,480 fog=0
119 pid=FFFDE0F3 time interval-ms=10002 swaps=19 present-ms=105 draw-ms=8767 upload-ms=108
120 pid=FFFDE0F3 tsc frames=19 wall-ms=10002 vertex-ms=283 flush-in-vertex-ms=19 flush-other-ms=8878 bind-ms=4 iface-ms=8767 beginend-ms=5791 swap-ms=105 vertices=179471 flushes=1578 draws=1641 sink-ms=5791 sink-prep-ms=37 sinks=21144
121 pid=FFFDE0F3 sink begin-ms=16 flush-ms=5740 copy-ms=8 prep-texture-ms=20 prep-state-ms=8 prep-same-ms=8
122 pid=FFFDE0F3 hwno hwtex-ms=112 iface-cpu-ms=0 not-cpu=0 square-side=0 too-big=0 format=0 no-object=0 no-record=0 table-full=0 unusable=0 backoff=0 make-failed=0 square-alloc=0 upload=0
123 pid=FFFDE0F3 prim transform-ms=36 inside-ms=28 window-ms=52 assemble-ms=124 history-ms=13 fast=51183 clipped=25837 culled=29863
124 pid=FFFDE0F3 paths batches/triangles untextured=0/0 hw=1516/59316 cpu=0/0 cpu-nonsquare=0/0 hw-refused=63/3062
125 pid=FFFDE0F3 counters hwtex live=46 creates=46 create-failed=0 evictions=0 uploads=47 upload-kb=1206 squared=0 alpha-dropped=0 stubs=0 failed r4=63 r7=0 r8=0 other=0
126 pid=FFFDE0F3 state tex=1153 size=00000000 tex=00000000 blend=01050600 depth=00040100 colour=33FF0000 mask=7 scissor=0,0,640,480 fog=0
127 pid=FFFDE0F3 time interval-ms=10020 swaps=21 present-ms=108 draw-ms=8953 upload-ms=24
128 pid=FFFDE0F3 tsc frames=21 wall-ms=10020 vertex-ms=250 flush-in-vertex-ms=12 flush-other-ms=8973 bind-ms=4 iface-ms=8952 beginend-ms=5812 swap-ms=109 vertices=168016 flushes=1535 draws=1625 sink-ms=5807 sink-prep-ms=34 sinks=19075
129 pid=FFFDE0F3 sink begin-ms=14 flush-ms=5761 copy-ms=7 prep-texture-ms=18 prep-state-ms=7 prep-same-ms=7
130 pid=FFFDE0F3 hwno hwtex-ms=26 iface-cpu-ms=0 not-cpu=6 square-side=0 too-big=0 format=0 no-object=0 no-record=0 table-full=0 unusable=0 backoff=0 make-failed=0 square-alloc=0 upload=0
131 pid=FFFDE0F3 prim transform-ms=34 inside-ms=26 window-ms=48 assemble-ms=102 history-ms=12 fast=46598 clipped=24288 culled=27450
132 pid=FFFDE0F3 paths batches/triangles untextured=6/30 hw=2955/113251 cpu=0/0 cpu-nonsquare=0/0 hw-refused=153/7359
133 pid=FFFDE0F3 counters hwtex live=46 creates=46 create-failed=0 evictions=0 uploads=56 upload-kb=1494 squared=0 alpha-dropped=0 stubs=0 failed r4=153 r7=0 r8=0 other=0
134 pid=FFFDE0F3 state tex=1361 size=01000080 tex=01040201 blend=00050600 depth=01040102 colour=FFA99362 mask=7 scissor=0,0,640,480 fog=0
135 pid=FFFDE0F3 time interval-ms=10009 swaps=21 present-ms=108 draw-ms=8931 upload-ms=24
136 pid=FFFDE0F3 tsc frames=21 wall-ms=10009 vertex-ms=250 flush-in-vertex-ms=5 flush-other-ms=8961 bind-ms=6 iface-ms=8931 beginend-ms=5439 swap-ms=108 vertices=177364 flushes=1538 draws=1595 sink-ms=5425 sink-prep-ms=35 sinks=19702
137 pid=FFFDE0F3 sink begin-ms=16 flush-ms=5378 copy-ms=7 prep-texture-ms=18 prep-state-ms=8 prep-same-ms=7
138 pid=FFFDE0F3 hwno hwtex-ms=26 iface-cpu-ms=0 not-cpu=5 square-side=0 too-big=0 format=0 no-object=0 no-record=0 table-full=0 unusable=0 backoff=0 make-failed=0 square-alloc=0 upload=0
139 pid=FFFDE0F3 prim transform-ms=36 inside-ms=27 window-ms=48 assemble-ms=97 history-ms=12 fast=45754 clipped=31622 culled=28346
140 pid=FFFDE0F3 paths batches/triangles untextured=11/55 hw=4431/168141 cpu=0/0 cpu-nonsquare=0/0 hw-refused=210/9659
141 pid=FFFDE0F3 counters hwtex live=47 creates=47 create-failed=0 evictions=0 uploads=61 upload-kb=1707 squared=0 alpha-dropped=0 stubs=0 failed r4=210 r7=0 r8=0 other=0
142 pid=FFFDE0F3 time interval-ms=10056 swaps=18 present-ms=90 draw-ms=8794 upload-ms=35
143 pid=FFFDE0F3 tsc frames=18 wall-ms=10056 vertex-ms=312 flush-in-vertex-ms=18 flush-other-ms=8976 bind-ms=143 iface-ms=8794 beginend-ms=6335 swap-ms=91 vertices=220031 flushes=1764 draws=1891 sink-ms=6332 sink-prep-ms=42 sinks=23818
144 pid=FFFDE0F3 sink begin-ms=18 flush-ms=6274 copy-ms=9 prep-texture-ms=22 prep-state-ms=9 prep-same-ms=9
145 pid=FFFDE0F3 hwno hwtex-ms=38 iface-cpu-ms=0 not-cpu=17 square-side=0 too-big=0 format=0 no-object=0 no-record=0 table-full=0 unusable=0 backoff=0 make-failed=0 square-alloc=0 upload=0
146 pid=FFFDE0F3 prim transform-ms=44 inside-ms=34 window-ms=61 assemble-ms=120 history-ms=15 fast=64485 clipped=29933 culled=32679
147 pid=FFFDE0F3 paths batches/triangles untextured=28/140 hw=6051/234021 cpu=0/0 cpu-nonsquare=0/0 hw-refused=337/16486
148 pid=FFFDE0F3 counters hwtex live=50 creates=50 create-failed=0 evictions=0 uploads=76 upload-kb=2121 squared=0 alpha-dropped=0 stubs=0 failed r4=337 r7=0 r8=0 other=0
149 pid=FFFDE0F3 refused tex=1155 size=00800080 tex=02040101 blend=00050601 depth=00040101 colour=FFFFFFFF mask=7 scissor=0,0,640,480 fog=0
150 pid=FFFDE0F3 DrvReleaseContext context=1 -> 1
151 pid=FFFDE0F3 paths batches/triangles untextured=28/140 hw=6197/240082 cpu=0/0 cpu-nonsquare=0/0 hw-refused=464/24403
152 pid=FFFDE0F3 counters hwtex live=0 creates=52 create-failed=0 evictions=0 uploads=78 upload-kb=2281 squared=0 alpha-dropped=4 stubs=0 failed r4=464 r7=0 r8=0 other=0
153 pid=FFFDE0F3 DrvDeleteContext context=1 -> 1
154 pid=FFFDE0F3 detach slots-called=0 stub-calls=0
1 pid=FFFD4AE5 attach instance=01CF0000 tls=11 build-marker=1
2 pid=FFFD4AE5 DrvValidateVersion version=1
3 pid=FFFD4AE5 DrvSetCallbackProcs count=3 procs=78B23978
4 pid=FFFD4AE5 describe result=0 engine=5 formats=00000002
5 pid=FFFD4AE5 DrvDescribePixelFormat index=1 bytes=0 -> count=1
6 pid=FFFD4AE5 DrvDescribePixelFormat index=1 bytes=40 -> count=1
7 pid=FFFD4AE5 DrvDescribePixelFormat index=1 bytes=0 -> count=1
8 pid=FFFD4AE5 DrvDescribePixelFormat index=1 bytes=0 -> count=1
9 pid=FFFD4AE5 DrvDescribePixelFormat index=1 bytes=0 -> count=1
10 pid=FFFD4AE5 DrvDescribePixelFormat index=1 bytes=0 -> count=1
11 pid=FFFD4AE5 DrvDescribePixelFormat index=1 bytes=0 -> count=1
12 pid=FFFD4AE5 DrvDescribePixelFormat index=1 bytes=0 -> count=1
13 pid=FFFD4AE5 DrvDescribePixelFormat index=1 bytes=0 -> count=1
14 pid=FFFD4AE5 DrvDescribePixelFormat index=1 bytes=0 -> count=1
15 pid=FFFD4AE5 DrvDescribePixelFormat index=1 bytes=0 -> count=1
16 pid=FFFD4AE5 DrvDescribePixelFormat index=1 bytes=0 -> count=1
17 pid=FFFD4AE5 DrvDescribePixelFormat index=1 bytes=0 -> count=1
18 pid=FFFD4AE5 DrvDescribePixelFormat index=1 bytes=0 -> count=1
19 pid=FFFD4AE5 DrvDescribePixelFormat index=1 bytes=0 -> count=1
20 pid=FFFD4AE5 DrvDescribePixelFormat index=1 bytes=0 -> count=1
21 pid=FFFD4AE5 DrvDescribePixelFormat index=1 bytes=0 -> count=1
22 pid=FFFD4AE5 DrvDescribePixelFormat index=1 bytes=0 -> count=1
23 pid=FFFD4AE5 DrvDescribePixelFormat index=1 bytes=0 -> count=1
24 pid=FFFD4AE5 DrvDescribePixelFormat index=1 bytes=0 -> count=1
25 pid=FFFD4AE5 DrvDescribePixelFormat index=1 bytes=0 -> count=1
26 pid=FFFD4AE5 DrvDescribePixelFormat index=1 bytes=0 -> count=1
27 pid=FFFD4AE5 DrvDescribePixelFormat index=1 bytes=0 -> count=1
28 pid=FFFD4AE5 DrvDescribePixelFormat index=1 bytes=0 -> count=1
29 pid=FFFD4AE5 DrvDescribePixelFormat index=1 bytes=0 -> count=1
30 pid=FFFD4AE5 DrvDescribePixelFormat index=1 bytes=0 -> count=1
31 pid=FFFD4AE5 DrvDescribePixelFormat index=1 bytes=0 -> count=1
32 pid=FFFD4AE5 DrvSetPixelFormat hdc=00000776 index=1
33 pid=FFFD4AE5 DrvDescribePixelFormat index=1 bytes=0 -> count=1
34 pid=FFFD4AE5 DrvDescribePixelFormat index=1 bytes=40 -> count=1
35 pid=FFFD4AE5 DrvDescribePixelFormat index=1 bytes=0 -> count=1
36 pid=FFFD4AE5 DrvDescribePixelFormat index=1 bytes=40 -> count=1
37 pid=FFFD4AE5 DrvCreateLayerContext hdc=00000776 layer=0 -> 1
38 pid=FFFD4AE5 drawable window=00000158 640x480
39 pid=FFFD4AE5 DrvSetContext hdc=00000776 context=1 -> 1
40 pid=FFFD4AE5 state tex=1158 size=00400040 tex=01010101 blend=00050600 depth=01040102 colour=FFFFFFFF mask=7 scissor=0,0,640,480 fog=0
41 pid=FFFD4AE5 time interval-ms=61141 swaps=0 present-ms=0 draw-ms=41263252 upload-ms=1
42 pid=FFFD4AE5 tsc frames=0 wall-ms=61141 vertex-ms=8983 flush-in-vertex-ms=0 flush-other-ms=922430 bind-ms=3850 iface-ms=405549 beginend-ms=4840025 swap-ms=0 vertices=18 flushes=1 draws=1 sink-ms=4808668 sink-prep-ms=4806767 sinks=4
43 pid=FFFD4AE5 sink begin-ms=2753378 flush-ms=0 copy-ms=1093 prep-texture-ms=4805568 prep-state-ms=633 prep-same-ms=474
44 pid=FFFD4AE5 hwno hwtex-ms=429304 iface-cpu-ms=0 not-cpu=0 square-side=0 too-big=0 format=0 no-object=0 no-record=0 table-full=0 unusable=0 backoff=0 make-failed=0 square-alloc=0 upload=0
45 pid=FFFD4AE5 prim transform-ms=1640 inside-ms=1235 window-ms=1992 assemble-ms=2387 history-ms=460 fast=10 clipped=0 culled=0
46 pid=FFFD4AE5 paths batches/triangles untextured=0/0 hw=1/10 cpu=0/0 cpu-nonsquare=0/0 hw-refused=0/0
47 pid=FFFD4AE5 counters hwtex live=1 creates=1 create-failed=0 evictions=0 uploads=1 upload-kb=10 squared=0 alpha-dropped=0 stubs=0 failed r4=0 r7=0 r8=0 other=0
48 pid=FFFD4AE5 state tex=1162 size=00400040 tex=01010101 blend=00050600 depth=01040102 colour=FFFFFFFF mask=7 scissor=0,0,640,480 fog=0
49 pid=FFFD4AE5 state tex=1163 size=00100010 tex=01010101 blend=00050600 depth=01040102 colour=FFFFFFFF mask=7 scissor=0,0,640,480 fog=0
50 pid=FFFD4AE5 state tex=1168 size=00100010 tex=01010101 blend=00050600 depth=01040102 colour=FFFFFFFF mask=7 scissor=0,0,640,480 fog=0
51 pid=FFFD4AE5 state tex=1172 size=00400040 tex=01010101 blend=00050600 depth=01040102 colour=FFFFFFFF mask=7 scissor=0,0,640,480 fog=0
52 pid=FFFD4AE5 state tex=1180 size=00400040 tex=01010101 blend=00050600 depth=01040102 colour=FFFFFFFF mask=7 scissor=0,0,640,480 fog=0
53 pid=FFFD4AE5 state tex=1184 size=00400040 tex=01010101 blend=00050600 depth=01040102 colour=FFFFFFFF mask=7 scissor=0,0,640,480 fog=0
54 pid=FFFD4AE5 state tex=1185 size=00400040 tex=01010101 blend=00050600 depth=01040102 colour=FFFFFFFF mask=7 scissor=0,0,640,480 fog=0
55 pid=FFFD4AE5 state tex=1188 size=00400040 tex=01010101 blend=00050600 depth=01040102 colour=FFFFFFFF mask=7 scissor=0,0,640,480 fog=0
56 pid=FFFD4AE5 state tex=1191 size=00400040 tex=01010101 blend=00050600 depth=01040102 colour=FFFFFFFF mask=7 scissor=0,0,640,480 fog=0
57 pid=FFFD4AE5 state tex=1206 size=00400040 tex=01010101 blend=00050600 depth=01040102 colour=FFFFFFFF mask=7 scissor=0,0,640,480 fog=0
58 pid=FFFD4AE5 state tex=1210 size=00800080 tex=01010101 blend=00050600 depth=01040102 colour=FFFFFFFF mask=7 scissor=0,0,640,480 fog=0
59 pid=FFFD4AE5 state tex=1214 size=00400040 tex=01010101 blend=00050600 depth=01040102 colour=FFFFFFFF mask=7 scissor=0,0,640,480 fog=0
60 pid=FFFD4AE5 state tex=1216 size=00400040 tex=01010101 blend=00050600 depth=01040102 colour=FFFFFFFF mask=7 scissor=0,0,640,480 fog=0
61 pid=FFFD4AE5 state tex=1218 size=00400040 tex=01010101 blend=00050600 depth=01040102 colour=FFFFFFFF mask=7 scissor=0,0,640,480 fog=0
62 pid=FFFD4AE5 state tex=1225 size=00400040 tex=01010101 blend=00050600 depth=01040102 colour=FFFFFFFF mask=7 scissor=0,0,640,480 fog=0
63 pid=FFFD4AE5 state tex=1226 size=00400040 tex=01010101 blend=00050600 depth=01040102 colour=FFFFFFFF mask=7 scissor=0,0,640,480 fog=0
64 pid=FFFD4AE5 state tex=1264 size=00400040 tex=01010101 blend=00050600 depth=01040102 colour=FFFFFFFF mask=7 scissor=0,0,640,480 fog=0
65 pid=FFFD4AE5 state tex=1269 size=00400040 tex=01010101 blend=00050600 depth=01040102 colour=FFFFFFFF mask=7 scissor=0,0,640,480 fog=0
66 pid=FFFD4AE5 state tex=1273 size=00200080 tex=01010101 blend=00050600 depth=01040102 colour=FFFFFFFF mask=7 scissor=0,0,640,480 fog=0
67 pid=FFFD4AE5 state tex=1278 size=00400040 tex=01010101 blend=00050600 depth=01040102 colour=FFFFFFFF mask=7 scissor=0,0,640,480 fog=0
68 pid=FFFD4AE5 state tex=1281 size=00400040 tex=01010101 blend=00050600 depth=01040102 colour=FFFFFFFF mask=7 scissor=0,0,640,480 fog=0
69 pid=FFFD4AE5 state tex=1282 size=00400040 tex=01010101 blend=00050600 depth=01040102 colour=FFFFFFFF mask=7 scissor=0,0,640,480 fog=0
70 pid=FFFD4AE5 state tex=1025 size=00800080 tex=01010101 blend=01010300 depth=01040001 colour=FFFFFFFF mask=7 scissor=0,0,640,480 fog=0
71 pid=FFFD4AE5 state tex=1026 size=00800080 tex=01010101 blend=01010300 depth=01040001 colour=FFFFFFFF mask=7 scissor=0,0,640,480 fog=0
72 pid=FFFD4AE5 state tex=1027 size=00800080 tex=01010101 blend=01010300 depth=01040001 colour=FFFFFFFF mask=7 scissor=0,0,640,480 fog=0
73 pid=FFFD4AE5 state tex=1030 size=00800080 tex=01010101 blend=01010300 depth=01040001 colour=FFFFFFFF mask=7 scissor=0,0,640,480 fog=0
74 pid=FFFD4AE5 state tex=1376 size=01000080 tex=01040201 blend=00050600 depth=01040102 colour=FF94774B mask=7 scissor=0,0,640,480 fog=0
75 pid=FFFD4AE5 state tex=1380 size=01000080 tex=01040201 blend=00050600 depth=01040102 colour=FF463827 mask=7 scissor=0,0,640,480 fog=0
76 pid=FFFD4AE5 state tex=1382 size=00800020 tex=01040201 blend=00050600 depth=01040102 colour=FF6F562E mask=7 scissor=0,0,640,480 fog=0
77 pid=FFFD4AE5 state tex=1384 size=00800020 tex=01010200 blend=00050600 depth=01040102 colour=FF4D4231 mask=7 scissor=0,0,640,480 fog=0
78 pid=FFFD4AE5 state tex=1389 size=01000080 tex=01040201 blend=00050600 depth=01040102 colour=FF5F5343 mask=7 scissor=0,0,640,480 fog=0
79 pid=FFFD4AE5 state tex=1390 size=00800040 tex=01040201 blend=00050600 depth=01040102 colour=FF7F6F57 mask=7 scissor=0,0,640,480 fog=0
80 pid=FFFD4AE5 state tex=1391 size=00400040 tex=01010200 blend=00050600 depth=01040102 colour=FF968569 mask=7 scissor=0,0,640,480 fog=0
81 pid=FFFD4AE5 state tex=1393 size=00800040 tex=01040201 blend=00050600 depth=01040102 colour=FFFFFFE8 mask=7 scissor=0,0,640,480 fog=0
82 pid=FFFD4AE5 state tex=1396 size=00800040 tex=01040201 blend=00050600 depth=01040102 colour=FF9C8964 mask=7 scissor=0,0,640,480 fog=0
83 pid=FFFD4AE5 state tex=1401 size=01000080 tex=01040201 blend=00050600 depth=01040102 colour=FFFFFFED mask=7 scissor=0,0,640,480 fog=0
84 pid=FFFD4AE5 state tex=1409 size=01000080 tex=01040201 blend=00050600 depth=01040102 colour=FF4D4137 mask=7 scissor=0,0,640,480 fog=0
85 pid=FFFD4AE5 state tex=1152 size=01000100 tex=01040101 blend=00050601 depth=00040101 colour=FFFFFFFF mask=7 scissor=0,0,640,480 fog=0
86 pid=FFFD4AE5 refused tex=1152 size=01000100 tex=02040101 blend=00050601 depth=00040101 colour=FFFFFFFF mask=7 scissor=0,0,640,480 fog=0
87 pid=FFFD4AE5 draw result=4 triangles=18 submitted=0
88 pid=FFFD4AE5   v0 sx=439E0000 sy=436C0000 sz=3F000000 rhw=3F800000 tu=3F70028F tv=3823D70A
89 pid=FFFD4AE5   v1 sx=43A20000 sy=436C0000 sz=3F000000 rhw=3F800000 tu=3F77FD71 tv=3823D70A
90 pid=FFFD4AE5   v2 sx=43A20000 sy=43740002 sz=3F000000 rhw=3F800000 tu=3F77FD71 tv=3CFFAE14
91 pid=FFFD4AE5 draw result=4 triangles=18 submitted=0
92 pid=FFFD4AE5   v0 sx=439E0000 sy=436C0000 sz=3F000000 rhw=3F800000 tu=3F70028F tv=3823D70A
93 pid=FFFD4AE5   v1 sx=43A20000 sy=436C0000 sz=3F000000 rhw=3F800000 tu=3F77FD71 tv=3823D70A
94 pid=FFFD4AE5   v2 sx=43A20000 sy=43740002 sz=3F000000 rhw=3F800000 tu=3F77FD71 tv=3CFFAE14
95 pid=FFFD4AE5 draw result=4 triangles=18 submitted=0
96 pid=FFFD4AE5   v0 sx=439E0000 sy=436C0000 sz=3F000000 rhw=3F800000 tu=3F70028F tv=3823D70A
97 pid=FFFD4AE5   v1 sx=43A20000 sy=436C0000 sz=3F000000 rhw=3F800000 tu=3F77FD71 tv=3823D70A
98 pid=FFFD4AE5   v2 sx=43A20000 sy=43740002 sz=3F000000 rhw=3F800000 tu=3F77FD71 tv=3CFFAE14
99 pid=FFFD4AE5 draw result=4 triangles=18 submitted=0
100 pid=FFFD4AE5   v0 sx=439E0000 sy=436C0000 sz=3F000000 rhw=3F800000 tu=3F70028F tv=3823D70A
101 pid=FFFD4AE5   v1 sx=43A20000 sy=436C0000 sz=3F000000 rhw=3F800000 tu=3F77FD71 tv=3823D70A
102 pid=FFFD4AE5   v2 sx=43A20000 sy=43740002 sz=3F000000 rhw=3F800000 tu=3F77FD71 tv=3CFFAE14
103 pid=FFFD4AE5 draw result=4 triangles=18 submitted=0
104 pid=FFFD4AE5   v0 sx=439E0000 sy=436C0000 sz=3F000000 rhw=3F800000 tu=3F70028F tv=3823D70A
105 pid=FFFD4AE5   v1 sx=43A20000 sy=436C0000 sz=3F000000 rhw=3F800000 tu=3F77FD71 tv=3823D70A
106 pid=FFFD4AE5   v2 sx=43A20000 sy=43740002 sz=3F000000 rhw=3F800000 tu=3F77FD71 tv=3CFFAE14
107 pid=FFFD4AE5 draw result=4 triangles=18 submitted=0
108 pid=FFFD4AE5   v0 sx=439E0000 sy=436C0000 sz=3F000000 rhw=3F800000 tu=3F70028F tv=3823D70A
109 pid=FFFD4AE5   v1 sx=43A20000 sy=436C0000 sz=3F000000 rhw=3F800000 tu=3F77FD71 tv=3823D70A
110 pid=FFFD4AE5   v2 sx=43A20000 sy=43740002 sz=3F000000 rhw=3F800000 tu=3F77FD71 tv=3CFFAE14
111 pid=FFFD4AE5 state tex=1267 size=00400020 tex=01010101 blend=00050600 depth=01040102 colour=FFFFFFFF mask=7 scissor=0,0,640,480 fog=0
112 pid=FFFD4AE5 state tex=1268 size=00400040 tex=01010101 blend=00050600 depth=01040102 colour=FFFFFFFF mask=7 scissor=0,0,640,480 fog=0
113 pid=FFFD4AE5 state tex=1266 size=00400020 tex=01010101 blend=00050600 depth=01040102 colour=FFFFFFFF mask=7 scissor=0,0,640,480 fog=0
114 pid=FFFD4AE5 state tex=1024 size=00800080 tex=01010101 blend=01010300 depth=01040001 colour=FFFFFFFF mask=7 scissor=0,0,640,480 fog=0
115 pid=FFFD4AE5 state tex=1381 size=01000080 tex=01040201 blend=00050600 depth=01040102 colour=FF9C8D54 mask=7 scissor=0,0,640,480 fog=0
116 pid=FFFD4AE5 state tex=1342 size=00800040 tex=01010200 blend=01050600 depth=01040002 colour=AA6D6153 mask=7 scissor=0,0,640,480 fog=0
117 pid=FFFD4AE5 state tex=1153 size=00080008 tex=01040202 blend=01050600 depth=01040002 colour=FF730700 mask=7 scissor=0,0,640,480 fog=0
118 pid=FFFD4AE5 refused tex=1153 size=00080008 tex=02040202 blend=01050600 depth=01040002 colour=D4730700 mask=7 scissor=0,0,640,480 fog=0
119 pid=FFFD4AE5 time interval-ms=10000 swaps=19 present-ms=115 draw-ms=8796 upload-ms=107
120 pid=FFFD4AE5 tsc frames=19 wall-ms=10000 vertex-ms=270 flush-in-vertex-ms=19 flush-other-ms=8907 bind-ms=4 iface-ms=8796 beginend-ms=5815 swap-ms=115 vertices=177754 flushes=1568 draws=1631 sink-ms=5815 sink-prep-ms=37 sinks=20931
121 pid=FFFD4AE5 sink begin-ms=16 flush-ms=5765 copy-ms=8 prep-texture-ms=19 prep-state-ms=8 prep-same-ms=8
122 pid=FFFD4AE5 hwno hwtex-ms=113 iface-cpu-ms=0 not-cpu=0 square-side=0 too-big=0 format=0 no-object=0 no-record=0 table-full=0 unusable=0 backoff=0 make-failed=0 square-alloc=0 upload=0
123 pid=FFFD4AE5 prim transform-ms=36 inside-ms=28 window-ms=51 assemble-ms=113 history-ms=12 fast=50651 clipped=25837 culled=29336
124 pid=FFFD4AE5 paths batches/triangles untextured=0/0 hw=1506/58778 cpu=0/0 cpu-nonsquare=0/0 hw-refused=63/3062
125 pid=FFFD4AE5 counters hwtex live=46 creates=46 create-failed=0 evictions=0 uploads=47 upload-kb=1206 squared=0 alpha-dropped=0 stubs=0 failed r4=63 r7=0 r8=0 other=0
126 pid=FFFD4AE5 state tex=1153 size=00000000 tex=00000000 blend=01050600 depth=00040100 colour=33FF0000 mask=7 scissor=0,0,640,480 fog=0
127 pid=FFFD4AE5 time interval-ms=10001 swaps=21 present-ms=107 draw-ms=8937 upload-ms=24
128 pid=FFFD4AE5 tsc frames=21 wall-ms=10001 vertex-ms=247 flush-in-vertex-ms=12 flush-other-ms=8958 bind-ms=4 iface-ms=8937 beginend-ms=5892 swap-ms=108 vertices=168160 flushes=1525 draws=1615 sink-ms=5887 sink-prep-ms=34 sinks=19100
129 pid=FFFD4AE5 sink begin-ms=15 flush-ms=5841 copy-ms=7 prep-texture-ms=18 prep-state-ms=7 prep-same-ms=7
130 pid=FFFD4AE5 hwno hwtex-ms=26 iface-cpu-ms=0 not-cpu=6 square-side=0 too-big=0 format=0 no-object=0 no-record=0 table-full=0 unusable=0 backoff=0 make-failed=0 square-alloc=0 upload=0
131 pid=FFFD4AE5 prim transform-ms=34 inside-ms=26 window-ms=48 assemble-ms=99 history-ms=12 fast=46819 clipped=23641 culled=27970
132 pid=FFFD4AE5 paths batches/triangles untextured=6/30 hw=2935/112648 cpu=0/0 cpu-nonsquare=0/0 hw-refused=153/7359
133 pid=FFFD4AE5 counters hwtex live=46 creates=46 create-failed=0 evictions=0 uploads=56 upload-kb=1494 squared=0 alpha-dropped=0 stubs=0 failed r4=153 r7=0 r8=0 other=0
134 pid=FFFD4AE5 state tex=1361 size=01000080 tex=01040201 blend=00050600 depth=01040102 colour=FFA99362 mask=7 scissor=0,0,640,480 fog=0
135 pid=FFFD4AE5 time interval-ms=10003 swaps=21 present-ms=107 draw-ms=8928 upload-ms=24
136 pid=FFFD4AE5 tsc frames=21 wall-ms=10003 vertex-ms=250 flush-in-vertex-ms=5 flush-other-ms=8955 bind-ms=2 iface-ms=8928 beginend-ms=5409 swap-ms=108 vertices=177124 flushes=1532 draws=1589 sink-ms=5395 sink-prep-ms=37 sinks=19635
137 pid=FFFD4AE5 sink begin-ms=16 flush-ms=5346 copy-ms=7 prep-texture-ms=18 prep-state-ms=9 prep-same-ms=7
138 pid=FFFD4AE5 hwno hwtex-ms=26 iface-cpu-ms=0 not-cpu=5 square-side=0 too-big=0 format=0 no-object=0 no-record=0 table-full=0 unusable=0 backoff=0 make-failed=0 square-alloc=0 upload=0
139 pid=FFFD4AE5 prim transform-ms=36 inside-ms=27 window-ms=48 assemble-ms=97 history-ms=12 fast=45562 clipped=31697 culled=28343
140 pid=FFFD4AE5 paths batches/triangles untextured=11/55 hw=4405/167326 cpu=0/0 cpu-nonsquare=0/0 hw-refused=210/9659
141 pid=FFFD4AE5 counters hwtex live=47 creates=47 create-failed=0 evictions=0 uploads=61 upload-kb=1707 squared=0 alpha-dropped=0 stubs=0 failed r4=210 r7=0 r8=0 other=0
142 pid=FFFD4AE5 refused tex=1155 size=00800080 tex=02040101 blend=00050601 depth=00040101 colour=FFFFFFFF mask=7 scissor=0,0,640,480 fog=0
143 pid=FFFD4AE5 DrvReleaseContext context=1 -> 1
144 pid=FFFD4AE5 paths batches/triangles untextured=16/80 hw=4938/188376 cpu=0/0 cpu-nonsquare=0/0 hw-refused=354/18484
145 pid=FFFD4AE5 counters hwtex live=0 creates=50 create-failed=0 evictions=0 uploads=69 upload-kb=2037 squared=0 alpha-dropped=4 stubs=0 failed r4=354 r7=0 r8=0 other=0
146 pid=FFFD4AE5 DrvDeleteContext context=1 -> 1
147 pid=FFFD4AE5 detach slots-called=0 stub-calls=0
1 pid=FFFD4975 attach instance=01CF0000 tls=11 build-marker=1
2 pid=FFFD4975 DrvValidateVersion version=1
3 pid=FFFD4975 DrvSetCallbackProcs count=3 procs=78B23978
4 pid=FFFD4975 describe result=0 engine=5 formats=00000002
5 pid=FFFD4975 DrvDescribePixelFormat index=1 bytes=0 -> count=1
6 pid=FFFD4975 DrvDescribePixelFormat index=1 bytes=40 -> count=1
7 pid=FFFD4975 DrvDescribePixelFormat index=1 bytes=0 -> count=1
8 pid=FFFD4975 DrvDescribePixelFormat index=1 bytes=0 -> count=1
9 pid=FFFD4975 DrvDescribePixelFormat index=1 bytes=0 -> count=1
10 pid=FFFD4975 DrvDescribePixelFormat index=1 bytes=0 -> count=1
11 pid=FFFD4975 DrvDescribePixelFormat index=1 bytes=0 -> count=1
12 pid=FFFD4975 DrvDescribePixelFormat index=1 bytes=0 -> count=1
13 pid=FFFD4975 DrvDescribePixelFormat index=1 bytes=0 -> count=1
14 pid=FFFD4975 DrvDescribePixelFormat index=1 bytes=0 -> count=1
15 pid=FFFD4975 DrvDescribePixelFormat index=1 bytes=0 -> count=1
16 pid=FFFD4975 DrvDescribePixelFormat index=1 bytes=0 -> count=1
17 pid=FFFD4975 DrvDescribePixelFormat index=1 bytes=0 -> count=1
18 pid=FFFD4975 DrvDescribePixelFormat index=1 bytes=0 -> count=1
19 pid=FFFD4975 DrvDescribePixelFormat index=1 bytes=0 -> count=1
20 pid=FFFD4975 DrvDescribePixelFormat index=1 bytes=0 -> count=1
21 pid=FFFD4975 DrvDescribePixelFormat index=1 bytes=0 -> count=1
22 pid=FFFD4975 DrvDescribePixelFormat index=1 bytes=0 -> count=1
23 pid=FFFD4975 DrvDescribePixelFormat index=1 bytes=0 -> count=1
24 pid=FFFD4975 DrvDescribePixelFormat index=1 bytes=0 -> count=1
25 pid=FFFD4975 DrvDescribePixelFormat index=1 bytes=0 -> count=1
26 pid=FFFD4975 DrvDescribePixelFormat index=1 bytes=0 -> count=1
27 pid=FFFD4975 DrvDescribePixelFormat index=1 bytes=0 -> count=1
28 pid=FFFD4975 DrvDescribePixelFormat index=1 bytes=0 -> count=1
29 pid=FFFD4975 DrvDescribePixelFormat index=1 bytes=0 -> count=1
30 pid=FFFD4975 DrvDescribePixelFormat index=1 bytes=0 -> count=1
31 pid=FFFD4975 DrvDescribePixelFormat index=1 bytes=0 -> count=1
32 pid=FFFD4975 DrvSetPixelFormat hdc=0000077A index=1
33 pid=FFFD4975 DrvDescribePixelFormat index=1 bytes=0 -> count=1
34 pid=FFFD4975 DrvDescribePixelFormat index=1 bytes=40 -> count=1
35 pid=FFFD4975 DrvDescribePixelFormat index=1 bytes=0 -> count=1
36 pid=FFFD4975 DrvDescribePixelFormat index=1 bytes=40 -> count=1
37 pid=FFFD4975 DrvCreateLayerContext hdc=0000077A layer=0 -> 1
38 pid=FFFD4975 drawable window=00000140 640x480
39 pid=FFFD4975 DrvSetContext hdc=0000077A context=1 -> 1
40 pid=FFFD4975 state tex=1158 size=00400040 tex=01010101 blend=00050600 depth=01040102 colour=FFFFFFFF mask=7 scissor=0,0,640,480 fog=0
41 pid=FFFD4975 time interval-ms=60500 swaps=0 present-ms=0 draw-ms=590070400 upload-ms=11
42 pid=FFFD4975 tsc frames=0 wall-ms=60500 vertex-ms=7633 flush-in-vertex-ms=0 flush-other-ms=11480786 bind-ms=3285 iface-ms=8102612 beginend-ms=7313350 swap-ms=0 vertices=18 flushes=1 draws=1 sink-ms=7286498 sink-prep-ms=7284584 sinks=4
43 pid=FFFD4975 sink begin-ms=3413148 flush-ms=0 copy-ms=1080 prep-texture-ms=7283540 prep-state-ms=548 prep-same-ms=416
44 pid=FFFD4975 hwno hwtex-ms=3299144 iface-cpu-ms=0 not-cpu=0 square-side=0 too-big=0 format=0 no-object=0 no-record=0 table-full=0 unusable=0 backoff=0 make-failed=0 square-alloc=0 upload=0
45 pid=FFFD4975 prim transform-ms=1426 inside-ms=1031 window-ms=1608 assemble-ms=2018 history-ms=400 fast=10 clipped=0 culled=0
46 pid=FFFD4975 paths batches/triangles untextured=0/0 hw=1/10 cpu=0/0 cpu-nonsquare=0/0 hw-refused=0/0
47 pid=FFFD4975 counters hwtex live=1 creates=1 create-failed=0 evictions=0 uploads=1 upload-kb=10 squared=0 alpha-dropped=0 stubs=0 failed r4=0 r7=0 r8=0 other=0
48 pid=FFFD4975 state tex=1162 size=00400040 tex=01010101 blend=00050600 depth=01040102 colour=FFFFFFFF mask=7 scissor=0,0,640,480 fog=0
49 pid=FFFD4975 state tex=1163 size=00100010 tex=01010101 blend=00050600 depth=01040102 colour=FFFFFFFF mask=7 scissor=0,0,640,480 fog=0
50 pid=FFFD4975 state tex=1168 size=00100010 tex=01010101 blend=00050600 depth=01040102 colour=FFFFFFFF mask=7 scissor=0,0,640,480 fog=0
51 pid=FFFD4975 state tex=1172 size=00400040 tex=01010101 blend=00050600 depth=01040102 colour=FFFFFFFF mask=7 scissor=0,0,640,480 fog=0
52 pid=FFFD4975 state tex=1180 size=00400040 tex=01010101 blend=00050600 depth=01040102 colour=FFFFFFFF mask=7 scissor=0,0,640,480 fog=0
53 pid=FFFD4975 state tex=1184 size=00400040 tex=01010101 blend=00050600 depth=01040102 colour=FFFFFFFF mask=7 scissor=0,0,640,480 fog=0
54 pid=FFFD4975 state tex=1185 size=00400040 tex=01010101 blend=00050600 depth=01040102 colour=FFFFFFFF mask=7 scissor=0,0,640,480 fog=0
55 pid=FFFD4975 state tex=1188 size=00400040 tex=01010101 blend=00050600 depth=01040102 colour=FFFFFFFF mask=7 scissor=0,0,640,480 fog=0
56 pid=FFFD4975 state tex=1191 size=00400040 tex=01010101 blend=00050600 depth=01040102 colour=FFFFFFFF mask=7 scissor=0,0,640,480 fog=0
57 pid=FFFD4975 state tex=1206 size=00400040 tex=01010101 blend=00050600 depth=01040102 colour=FFFFFFFF mask=7 scissor=0,0,640,480 fog=0
58 pid=FFFD4975 state tex=1210 size=00800080 tex=01010101 blend=00050600 depth=01040102 colour=FFFFFFFF mask=7 scissor=0,0,640,480 fog=0
59 pid=FFFD4975 state tex=1214 size=00400040 tex=01010101 blend=00050600 depth=01040102 colour=FFFFFFFF mask=7 scissor=0,0,640,480 fog=0
60 pid=FFFD4975 state tex=1216 size=00400040 tex=01010101 blend=00050600 depth=01040102 colour=FFFFFFFF mask=7 scissor=0,0,640,480 fog=0
61 pid=FFFD4975 state tex=1218 size=00400040 tex=01010101 blend=00050600 depth=01040102 colour=FFFFFFFF mask=7 scissor=0,0,640,480 fog=0
62 pid=FFFD4975 state tex=1225 size=00400040 tex=01010101 blend=00050600 depth=01040102 colour=FFFFFFFF mask=7 scissor=0,0,640,480 fog=0
63 pid=FFFD4975 state tex=1226 size=00400040 tex=01010101 blend=00050600 depth=01040102 colour=FFFFFFFF mask=7 scissor=0,0,640,480 fog=0
64 pid=FFFD4975 state tex=1264 size=00400040 tex=01010101 blend=00050600 depth=01040102 colour=FFFFFFFF mask=7 scissor=0,0,640,480 fog=0
65 pid=FFFD4975 state tex=1269 size=00400040 tex=01010101 blend=00050600 depth=01040102 colour=FFFFFFFF mask=7 scissor=0,0,640,480 fog=0
66 pid=FFFD4975 state tex=1273 size=00200080 tex=01010101 blend=00050600 depth=01040102 colour=FFFFFFFF mask=7 scissor=0,0,640,480 fog=0
67 pid=FFFD4975 state tex=1278 size=00400040 tex=01010101 blend=00050600 depth=01040102 colour=FFFFFFFF mask=7 scissor=0,0,640,480 fog=0
68 pid=FFFD4975 state tex=1281 size=00400040 tex=01010101 blend=00050600 depth=01040102 colour=FFFFFFFF mask=7 scissor=0,0,640,480 fog=0
69 pid=FFFD4975 state tex=1282 size=00400040 tex=01010101 blend=00050600 depth=01040102 colour=FFFFFFFF mask=7 scissor=0,0,640,480 fog=0
70 pid=FFFD4975 state tex=1025 size=00800080 tex=01010101 blend=01010300 depth=01040001 colour=FFFFFFFF mask=7 scissor=0,0,640,480 fog=0
71 pid=FFFD4975 state tex=1026 size=00800080 tex=01010101 blend=01010300 depth=01040001 colour=FFFFFFFF mask=7 scissor=0,0,640,480 fog=0
72 pid=FFFD4975 state tex=1027 size=00800080 tex=01010101 blend=01010300 depth=01040001 colour=FFFFFFFF mask=7 scissor=0,0,640,480 fog=0
73 pid=FFFD4975 state tex=1030 size=00800080 tex=01010101 blend=01010300 depth=01040001 colour=FFFFFFFF mask=7 scissor=0,0,640,480 fog=0
74 pid=FFFD4975 state tex=1376 size=01000080 tex=01040201 blend=00050600 depth=01040102 colour=FF94774B mask=7 scissor=0,0,640,480 fog=0
75 pid=FFFD4975 state tex=1380 size=01000080 tex=01040201 blend=00050600 depth=01040102 colour=FF463827 mask=7 scissor=0,0,640,480 fog=0
76 pid=FFFD4975 state tex=1382 size=00800020 tex=01040201 blend=00050600 depth=01040102 colour=FF6F562E mask=7 scissor=0,0,640,480 fog=0
77 pid=FFFD4975 state tex=1384 size=00800020 tex=01010200 blend=00050600 depth=01040102 colour=FF4D4231 mask=7 scissor=0,0,640,480 fog=0
78 pid=FFFD4975 state tex=1389 size=01000080 tex=01040201 blend=00050600 depth=01040102 colour=FF5F5343 mask=7 scissor=0,0,640,480 fog=0
79 pid=FFFD4975 state tex=1390 size=00800040 tex=01040201 blend=00050600 depth=01040102 colour=FF7F6F57 mask=7 scissor=0,0,640,480 fog=0
80 pid=FFFD4975 state tex=1391 size=00400040 tex=01010200 blend=00050600 depth=01040102 colour=FF968569 mask=7 scissor=0,0,640,480 fog=0
81 pid=FFFD4975 state tex=1393 size=00800040 tex=01040201 blend=00050600 depth=01040102 colour=FFFFFFE8 mask=7 scissor=0,0,640,480 fog=0
82 pid=FFFD4975 state tex=1396 size=00800040 tex=01040201 blend=00050600 depth=01040102 colour=FF9C8964 mask=7 scissor=0,0,640,480 fog=0
83 pid=FFFD4975 state tex=1401 size=01000080 tex=01040201 blend=00050600 depth=01040102 colour=FFFFFFED mask=7 scissor=0,0,640,480 fog=0
84 pid=FFFD4975 state tex=1409 size=01000080 tex=01040201 blend=00050600 depth=01040102 colour=FF4D4137 mask=7 scissor=0,0,640,480 fog=0
85 pid=FFFD4975 state tex=1152 size=01000100 tex=01040101 blend=00050601 depth=00040101 colour=FFFFFFFF mask=7 scissor=0,0,640,480 fog=0
86 pid=FFFD4975 refused tex=1152 size=01000100 tex=02040101 blend=00050601 depth=00040101 colour=FFFFFFFF mask=7 scissor=0,0,640,480 fog=0
87 pid=FFFD4975 draw result=4 triangles=18 submitted=0
88 pid=FFFD4975   v0 sx=439E0000 sy=436C0000 sz=3F000000 rhw=3F800000 tu=3F70028F tv=3823D70A
89 pid=FFFD4975   v1 sx=43A20000 sy=436C0000 sz=3F000000 rhw=3F800000 tu=3F77FD71 tv=3823D70A
90 pid=FFFD4975   v2 sx=43A20000 sy=43740002 sz=3F000000 rhw=3F800000 tu=3F77FD71 tv=3CFFAE14
91 pid=FFFD4975 draw result=4 triangles=18 submitted=0
92 pid=FFFD4975   v0 sx=439E0000 sy=436C0000 sz=3F000000 rhw=3F800000 tu=3F70028F tv=3823D70A
93 pid=FFFD4975   v1 sx=43A20000 sy=436C0000 sz=3F000000 rhw=3F800000 tu=3F77FD71 tv=3823D70A
94 pid=FFFD4975   v2 sx=43A20000 sy=43740002 sz=3F000000 rhw=3F800000 tu=3F77FD71 tv=3CFFAE14
95 pid=FFFD4975 draw result=4 triangles=18 submitted=0
96 pid=FFFD4975   v0 sx=439E0000 sy=436C0000 sz=3F000000 rhw=3F800000 tu=3F70028F tv=3823D70A
97 pid=FFFD4975   v1 sx=43A20000 sy=436C0000 sz=3F000000 rhw=3F800000 tu=3F77FD71 tv=3823D70A
98 pid=FFFD4975   v2 sx=43A20000 sy=43740002 sz=3F000000 rhw=3F800000 tu=3F77FD71 tv=3CFFAE14
99 pid=FFFD4975 draw result=4 triangles=18 submitted=0
100 pid=FFFD4975   v0 sx=439E0000 sy=436C0000 sz=3F000000 rhw=3F800000 tu=3F70028F tv=3823D70A
101 pid=FFFD4975   v1 sx=43A20000 sy=436C0000 sz=3F000000 rhw=3F800000 tu=3F77FD71 tv=3823D70A
102 pid=FFFD4975   v2 sx=43A20000 sy=43740002 sz=3F000000 rhw=3F800000 tu=3F77FD71 tv=3CFFAE14
103 pid=FFFD4975 draw result=4 triangles=18 submitted=0
104 pid=FFFD4975   v0 sx=439E0000 sy=436C0000 sz=3F000000 rhw=3F800000 tu=3F70028F tv=3823D70A
105 pid=FFFD4975   v1 sx=43A20000 sy=436C0000 sz=3F000000 rhw=3F800000 tu=3F77FD71 tv=3823D70A
106 pid=FFFD4975   v2 sx=43A20000 sy=43740002 sz=3F000000 rhw=3F800000 tu=3F77FD71 tv=3CFFAE14
107 pid=FFFD4975 draw result=4 triangles=18 submitted=0
108 pid=FFFD4975   v0 sx=439E0000 sy=436C0000 sz=3F000000 rhw=3F800000 tu=3F70028F tv=3823D70A
109 pid=FFFD4975   v1 sx=43A20000 sy=436C0000 sz=3F000000 rhw=3F800000 tu=3F77FD71 tv=3823D70A
110 pid=FFFD4975   v2 sx=43A20000 sy=43740002 sz=3F000000 rhw=3F800000 tu=3F77FD71 tv=3CFFAE14
111 pid=FFFD4975 state tex=1267 size=00400020 tex=01010101 blend=00050600 depth=01040102 colour=FFFFFFFF mask=7 scissor=0,0,640,480 fog=0
112 pid=FFFD4975 state tex=1268 size=00400040 tex=01010101 blend=00050600 depth=01040102 colour=FFFFFFFF mask=7 scissor=0,0,640,480 fog=0
113 pid=FFFD4975 state tex=1266 size=00400020 tex=01010101 blend=00050600 depth=01040102 colour=FFFFFFFF mask=7 scissor=0,0,640,480 fog=0
114 pid=FFFD4975 state tex=1024 size=00800080 tex=01010101 blend=01010300 depth=01040001 colour=FFFFFFFF mask=7 scissor=0,0,640,480 fog=0
115 pid=FFFD4975 state tex=1381 size=01000080 tex=01040201 blend=00050600 depth=01040102 colour=FF9C8D54 mask=7 scissor=0,0,640,480 fog=0
116 pid=FFFD4975 state tex=1342 size=00800040 tex=01010200 blend=01050600 depth=01040002 colour=AA6D6153 mask=7 scissor=0,0,640,480 fog=0
117 pid=FFFD4975 state tex=1153 size=00080008 tex=01040202 blend=01050600 depth=01040002 colour=FF730700 mask=7 scissor=0,0,640,480 fog=0
118 pid=FFFD4975 refused tex=1153 size=00080008 tex=02040202 blend=01050600 depth=01040002 colour=D4730700 mask=7 scissor=0,0,640,480 fog=0
119 pid=FFFD4975 time interval-ms=10000 swaps=30 present-ms=172 draw-ms=8233 upload-ms=111
120 pid=FFFD4975 tsc frames=30 wall-ms=10000 vertex-ms=397 flush-in-vertex-ms=27 flush-other-ms=8365 bind-ms=7 iface-ms=8232 beginend-ms=4530 swap-ms=173 vertices=255480 flushes=2309 draws=2418 sink-ms=4530 sink-prep-ms=52 sinks=29858
121 pid=FFFD4975 sink begin-ms=23 flush-ms=4458 copy-ms=11 prep-texture-ms=28 prep-state-ms=11 prep-same-ms=11
122 pid=FFFD4975 hwno hwtex-ms=118 iface-cpu-ms=0 not-cpu=0 square-side=0 too-big=0 format=0 no-object=0 no-record=0 table-full=0 unusable=0 backoff=0 make-failed=0 square-alloc=0 upload=0
123 pid=FFFD4975 prim transform-ms=51 inside-ms=40 window-ms=74 assemble-ms=170 history-ms=18 fast=72684 clipped=35831 culled=42925
124 pid=FFFD4975 paths batches/triangles untextured=0/0 hw=2201/83718 cpu=0/0 cpu-nonsquare=0/0 hw-refused=109/5341
125 pid=FFFD4975 counters hwtex live=46 creates=46 create-failed=0 evictions=0 uploads=49 upload-kb=1270 squared=0 alpha-dropped=0 stubs=0 failed r4=109 r7=0 r8=0 other=0
126 pid=FFFD4975 state tex=1153 size=00000000 tex=00000000 blend=01050600 depth=00040100 colour=33FF0000 mask=7 scissor=0,0,640,480 fog=0
127 pid=FFFD4975 state tex=1361 size=01000080 tex=01040201 blend=00050600 depth=01040102 colour=FFA99362 mask=7 scissor=0,0,640,480 fog=0
128 pid=FFFD4975 time interval-ms=10000 swaps=31 present-ms=158 draw-ms=8391 upload-ms=38
129 pid=FFFD4975 tsc frames=31 wall-ms=10000 vertex-ms=386 flush-in-vertex-ms=10 flush-other-ms=8430 bind-ms=3 iface-ms=8390 beginend-ms=4909 swap-ms=159 vertices=269907 flushes=2345 draws=2446 sink-ms=4890 sink-prep-ms=53 sinks=30121
130 pid=FFFD4975 sink begin-ms=24 flush-ms=4818 copy-ms=11 prep-texture-ms=28 prep-state-ms=11 prep-same-ms=11
131 pid=FFFD4975 hwno hwtex-ms=41 iface-cpu-ms=0 not-cpu=11 square-side=0 too-big=0 format=0 no-object=0 no-record=0 table-full=0 unusable=0 backoff=0 make-failed=0 square-alloc=0 upload=0
132 pid=FFFD4975 prim transform-ms=54 inside-ms=41 window-ms=74 assemble-ms=152 history-ms=19 fast=70951 clipped=46144 culled=42734
133 pid=FFFD4975 paths batches/triangles untextured=11/55 hw=4434/168329 cpu=0/0 cpu-nonsquare=0/0 hw-refused=210/9659
134 pid=FFFD4975 counters hwtex live=47 creates=47 create-failed=0 evictions=0 uploads=61 upload-kb=1707 squared=0 alpha-dropped=0 stubs=0 failed r4=210 r7=0 r8=0 other=0
135 pid=FFFD4975 time interval-ms=10001 swaps=29 present-ms=147 draw-ms=8282 upload-ms=56
136 pid=FFFD4975 tsc frames=29 wall-ms=10001 vertex-ms=496 flush-in-vertex-ms=44 flush-other-ms=8309 bind-ms=6 iface-ms=8281 beginend-ms=5703 swap-ms=149 vertices=341035 flushes=2807 draws=2976 sink-ms=5713 sink-prep-ms=66 sinks=38129
137 pid=FFFD4975 sink begin-ms=29 flush-ms=5622 copy-ms=15 prep-texture-ms=35 prep-state-ms=14 prep-same-ms=14
138 pid=FFFD4975 hwno hwtex-ms=59 iface-cpu-ms=0 not-cpu=21 square-side=0 too-big=0 format=0 no-object=0 no-record=0 table-full=0 unusable=0 backoff=0 make-failed=0 square-alloc=0 upload=0
139 pid=FFFD4975 prim transform-ms=68 inside-ms=53 window-ms=97 assemble-ms=196 history-ms=24 fast=101275 clipped=44001 culled=53629
140 pid=FFFD4975 paths batches/triangles untextured=32/160 hw=7051/274703 cpu=0/0 cpu-nonsquare=0/0 hw-refused=379/18352
141 pid=FFFD4975 counters hwtex live=55 creates=55 create-failed=0 evictions=0 uploads=85 upload-kb=2355 squared=0 alpha-dropped=0 stubs=0 failed r4=379 r7=0 r8=0 other=0
142 pid=FFFD4975 time interval-ms=10005 swaps=33 present-ms=169 draw-ms=8298 upload-ms=85
143 pid=FFFD4975 tsc frames=33 wall-ms=10005 vertex-ms=395 flush-in-vertex-ms=42 flush-other-ms=8364 bind-ms=5 iface-ms=8298 beginend-ms=3764 swap-ms=169 vertices=259829 flushes=2151 draws=2390 sink-ms=3786 sink-prep-ms=40 sinks=23101
144 pid=FFFD4975 sink begin-ms=18 flush-ms=3729 copy-ms=10 prep-texture-ms=22 prep-state-ms=9 prep-same-ms=8
145 pid=FFFD4975 hwno hwtex-ms=99 iface-cpu-ms=0 not-cpu=7 square-side=0 too-big=0 format=0 no-object=0 no-record=0 table-full=0 unusable=0 backoff=0 make-failed=0 square-alloc=0 upload=0
146 pid=FFFD4975 prim transform-ms=52 inside-ms=39 window-ms=65 assemble-ms=177 history-ms=17 fast=66197 clipped=44597 culled=28467
147 pid=FFFD4975 paths batches/triangles untextured=39/195 hw=8956/342257 cpu=0/0 cpu-nonsquare=0/0 hw-refused=618/31621
148 pid=FFFD4975 counters hwtex live=64 creates=64 create-failed=0 evictions=0 uploads=117 upload-kb=3317 squared=0 alpha-dropped=0 stubs=0 failed r4=618 r7=0 r8=0 other=0
149 pid=FFFD4975 time interval-ms=10019 swaps=36 present-ms=185 draw-ms=8241 upload-ms=140
150 pid=FFFD4975 tsc frames=36 wall-ms=10019 vertex-ms=350 flush-in-vertex-ms=54 flush-other-ms=8341 bind-ms=7 iface-ms=8241 beginend-ms=4235 swap-ms=185 vertices=223128 flushes=1991 draws=2169 sink-ms=4271 sink-prep-ms=38 sinks=22045
151 pid=FFFD4975 sink begin-ms=16 flush-ms=4217 copy-ms=10 prep-texture-ms=20 prep-state-ms=8 prep-same-ms=8
152 pid=FFFD4975 hwno hwtex-ms=143 iface-cpu-ms=0 not-cpu=0 square-side=0 too-big=0 format=0 no-object=0 no-record=0 table-full=0 unusable=0 backoff=0 make-failed=0 square-alloc=0 upload=0
153 pid=FFFD4975 prim transform-ms=45 inside-ms=34 window-ms=57 assemble-ms=162 history-ms=15 fast=64126 clipped=31450 culled=23728
154 pid=FFFD4975 paths batches/triangles untextured=39/195 hw=10769/409254 cpu=0/0 cpu-nonsquare=0/0 hw-refused=796/40822
155 pid=FFFD4975 counters hwtex live=72 creates=72 create-failed=0 evictions=0 uploads=168 upload-kb=4960 squared=0 alpha-dropped=0 stubs=0 failed r4=796 r7=0 r8=0 other=0
156 pid=FFFD4975 time interval-ms=10004 swaps=37 present-ms=188 draw-ms=8316 upload-ms=63
157 pid=FFFD4975 tsc frames=37 wall-ms=10004 vertex-ms=345 flush-in-vertex-ms=59 flush-other-ms=8330 bind-ms=3 iface-ms=8316 beginend-ms=3827 swap-ms=189 vertices=201741 flushes=2113 draws=2390 sink-ms=3870 sink-prep-ms=37 sinks=21177
158 pid=FFFD4975 sink begin-ms=15 flush-ms=3818 copy-ms=10 prep-texture-ms=19 prep-state-ms=8 prep-same-ms=8
159 pid=FFFD4975 hwno hwtex-ms=65 iface-cpu-ms=0 not-cpu=9 square-side=0 too-big=0 format=0 no-object=0 no-record=0 table-full=0 unusable=0 backoff=0 make-failed=0 square-alloc=0 upload=0
160 pid=FFFD4975 prim transform-ms=40 inside-ms=32 window-ms=56 assemble-ms=169 history-ms=13 fast=62353 clipped=25968 culled=18506
161 pid=FFFD4975 paths batches/triangles untextured=48/240 hw=12596/472666 cpu=0/0 cpu-nonsquare=0/0 hw-refused=1073/55708
162 pid=FFFD4975 counters hwtex live=73 creates=73 create-failed=0 evictions=0 uploads=192 upload-kb=5706 squared=0 alpha-dropped=0 stubs=0 failed r4=1073 r7=0 r8=0 other=0
163 pid=FFFD4975 time interval-ms=10016 swaps=30 present-ms=156 draw-ms=8140 upload-ms=99
164 pid=FFFD4975 tsc frames=30 wall-ms=10016 vertex-ms=445 flush-in-vertex-ms=54 flush-other-ms=8396 bind-ms=200 iface-ms=8140 beginend-ms=4148 swap-ms=156 vertices=261862 flushes=2384 draws=2648 sink-ms=4182 sink-prep-ms=44 sinks=23848
165 pid=FFFD4975 sink begin-ms=19 flush-ms=4120 copy-ms=11 prep-texture-ms=24 prep-state-ms=9 prep-same-ms=9
166 pid=FFFD4975 hwno hwtex-ms=104 iface-cpu-ms=0 not-cpu=17 square-side=0 too-big=0 format=0 no-object=0 no-record=0 table-full=0 unusable=0 backoff=0 make-failed=0 square-alloc=0 upload=0
167 pid=FFFD4975 prim transform-ms=53 inside-ms=40 window-ms=86 assemble-ms=201 history-ms=17 fast=72473 clipped=35952 culled=31787
168 pid=FFFD4975 paths batches/triangles untextured=65/325 hw=14699/543255 cpu=0/0 cpu-nonsquare=0/0 hw-refused=1337/70097
169 pid=FFFD4975 counters hwtex live=86 creates=86 create-failed=0 evictions=0 uploads=235 upload-kb=6819 squared=0 alpha-dropped=0 stubs=0 failed r4=1337 r7=0 r8=0 other=0
170 pid=FFFD4975 refused tex=1155 size=00800080 tex=02040101 blend=00050601 depth=00040101 colour=FFFFFFFF mask=7 scissor=0,0,640,480 fog=0
171 pid=FFFD4975 time interval-ms=10017 swaps=31 present-ms=159 draw-ms=8483 upload-ms=26
172 pid=FFFD4975 tsc frames=31 wall-ms=10017 vertex-ms=374 flush-in-vertex-ms=42 flush-other-ms=8481 bind-ms=6 iface-ms=8483 beginend-ms=4593 swap-ms=160 vertices=244806 flushes=2557 draws=2803 sink-ms=4613 sink-prep-ms=47 sinks=26683
173 pid=FFFD4975 sink begin-ms=20 flush-ms=4547 copy-ms=11 prep-texture-ms=25 prep-state-ms=10 prep-same-ms=10
174 pid=FFFD4975 hwno hwtex-ms=29 iface-cpu-ms=0 not-cpu=3 square-side=0 too-big=0 format=0 no-object=0 no-record=0 table-full=0 unusable=0 backoff=0 make-failed=0 square-alloc=0 upload=0
175 pid=FFFD4975 prim transform-ms=49 inside-ms=39 window-ms=72 assemble-ms=156 history-ms=17 fast=78176 clipped=26071 culled=33655
176 pid=FFFD4975 paths batches/triangles untextured=68/340 hw=17007/621692 cpu=0/0 cpu-nonsquare=0/0 hw-refused=1583/82337
177 pid=FFFD4975 counters hwtex live=89 creates=89 create-failed=0 evictions=0 uploads=244 upload-kb=7128 squared=0 alpha-dropped=0 stubs=0 failed r4=1583 r7=0 r8=0 other=0
178 pid=FFFD4975 time interval-ms=10002 swaps=33 present-ms=168 draw-ms=8482 upload-ms=13
179 pid=FFFD4975 tsc frames=33 wall-ms=10002 vertex-ms=295 flush-in-vertex-ms=2 flush-other-ms=8502 bind-ms=3 iface-ms=8482 beginend-ms=5401 swap-ms=169 vertices=208516 flushes=1988 draws=2032 sink-ms=5379 sink-prep-ms=47 sinks=26737
180 pid=FFFD4975 sink begin-ms=20 flush-ms=5314 copy-ms=12 prep-texture-ms=24 prep-state-ms=10 prep-same-ms=10
181 pid=FFFD4975 hwno hwtex-ms=15 iface-cpu-ms=0 not-cpu=4 square-side=0 too-big=0 format=0 no-object=0 no-record=0 table-full=0 unusable=0 backoff=0 make-failed=0 square-alloc=0 upload=0
182 pid=FFFD4975 prim transform-ms=42 inside-ms=32 window-ms=58 assemble-ms=113 history-ms=15 fast=62795 clipped=31715 culled=31450
183 pid=FFFD4975 paths batches/triangles untextured=72/360 hw=18947/698609 cpu=0/0 cpu-nonsquare=0/0 hw-refused=1627/83421
184 pid=FFFD4975 counters hwtex live=90 creates=90 create-failed=0 evictions=0 uploads=249 upload-kb=7288 squared=0 alpha-dropped=0 stubs=0 failed r4=1627 r7=0 r8=0 other=0
185 pid=FFFD4975 time interval-ms=10000 swaps=33 present-ms=169 draw-ms=8374 upload-ms=72
186 pid=FFFD4975 tsc frames=33 wall-ms=10000 vertex-ms=364 flush-in-vertex-ms=48 flush-other-ms=8411 bind-ms=6 iface-ms=8373 beginend-ms=4926 swap-ms=169 vertices=227043 flushes=2191 draws=2408 sink-ms=4954 sink-prep-ms=41 sinks=23551
187 pid=FFFD4975 sink begin-ms=18 flush-ms=4896 copy-ms=10 prep-texture-ms=22 prep-state-ms=9 prep-same-ms=9
188 pid=FFFD4975 hwno hwtex-ms=75 iface-cpu-ms=0 not-cpu=18 square-side=0 too-big=0 format=0 no-object=0 no-record=0 table-full=0 unusable=0 backoff=0 make-failed=0 square-alloc=0 upload=0
189 pid=FFFD4975 prim transform-ms=46 inside-ms=35 window-ms=63 assemble-ms=166 history-ms=15 fast=66478 clipped=32346 culled=28447
190 pid=FFFD4975 paths batches/triangles untextured=90/450 hw=20903/769015 cpu=0/0 cpu-nonsquare=0/0 hw-refused=1844/94713
191 pid=FFFD4975 counters hwtex live=90 creates=90 create-failed=0 evictions=0 uploads=276 upload-kb=8152 squared=0 alpha-dropped=0 stubs=0 failed r4=1844 r7=0 r8=0 other=0
192 pid=FFFD4975 hwtex create 00800040 levels=8 hr=8876017C
193 pid=FFFD4975 time interval-ms=10000 swaps=35 present-ms=180 draw-ms=8312 upload-ms=65
194 pid=FFFD4975 tsc frames=35 wall-ms=10000 vertex-ms=332 flush-in-vertex-ms=15 flush-other-ms=8387 bind-ms=6 iface-ms=8312 beginend-ms=4437 swap-ms=180 vertices=230433 flushes=2013 draws=2156 sink-ms=4431 sink-prep-ms=40 sinks=23224
195 pid=FFFD4975 sink begin-ms=18 flush-ms=4375 copy-ms=10 prep-texture-ms=21 prep-state-ms=9 prep-same-ms=8
196 pid=FFFD4975 hwno hwtex-ms=80 iface-cpu-ms=0 not-cpu=13 square-side=0 too-big=0 format=0 no-object=0 no-record=0 table-full=0 unusable=0 backoff=0 make-failed=0 square-alloc=0 upload=0
197 pid=FFFD4975 prim transform-ms=46 inside-ms=34 window-ms=58 assemble-ms=139 history-ms=16 fast=59402 clipped=41250 culled=28621
198 pid=FFFD4975 paths batches/triangles untextured=103/515 hw=22760/837542 cpu=0/0 cpu-nonsquare=0/0 hw-refused=1987/101310
199 pid=FFFD4975 counters hwtex live=94 creates=95 create-failed=1 evictions=1 uploads=301 upload-kb=8857 squared=0 alpha-dropped=0 stubs=0 failed r4=1987 r7=0 r8=0 other=0
200 pid=FFFD4975 hwtex create 01000080 levels=9 hr=8876017C
201 pid=FFFD4975 hwtex create 01000080 levels=9 hr=8876017C
202 pid=FFFD4975 hwtex create 01000080 levels=9 hr=8876017C
203 pid=FFFD4975 hwtex create 00800080 levels=8 hr=8876017C
204 pid=FFFD4975 time interval-ms=10008 swaps=28 present-ms=143 draw-ms=8481 upload-ms=71
205 pid=FFFD4975 tsc frames=28 wall-ms=10008 vertex-ms=357 flush-in-vertex-ms=11 flush-other-ms=8557 bind-ms=6 iface-ms=8481 beginend-ms=5340 swap-ms=144 vertices=256355 flushes=2228 draws=2386 sink-ms=5327 sink-prep-ms=49 sinks=28449
206 pid=FFFD4975 sink begin-ms=20 flush-ms=5259 copy-ms=11 prep-texture-ms=26 prep-state-ms=11 prep-same-ms=10
207 pid=FFFD4975 hwno hwtex-ms=76 iface-cpu-ms=0 not-cpu=15 square-side=0 too-big=0 format=0 no-object=0 no-record=0 table-full=0 unusable=0 backoff=0 make-failed=0 square-alloc=0 upload=0
208 pid=FFFD4975 prim transform-ms=51 inside-ms=39 window-ms=67 assemble-ms=139 history-ms=17 fast=71732 clipped=38612 culled=32939
209 pid=FFFD4975 paths batches/triangles untextured=118/590 hw=24815/918088 cpu=0/0 cpu-nonsquare=0/0 hw-refused=2145/108065
210 pid=FFFD4975 counters hwtex live=99 creates=104 create-failed=5 evictions=5 uploads=327 upload-kb=9686 squared=0 alpha-dropped=0 stubs=0 failed r4=2145 r7=0 r8=0 other=0
211 pid=FFFD4975 hwtex create 01000040 levels=9 hr=8876017C
212 pid=FFFD4975 time interval-ms=10012 swaps=30 present-ms=153 draw-ms=8306 upload-ms=123
213 pid=FFFD4975 tsc frames=30 wall-ms=10012 vertex-ms=398 flush-in-vertex-ms=19 flush-other-ms=8424 bind-ms=6 iface-ms=8305 beginend-ms=4935 swap-ms=153 vertices=282961 flushes=2781 draws=2955 sink-ms=4928 sink-prep-ms=55 sinks=31183
214 pid=FFFD4975 sink begin-ms=23 flush-ms=4853 copy-ms=12 prep-texture-ms=29 prep-state-ms=12 prep-same-ms=11
215 pid=FFFD4975 hwno hwtex-ms=127 iface-cpu-ms=0 not-cpu=0 square-side=0 too-big=0 format=0 no-object=0 no-record=0 table-full=0 unusable=0 backoff=0 make-failed=0 square-alloc=0 upload=0
216 pid=FFFD4975 prim transform-ms=57 inside-ms=44 window-ms=80 assemble-ms=151 history-ms=19 fast=83353 clipped=35386 culled=41286
217 pid=FFFD4975 paths batches/triangles untextured=118/590 hw=27422/1007882 cpu=0/0 cpu-nonsquare=0/0 hw-refused=2319/116854
218 pid=FFFD4975 counters hwtex live=101 creates=110 create-failed=6 evictions=6 uploads=375 upload-kb=11147 squared=0 alpha-dropped=0 stubs=0 failed r4=2319 r7=0 r8=0 other=0
219 pid=FFFD4975 time interval-ms=10000 swaps=33 present-ms=168 draw-ms=8223 upload-ms=121
220 pid=FFFD4975 tsc frames=33 wall-ms=10000 vertex-ms=405 flush-in-vertex-ms=22 flush-other-ms=8336 bind-ms=5 iface-ms=8223 beginend-ms=4448 swap-ms=169 vertices=286828 flushes=2718 draws=2930 sink-ms=4446 sink-prep-ms=50 sinks=28641
221 pid=FFFD4975 sink begin-ms=21 flush-ms=4376 copy-ms=12 prep-texture-ms=27 prep-state-ms=11 prep-same-ms=10
222 pid=FFFD4975 hwno hwtex-ms=124 iface-cpu-ms=0 not-cpu=4 square-side=0 too-big=0 format=0 no-object=0 no-record=0 table-full=0 unusable=0 backoff=0 make-failed=0 square-alloc=0 upload=0
223 pid=FFFD4975 prim transform-ms=58 inside-ms=43 window-ms=76 assemble-ms=161 history-ms=19 fast=77797 clipped=42183 culled=37526
224 pid=FFFD4975 paths batches/triangles untextured=122/610 hw=29924/1091637 cpu=0/0 cpu-nonsquare=0/0 hw-refused=2531/127299
225 pid=FFFD4975 counters hwtex live=101 creates=110 create-failed=6 evictions=6 uploads=420 upload-kb=12587 squared=0 alpha-dropped=0 stubs=0 failed r4=2531 r7=0 r8=0 other=0
226 pid=FFFD4975 hwtex create 01000080 levels=9 hr=8876017C
227 pid=FFFD4975 hwtex create 01000080 levels=9 hr=8876017C
228 pid=FFFD4975 hwtex create 01000080 levels=9 hr=8876017C
229 pid=FFFD4975 hwtex create 01000080 levels=9 hr=8876017C
230 pid=FFFD4975 hwtex create 01000080 levels=9 hr=8876017C
231 pid=FFFD4975 hwtex create 01000080 levels=9 hr=8876017C
232 pid=FFFD4975 hwtex create 01000080 levels=9 hr=8876017C
233 pid=FFFD4975 hwtex create 01000080 levels=9 hr=8876017C
234 pid=FFFD4975 hwtex create 01000080 levels=9 hr=8876017C
235 pid=FFFD4975 hwtex create 01000080 levels=9 hr=8876017C
236 pid=FFFD4975 hwtex create 01000100 levels=1 hr=8876017C
237 pid=FFFD4975 hwtex create 01000100 levels=1 hr=8876017C
238 pid=FFFD4975 hwtex create 01000100 levels=1 hr=8876017C
239 pid=FFFD4975 hwtex create 01000100 levels=1 hr=8876017C
240 pid=FFFD4975 hwtex create 01000100 levels=1 hr=8876017C
241 pid=FFFD4975 hwtex create 01000100 levels=1 hr=8876017C
242 pid=FFFD4975 hwtex create 01000100 levels=1 hr=8876017C
243 pid=FFFD4975 hwtex create 01000100 levels=1 hr=8876017C
244 pid=FFFD4975 hwtex create 01000100 levels=1 hr=8876017C
245 pid=FFFD4975 hwtex create 01000100 levels=1 hr=8876017C
246 pid=FFFD4975 hwtex create 01000100 levels=1 hr=8876017C
247 pid=FFFD4975 hwtex create 01000100 levels=1 hr=8876017C
248 pid=FFFD4975 hwtex create 01000100 levels=1 hr=8876017C
249 pid=FFFD4975 hwtex create 01000100 levels=1 hr=8876017C
250 pid=FFFD4975 hwtex create 01000100 levels=1 hr=8876017C
251 pid=FFFD4975 hwtex create 01000100 levels=1 hr=8876017C
252 pid=FFFD4975 hwtex create 01000100 levels=1 hr=8876017C
253 pid=FFFD4975 DrvReleaseContext context=1 -> 1
254 pid=FFFD4975 paths batches/triangles untextured=132/660 hw=32071/1161798 cpu=0/0 cpu-nonsquare=0/0 hw-refused=2807/142572
255 pid=FFFD4975 counters hwtex live=0 creates=139 create-failed=33 evictions=33 uploads=441 upload-kb=13408 squared=0 alpha-dropped=2 stubs=0 failed r4=2807 r7=0 r8=0 other=0
256 pid=FFFD4975 DrvDeleteContext context=1 -> 1
257 pid=FFFD4975 detach slots-called=0 stub-calls=0
1 pid=FFFD35B1 attach instance=01CF0000 tls=11 build-marker=1
2 pid=FFFD35B1 DrvValidateVersion version=1
3 pid=FFFD35B1 DrvSetCallbackProcs count=3 procs=78B23978
4 pid=FFFD35B1 describe result=0 engine=5 formats=00000002
5 pid=FFFD35B1 DrvDescribePixelFormat index=1 bytes=0 -> count=1
6 pid=FFFD35B1 DrvDescribePixelFormat index=1 bytes=40 -> count=1
7 pid=FFFD35B1 DrvDescribePixelFormat index=1 bytes=0 -> count=1
8 pid=FFFD35B1 DrvDescribePixelFormat index=1 bytes=0 -> count=1
9 pid=FFFD35B1 DrvDescribePixelFormat index=1 bytes=0 -> count=1
10 pid=FFFD35B1 DrvDescribePixelFormat index=1 bytes=0 -> count=1
11 pid=FFFD35B1 DrvDescribePixelFormat index=1 bytes=0 -> count=1
12 pid=FFFD35B1 DrvDescribePixelFormat index=1 bytes=0 -> count=1
13 pid=FFFD35B1 DrvDescribePixelFormat index=1 bytes=0 -> count=1
14 pid=FFFD35B1 DrvDescribePixelFormat index=1 bytes=0 -> count=1
15 pid=FFFD35B1 DrvDescribePixelFormat index=1 bytes=0 -> count=1
16 pid=FFFD35B1 DrvDescribePixelFormat index=1 bytes=0 -> count=1
17 pid=FFFD35B1 DrvDescribePixelFormat index=1 bytes=0 -> count=1
18 pid=FFFD35B1 DrvDescribePixelFormat index=1 bytes=0 -> count=1
19 pid=FFFD35B1 DrvDescribePixelFormat index=1 bytes=0 -> count=1
20 pid=FFFD35B1 DrvDescribePixelFormat index=1 bytes=0 -> count=1
21 pid=FFFD35B1 DrvDescribePixelFormat index=1 bytes=0 -> count=1
22 pid=FFFD35B1 DrvDescribePixelFormat index=1 bytes=0 -> count=1
23 pid=FFFD35B1 DrvDescribePixelFormat index=1 bytes=0 -> count=1
24 pid=FFFD35B1 DrvDescribePixelFormat index=1 bytes=0 -> count=1
25 pid=FFFD35B1 DrvDescribePixelFormat index=1 bytes=0 -> count=1
26 pid=FFFD35B1 DrvDescribePixelFormat index=1 bytes=0 -> count=1
27 pid=FFFD35B1 DrvDescribePixelFormat index=1 bytes=0 -> count=1
28 pid=FFFD35B1 DrvDescribePixelFormat index=1 bytes=0 -> count=1
29 pid=FFFD35B1 DrvDescribePixelFormat index=1 bytes=0 -> count=1
30 pid=FFFD35B1 DrvDescribePixelFormat index=1 bytes=0 -> count=1
31 pid=FFFD35B1 DrvDescribePixelFormat index=1 bytes=0 -> count=1
32 pid=FFFD35B1 DrvSetPixelFormat hdc=0000077A index=1
33 pid=FFFD35B1 DrvDescribePixelFormat index=1 bytes=0 -> count=1
34 pid=FFFD35B1 DrvDescribePixelFormat index=1 bytes=40 -> count=1
35 pid=FFFD35B1 DrvDescribePixelFormat index=1 bytes=0 -> count=1
36 pid=FFFD35B1 DrvDescribePixelFormat index=1 bytes=40 -> count=1
37 pid=FFFD35B1 DrvCreateLayerContext hdc=0000077A layer=0 -> 1
38 pid=FFFD35B1 drawable window=0000015C 640x480
39 pid=FFFD35B1 DrvSetContext hdc=0000077A context=1 -> 1
40 pid=FFFD35B1 state tex=1158 size=00400040 tex=01010101 blend=00050600 depth=01040102 colour=FFFFFFFF mask=7 scissor=0,0,640,480 fog=0
41 pid=FFFD35B1 time interval-ms=71832 swaps=0 present-ms=0 draw-ms=918253696 upload-ms=1
42 pid=FFFD35B1 tsc frames=0 wall-ms=71832 vertex-ms=9387 flush-in-vertex-ms=0 flush-other-ms=8829599 bind-ms=4773 iface-ms=8270464 beginend-ms=5301147 swap-ms=0 vertices=18 flushes=1 draws=1 sink-ms=5266056 sink-prep-ms=5263665 sinks=4
43 pid=FFFD35B1 sink begin-ms=5019112 flush-ms=0 copy-ms=1503 prep-texture-ms=5262172 prep-state-ms=764 prep-same-ms=627
44 pid=FFFD35B1 hwno hwtex-ms=458684 iface-cpu-ms=0 not-cpu=0 square-side=0 too-big=0 format=0 no-object=0 no-record=0 table-full=0 unusable=0 backoff=0 make-failed=0 square-alloc=0 upload=0
45 pid=FFFD35B1 prim transform-ms=1736 inside-ms=1299 window-ms=2026 assemble-ms=2422 history-ms=503 fast=10 clipped=0 culled=0
46 pid=FFFD35B1 paths batches/triangles untextured=0/0 hw=1/10 cpu=0/0 cpu-nonsquare=0/0 hw-refused=0/0
47 pid=FFFD35B1 counters hwtex live=1 creates=1 create-failed=0 evictions=0 uploads=1 upload-kb=10 squared=0 alpha-dropped=0 stubs=0 failed r4=0 r7=0 r8=0 other=0
48 pid=FFFD35B1 state tex=1162 size=00400040 tex=01010101 blend=00050600 depth=01040102 colour=FFFFFFFF mask=7 scissor=0,0,640,480 fog=0
49 pid=FFFD35B1 state tex=1163 size=00100010 tex=01010101 blend=00050600 depth=01040102 colour=FFFFFFFF mask=7 scissor=0,0,640,480 fog=0
50 pid=FFFD35B1 state tex=1168 size=00100010 tex=01010101 blend=00050600 depth=01040102 colour=FFFFFFFF mask=7 scissor=0,0,640,480 fog=0
51 pid=FFFD35B1 state tex=1172 size=00400040 tex=01010101 blend=00050600 depth=01040102 colour=FFFFFFFF mask=7 scissor=0,0,640,480 fog=0
52 pid=FFFD35B1 state tex=1180 size=00400040 tex=01010101 blend=00050600 depth=01040102 colour=FFFFFFFF mask=7 scissor=0,0,640,480 fog=0
53 pid=FFFD35B1 state tex=1184 size=00400040 tex=01010101 blend=00050600 depth=01040102 colour=FFFFFFFF mask=7 scissor=0,0,640,480 fog=0
54 pid=FFFD35B1 state tex=1185 size=00400040 tex=01010101 blend=00050600 depth=01040102 colour=FFFFFFFF mask=7 scissor=0,0,640,480 fog=0
55 pid=FFFD35B1 state tex=1188 size=00400040 tex=01010101 blend=00050600 depth=01040102 colour=FFFFFFFF mask=7 scissor=0,0,640,480 fog=0
56 pid=FFFD35B1 state tex=1191 size=00400040 tex=01010101 blend=00050600 depth=01040102 colour=FFFFFFFF mask=7 scissor=0,0,640,480 fog=0
57 pid=FFFD35B1 state tex=1206 size=00400040 tex=01010101 blend=00050600 depth=01040102 colour=FFFFFFFF mask=7 scissor=0,0,640,480 fog=0
58 pid=FFFD35B1 state tex=1210 size=00800080 tex=01010101 blend=00050600 depth=01040102 colour=FFFFFFFF mask=7 scissor=0,0,640,480 fog=0
59 pid=FFFD35B1 state tex=1214 size=00400040 tex=01010101 blend=00050600 depth=01040102 colour=FFFFFFFF mask=7 scissor=0,0,640,480 fog=0
60 pid=FFFD35B1 state tex=1216 size=00400040 tex=01010101 blend=00050600 depth=01040102 colour=FFFFFFFF mask=7 scissor=0,0,640,480 fog=0
61 pid=FFFD35B1 state tex=1218 size=00400040 tex=01010101 blend=00050600 depth=01040102 colour=FFFFFFFF mask=7 scissor=0,0,640,480 fog=0
62 pid=FFFD35B1 state tex=1225 size=00400040 tex=01010101 blend=00050600 depth=01040102 colour=FFFFFFFF mask=7 scissor=0,0,640,480 fog=0
63 pid=FFFD35B1 state tex=1226 size=00400040 tex=01010101 blend=00050600 depth=01040102 colour=FFFFFFFF mask=7 scissor=0,0,640,480 fog=0
64 pid=FFFD35B1 state tex=1264 size=00400040 tex=01010101 blend=00050600 depth=01040102 colour=FFFFFFFF mask=7 scissor=0,0,640,480 fog=0
65 pid=FFFD35B1 state tex=1269 size=00400040 tex=01010101 blend=00050600 depth=01040102 colour=FFFFFFFF mask=7 scissor=0,0,640,480 fog=0
66 pid=FFFD35B1 state tex=1273 size=00200080 tex=01010101 blend=00050600 depth=01040102 colour=FFFFFFFF mask=7 scissor=0,0,640,480 fog=0
67 pid=FFFD35B1 state tex=1278 size=00400040 tex=01010101 blend=00050600 depth=01040102 colour=FFFFFFFF mask=7 scissor=0,0,640,480 fog=0
68 pid=FFFD35B1 state tex=1281 size=00400040 tex=01010101 blend=00050600 depth=01040102 colour=FFFFFFFF mask=7 scissor=0,0,640,480 fog=0
69 pid=FFFD35B1 state tex=1282 size=00400040 tex=01010101 blend=00050600 depth=01040102 colour=FFFFFFFF mask=7 scissor=0,0,640,480 fog=0
70 pid=FFFD35B1 state tex=1025 size=00800080 tex=01010101 blend=01010300 depth=01040001 colour=FFFFFFFF mask=7 scissor=0,0,640,480 fog=0
71 pid=FFFD35B1 state tex=1026 size=00800080 tex=01010101 blend=01010300 depth=01040001 colour=FFFFFFFF mask=7 scissor=0,0,640,480 fog=0
72 pid=FFFD35B1 state tex=1027 size=00800080 tex=01010101 blend=01010300 depth=01040001 colour=FFFFFFFF mask=7 scissor=0,0,640,480 fog=0
73 pid=FFFD35B1 state tex=1030 size=00800080 tex=01010101 blend=01010300 depth=01040001 colour=FFFFFFFF mask=7 scissor=0,0,640,480 fog=0
74 pid=FFFD35B1 state tex=1376 size=01000080 tex=01040201 blend=00050600 depth=01040102 colour=FF94774B mask=7 scissor=0,0,640,480 fog=0
75 pid=FFFD35B1 state tex=1380 size=01000080 tex=01040201 blend=00050600 depth=01040102 colour=FF463827 mask=7 scissor=0,0,640,480 fog=0
76 pid=FFFD35B1 state tex=1382 size=00800020 tex=01040201 blend=00050600 depth=01040102 colour=FF6F562E mask=7 scissor=0,0,640,480 fog=0
77 pid=FFFD35B1 state tex=1384 size=00800020 tex=01010200 blend=00050600 depth=01040102 colour=FF4D4231 mask=7 scissor=0,0,640,480 fog=0
78 pid=FFFD35B1 state tex=1389 size=01000080 tex=01040201 blend=00050600 depth=01040102 colour=FF5F5343 mask=7 scissor=0,0,640,480 fog=0
79 pid=FFFD35B1 state tex=1390 size=00800040 tex=01040201 blend=00050600 depth=01040102 colour=FF7F6F57 mask=7 scissor=0,0,640,480 fog=0
80 pid=FFFD35B1 state tex=1391 size=00400040 tex=01010200 blend=00050600 depth=01040102 colour=FF968569 mask=7 scissor=0,0,640,480 fog=0
81 pid=FFFD35B1 state tex=1393 size=00800040 tex=01040201 blend=00050600 depth=01040102 colour=FFFFFFE8 mask=7 scissor=0,0,640,480 fog=0
82 pid=FFFD35B1 state tex=1396 size=00800040 tex=01040201 blend=00050600 depth=01040102 colour=FF9C8964 mask=7 scissor=0,0,640,480 fog=0
83 pid=FFFD35B1 state tex=1401 size=01000080 tex=01040201 blend=00050600 depth=01040102 colour=FFFFFFED mask=7 scissor=0,0,640,480 fog=0
84 pid=FFFD35B1 state tex=1409 size=01000080 tex=01040201 blend=00050600 depth=01040102 colour=FF4D4137 mask=7 scissor=0,0,640,480 fog=0
85 pid=FFFD35B1 state tex=1152 size=01000100 tex=01040101 blend=00050601 depth=00040101 colour=FFFFFFFF mask=7 scissor=0,0,640,480 fog=0
86 pid=FFFD35B1 refused tex=1152 size=01000100 tex=02040101 blend=00050601 depth=00040101 colour=FFFFFFFF mask=7 scissor=0,0,640,480 fog=0
87 pid=FFFD35B1 draw result=4 triangles=18 submitted=0
88 pid=FFFD35B1   v0 sx=439E0000 sy=436C0000 sz=3F000000 rhw=3F800000 tu=3F70028F tv=3823D70A
89 pid=FFFD35B1   v1 sx=43A20000 sy=436C0000 sz=3F000000 rhw=3F800000 tu=3F77FD71 tv=3823D70A
90 pid=FFFD35B1   v2 sx=43A20000 sy=43740002 sz=3F000000 rhw=3F800000 tu=3F77FD71 tv=3CFFAE14
91 pid=FFFD35B1 draw result=4 triangles=18 submitted=0
92 pid=FFFD35B1   v0 sx=439E0000 sy=436C0000 sz=3F000000 rhw=3F800000 tu=3F70028F tv=3823D70A
93 pid=FFFD35B1   v1 sx=43A20000 sy=436C0000 sz=3F000000 rhw=3F800000 tu=3F77FD71 tv=3823D70A
94 pid=FFFD35B1   v2 sx=43A20000 sy=43740002 sz=3F000000 rhw=3F800000 tu=3F77FD71 tv=3CFFAE14
95 pid=FFFD35B1 draw result=4 triangles=18 submitted=0
96 pid=FFFD35B1   v0 sx=439E0000 sy=436C0000 sz=3F000000 rhw=3F800000 tu=3F70028F tv=3823D70A
97 pid=FFFD35B1   v1 sx=43A20000 sy=436C0000 sz=3F000000 rhw=3F800000 tu=3F77FD71 tv=3823D70A
98 pid=FFFD35B1   v2 sx=43A20000 sy=43740002 sz=3F000000 rhw=3F800000 tu=3F77FD71 tv=3CFFAE14
99 pid=FFFD35B1 draw result=4 triangles=18 submitted=0
100 pid=FFFD35B1   v0 sx=439E0000 sy=436C0000 sz=3F000000 rhw=3F800000 tu=3F70028F tv=3823D70A
101 pid=FFFD35B1   v1 sx=43A20000 sy=436C0000 sz=3F000000 rhw=3F800000 tu=3F77FD71 tv=3823D70A
102 pid=FFFD35B1   v2 sx=43A20000 sy=43740002 sz=3F000000 rhw=3F800000 tu=3F77FD71 tv=3CFFAE14
103 pid=FFFD35B1 draw result=4 triangles=18 submitted=0
104 pid=FFFD35B1   v0 sx=439E0000 sy=436C0000 sz=3F000000 rhw=3F800000 tu=3F70028F tv=3823D70A
105 pid=FFFD35B1   v1 sx=43A20000 sy=436C0000 sz=3F000000 rhw=3F800000 tu=3F77FD71 tv=3823D70A
106 pid=FFFD35B1   v2 sx=43A20000 sy=43740002 sz=3F000000 rhw=3F800000 tu=3F77FD71 tv=3CFFAE14
107 pid=FFFD35B1 draw result=4 triangles=18 submitted=0
108 pid=FFFD35B1   v0 sx=439E0000 sy=436C0000 sz=3F000000 rhw=3F800000 tu=3F70028F tv=3823D70A
109 pid=FFFD35B1   v1 sx=43A20000 sy=436C0000 sz=3F000000 rhw=3F800000 tu=3F77FD71 tv=3823D70A
110 pid=FFFD35B1   v2 sx=43A20000 sy=43740002 sz=3F000000 rhw=3F800000 tu=3F77FD71 tv=3CFFAE14
111 pid=FFFD35B1 state tex=1267 size=00400020 tex=01010101 blend=00050600 depth=01040102 colour=FFFFFFFF mask=7 scissor=0,0,640,480 fog=0
112 pid=FFFD35B1 state tex=1268 size=00400040 tex=01010101 blend=00050600 depth=01040102 colour=FFFFFFFF mask=7 scissor=0,0,640,480 fog=0
113 pid=FFFD35B1 state tex=1266 size=00400020 tex=01010101 blend=00050600 depth=01040102 colour=FFFFFFFF mask=7 scissor=0,0,640,480 fog=0
114 pid=FFFD35B1 state tex=1024 size=00800080 tex=01010101 blend=01010300 depth=01040001 colour=FFFFFFFF mask=7 scissor=0,0,640,480 fog=0
115 pid=FFFD35B1 state tex=1381 size=01000080 tex=01040201 blend=00050600 depth=01040102 colour=FF9C8D54 mask=7 scissor=0,0,640,480 fog=0
116 pid=FFFD35B1 state tex=1342 size=00800040 tex=01010200 blend=01050600 depth=01040002 colour=AA6D6153 mask=7 scissor=0,0,640,480 fog=0
117 pid=FFFD35B1 state tex=1153 size=00080008 tex=01040202 blend=01050600 depth=01040002 colour=FF730700 mask=7 scissor=0,0,640,480 fog=0
118 pid=FFFD35B1 refused tex=1153 size=00080008 tex=02040202 blend=01050600 depth=01040002 colour=D4730700 mask=7 scissor=0,0,640,480 fog=0
119 pid=FFFD35B1 time interval-ms=10019 swaps=31 present-ms=177 draw-ms=8233 upload-ms=111
120 pid=FFFD35B1 tsc frames=31 wall-ms=10019 vertex-ms=396 flush-in-vertex-ms=21 flush-other-ms=8350 bind-ms=5 iface-ms=8233 beginend-ms=4310 swap-ms=178 vertices=262168 flushes=2366 draws=2480 sink-ms=4304 sink-prep-ms=54 sinks=30611
121 pid=FFFD35B1 sink begin-ms=24 flush-ms=4230 copy-ms=12 prep-texture-ms=28 prep-state-ms=12 prep-same-ms=11
122 pid=FFFD35B1 hwno hwtex-ms=118 iface-cpu-ms=0 not-cpu=0 square-side=0 too-big=0 format=0 no-object=0 no-record=0 table-full=0 unusable=0 backoff=0 make-failed=0 square-alloc=0 upload=0
123 pid=FFFD35B1 prim transform-ms=53 inside-ms=41 window-ms=76 assemble-ms=163 history-ms=18 fast=74658 clipped=36472 culled=44212
124 pid=FFFD35B1 paths batches/triangles untextured=0/0 hw=2253/85771 cpu=0/0 cpu-nonsquare=0/0 hw-refused=114/5599
125 pid=FFFD35B1 counters hwtex live=46 creates=46 create-failed=0 evictions=0 uploads=49 upload-kb=1270 squared=0 alpha-dropped=0 stubs=0 failed r4=114 r7=0 r8=0 other=0
126 pid=FFFD35B1 state tex=1153 size=00000000 tex=00000000 blend=01050600 depth=00040100 colour=33FF0000 mask=7 scissor=0,0,640,480 fog=0
127 pid=FFFD35B1 state tex=1361 size=01000080 tex=01040201 blend=00050600 depth=01040102 colour=FFA99362 mask=7 scissor=0,0,640,480 fog=0
128 pid=FFFD35B1 time interval-ms=10000 swaps=31 present-ms=159 draw-ms=8361 upload-ms=41
129 pid=FFFD35B1 tsc frames=31 wall-ms=10000 vertex-ms=396 flush-in-vertex-ms=8 flush-other-ms=8408 bind-ms=7 iface-ms=8361 beginend-ms=4675 swap-ms=160 vertices=279498 flushes=2406 draws=2503 sink-ms=4654 sink-prep-ms=55 sinks=31203
130 pid=FFFD35B1 sink begin-ms=25 flush-ms=4579 copy-ms=12 prep-texture-ms=29 prep-state-ms=12 prep-same-ms=11
131 pid=FFFD35B1 hwno hwtex-ms=43 iface-cpu-ms=0 not-cpu=11 square-side=0 too-big=0 format=0 no-object=0 no-record=0 table-full=0 unusable=0 backoff=0 make-failed=0 square-alloc=0 upload=0
132 pid=FFFD35B1 prim transform-ms=56 inside-ms=43 window-ms=76 assemble-ms=155 history-ms=19 fast=73298 clipped=48241 culled=44409
133 pid=FFFD35B1 paths batches/triangles untextured=11/55 hw=4551/173415 cpu=0/0 cpu-nonsquare=0/0 hw-refused=211/9675
134 pid=FFFD35B1 counters hwtex live=47 creates=47 create-failed=0 evictions=0 uploads=62 upload-kb=1739 squared=0 alpha-dropped=0 stubs=0 failed r4=211 r7=0 r8=0 other=0
135 pid=FFFD35B1 time interval-ms=10000 swaps=30 present-ms=154 draw-ms=8205 upload-ms=63
136 pid=FFFD35B1 tsc frames=30 wall-ms=10000 vertex-ms=509 flush-in-vertex-ms=38 flush-other-ms=8246 bind-ms=7 iface-ms=8205 beginend-ms=5502 swap-ms=155 vertices=355080 flushes=2943 draws=3149 sink-ms=5506 sink-prep-ms=68 sinks=39308
137 pid=FFFD35B1 sink begin-ms=30 flush-ms=5412 copy-ms=15 prep-texture-ms=36 prep-state-ms=15 prep-same-ms=14
138 pid=FFFD35B1 hwno hwtex-ms=66 iface-cpu-ms=0 not-cpu=23 square-side=0 too-big=0 format=0 no-object=0 no-record=0 table-full=0 unusable=0 backoff=0 make-failed=0 square-alloc=0 upload=0
139 pid=FFFD35B1 prim transform-ms=71 inside-ms=55 window-ms=102 assemble-ms=196 history-ms=24 fast=106716 clipped=44145 culled=54857
140 pid=FFFD35B1 paths batches/triangles untextured=34/170 hw=7265/283470 cpu=0/0 cpu-nonsquare=0/0 hw-refused=417/20633
141 pid=FFFD35B1 counters hwtex live=56 creates=56 create-failed=0 evictions=0 uploads=89 upload-kb=2472 squared=0 alpha-dropped=0 stubs=0 failed r4=417 r7=0 r8=0 other=0
142 pid=FFFD35B1 time interval-ms=10005 swaps=35 present-ms=180 draw-ms=8246 upload-ms=108
143 pid=FFFD35B1 tsc frames=35 wall-ms=10005 vertex-ms=362 flush-in-vertex-ms=32 flush-other-ms=8349 bind-ms=4 iface-ms=8246 beginend-ms=3392 swap-ms=180 vertices=240466 flushes=2026 draws=2231 sink-ms=3405 sink-prep-ms=38 sinks=21420
144 pid=FFFD35B1 sink begin-ms=17 flush-ms=3353 copy-ms=9 prep-texture-ms=20 prep-state-ms=8 prep-same-ms=8
145 pid=FFFD35B1 hwno hwtex-ms=128 iface-cpu-ms=0 not-cpu=5 square-side=0 too-big=0 format=0 no-object=0 no-record=0 table-full=0 unusable=0 backoff=0 make-failed=0 square-alloc=0 upload=0
146 pid=FFFD35B1 prim transform-ms=48 inside-ms=36 window-ms=61 assemble-ms=161 history-ms=16 fast=59516 clipped=44079 culled=24829
147 pid=FFFD35B1 paths batches/triangles untextured=39/195 hw=9081/346032 cpu=0/0 cpu-nonsquare=0/0 hw-refused=622/31685
148 pid=FFFD35B1 counters hwtex live=67 creates=67 create-failed=0 evictions=0 uploads=128 upload-kb=3692 squared=0 alpha-dropped=0 stubs=0 failed r4=622 r7=0 r8=0 other=0
149 pid=FFFD35B1 time interval-ms=10023 swaps=35 present-ms=178 draw-ms=8293 upload-ms=107
150 pid=FFFD35B1 tsc frames=35 wall-ms=10023 vertex-ms=346 flush-in-vertex-ms=42 flush-other-ms=8380 bind-ms=15 iface-ms=8293 beginend-ms=4135 swap-ms=178 vertices=227937 flushes=2029 draws=2233 sink-ms=4159 sink-prep-ms=39 sinks=22352
151 pid=FFFD35B1 sink begin-ms=16 flush-ms=4105 copy-ms=10 prep-texture-ms=21 prep-state-ms=8 prep-same-ms=8
152 pid=FFFD35B1 hwno hwtex-ms=110 iface-cpu-ms=0 not-cpu=0 square-side=0 too-big=0 format=0 no-object=0 no-record=0 table-full=0 unusable=0 backoff=0 make-failed=0 square-alloc=0 upload=0
153 pid=FFFD35B1 prim transform-ms=46 inside-ms=35 window-ms=59 assemble-ms=153 history-ms=15 fast=66158 clipped=30988 culled=24349
154 pid=FFFD35B1 paths batches/triangles untextured=39/195 hw=10906/414001 cpu=0/0 cpu-nonsquare=0/0 hw-refused=826/42430
155 pid=FFFD35B1 counters hwtex live=72 creates=72 create-failed=0 evictions=0 uploads=168 upload-kb=4960 squared=0 alpha-dropped=0 stubs=0 failed r4=826 r7=0 r8=0 other=0
156 pid=FFFD35B1 time interval-ms=10014 swaps=36 present-ms=185 draw-ms=8314 upload-ms=83
157 pid=FFFD35B1 tsc frames=36 wall-ms=10014 vertex-ms=347 flush-in-vertex-ms=52 flush-other-ms=8360 bind-ms=7 iface-ms=8314 beginend-ms=3628 swap-ms=185 vertices=210232 flushes=2155 draws=2427 sink-ms=3664 sink-prep-ms=38 sinks=21726
158 pid=FFFD35B1 sink begin-ms=15 flush-ms=3610 copy-ms=10 prep-texture-ms=20 prep-state-ms=8 prep-same-ms=8
159 pid=FFFD35B1 hwno hwtex-ms=86 iface-cpu-ms=0 not-cpu=9 square-side=0 too-big=0 format=0 no-object=0 no-record=0 table-full=0 unusable=0 backoff=0 make-failed=0 square-alloc=0 upload=0
160 pid=FFFD35B1 prim transform-ms=42 inside-ms=33 window-ms=58 assemble-ms=164 history-ms=14 fast=64066 clipped=27162 culled=20606
161 pid=FFFD35B1 paths batches/triangles untextured=48/240 hw=12780/479156 cpu=0/0 cpu-nonsquare=0/0 hw-refused=1098/57122
162 pid=FFFD35B1 counters hwtex live=85 creates=85 create-failed=0 evictions=0 uploads=206 upload-kb=5921 squared=0 alpha-dropped=0 stubs=0 failed r4=1098 r7=0 r8=0 other=0
163 pid=FFFD35B1 refused tex=1155 size=00800080 tex=02040101 blend=00050601 depth=00040101 colour=FFFFFFFF mask=7 scissor=0,0,640,480 fog=0
164 pid=FFFD35B1 time interval-ms=10060 swaps=32 present-ms=162 draw-ms=8314 upload-ms=83
165 pid=FFFD35B1 tsc frames=32 wall-ms=10060 vertex-ms=392 flush-in-vertex-ms=41 flush-other-ms=8456 bind-ms=91 iface-ms=8314 beginend-ms=3916 swap-ms=163 vertices=262017 flushes=2472 draws=2718 sink-ms=3936 sink-prep-ms=44 sinks=24864
166 pid=FFFD35B1 sink begin-ms=19 flush-ms=3875 copy-ms=11 prep-texture-ms=23 prep-state-ms=9 prep-same-ms=9
167 pid=FFFD35B1 hwno hwtex-ms=86 iface-cpu-ms=0 not-cpu=20 square-side=0 too-big=0 format=0 no-object=0 no-record=0 table-full=0 unusable=0 backoff=0 make-failed=0 square-alloc=0 upload=0
168 pid=FFFD35B1 prim transform-ms=53 inside-ms=40 window-ms=70 assemble-ms=167 history-ms=17 fast=73334 clipped=36434 culled=32197
169 pid=FFFD35B1 paths batches/triangles untextured=68/340 hw=14986/552616 cpu=0/0 cpu-nonsquare=0/0 hw-refused=1344/70203
170 pid=FFFD35B1 counters hwtex live=87 creates=87 create-failed=0 evictions=0 uploads=236 upload-kb=6851 squared=0 alpha-dropped=0 stubs=0 failed r4=1344 r7=0 r8=0 other=0
171 pid=FFFD35B1 time interval-ms=10000 swaps=31 present-ms=165 draw-ms=8405 upload-ms=26
172 pid=FFFD35B1 tsc frames=31 wall-ms=10000 vertex-ms=372 flush-in-vertex-ms=37 flush-other-ms=8428 bind-ms=25 iface-ms=8405 beginend-ms=4588 swap-ms=165 vertices=245550 flushes=2493 draws=2740 sink-ms=4603 sink-prep-ms=49 sinks=26624
173 pid=FFFD35B1 sink begin-ms=20 flush-ms=4535 copy-ms=12 prep-texture-ms=25 prep-state-ms=12 prep-same-ms=10
174 pid=FFFD35B1 hwno hwtex-ms=29 iface-cpu-ms=0 not-cpu=0 square-side=0 too-big=0 format=0 no-object=0 no-record=0 table-full=0 unusable=0 backoff=0 make-failed=0 square-alloc=0 upload=0
175 pid=FFFD35B1 prim transform-ms=50 inside-ms=39 window-ms=74 assemble-ms=150 history-ms=17 fast=78076 clipped=25639 culled=34011
176 pid=FFFD35B1 paths batches/triangles untextured=68/340 hw=17232/630651 cpu=0/0 cpu-nonsquare=0/0 hw-refused=1591/82580
177 pid=FFFD35B1 counters hwtex live=90 creates=90 create-failed=0 evictions=0 uploads=245 upload-kb=7160 squared=0 alpha-dropped=0 stubs=0 failed r4=1591 r7=0 r8=0 other=0
178 pid=FFFD35B1 time interval-ms=10008 swaps=33 present-ms=169 draw-ms=8483 upload-ms=16
179 pid=FFFD35B1 tsc frames=33 wall-ms=10008 vertex-ms=300 flush-in-vertex-ms=7 flush-other-ms=8504 bind-ms=6 iface-ms=8483 beginend-ms=5149 swap-ms=169 vertices=208686 flushes=1988 draws=2058 sink-ms=5133 sink-prep-ms=45 sinks=26012
180 pid=FFFD35B1 sink begin-ms=19 flush-ms=5072 copy-ms=10 prep-texture-ms=24 prep-state-ms=10 prep-same-ms=9
181 pid=FFFD35B1 hwno hwtex-ms=18 iface-cpu-ms=0 not-cpu=8 square-side=0 too-big=0 format=0 no-object=0 no-record=0 table-full=0 unusable=0 backoff=0 make-failed=0 square-alloc=0 upload=0
182 pid=FFFD35B1 prim transform-ms=42 inside-ms=32 window-ms=57 assemble-ms=119 history-ms=15 fast=62518 clipped=32675 culled=29537
183 pid=FFFD35B1 paths batches/triangles untextured=76/380 hw=19142/705767 cpu=0/0 cpu-nonsquare=0/0 hw-refused=1661/85267
184 pid=FFFD35B1 counters hwtex live=90 creates=90 create-failed=0 evictions=0 uploads=251 upload-kb=7352 squared=0 alpha-dropped=0 stubs=0 failed r4=1661 r7=0 r8=0 other=0
185 pid=FFFD35B1 time interval-ms=10000 swaps=32 present-ms=163 draw-ms=8381 upload-ms=78
186 pid=FFFD35B1 tsc frames=32 wall-ms=10000 vertex-ms=362 flush-in-vertex-ms=35 flush-other-ms=8436 bind-ms=6 iface-ms=8381 beginend-ms=4808 swap-ms=164 vertices=235760 flushes=2227 draws=2452 sink-ms=4823 sink-prep-ms=42 sinks=24300
187 pid=FFFD35B1 sink begin-ms=18 flush-ms=4763 copy-ms=11 prep-texture-ms=22 prep-state-ms=9 prep-same-ms=9
188 pid=FFFD35B1 hwno hwtex-ms=80 iface-cpu-ms=0 not-cpu=16 square-side=0 too-big=0 format=0 no-object=0 no-record=0 table-full=0 unusable=0 backoff=0 make-failed=0 square-alloc=0 upload=0
189 pid=FFFD35B1 prim transform-ms=47 inside-ms=37 window-ms=66 assemble-ms=156 history-ms=16 fast=69100 clipped=32614 culled=30664
190 pid=FFFD35B1 paths batches/triangles untextured=92/460 hw=21128/778416 cpu=0/0 cpu-nonsquare=0/0 hw-refused=1886/97126
191 pid=FFFD35B1 counters hwtex live=90 creates=90 create-failed=0 evictions=0 uploads=280 upload-kb=8280 squared=0 alpha-dropped=0 stubs=0 failed r4=1886 r7=0 r8=0 other=0
192 pid=FFFD35B1 hwtex create 00800040 levels=8 hr=8876017C
193 pid=FFFD35B1 hwtex create 01000080 levels=9 hr=8876017C
194 pid=FFFD35B1 hwtex create 01000080 levels=9 hr=8876017C
195 pid=FFFD35B1 hwtex create 01000080 levels=9 hr=8876017C
196 pid=FFFD35B1 time interval-ms=10003 swaps=35 present-ms=179 draw-ms=8301 upload-ms=69
197 pid=FFFD35B1 tsc frames=35 wall-ms=10003 vertex-ms=331 flush-in-vertex-ms=11 flush-other-ms=8387 bind-ms=6 iface-ms=8300 beginend-ms=4350 swap-ms=179 vertices=232636 flushes=2069 draws=2192 sink-ms=4340 sink-prep-ms=43 sinks=24686
198 pid=FFFD35B1 sink begin-ms=19 flush-ms=4281 copy-ms=10 prep-texture-ms=23 prep-state-ms=9 prep-same-ms=9
199 pid=FFFD35B1 hwno hwtex-ms=87 iface-cpu-ms=0 not-cpu=14 square-side=0 too-big=0 format=0 no-object=0 no-record=0 table-full=0 unusable=0 backoff=0 make-failed=0 square-alloc=0 upload=0
200 pid=FFFD35B1 prim transform-ms=47 inside-ms=35 window-ms=59 assemble-ms=134 history-ms=16 fast=61530 clipped=39686 culled=30070
201 pid=FFFD35B1 paths batches/triangles untextured=106/530 hw=23060/850223 cpu=0/0 cpu-nonsquare=0/0 hw-refused=2009/102337
202 pid=FFFD35B1 counters hwtex live=95 creates=99 create-failed=4 evictions=4 uploads=305 upload-kb=9038 squared=0 alpha-dropped=0 stubs=0 failed r4=2009 r7=0 r8=0 other=0
203 pid=FFFD35B1 hwtex create 00800080 levels=8 hr=8876017C
204 pid=FFFD35B1 time interval-ms=10019 swaps=31 present-ms=158 draw-ms=8423 upload-ms=71
205 pid=FFFD35B1 tsc frames=31 wall-ms=10019 vertex-ms=342 flush-in-vertex-ms=7 flush-other-ms=8500 bind-ms=5 iface-ms=8423 beginend-ms=5213 swap-ms=158 vertices=245897 flushes=2106 draws=2251 sink-ms=5198 sink-prep-ms=45 sinks=25921
206 pid=FFFD35B1 sink begin-ms=19 flush-ms=5136 copy-ms=10 prep-texture-ms=23 prep-state-ms=10 prep-same-ms=9
207 pid=FFFD35B1 hwno hwtex-ms=75 iface-cpu-ms=0 not-cpu=12 square-side=0 too-big=0 format=0 no-object=0 no-record=0 table-full=0 unusable=0 backoff=0 make-failed=0 square-alloc=0 upload=0
208 pid=FFFD35B1 prim transform-ms=49 inside-ms=37 window-ms=60 assemble-ms=138 history-ms=16 fast=63717 clipped=43428 culled=28332
209 pid=FFFD35B1 paths batches/triangles untextured=118/590 hw=25009/924341 cpu=0/0 cpu-nonsquare=0/0 hw-refused=2154/108257
210 pid=FFFD35B1 counters hwtex live=99 creates=105 create-failed=5 evictions=5 uploads=333 upload-kb=9867 squared=0 alpha-dropped=0 stubs=0 failed r4=2154 r7=0 r8=0 other=0
211 pid=FFFD35B1 hwtex create 01000040 levels=9 hr=8876017C
212 pid=FFFD35B1 time interval-ms=10002 swaps=29 present-ms=148 draw-ms=8220 upload-ms=145
213 pid=FFFD35B1 tsc frames=29 wall-ms=10002 vertex-ms=445 flush-in-vertex-ms=19 flush-other-ms=8363 bind-ms=6 iface-ms=8220 beginend-ms=4736 swap-ms=148 vertices=320890 flushes=3147 draws=3355 sink-ms=4725 sink-prep-ms=62 sinks=35565
214 pid=FFFD35B1 sink begin-ms=26 flush-ms=4639 copy-ms=14 prep-texture-ms=33 prep-state-ms=14 prep-same-ms=13
215 pid=FFFD35B1 hwno hwtex-ms=149 iface-cpu-ms=0 not-cpu=0 square-side=0 too-big=0 format=0 no-object=0 no-record=0 table-full=0 unusable=0 backoff=0 make-failed=0 square-alloc=0 upload=0
216 pid=FFFD35B1 prim transform-ms=64 inside-ms=50 window-ms=93 assemble-ms=161 history-ms=22 fast=97502 clipped=35589 culled=49211
217 pid=FFFD35B1 paths batches/triangles untextured=118/590 hw=27948/1026452 cpu=0/0 cpu-nonsquare=0/0 hw-refused=2362/119227
218 pid=FFFD35B1 counters hwtex live=101 creates=110 create-failed=6 evictions=6 uploads=389 upload-kb=11595 squared=0 alpha-dropped=0 stubs=0 failed r4=2362 r7=0 r8=0 other=0
219 pid=FFFD35B1 time interval-ms=10001 swaps=34 present-ms=174 draw-ms=8244 upload-ms=97
220 pid=FFFD35B1 tsc frames=34 wall-ms=10001 vertex-ms=380 flush-in-vertex-ms=16 flush-other-ms=8339 bind-ms=7 iface-ms=8243 beginend-ms=4278 swap-ms=175 vertices=268439 flushes=2748 draws=2939 sink-ms=4271 sink-prep-ms=50 sinks=28439
221 pid=FFFD35B1 sink begin-ms=20 flush-ms=4202 copy-ms=12 prep-texture-ms=26 prep-state-ms=11 prep-same-ms=10
222 pid=FFFD35B1 hwno hwtex-ms=100 iface-cpu-ms=0 not-cpu=4 square-side=0 too-big=0 format=0 no-object=0 no-record=0 table-full=0 unusable=0 backoff=0 make-failed=0 square-alloc=0 upload=0
223 pid=FFFD35B1 prim transform-ms=54 inside-ms=41 window-ms=71 assemble-ms=150 history-ms=18 fast=75920 clipped=39085 culled=34750
224 pid=FFFD35B1 paths batches/triangles untextured=122/610 hw=30501/1110230 cpu=0/0 cpu-nonsquare=0/0 hw-refused=2553/128016
225 pid=FFFD35B1 counters hwtex live=101 creates=110 create-failed=6 evictions=6 uploads=425 upload-kb=12747 squared=0 alpha-dropped=0 stubs=0 failed r4=2553 r7=0 r8=0 other=0
226 pid=FFFD35B1 hwtex create 01000080 levels=9 hr=8876017C
227 pid=FFFD35B1 hwtex create 01000080 levels=9 hr=8876017C
228 pid=FFFD35B1 hwtex create 01000080 levels=9 hr=8876017C
229 pid=FFFD35B1 hwtex create 01000080 levels=9 hr=8876017C
230 pid=FFFD35B1 hwtex create 01000080 levels=9 hr=8876017C
231 pid=FFFD35B1 hwtex create 01000080 levels=9 hr=8876017C
232 pid=FFFD35B1 hwtex create 01000080 levels=9 hr=8876017C
233 pid=FFFD35B1 hwtex create 01000080 levels=9 hr=8876017C
234 pid=FFFD35B1 hwtex create 01000080 levels=9 hr=8876017C
235 pid=FFFD35B1 hwtex create 01000080 levels=9 hr=8876017C
236 pid=FFFD35B1 time interval-ms=10005 swaps=23 present-ms=117 draw-ms=8509 upload-ms=77
237 pid=FFFD35B1 tsc frames=23 wall-ms=10005 vertex-ms=455 flush-in-vertex-ms=50 flush-other-ms=8557 bind-ms=8 iface-ms=8509 beginend-ms=4915 swap-ms=118 vertices=301789 flushes=3361 draws=3717 sink-ms=4942 sink-prep-ms=56 sinks=32565
238 pid=FFFD35B1 sink begin-ms=21 flush-ms=4862 copy-ms=15 prep-texture-ms=30 prep-state-ms=12 prep-same-ms=12
239 pid=FFFD35B1 hwno hwtex-ms=83 iface-cpu-ms=0 not-cpu=14 square-side=0 too-big=0 format=0 no-object=0 no-record=0 table-full=0 unusable=0 backoff=0 make-failed=0 square-alloc=0 upload=0
240 pid=FFFD35B1 prim transform-ms=60 inside-ms=48 window-ms=88 assemble-ms=187 history-ms=20 fast=103169 clipped=27872 culled=34200
241 pid=FFFD35B1 paths batches/triangles untextured=136/680 hw=33492/1208461 cpu=0/0 cpu-nonsquare=0/0 hw-refused=2909/148248
242 pid=FFFD35B1 counters hwtex live=101 creates=121 create-failed=16 evictions=16 uploads=452 upload-kb=13664 squared=0 alpha-dropped=0 stubs=0 failed r4=2909 r7=0 r8=0 other=0
243 pid=FFFD35B1 hwtex create 01000100 levels=1 hr=8876017C
244 pid=FFFD35B1 hwtex create 01000100 levels=1 hr=8876017C
245 pid=FFFD35B1 hwtex create 01000100 levels=1 hr=8876017C
246 pid=FFFD35B1 hwtex create 01000100 levels=1 hr=8876017C
247 pid=FFFD35B1 hwtex create 01000100 levels=1 hr=8876017C
248 pid=FFFD35B1 hwtex create 01000100 levels=1 hr=8876017C
249 pid=FFFD35B1 hwtex create 01000100 levels=1 hr=8876017C
250 pid=FFFD35B1 hwtex create 01000100 levels=1 hr=8876017C
251 pid=FFFD35B1 hwtex create 01000100 levels=1 hr=8876017C
252 pid=FFFD35B1 hwtex create 01000100 levels=1 hr=8876017C
253 pid=FFFD35B1 hwtex create 01000100 levels=1 hr=8876017C
254 pid=FFFD35B1 hwtex create 01000100 levels=1 hr=8876017C
255 pid=FFFD35B1 hwtex create 01000100 levels=1 hr=8876017C
256 pid=FFFD35B1 hwtex create 01000100 levels=1 hr=8876017C
257 pid=FFFD35B1 hwtex create 01000100 levels=1 hr=8876017C
258 pid=FFFD35B1 hwtex create 01000100 levels=1 hr=8876017C
259 pid=FFFD35B1 DrvReleaseContext context=1 -> 1
260 pid=FFFD35B1 paths batches/triangles untextured=136/680 hw=34730/1249875 cpu=0/0 cpu-nonsquare=0/0 hw-refused=3201/166111
261 pid=FFFD35B1 counters hwtex live=0 creates=138 create-failed=32 evictions=32 uploads=462 upload-kb=14080 squared=0 alpha-dropped=7 stubs=0 failed r4=3201 r7=0 r8=0 other=0
262 pid=FFFD35B1 DrvDeleteContext context=1 -> 1
263 pid=FFFD35B1 detach slots-called=0 stub-calls=0
1 pid=FFFD6359 attach instance=01CF0000 tls=11 build-marker=1
2 pid=FFFD6359 DrvValidateVersion version=1
3 pid=FFFD6359 DrvSetCallbackProcs count=3 procs=78B23978
4 pid=FFFD6359 describe result=0 engine=5 formats=00000002
5 pid=FFFD6359 DrvDescribePixelFormat index=1 bytes=0 -> count=1
6 pid=FFFD6359 DrvDescribePixelFormat index=1 bytes=40 -> count=1
7 pid=FFFD6359 DrvDescribePixelFormat index=1 bytes=0 -> count=1
8 pid=FFFD6359 DrvDescribePixelFormat index=1 bytes=0 -> count=1
9 pid=FFFD6359 DrvDescribePixelFormat index=1 bytes=0 -> count=1
10 pid=FFFD6359 DrvDescribePixelFormat index=1 bytes=0 -> count=1
11 pid=FFFD6359 DrvDescribePixelFormat index=1 bytes=0 -> count=1
12 pid=FFFD6359 DrvDescribePixelFormat index=1 bytes=0 -> count=1
13 pid=FFFD6359 DrvDescribePixelFormat index=1 bytes=0 -> count=1
14 pid=FFFD6359 DrvDescribePixelFormat index=1 bytes=0 -> count=1
15 pid=FFFD6359 DrvDescribePixelFormat index=1 bytes=0 -> count=1
16 pid=FFFD6359 DrvDescribePixelFormat index=1 bytes=0 -> count=1
17 pid=FFFD6359 DrvDescribePixelFormat index=1 bytes=0 -> count=1
18 pid=FFFD6359 DrvDescribePixelFormat index=1 bytes=0 -> count=1
19 pid=FFFD6359 DrvDescribePixelFormat index=1 bytes=0 -> count=1
20 pid=FFFD6359 DrvDescribePixelFormat index=1 bytes=0 -> count=1
21 pid=FFFD6359 DrvDescribePixelFormat index=1 bytes=0 -> count=1
22 pid=FFFD6359 DrvDescribePixelFormat index=1 bytes=0 -> count=1
23 pid=FFFD6359 DrvDescribePixelFormat index=1 bytes=0 -> count=1
24 pid=FFFD6359 DrvDescribePixelFormat index=1 bytes=0 -> count=1
25 pid=FFFD6359 DrvDescribePixelFormat index=1 bytes=0 -> count=1
26 pid=FFFD6359 DrvDescribePixelFormat index=1 bytes=0 -> count=1
27 pid=FFFD6359 DrvDescribePixelFormat index=1 bytes=0 -> count=1
28 pid=FFFD6359 DrvDescribePixelFormat index=1 bytes=0 -> count=1
29 pid=FFFD6359 DrvDescribePixelFormat index=1 bytes=0 -> count=1
30 pid=FFFD6359 DrvDescribePixelFormat index=1 bytes=0 -> count=1
31 pid=FFFD6359 DrvDescribePixelFormat index=1 bytes=0 -> count=1
32 pid=FFFD6359 DrvSetPixelFormat hdc=00000772 index=1
33 pid=FFFD6359 DrvDescribePixelFormat index=1 bytes=0 -> count=1
34 pid=FFFD6359 DrvDescribePixelFormat index=1 bytes=40 -> count=1
35 pid=FFFD6359 DrvDescribePixelFormat index=1 bytes=0 -> count=1
36 pid=FFFD6359 DrvDescribePixelFormat index=1 bytes=40 -> count=1
37 pid=FFFD6359 DrvCreateLayerContext hdc=00000772 layer=0 -> 1
38 pid=FFFD6359 drawable window=00000160 640x480
39 pid=FFFD6359 DrvSetContext hdc=00000772 context=1 -> 1
40 pid=FFFD6359 state tex=1158 size=00400040 tex=01010101 blend=00050600 depth=01040101 colour=FFFFFFFF mask=7 scissor=0,0,640,480 fog=0
41 pid=FFFD6359 time interval-ms=355719 swaps=0 present-ms=0 draw-ms=300257024 upload-ms=0
42 pid=FFFD6359 tsc frames=0 wall-ms=355719 vertex-ms=93965 flush-in-vertex-ms=0 flush-other-ms=7374234 bind-ms=41726 iface-ms=3782985 beginend-ms=545993 swap-ms=0 vertices=18 flushes=1 draws=1 sink-ms=238395 sink-prep-ms=219660 sinks=4
43 pid=FFFD6359 sink begin-ms=486670 flush-ms=0 copy-ms=10105 prep-texture-ms=207447 prep-state-ms=6327 prep-same-ms=4839
44 pid=FFFD6359 hwno hwtex-ms=2674314 iface-cpu-ms=0 not-cpu=0 square-side=0 too-big=0 format=0 no-object=0 no-record=0 table-full=0 unusable=0 backoff=0 make-failed=0 square-alloc=0 upload=0
45 pid=FFFD6359 prim transform-ms=17095 inside-ms=14691 window-ms=20601 assemble-ms=24204 history-ms=4660 fast=10 clipped=0 culled=0
46 pid=FFFD6359 paths batches/triangles untextured=0/0 hw=1/10 cpu=0/0 cpu-nonsquare=0/0 hw-refused=0/0
47 pid=FFFD6359 counters hwtex live=1 creates=1 create-failed=0 evictions=0 uploads=1 upload-kb=8 squared=0 alpha-dropped=0 stubs=0 failed r4=0 r7=0 r8=0 other=0
48 pid=FFFD6359 state tex=1162 size=00400040 tex=01010101 blend=00050600 depth=01040101 colour=FFFFFFFF mask=7 scissor=0,0,640,480 fog=0
49 pid=FFFD6359 state tex=1163 size=00100010 tex=01010101 blend=00050600 depth=01040101 colour=FFFFFFFF mask=7 scissor=0,0,640,480 fog=0
50 pid=FFFD6359 state tex=1168 size=00100010 tex=01010101 blend=00050600 depth=01040101 colour=FFFFFFFF mask=7 scissor=0,0,640,480 fog=0
51 pid=FFFD6359 state tex=1172 size=00400040 tex=01010101 blend=00050600 depth=01040101 colour=FFFFFFFF mask=7 scissor=0,0,640,480 fog=0
52 pid=FFFD6359 state tex=1180 size=00400040 tex=01010101 blend=00050600 depth=01040101 colour=FFFFFFFF mask=7 scissor=0,0,640,480 fog=0
53 pid=FFFD6359 state tex=1184 size=00400040 tex=01010101 blend=00050600 depth=01040101 colour=FFFFFFFF mask=7 scissor=0,0,640,480 fog=0
54 pid=FFFD6359 state tex=1185 size=00400040 tex=01010101 blend=00050600 depth=01040101 colour=FFFFFFFF mask=7 scissor=0,0,640,480 fog=0
55 pid=FFFD6359 state tex=1188 size=00400040 tex=01010101 blend=00050600 depth=01040101 colour=FFFFFFFF mask=7 scissor=0,0,640,480 fog=0
56 pid=FFFD6359 state tex=1191 size=00400040 tex=01010101 blend=00050600 depth=01040101 colour=FFFFFFFF mask=7 scissor=0,0,640,480 fog=0
57 pid=FFFD6359 state tex=1206 size=00400040 tex=01010101 blend=00050600 depth=01040101 colour=FFFFFFFF mask=7 scissor=0,0,640,480 fog=0
58 pid=FFFD6359 state tex=1210 size=00800080 tex=01010101 blend=00050600 depth=01040101 colour=FFFFFFFF mask=7 scissor=0,0,640,480 fog=0
59 pid=FFFD6359 state tex=1214 size=00400040 tex=01010101 blend=00050600 depth=01040101 colour=FFFFFFFF mask=7 scissor=0,0,640,480 fog=0
60 pid=FFFD6359 state tex=1216 size=00400040 tex=01010101 blend=00050600 depth=01040101 colour=FFFFFFFF mask=7 scissor=0,0,640,480 fog=0
61 pid=FFFD6359 state tex=1218 size=00400040 tex=01010101 blend=00050600 depth=01040101 colour=FFFFFFFF mask=7 scissor=0,0,640,480 fog=0
62 pid=FFFD6359 state tex=1225 size=00400040 tex=01010101 blend=00050600 depth=01040101 colour=FFFFFFFF mask=7 scissor=0,0,640,480 fog=0
63 pid=FFFD6359 state tex=1226 size=00400040 tex=01010101 blend=00050600 depth=01040101 colour=FFFFFFFF mask=7 scissor=0,0,640,480 fog=0
64 pid=FFFD6359 state tex=1264 size=00400040 tex=01010101 blend=00050600 depth=01040101 colour=FFFFFFFF mask=7 scissor=0,0,640,480 fog=0
65 pid=FFFD6359 state tex=1269 size=00400040 tex=01010101 blend=00050600 depth=01040101 colour=FFFFFFFF mask=7 scissor=0,0,640,480 fog=0
66 pid=FFFD6359 state tex=1273 size=00200080 tex=01010101 blend=00050600 depth=01040101 colour=FFFFFFFF mask=7 scissor=0,0,640,480 fog=0
67 pid=FFFD6359 state tex=1278 size=00400040 tex=01010101 blend=00050600 depth=01040101 colour=FFFFFFFF mask=7 scissor=0,0,640,480 fog=0
68 pid=FFFD6359 state tex=1281 size=00400040 tex=01010101 blend=00050600 depth=01040101 colour=FFFFFFFF mask=7 scissor=0,0,640,480 fog=0
69 pid=FFFD6359 state tex=1282 size=00400040 tex=01010101 blend=00050600 depth=01040101 colour=FFFFFFFF mask=7 scissor=0,0,640,480 fog=0
70 pid=FFFD6359 state tex=1025 size=00800080 tex=01010101 blend=01010300 depth=01040001 colour=FFFFFFFF mask=7 scissor=0,0,640,480 fog=0
71 pid=FFFD6359 state tex=1026 size=00800080 tex=01010101 blend=01010300 depth=01040001 colour=FFFFFFFF mask=7 scissor=0,0,640,480 fog=0
72 pid=FFFD6359 state tex=1027 size=00800080 tex=01010101 blend=01010300 depth=01040001 colour=FFFFFFFF mask=7 scissor=0,0,640,480 fog=0
73 pid=FFFD6359 state tex=1030 size=00800080 tex=01010101 blend=01010300 depth=01040001 colour=FFFFFFFF mask=7 scissor=0,0,640,480 fog=0
74 pid=FFFD6359 state tex=1376 size=01000080 tex=01040201 blend=00050600 depth=01040101 colour=FF94774B mask=7 scissor=0,0,640,480 fog=0
75 pid=FFFD6359 state tex=1380 size=01000080 tex=01040201 blend=00050600 depth=01040101 colour=FF463827 mask=7 scissor=0,0,640,480 fog=0
76 pid=FFFD6359 state tex=1382 size=00800020 tex=01040201 blend=00050600 depth=01040101 colour=FF6F562E mask=7 scissor=0,0,640,480 fog=0
77 pid=FFFD6359 state tex=1384 size=00800020 tex=01010200 blend=00050600 depth=01040101 colour=FF4D4231 mask=7 scissor=0,0,640,480 fog=0
78 pid=FFFD6359 state tex=1389 size=01000080 tex=01040201 blend=00050600 depth=01040101 colour=FF5F5343 mask=7 scissor=0,0,640,480 fog=0
79 pid=FFFD6359 state tex=1390 size=00800040 tex=01040201 blend=00050600 depth=01040101 colour=FF7F6F57 mask=7 scissor=0,0,640,480 fog=0
80 pid=FFFD6359 state tex=1391 size=00400040 tex=01010200 blend=00050600 depth=01040101 colour=FF968569 mask=7 scissor=0,0,640,480 fog=0
81 pid=FFFD6359 state tex=1393 size=00800040 tex=01040201 blend=00050600 depth=01040101 colour=FFFFFFE8 mask=7 scissor=0,0,640,480 fog=0
82 pid=FFFD6359 state tex=1396 size=00800040 tex=01040201 blend=00050600 depth=01040101 colour=FF9C8964 mask=7 scissor=0,0,640,480 fog=0
83 pid=FFFD6359 state tex=1401 size=01000080 tex=01040201 blend=00050600 depth=01040101 colour=FFFFFFED mask=7 scissor=0,0,640,480 fog=0
84 pid=FFFD6359 state tex=1409 size=01000080 tex=01040201 blend=00050600 depth=01040101 colour=FF4D4137 mask=7 scissor=0,0,640,480 fog=0
85 pid=FFFD6359 state tex=1152 size=01000100 tex=01040101 blend=00050601 depth=00040101 colour=FFFFFFFF mask=7 scissor=0,0,640,480 fog=0
86 pid=FFFD6359 refused tex=1152 size=01000100 tex=02040101 blend=00050601 depth=00040101 colour=FFFFFFFF mask=7 scissor=0,0,640,480 fog=0
87 pid=FFFD6359 draw result=4 triangles=18 submitted=0
88 pid=FFFD6359   v0 sx=439E0000 sy=436C0000 sz=3F000000 rhw=3F800000 tu=3F70028F tv=3823D70A
89 pid=FFFD6359   v1 sx=43A20000 sy=436C0000 sz=3F000000 rhw=3F800000 tu=3F77FD71 tv=3823D70A
90 pid=FFFD6359   v2 sx=43A20000 sy=43740002 sz=3F000000 rhw=3F800000 tu=3F77FD71 tv=3CFFAE14
91 pid=FFFD6359 draw result=4 triangles=18 submitted=0
92 pid=FFFD6359   v0 sx=439E0000 sy=436C0000 sz=3F000000 rhw=3F800000 tu=3F70028F tv=3823D70A
93 pid=FFFD6359   v1 sx=43A20000 sy=436C0000 sz=3F000000 rhw=3F800000 tu=3F77FD71 tv=3823D70A
94 pid=FFFD6359   v2 sx=43A20000 sy=43740002 sz=3F000000 rhw=3F800000 tu=3F77FD71 tv=3CFFAE14
95 pid=FFFD6359 draw result=4 triangles=18 submitted=0
96 pid=FFFD6359   v0 sx=439E0000 sy=436C0000 sz=3F000000 rhw=3F800000 tu=3F70028F tv=3823D70A
97 pid=FFFD6359   v1 sx=43A20000 sy=436C0000 sz=3F000000 rhw=3F800000 tu=3F77FD71 tv=3823D70A
98 pid=FFFD6359   v2 sx=43A20000 sy=43740002 sz=3F000000 rhw=3F800000 tu=3F77FD71 tv=3CFFAE14
99 pid=FFFD6359 draw result=4 triangles=18 submitted=0
100 pid=FFFD6359   v0 sx=439E0000 sy=436C0000 sz=3F000000 rhw=3F800000 tu=3F70028F tv=3823D70A
101 pid=FFFD6359   v1 sx=43A20000 sy=436C0000 sz=3F000000 rhw=3F800000 tu=3F77FD71 tv=3823D70A
102 pid=FFFD6359   v2 sx=43A20000 sy=43740002 sz=3F000000 rhw=3F800000 tu=3F77FD71 tv=3CFFAE14
103 pid=FFFD6359 draw result=4 triangles=18 submitted=0
104 pid=FFFD6359   v0 sx=439E0000 sy=436C0000 sz=3F000000 rhw=3F800000 tu=3F70028F tv=3823D70A
105 pid=FFFD6359   v1 sx=43A20000 sy=436C0000 sz=3F000000 rhw=3F800000 tu=3F77FD71 tv=3823D70A
106 pid=FFFD6359   v2 sx=43A20000 sy=43740002 sz=3F000000 rhw=3F800000 tu=3F77FD71 tv=3CFFAE14
107 pid=FFFD6359 draw result=4 triangles=18 submitted=0
108 pid=FFFD6359   v0 sx=439E0000 sy=436C0000 sz=3F000000 rhw=3F800000 tu=3F70028F tv=3823D70A
109 pid=FFFD6359   v1 sx=43A20000 sy=436C0000 sz=3F000000 rhw=3F800000 tu=3F77FD71 tv=3823D70A
110 pid=FFFD6359   v2 sx=43A20000 sy=43740002 sz=3F000000 rhw=3F800000 tu=3F77FD71 tv=3CFFAE14
111 pid=FFFD6359 state tex=1267 size=00400020 tex=01010101 blend=00050600 depth=01040101 colour=FFFFFFFF mask=7 scissor=0,0,640,480 fog=0
112 pid=FFFD6359 state tex=1268 size=00400040 tex=01010101 blend=00050600 depth=01040101 colour=FFFFFFFF mask=7 scissor=0,0,640,480 fog=0
113 pid=FFFD6359 state tex=1266 size=00400020 tex=01010101 blend=00050600 depth=01040101 colour=FFFFFFFF mask=7 scissor=0,0,640,480 fog=0
114 pid=FFFD6359 state tex=1024 size=00800080 tex=01010101 blend=01010300 depth=01040001 colour=FFFFFFFF mask=7 scissor=0,0,640,480 fog=0
115 pid=FFFD6359 state tex=1381 size=01000080 tex=01040201 blend=00050600 depth=01040101 colour=FF9C8D54 mask=7 scissor=0,0,640,480 fog=0
116 pid=FFFD6359 state tex=1342 size=00800040 tex=01010200 blend=01050600 depth=01040001 colour=AA6D6153 mask=7 scissor=0,0,640,480 fog=0
117 pid=FFFD6359 state tex=1153 size=00080008 tex=01040202 blend=01050600 depth=01040001 colour=FF730700 mask=7 scissor=0,0,640,480 fog=0
118 pid=FFFD6359 refused tex=1153 size=00080008 tex=02040202 blend=01050600 depth=01040001 colour=D4730700 mask=7 scissor=0,0,640,480 fog=0
119 pid=FFFD6359 state tex=1153 size=00000000 tex=00000000 blend=01050600 depth=00040100 colour=33FF0000 mask=7 scissor=0,0,640,480 fog=0
120 pid=FFFD6359 time interval-ms=10001 swaps=35 present-ms=179 draw-ms=8111 upload-ms=95
121 pid=FFFD6359 tsc frames=35 wall-ms=10001 vertex-ms=440 flush-in-vertex-ms=21 flush-other-ms=8212 bind-ms=7 iface-ms=8111 beginend-ms=4781 swap-ms=179 vertices=299906 flushes=2715 draws=2845 sink-ms=4771 sink-prep-ms=57 sinks=35127
122 pid=FFFD6359 sink begin-ms=27 flush-ms=4691 copy-ms=13 prep-texture-ms=28 prep-state-ms=13 prep-same-ms=13
123 pid=FFFD6359 hwno hwtex-ms=100 iface-cpu-ms=0 not-cpu=1 square-side=0 too-big=0 format=0 no-object=0 no-record=0 table-full=0 unusable=0 backoff=0 make-failed=0 square-alloc=0 upload=0
124 pid=FFFD6359 prim transform-ms=60 inside-ms=47 window-ms=87 assemble-ms=174 history-ms=21 fast=85346 clipped=42525 culled=49921
125 pid=FFFD6359 paths batches/triangles untextured=1/5 hw=2585/98765 cpu=0/0 cpu-nonsquare=0/0 hw-refused=130/6294
126 pid=FFFD6359 counters hwtex live=46 creates=46 create-failed=0 evictions=0 uploads=51 upload-kb=1128 squared=0 alpha-dropped=0 stubs=0 failed r4=130 r7=0 r8=0 other=0
127 pid=FFFD6359 state tex=1361 size=01000080 tex=01040201 blend=00050600 depth=01040101 colour=FFA99362 mask=7 scissor=0,0,640,480 fog=0
128 pid=FFFD6359 time interval-ms=10001 swaps=35 present-ms=179 draw-ms=8104 upload-ms=58
129 pid=FFFD6359 tsc frames=35 wall-ms=10001 vertex-ms=475 flush-in-vertex-ms=16 flush-other-ms=8159 bind-ms=6 iface-ms=8104 beginend-ms=4933 swap-ms=180 vertices=336207 flushes=2841 draws=2970 sink-ms=4914 sink-prep-ms=60 sinks=37133
130 pid=FFFD6359 sink begin-ms=29 flush-ms=4831 copy-ms=14 prep-texture-ms=29 prep-state-ms=14 prep-same-ms=14
131 pid=FFFD6359 hwno hwtex-ms=60 iface-cpu-ms=0 not-cpu=18 square-side=0 too-big=0 format=0 no-object=0 no-record=0 table-full=0 unusable=0 backoff=0 make-failed=0 square-alloc=0 upload=0
132 pid=FFFD6359 prim transform-ms=68 inside-ms=51 window-ms=92 assemble-ms=184 history-ms=23 fast=90591 clipped=54697 culled=53053
133 pid=FFFD6359 paths batches/triangles untextured=19/95 hw=5279/202485 cpu=0/0 cpu-nonsquare=0/0 hw-refused=259/12233
134 pid=FFFD6359 counters hwtex live=50 creates=50 create-failed=0 evictions=0 uploads=73 upload-kb=1792 squared=0 alpha-dropped=0 stubs=0 failed r4=259 r7=0 r8=0 other=0
135 pid=FFFD6359 time interval-ms=10001 swaps=33 present-ms=168 draw-ms=8058 upload-ms=66
136 pid=FFFD6359 tsc frames=33 wall-ms=10001 vertex-ms=559 flush-in-vertex-ms=42 flush-other-ms=8098 bind-ms=6 iface-ms=8058 beginend-ms=5293 swap-ms=169 vertices=388341 flushes=3187 draws=3481 sink-ms=5300 sink-prep-ms=66 sinks=41064
137 pid=FFFD6359 sink begin-ms=30 flush-ms=5207 copy-ms=16 prep-texture-ms=32 prep-state-ms=15 prep-same-ms=15
138 pid=FFFD6359 hwno hwtex-ms=70 iface-cpu-ms=0 not-cpu=16 square-side=0 too-big=0 format=0 no-object=0 no-record=0 table-full=0 unusable=0 backoff=0 make-failed=0 square-alloc=0 upload=0
139 pid=FFFD6359 prim transform-ms=78 inside-ms=60 window-ms=111 assemble-ms=217 history-ms=26 fast=115311 clipped=47354 culled=57158
140 pid=FFFD6359 paths batches/triangles untextured=35/175 hw=8156/318202 cpu=0/0 cpu-nonsquare=0/0 hw-refused=553/28521
141 pid=FFFD6359 counters hwtex live=60 creates=60 create-failed=0 evictions=0 uploads=101 upload-kb=2577 squared=0 alpha-dropped=0 stubs=0 failed r4=553 r7=0 r8=0 other=0
142 pid=FFFD6359 time interval-ms=10000 swaps=42 present-ms=215 draw-ms=7963 upload-ms=153
143 pid=FFFD6359 tsc frames=42 wall-ms=10000 vertex-ms=379 flush-in-vertex-ms=46 flush-other-ms=8084 bind-ms=6 iface-ms=7963 beginend-ms=3867 swap-ms=216 vertices=247603 flushes=2115 draws=2262 sink-ms=3893 sink-prep-ms=36 sinks=22102
144 pid=FFFD6359 sink begin-ms=17 flush-ms=3842 copy-ms=9 prep-texture-ms=18 prep-state-ms=8 prep-same-ms=8
145 pid=FFFD6359 hwno hwtex-ms=156 iface-cpu-ms=0 not-cpu=4 square-side=0 too-big=0 format=0 no-object=0 no-record=0 table-full=0 unusable=0 backoff=0 make-failed=0 square-alloc=0 upload=0
146 pid=FFFD6359 prim transform-ms=49 inside-ms=36 window-ms=57 assemble-ms=178 history-ms=16 fast=60445 clipped=47572 culled=23922
147 pid=FFFD6359 paths batches/triangles untextured=39/195 hw=10120/385768 cpu=0/0 cpu-nonsquare=0/0 hw-refused=700/35649
148 pid=FFFD6359 counters hwtex live=70 creates=70 create-failed=0 evictions=0 uploads=161 upload-kb=4367 squared=0 alpha-dropped=0 stubs=0 failed r4=700 r7=0 r8=0 other=0
149 pid=FFFD6359 time interval-ms=10008 swaps=42 present-ms=215 draw-ms=8094 upload-ms=66
150 pid=FFFD6359 tsc frames=42 wall-ms=10008 vertex-ms=372 flush-in-vertex-ms=47 flush-other-ms=8133 bind-ms=13 iface-ms=8094 beginend-ms=4006 swap-ms=215 vertices=234408 flushes=2346 draws=2673 sink-ms=4036 sink-prep-ms=39 sinks=24388
151 pid=FFFD6359 sink begin-ms=17 flush-ms=3979 copy-ms=11 prep-texture-ms=19 prep-state-ms=9 prep-same-ms=9
152 pid=FFFD6359 hwno hwtex-ms=69 iface-cpu-ms=0 not-cpu=9 square-side=0 too-big=0 format=0 no-object=0 no-record=0 table-full=0 unusable=0 backoff=0 make-failed=0 square-alloc=0 upload=0
153 pid=FFFD6359 prim transform-ms=47 inside-ms=37 window-ms=65 assemble-ms=168 history-ms=15 fast=73966 clipped=27730 culled=21730
154 pid=FFFD6359 paths batches/triangles untextured=48/240 hw=12130/458149 cpu=0/0 cpu-nonsquare=0/0 hw-refused=1027/53366
155 pid=FFFD6359 counters hwtex live=72 creates=72 create-failed=0 evictions=0 uploads=185 upload-kb=5151 squared=0 alpha-dropped=0 stubs=0 failed r4=1027 r7=0 r8=0 other=0
156 pid=FFFD6359 time interval-ms=10002 swaps=38 present-ms=194 draw-ms=8038 upload-ms=114
157 pid=FFFD6359 tsc frames=38 wall-ms=10002 vertex-ms=463 flush-in-vertex-ms=55 flush-other-ms=8113 bind-ms=7 iface-ms=8037 beginend-ms=4133 swap-ms=194 vertices=301352 flushes=2851 draws=3156 sink-ms=4165 sink-prep-ms=45 sinks=28024
158 pid=FFFD6359 sink begin-ms=21 flush-ms=4100 copy-ms=12 prep-texture-ms=22 prep-state-ms=11 prep-same-ms=10
159 pid=FFFD6359 hwno hwtex-ms=118 iface-cpu-ms=0 not-cpu=17 square-side=0 too-big=0 format=0 no-object=0 no-record=0 table-full=0 unusable=0 backoff=0 make-failed=0 square-alloc=0 upload=0
160 pid=FFFD6359 prim transform-ms=60 inside-ms=46 window-ms=80 assemble-ms=206 history-ms=20 fast=83037 clipped=43309 culled=35068
161 pid=FFFD6359 paths batches/triangles untextured=65/325 hw=14659/541991 cpu=0/0 cpu-nonsquare=0/0 hw-refused=1332/69845
162 pid=FFFD6359 counters hwtex live=86 creates=86 create-failed=0 evictions=0 uploads=235 upload-kb=6439 squared=0 alpha-dropped=0 stubs=0 failed r4=1332 r7=0 r8=0 other=0
163 pid=FFFD6359 refused tex=1155 size=00800080 tex=02040101 blend=00050601 depth=00040101 colour=FFFFFFFF mask=7 scissor=0,0,640,480 fog=0
164 pid=FFFD6359 time interval-ms=10012 swaps=36 present-ms=183 draw-ms=8262 upload-ms=27
165 pid=FFFD6359 tsc frames=36 wall-ms=10012 vertex-ms=412 flush-in-vertex-ms=36 flush-other-ms=8268 bind-ms=7 iface-ms=8261 beginend-ms=4707 swap-ms=184 vertices=276518 flushes=2858 draws=3117 sink-ms=4718 sink-prep-ms=49 sinks=30477
166 pid=FFFD6359 sink begin-ms=22 flush-ms=4648 copy-ms=13 prep-texture-ms=24 prep-state-ms=12 prep-same-ms=11
167 pid=FFFD6359 hwno hwtex-ms=30 iface-cpu-ms=0 not-cpu=3 square-side=0 too-big=0 format=0 no-object=0 no-record=0 table-full=0 unusable=0 backoff=0 make-failed=0 square-alloc=0 upload=0
168 pid=FFFD6359 prim transform-ms=55 inside-ms=44 window-ms=81 assemble-ms=166 history-ms=19 fast=87583 clipped=30366 culled=38629
169 pid=FFFD6359 paths batches/triangles untextured=68/340 hw=17255/631369 cpu=0/0 cpu-nonsquare=0/0 hw-refused=1591/82580
170 pid=FFFD6359 counters hwtex live=90 creates=90 create-failed=0 evictions=0 uploads=245 upload-kb=6759 squared=0 alpha-dropped=0 stubs=0 failed r4=1591 r7=0 r8=0 other=0
171 pid=FFFD6359 time interval-ms=10005 swaps=36 present-ms=187 draw-ms=8224 upload-ms=16
172 pid=FFFD6359 tsc frames=36 wall-ms=10005 vertex-ms=341 flush-in-vertex-ms=5 flush-other-ms=8310 bind-ms=69 iface-ms=8223 beginend-ms=5455 swap-ms=188 vertices=227721 flushes=2159 draws=2249 sink-ms=5435 sink-prep-ms=50 sinks=27986
173 pid=FFFD6359 sink begin-ms=22 flush-ms=5365 copy-ms=12 prep-texture-ms=24 prep-state-ms=13 prep-same-ms=11
174 pid=FFFD6359 hwno hwtex-ms=18 iface-cpu-ms=0 not-cpu=10 square-side=0 too-big=0 format=0 no-object=0 no-record=0 table-full=0 unusable=0 backoff=0 make-failed=0 square-alloc=0 upload=0
175 pid=FFFD6359 prim transform-ms=48 inside-ms=37 window-ms=66 assemble-ms=133 history-ms=17 fast=68335 clipped=35592 culled=31552
176 pid=FFFD6359 paths batches/triangles untextured=78/390 hw=19314/711917 cpu=0/0 cpu-nonsquare=0/0 hw-refused=1681/86326
177 pid=FFFD6359 counters hwtex live=90 creates=90 create-failed=0 evictions=0 uploads=251 upload-kb=6951 squared=0 alpha-dropped=0 stubs=0 failed r4=1681 r7=0 r8=0 other=0
178 pid=FFFD6359 time interval-ms=10000 swaps=35 present-ms=179 draw-ms=8189 upload-ms=89
179 pid=FFFD6359 tsc frames=35 wall-ms=10000 vertex-ms=420 flush-in-vertex-ms=37 flush-other-ms=8253 bind-ms=5 iface-ms=8188 beginend-ms=5072 swap-ms=178 vertices=276891 flushes=2535 draws=2773 sink-ms=5085 sink-prep-ms=47 sinks=28900
180 pid=FFFD6359 sink begin-ms=21 flush-ms=5018 copy-ms=12 prep-texture-ms=23 prep-state-ms=11 prep-same-ms=10
181 pid=FFFD6359 hwno hwtex-ms=91 iface-cpu-ms=0 not-cpu=20 square-side=0 too-big=0 format=0 no-object=0 no-record=0 table-full=0 unusable=0 backoff=0 make-failed=0 square-alloc=0 upload=0
182 pid=FFFD6359 prim transform-ms=55 inside-ms=43 window-ms=77 assemble-ms=178 history-ms=19 fast=81060 clipped=37779 culled=37304
183 pid=FFFD6359 paths batches/triangles untextured=98/490 hw=21591/798385 cpu=0/0 cpu-nonsquare=0/0 hw-refused=1919/98767
184 pid=FFFD6359 counters hwtex live=90 creates=90 create-failed=0 evictions=0 uploads=284 upload-kb=8007 squared=0 alpha-dropped=0 stubs=0 failed r4=1919 r7=0 r8=0 other=0
185 pid=FFFD6359 time interval-ms=10000 swaps=40 present-ms=204 draw-ms=8079 upload-ms=72
186 pid=FFFD6359 tsc frames=40 wall-ms=10000 vertex-ms=377 flush-in-vertex-ms=8 flush-other-ms=8157 bind-ms=7 iface-ms=8078 beginend-ms=4920 swap-ms=204 vertices=267737 flushes=2408 draws=2552 sink-ms=4902 sink-prep-ms=47 sinks=29157
187 pid=FFFD6359 sink begin-ms=22 flush-ms=4836 copy-ms=11 prep-texture-ms=23 prep-state-ms=11 prep-same-ms=11
188 pid=FFFD6359 hwno hwtex-ms=75 iface-cpu-ms=0 not-cpu=11 square-side=0 too-big=0 format=0 no-object=0 no-record=0 table-full=0 unusable=0 backoff=0 make-failed=0 square-alloc=0 upload=0
189 pid=FFFD6359 prim transform-ms=54 inside-ms=41 window-ms=69 assemble-ms=150 history-ms=18 fast=71078 clipped=45806 culled=35313
190 pid=FFFD6359 paths batches/triangles untextured=109/545 hw=23844/881971 cpu=0/0 cpu-nonsquare=0/0 hw-refused=2063/104460
191 pid=FFFD6359 counters hwtex live=95 creates=95 create-failed=0 evictions=0 uploads=311 upload-kb=8801 squared=0 alpha-dropped=0 stubs=0 failed r4=2063 r7=0 r8=0 other=0
192 pid=FFFD6359 time interval-ms=10001 swaps=36 present-ms=184 draw-ms=8070 upload-ms=110
193 pid=FFFD6359 tsc frames=36 wall-ms=10001 vertex-ms=432 flush-in-vertex-ms=11 flush-other-ms=8184 bind-ms=6 iface-ms=8070 beginend-ms=5066 swap-ms=184 vertices=314437 flushes=2769 draws=2961 sink-ms=5050 sink-prep-ms=52 sinks=32489
194 pid=FFFD6359 sink begin-ms=24 flush-ms=4976 copy-ms=13 prep-texture-ms=26 prep-state-ms=12 prep-same-ms=12
195 pid=FFFD6359 hwno hwtex-ms=114 iface-cpu-ms=0 not-cpu=9 square-side=0 too-big=0 format=0 no-object=0 no-record=0 table-full=0 unusable=0 backoff=0 make-failed=0 square-alloc=0 upload=0
196 pid=FFFD6359 prim transform-ms=63 inside-ms=47 window-ms=81 assemble-ms=166 history-ms=21 fast=83347 clipped=48839 culled=40813
197 pid=FFFD6359 paths batches/triangles untextured=118/590 hw=26412/974980 cpu=0/0 cpu-nonsquare=0/0 hw-refused=2255/113456
198 pid=FFFD6359 counters hwtex live=101 creates=101 create-failed=0 evictions=0 uploads=355 upload-kb=10107 squared=0 alpha-dropped=0 stubs=0 failed r4=2255 r7=0 r8=0 other=0
199 pid=FFFD6359 time interval-ms=10000 swaps=36 present-ms=184 draw-ms=7964 upload-ms=166
200 pid=FFFD6359 tsc frames=36 wall-ms=10000 vertex-ms=476 flush-in-vertex-ms=27 flush-other-ms=8119 bind-ms=6 iface-ms=7963 beginend-ms=4565 swap-ms=184 vertices=338972 flushes=3262 draws=3521 sink-ms=4564 sink-prep-ms=56 sinks=34280
201 pid=FFFD6359 sink begin-ms=25 flush-ms=4485 copy-ms=14 prep-texture-ms=27 prep-state-ms=13 prep-same-ms=12
202 pid=FFFD6359 hwno hwtex-ms=170 iface-cpu-ms=0 not-cpu=4 square-side=0 too-big=0 format=0 no-object=0 no-record=0 table-full=0 unusable=0 backoff=0 make-failed=0 square-alloc=0 upload=0
203 pid=FFFD6359 prim transform-ms=68 inside-ms=52 window-ms=92 assemble-ms=184 history-ms=23 fast=95500 clipped=45274 culled=45706
204 pid=FFFD6359 paths batches/triangles untextured=122/610 hw=29411/1074819 cpu=0/0 cpu-nonsquare=0/0 hw-refused=2514/126848
205 pid=FFFD6359 counters hwtex live=101 creates=101 create-failed=0 evictions=0 uploads=417 upload-kb=12091 squared=0 alpha-dropped=0 stubs=0 failed r4=2514 r7=0 r8=0 other=0
206 pid=FFFD6359 time interval-ms=10004 swaps=28 present-ms=143 draw-ms=8356 upload-ms=64
207 pid=FFFD6359 tsc frames=28 wall-ms=10004 vertex-ms=463 flush-in-vertex-ms=48 flush-other-ms=8390 bind-ms=8 iface-ms=8355 beginend-ms=5028 swap-ms=143 vertices=306564 flushes=3536 draws=3858 sink-ms=5050 sink-prep-ms=56 sinks=34923
208 pid=FFFD6359 sink begin-ms=23 flush-ms=4969 copy-ms=15 prep-texture-ms=28 prep-state-ms=13 prep-same-ms=12
209 pid=FFFD6359 hwno hwtex-ms=68 iface-cpu-ms=0 not-cpu=14 square-side=0 too-big=0 format=0 no-object=0 no-record=0 table-full=0 unusable=0 backoff=0 make-failed=0 square-alloc=0 upload=0
210 pid=FFFD6359 prim transform-ms=61 inside-ms=49 window-ms=89 assemble-ms=191 history-ms=20 fast=105341 clipped=29621 culled=35846
211 pid=FFFD6359 paths batches/triangles untextured=136/680 hw=32611/1179713 cpu=0/0 cpu-nonsquare=0/0 hw-refused=2836/144057
212 pid=FFFD6359 counters hwtex live=101 creates=101 create-failed=0 evictions=0 uploads=441 upload-kb=12859 squared=0 alpha-dropped=0 stubs=0 failed r4=2836 r7=0 r8=0 other=0
213 pid=FFFD6359 time interval-ms=10001 swaps=35 present-ms=179 draw-ms=8179 upload-ms=59
214 pid=FFFD6359 tsc frames=35 wall-ms=10001 vertex-ms=426 flush-in-vertex-ms=20 flush-other-ms=8235 bind-ms=7 iface-ms=8179 beginend-ms=4143 swap-ms=179 vertices=295643 flushes=3573 draws=3805 sink-ms=4136 sink-prep-ms=53 sinks=32992
215 pid=FFFD6359 sink begin-ms=23 flush-ms=4060 copy-ms=14 prep-texture-ms=26 prep-state-ms=13 prep-same-ms=12
216 pid=FFFD6359 hwno hwtex-ms=62 iface-cpu-ms=0 not-cpu=0 square-side=0 too-big=0 format=0 no-object=0 no-record=0 table-full=0 unusable=0 backoff=0 make-failed=0 square-alloc=0 upload=0
217 pid=FFFD6359 prim transform-ms=59 inside-ms=46 window-ms=80 assemble-ms=170 history-ms=20 fast=94521 clipped=40102 culled=33710
218 pid=FFFD6359 paths batches/triangles untextured=136/680 hw=35952/1279652 cpu=0/0 cpu-nonsquare=0/0 hw-refused=3068/156425
219 pid=FFFD6359 counters hwtex live=101 creates=101 create-failed=0 evictions=0 uploads=463 upload-kb=13563 squared=0 alpha-dropped=0 stubs=0 failed r4=3068 r7=0 r8=0 other=0
220 pid=FFFD6359 time interval-ms=10002 swaps=27 present-ms=138 draw-ms=8584 upload-ms=39
221 pid=FFFD6359 tsc frames=27 wall-ms=10002 vertex-ms=343 flush-in-vertex-ms=16 flush-other-ms=8620 bind-ms=6 iface-ms=8584 beginend-ms=4613 swap-ms=139 vertices=233549 flushes=2325 draws=2421 sink-ms=4606 sink-prep-ms=44 sinks=27022
222 pid=FFFD6359 sink begin-ms=20 flush-ms=4544 copy-ms=11 prep-texture-ms=21 prep-state-ms=10 prep-same-ms=10
223 pid=FFFD6359 hwno hwtex-ms=42 iface-cpu-ms=0 not-cpu=7 square-side=0 too-big=0 format=0 no-object=0 no-record=0 table-full=0 unusable=0 backoff=0 make-failed=0 square-alloc=0 upload=0
224 pid=FFFD6359 prim transform-ms=47 inside-ms=36 window-ms=63 assemble-ms=140 history-ms=16 fast=69800 clipped=37040 culled=32617
225 pid=FFFD6359 paths batches/triangles untextured=143/715 hw=38174/1361790 cpu=0/0 cpu-nonsquare=0/0 hw-refused=3164/160595
226 pid=FFFD6359 counters hwtex live=101 creates=101 create-failed=0 evictions=0 uploads=477 upload-kb=14011 squared=0 alpha-dropped=0 stubs=0 failed r4=3164 r7=0 r8=0 other=0
227 pid=FFFD6359 DrvReleaseContext context=1 -> 1
228 pid=FFFD6359 paths batches/triangles untextured=143/715 hw=40492/1448457 cpu=0/0 cpu-nonsquare=0/0 hw-refused=3542/182647
229 pid=FFFD6359 counters hwtex live=0 creates=102 create-failed=0 evictions=0 uploads=499 upload-kb=14811 squared=0 alpha-dropped=6 stubs=0 failed r4=3542 r7=0 r8=0 other=0
230 pid=FFFD6359 DrvDeleteContext context=1 -> 1
231 pid=FFFD6359 detach slots-called=0 stub-calls=0
1 pid=FFFD6359 attach instance=01CF0000 tls=11 build-marker=1
2 pid=FFFD6359 DrvValidateVersion version=1
3 pid=FFFD6359 DrvSetCallbackProcs count=3 procs=78B23978
4 pid=FFFD6359 describe result=0 engine=5 formats=00000002
5 pid=FFFD6359 DrvDescribePixelFormat index=1 bytes=0 -> count=1
6 pid=FFFD6359 DrvDescribePixelFormat index=1 bytes=40 -> count=1
7 pid=FFFD6359 DrvDescribePixelFormat index=1 bytes=0 -> count=1
8 pid=FFFD6359 DrvDescribePixelFormat index=1 bytes=0 -> count=1
9 pid=FFFD6359 DrvDescribePixelFormat index=1 bytes=0 -> count=1
10 pid=FFFD6359 DrvDescribePixelFormat index=1 bytes=0 -> count=1
11 pid=FFFD6359 DrvDescribePixelFormat index=1 bytes=0 -> count=1
12 pid=FFFD6359 DrvDescribePixelFormat index=1 bytes=0 -> count=1
13 pid=FFFD6359 DrvDescribePixelFormat index=1 bytes=0 -> count=1
14 pid=FFFD6359 DrvDescribePixelFormat index=1 bytes=0 -> count=1
15 pid=FFFD6359 DrvDescribePixelFormat index=1 bytes=0 -> count=1
16 pid=FFFD6359 DrvDescribePixelFormat index=1 bytes=0 -> count=1
17 pid=FFFD6359 DrvDescribePixelFormat index=1 bytes=0 -> count=1
18 pid=FFFD6359 DrvDescribePixelFormat index=1 bytes=0 -> count=1
19 pid=FFFD6359 DrvDescribePixelFormat index=1 bytes=0 -> count=1
20 pid=FFFD6359 DrvDescribePixelFormat index=1 bytes=0 -> count=1
21 pid=FFFD6359 DrvDescribePixelFormat index=1 bytes=0 -> count=1
22 pid=FFFD6359 DrvDescribePixelFormat index=1 bytes=0 -> count=1
23 pid=FFFD6359 DrvDescribePixelFormat index=1 bytes=0 -> count=1
24 pid=FFFD6359 DrvDescribePixelFormat index=1 bytes=0 -> count=1
25 pid=FFFD6359 DrvDescribePixelFormat index=1 bytes=0 -> count=1
26 pid=FFFD6359 DrvDescribePixelFormat index=1 bytes=0 -> count=1
27 pid=FFFD6359 DrvDescribePixelFormat index=1 bytes=0 -> count=1
28 pid=FFFD6359 DrvDescribePixelFormat index=1 bytes=0 -> count=1
29 pid=FFFD6359 DrvDescribePixelFormat index=1 bytes=0 -> count=1
30 pid=FFFD6359 DrvDescribePixelFormat index=1 bytes=0 -> count=1
31 pid=FFFD6359 DrvDescribePixelFormat index=1 bytes=0 -> count=1
32 pid=FFFD6359 DrvSetPixelFormat hdc=0000077E index=1
33 pid=FFFD6359 DrvDescribePixelFormat index=1 bytes=0 -> count=1
34 pid=FFFD6359 DrvDescribePixelFormat index=1 bytes=40 -> count=1
35 pid=FFFD6359 DrvDescribePixelFormat index=1 bytes=0 -> count=1
36 pid=FFFD6359 DrvDescribePixelFormat index=1 bytes=40 -> count=1
37 pid=FFFD6359 DrvCreateLayerContext hdc=0000077E layer=0 -> 1
38 pid=FFFD6359 drawable window=00000164 320x240
39 pid=FFFD6359 DrvSetContext hdc=0000077E context=1 -> 1
40 pid=FFFD6359 state tex=1158 size=00400040 tex=01010101 blend=00050600 depth=01040102 colour=FFFFFFFF mask=7 scissor=0,0,320,240 fog=0
41 pid=FFFD6359 time interval-ms=571212 swaps=0 present-ms=0 draw-ms=317405856 upload-ms=0
42 pid=FFFD6359 tsc frames=0 wall-ms=571212 vertex-ms=119489 flush-in-vertex-ms=0 flush-other-ms=10934381 bind-ms=54314 iface-ms=4580462 beginend-ms=677770 swap-ms=0 vertices=18 flushes=1 draws=1 sink-ms=275606 sink-prep-ms=249123 sinks=4
43 pid=FFFD6359 sink begin-ms=582354 flush-ms=0 copy-ms=14557 prep-texture-ms=232814 prep-state-ms=8361 prep-same-ms=6540
44 pid=FFFD6359 hwno hwtex-ms=5052267 iface-cpu-ms=0 not-cpu=0 square-side=0 too-big=0 format=0 no-object=0 no-record=0 table-full=0 unusable=0 backoff=0 make-failed=0 square-alloc=0 upload=0
45 pid=FFFD6359 prim transform-ms=21586 inside-ms=18298 window-ms=27198 assemble-ms=30355 history-ms=6264 fast=10 clipped=0 culled=0
46 pid=FFFD6359 paths batches/triangles untextured=0/0 hw=1/10 cpu=0/0 cpu-nonsquare=0/0 hw-refused=0/0
47 pid=FFFD6359 counters hwtex live=1 creates=1 create-failed=0 evictions=0 uploads=1 upload-kb=10 squared=0 alpha-dropped=0 stubs=0 failed r4=0 r7=0 r8=0 other=0
48 pid=FFFD6359 state tex=1162 size=00400040 tex=01010101 blend=00050600 depth=01040102 colour=FFFFFFFF mask=7 scissor=0,0,320,240 fog=0
49 pid=FFFD6359 state tex=1163 size=00100010 tex=01010101 blend=00050600 depth=01040102 colour=FFFFFFFF mask=7 scissor=0,0,320,240 fog=0
50 pid=FFFD6359 state tex=1168 size=00100010 tex=01010101 blend=00050600 depth=01040102 colour=FFFFFFFF mask=7 scissor=0,0,320,240 fog=0
51 pid=FFFD6359 state tex=1172 size=00400040 tex=01010101 blend=00050600 depth=01040102 colour=FFFFFFFF mask=7 scissor=0,0,320,240 fog=0
52 pid=FFFD6359 state tex=1180 size=00400040 tex=01010101 blend=00050600 depth=01040102 colour=FFFFFFFF mask=7 scissor=0,0,320,240 fog=0
53 pid=FFFD6359 state tex=1184 size=00400040 tex=01010101 blend=00050600 depth=01040102 colour=FFFFFFFF mask=7 scissor=0,0,320,240 fog=0
54 pid=FFFD6359 state tex=1185 size=00400040 tex=01010101 blend=00050600 depth=01040102 colour=FFFFFFFF mask=7 scissor=0,0,320,240 fog=0
55 pid=FFFD6359 state tex=1188 size=00400040 tex=01010101 blend=00050600 depth=01040102 colour=FFFFFFFF mask=7 scissor=0,0,320,240 fog=0
56 pid=FFFD6359 state tex=1191 size=00400040 tex=01010101 blend=00050600 depth=01040102 colour=FFFFFFFF mask=7 scissor=0,0,320,240 fog=0
57 pid=FFFD6359 state tex=1206 size=00400040 tex=01010101 blend=00050600 depth=01040102 colour=FFFFFFFF mask=7 scissor=0,0,320,240 fog=0
58 pid=FFFD6359 state tex=1210 size=00800080 tex=01010101 blend=00050600 depth=01040102 colour=FFFFFFFF mask=7 scissor=0,0,320,240 fog=0
59 pid=FFFD6359 state tex=1214 size=00400040 tex=01010101 blend=00050600 depth=01040102 colour=FFFFFFFF mask=7 scissor=0,0,320,240 fog=0
60 pid=FFFD6359 state tex=1216 size=00400040 tex=01010101 blend=00050600 depth=01040102 colour=FFFFFFFF mask=7 scissor=0,0,320,240 fog=0
61 pid=FFFD6359 state tex=1218 size=00400040 tex=01010101 blend=00050600 depth=01040102 colour=FFFFFFFF mask=7 scissor=0,0,320,240 fog=0
62 pid=FFFD6359 state tex=1225 size=00400040 tex=01010101 blend=00050600 depth=01040102 colour=FFFFFFFF mask=7 scissor=0,0,320,240 fog=0
63 pid=FFFD6359 state tex=1226 size=00400040 tex=01010101 blend=00050600 depth=01040102 colour=FFFFFFFF mask=7 scissor=0,0,320,240 fog=0
64 pid=FFFD6359 state tex=1264 size=00400040 tex=01010101 blend=00050600 depth=01040102 colour=FFFFFFFF mask=7 scissor=0,0,320,240 fog=0
65 pid=FFFD6359 state tex=1269 size=00400040 tex=01010101 blend=00050600 depth=01040102 colour=FFFFFFFF mask=7 scissor=0,0,320,240 fog=0
66 pid=FFFD6359 state tex=1273 size=00200080 tex=01010101 blend=00050600 depth=01040102 colour=FFFFFFFF mask=7 scissor=0,0,320,240 fog=0
67 pid=FFFD6359 state tex=1278 size=00400040 tex=01010101 blend=00050600 depth=01040102 colour=FFFFFFFF mask=7 scissor=0,0,320,240 fog=0
68 pid=FFFD6359 state tex=1281 size=00400040 tex=01010101 blend=00050600 depth=01040102 colour=FFFFFFFF mask=7 scissor=0,0,320,240 fog=0
69 pid=FFFD6359 state tex=1282 size=00400040 tex=01010101 blend=00050600 depth=01040102 colour=FFFFFFFF mask=7 scissor=0,0,320,240 fog=0
70 pid=FFFD6359 state tex=1025 size=00800080 tex=01010101 blend=01010300 depth=01040001 colour=FFFFFFFF mask=7 scissor=0,0,320,240 fog=0
71 pid=FFFD6359 state tex=1026 size=00800080 tex=01010101 blend=01010300 depth=01040001 colour=FFFFFFFF mask=7 scissor=0,0,320,240 fog=0
72 pid=FFFD6359 state tex=1027 size=00800080 tex=01010101 blend=01010300 depth=01040001 colour=FFFFFFFF mask=7 scissor=0,0,320,240 fog=0
73 pid=FFFD6359 state tex=1030 size=00800080 tex=01010101 blend=01010300 depth=01040001 colour=FFFFFFFF mask=7 scissor=0,0,320,240 fog=0
74 pid=FFFD6359 state tex=1376 size=01000080 tex=01040201 blend=00050600 depth=01040102 colour=FF94774B mask=7 scissor=0,0,320,240 fog=0
75 pid=FFFD6359 state tex=1380 size=01000080 tex=01040201 blend=00050600 depth=01040102 colour=FF463827 mask=7 scissor=0,0,320,240 fog=0
76 pid=FFFD6359 state tex=1382 size=00800020 tex=01040201 blend=00050600 depth=01040102 colour=FF6F562E mask=7 scissor=0,0,320,240 fog=0
77 pid=FFFD6359 state tex=1384 size=00800020 tex=01010200 blend=00050600 depth=01040102 colour=FF4D4231 mask=7 scissor=0,0,320,240 fog=0
78 pid=FFFD6359 state tex=1389 size=01000080 tex=01040201 blend=00050600 depth=01040102 colour=FF5F5343 mask=7 scissor=0,0,320,240 fog=0
79 pid=FFFD6359 state tex=1390 size=00800040 tex=01040201 blend=00050600 depth=01040102 colour=FF7F6F57 mask=7 scissor=0,0,320,240 fog=0
80 pid=FFFD6359 state tex=1391 size=00400040 tex=01010200 blend=00050600 depth=01040102 colour=FF968569 mask=7 scissor=0,0,320,240 fog=0
81 pid=FFFD6359 state tex=1393 size=00800040 tex=01040201 blend=00050600 depth=01040102 colour=FFFFFFE8 mask=7 scissor=0,0,320,240 fog=0
82 pid=FFFD6359 state tex=1396 size=00800040 tex=01040201 blend=00050600 depth=01040102 colour=FF9C8964 mask=7 scissor=0,0,320,240 fog=0
83 pid=FFFD6359 state tex=1401 size=01000080 tex=01040201 blend=00050600 depth=01040102 colour=FFFFFFED mask=7 scissor=0,0,320,240 fog=0
84 pid=FFFD6359 state tex=1409 size=01000080 tex=01040201 blend=00050600 depth=01040102 colour=FF4D4137 mask=7 scissor=0,0,320,240 fog=0
85 pid=FFFD6359 state tex=1152 size=01000100 tex=01040101 blend=00050601 depth=00040101 colour=FFFFFFFF mask=7 scissor=0,0,320,240 fog=0
86 pid=FFFD6359 refused tex=1152 size=01000100 tex=02040101 blend=00050601 depth=00040101 colour=FFFFFFFF mask=7 scissor=0,0,320,240 fog=0
87 pid=FFFD6359 draw result=4 triangles=18 submitted=0
88 pid=FFFD6359   v0 sx=431C0000 sy=42E80000 sz=3F000000 rhw=3F800000 tu=3F70028F tv=3823D70A
89 pid=FFFD6359   v1 sx=43240000 sy=42E80000 sz=3F000000 rhw=3F800000 tu=3F77FD71 tv=3823D70A
90 pid=FFFD6359   v2 sx=43240000 sy=42F80001 sz=3F000000 rhw=3F800000 tu=3F77FD71 tv=3CFFAE14
91 pid=FFFD6359 draw result=4 triangles=18 submitted=0
92 pid=FFFD6359   v0 sx=431C0000 sy=42E80000 sz=3F000000 rhw=3F800000 tu=3F70028F tv=3823D70A
93 pid=FFFD6359   v1 sx=43240000 sy=42E80000 sz=3F000000 rhw=3F800000 tu=3F77FD71 tv=3823D70A
94 pid=FFFD6359   v2 sx=43240000 sy=42F80001 sz=3F000000 rhw=3F800000 tu=3F77FD71 tv=3CFFAE14
95 pid=FFFD6359 draw result=4 triangles=18 submitted=0
96 pid=FFFD6359   v0 sx=431C0000 sy=42E80000 sz=3F000000 rhw=3F800000 tu=3F70028F tv=3823D70A
97 pid=FFFD6359   v1 sx=43240000 sy=42E80000 sz=3F000000 rhw=3F800000 tu=3F77FD71 tv=3823D70A
98 pid=FFFD6359   v2 sx=43240000 sy=42F80001 sz=3F000000 rhw=3F800000 tu=3F77FD71 tv=3CFFAE14
99 pid=FFFD6359 draw result=4 triangles=18 submitted=0
100 pid=FFFD6359   v0 sx=431C0000 sy=42E80000 sz=3F000000 rhw=3F800000 tu=3F70028F tv=3823D70A
101 pid=FFFD6359   v1 sx=43240000 sy=42E80000 sz=3F000000 rhw=3F800000 tu=3F77FD71 tv=3823D70A
102 pid=FFFD6359   v2 sx=43240000 sy=42F80001 sz=3F000000 rhw=3F800000 tu=3F77FD71 tv=3CFFAE14
103 pid=FFFD6359 draw result=4 triangles=18 submitted=0
104 pid=FFFD6359   v0 sx=431C0000 sy=42E80000 sz=3F000000 rhw=3F800000 tu=3F70028F tv=3823D70A
105 pid=FFFD6359   v1 sx=43240000 sy=42E80000 sz=3F000000 rhw=3F800000 tu=3F77FD71 tv=3823D70A
106 pid=FFFD6359   v2 sx=43240000 sy=42F80001 sz=3F000000 rhw=3F800000 tu=3F77FD71 tv=3CFFAE14
107 pid=FFFD6359 draw result=4 triangles=18 submitted=0
108 pid=FFFD6359   v0 sx=431C0000 sy=42E80000 sz=3F000000 rhw=3F800000 tu=3F70028F tv=3823D70A
109 pid=FFFD6359   v1 sx=43240000 sy=42E80000 sz=3F000000 rhw=3F800000 tu=3F77FD71 tv=3823D70A
110 pid=FFFD6359   v2 sx=43240000 sy=42F80001 sz=3F000000 rhw=3F800000 tu=3F77FD71 tv=3CFFAE14
111 pid=FFFD6359 state tex=1267 size=00400020 tex=01010101 blend=00050600 depth=01040102 colour=FFFFFFFF mask=7 scissor=0,0,320,240 fog=0
112 pid=FFFD6359 state tex=1268 size=00400040 tex=01010101 blend=00050600 depth=01040102 colour=FFFFFFFF mask=7 scissor=0,0,320,240 fog=0
113 pid=FFFD6359 state tex=1266 size=00400020 tex=01010101 blend=00050600 depth=01040102 colour=FFFFFFFF mask=7 scissor=0,0,320,240 fog=0
114 pid=FFFD6359 state tex=1024 size=00800080 tex=01010101 blend=01010300 depth=01040001 colour=FFFFFFFF mask=7 scissor=0,0,320,240 fog=0
115 pid=FFFD6359 state tex=1381 size=01000080 tex=01040201 blend=00050600 depth=01040102 colour=FF9C8D54 mask=7 scissor=0,0,320,240 fog=0
116 pid=FFFD6359 state tex=1342 size=00800040 tex=01010200 blend=01050600 depth=01040002 colour=AA6D6153 mask=7 scissor=0,0,320,240 fog=0
117 pid=FFFD6359 state tex=1153 size=00080008 tex=01040202 blend=01050600 depth=01040002 colour=FF730700 mask=7 scissor=0,0,320,240 fog=0
118 pid=FFFD6359 refused tex=1153 size=00080008 tex=02040202 blend=01050600 depth=01040002 colour=D4730700 mask=7 scissor=0,0,320,240 fog=0
119 pid=FFFD6359 state tex=1153 size=00000000 tex=00000000 blend=01050600 depth=00040100 colour=33FF0000 mask=7 scissor=0,0,320,240 fog=0
120 pid=FFFD6359 state tex=1361 size=01000080 tex=01040201 blend=00050600 depth=01040102 colour=FFA99362 mask=7 scissor=0,0,320,240 fog=0
121 pid=FFFD6359 time interval-ms=10001 swaps=52 present-ms=95 draw-ms=8292 upload-ms=147
122 pid=FFFD6359 tsc frames=52 wall-ms=10001 vertex-ms=668 flush-in-vertex-ms=28 flush-other-ms=8448 bind-ms=10 iface-ms=8292 beginend-ms=4619 swap-ms=96 vertices=458858 flushes=4047 draws=4248 sink-ms=4599 sink-prep-ms=91 sinks=52146
123 pid=FFFD6359 sink begin-ms=40 flush-ms=4474 copy-ms=20 prep-texture-ms=48 prep-state-ms=20 prep-same-ms=19
124 pid=FFFD6359 hwno hwtex-ms=155 iface-cpu-ms=0 not-cpu=11 square-side=0 too-big=0 format=0 no-object=0 no-record=0 table-full=0 unusable=0 backoff=0 make-failed=0 square-alloc=0 upload=0
125 pid=FFFD6359 prim transform-ms=92 inside-ms=71 window-ms=130 assemble-ms=264 history-ms=32 fast=126340 clipped=69046 culled=75096
126 pid=FFFD6359 paths batches/triangles untextured=11/55 hw=3836/146580 cpu=0/0 cpu-nonsquare=0/0 hw-refused=201/9515
127 pid=FFFD6359 counters hwtex live=47 creates=47 create-failed=0 evictions=0 uploads=61 upload-kb=1707 squared=0 alpha-dropped=0 stubs=0 failed r4=201 r7=0 r8=0 other=0
128 pid=FFFD6359 time interval-ms=10000 swaps=48 present-ms=88 draw-ms=8252 upload-ms=97
129 pid=FFFD6359 tsc frames=48 wall-ms=10000 vertex-ms=764 flush-in-vertex-ms=51 flush-other-ms=8322 bind-ms=10 iface-ms=8252 beginend-ms=5097 swap-ms=88 vertices=534520 flushes=4443 draws=4761 sink-ms=5097 sink-prep-ms=102 sinks=58449
130 pid=FFFD6359 sink begin-ms=44 flush-ms=4956 copy-ms=23 prep-texture-ms=54 prep-state-ms=22 prep-same-ms=21
131 pid=FFFD6359 hwno hwtex-ms=102 iface-cpu-ms=0 not-cpu=24 square-side=0 too-big=0 format=0 no-object=0 no-record=0 table-full=0 unusable=0 backoff=0 make-failed=0 square-alloc=0 upload=0
132 pid=FFFD6359 prim transform-ms=107 inside-ms=83 window-ms=152 assemble-ms=295 history-ms=37 fast=157082 clipped=70465 culled=81673
133 pid=FFFD6359 paths batches/triangles untextured=35/175 hw=7937/310556 cpu=0/0 cpu-nonsquare=0/0 hw-refused=519/26517
134 pid=FFFD6359 counters hwtex live=60 creates=60 create-failed=0 evictions=0 uploads=100 upload-kb=2844 squared=0 alpha-dropped=0 stubs=0 failed r4=519 r7=0 r8=0 other=0
135 pid=FFFD6359 time interval-ms=10000 swaps=66 present-ms=121 draw-ms=8318 upload-ms=181
136 pid=FFFD6359 tsc frames=66 wall-ms=10000 vertex-ms=583 flush-in-vertex-ms=60 flush-other-ms=8460 bind-ms=9 iface-ms=8318 beginend-ms=3534 swap-ms=122 vertices=385717 flushes=3417 draws=3746 sink-ms=3564 sink-prep-ms=63 sinks=35907
137 pid=FFFD6359 sink begin-ms=27 flush-ms=3476 copy-ms=16 prep-texture-ms=33 prep-state-ms=14 prep-same-ms=13
138 pid=FFFD6359 hwno hwtex-ms=186 iface-cpu-ms=0 not-cpu=4 square-side=0 too-big=0 format=0 no-object=0 no-record=0 table-full=0 unusable=0 backoff=0 make-failed=0 square-alloc=0 upload=0
139 pid=FFFD6359 prim transform-ms=77 inside-ms=58 window-ms=94 assemble-ms=263 history-ms=25 fast=101711 clipped=65906 culled=37054
140 pid=FFFD6359 paths batches/triangles untextured=39/195 hw=11021/418461 cpu=0/0 cpu-nonsquare=0/0 hw-refused=848/43541
141 pid=FFFD6359 counters hwtex live=72 creates=72 create-failed=0 evictions=0 uploads=168 upload-kb=4960 squared=0 alpha-dropped=0 stubs=0 failed r4=848 r7=0 r8=0 other=0
142 pid=FFFD6359 time interval-ms=10003 swaps=58 present-ms=105 draw-ms=8334 upload-ms=159
143 pid=FFFD6359 tsc frames=58 wall-ms=10003 vertex-ms=664 flush-in-vertex-ms=88 flush-other-ms=8428 bind-ms=10 iface-ms=8334 beginend-ms=3840 swap-ms=105 vertices=421262 flushes=4072 draws=4547 sink-ms=3896 sink-prep-ms=71 sinks=40585
144 pid=FFFD6359 sink begin-ms=30 flush-ms=3796 copy-ms=18 prep-texture-ms=38 prep-state-ms=16 prep-same-ms=15
145 pid=FFFD6359 hwno hwtex-ms=164 iface-cpu-ms=0 not-cpu=26 square-side=0 too-big=0 format=0 no-object=0 no-record=0 table-full=0 unusable=0 backoff=0 make-failed=0 square-alloc=0 upload=0
146 pid=FFFD6359 prim transform-ms=84 inside-ms=65 window-ms=114 assemble-ms=302 history-ms=28 fast=121271 clipped=56874 culled=46011
147 pid=FFFD6359 paths batches/triangles untextured=65/325 hw=14592/539793 cpu=0/0 cpu-nonsquare=0/0 hw-refused=1323/69348
148 pid=FFFD6359 counters hwtex live=86 creates=86 create-failed=0 evictions=0 uploads=235 upload-kb=6819 squared=0 alpha-dropped=0 stubs=0 failed r4=1323 r7=0 r8=0 other=0
149 pid=FFFD6359 refused tex=1155 size=00800080 tex=02040101 blend=00050601 depth=00040101 colour=FFFFFFFF mask=7 scissor=0,0,320,240 fog=0
150 pid=FFFD6359 hwtex create 00800080 levels=1 hr=8876017C
151 pid=FFFD6359 hwtex create 00800080 levels=1 hr=8876017C
152 pid=FFFD6359 hwtex create 01000080 levels=9 hr=8876017C
153 pid=FFFD6359 hwtex create 01000080 levels=9 hr=8876017C
154 pid=FFFD6359 time interval-ms=10018 swaps=53 present-ms=97 draw-ms=8581 upload-ms=36
155 pid=FFFD6359 tsc frames=53 wall-ms=10018 vertex-ms=588 flush-in-vertex-ms=37 flush-other-ms=8612 bind-ms=17 iface-ms=8581 beginend-ms=4962 swap-ms=97 vertices=405326 flushes=4053 draws=4337 sink-ms=4958 sink-prep-ms=83 sinks=47848
156 pid=FFFD6359 sink begin-ms=35 flush-ms=4843 copy-ms=19 prep-texture-ms=44 prep-state-ms=18 prep-same-ms=17
157 pid=FFFD6359 hwno hwtex-ms=42 iface-cpu-ms=0 not-cpu=3 square-side=0 too-big=0 format=0 no-object=0 no-record=0 table-full=0 unusable=0 backoff=0 make-failed=0 square-alloc=0 upload=0
158 pid=FFFD6359 prim transform-ms=81 inside-ms=64 window-ms=119 assemble-ms=227 history-ms=28 fast=130115 clipped=44855 culled=59866
159 pid=FFFD6359 paths batches/triangles untextured=68/340 hw=18358/678128 cpu=0/0 cpu-nonsquare=0/0 hw-refused=1607/82836
160 pid=FFFD6359 counters hwtex live=90 creates=95 create-failed=4 evictions=4 uploads=246 upload-kb=7245 squared=0 alpha-dropped=0 stubs=0 failed r4=1607 r7=0 r8=0 other=0
161 pid=FFFD6359 time interval-ms=10002 swaps=57 present-ms=104 draw-ms=8423 upload-ms=108
162 pid=FFFD6359 tsc frames=57 wall-ms=10002 vertex-ms=605 flush-in-vertex-ms=47 flush-other-ms=8503 bind-ms=7 iface-ms=8423 beginend-ms=4817 swap-ms=105 vertices=399091 flushes=3732 draws=4054 sink-ms=4828 sink-prep-ms=73 sinks=42111
163 pid=FFFD6359 sink begin-ms=32 flush-ms=4725 copy-ms=18 prep-texture-ms=39 prep-state-ms=16 prep-same-ms=15
164 pid=FFFD6359 hwno hwtex-ms=112 iface-cpu-ms=0 not-cpu=30 square-side=0 too-big=0 format=0 no-object=0 no-record=0 table-full=0 unusable=0 backoff=0 make-failed=0 square-alloc=0 upload=0
165 pid=FFFD6359 prim transform-ms=80 inside-ms=62 window-ms=108 assemble-ms=260 history-ms=27 fast=114049 clipped=61959 culled=50423
166 pid=FFFD6359 paths batches/triangles untextured=98/490 hw=21738/804034 cpu=0/0 cpu-nonsquare=0/0 hw-refused=1929/99281
167 pid=FFFD6359 counters hwtex live=90 creates=96 create-failed=4 evictions=4 uploads=287 upload-kb=8535 squared=0 alpha-dropped=0 stubs=0 failed r4=1929 r7=0 r8=0 other=0
168 pid=FFFD6359 hwtex create 00800040 levels=8 hr=8876017C
169 pid=FFFD6359 hwtex create 00800040 levels=8 hr=8876017C
170 pid=FFFD6359 hwtex create 01000080 levels=9 hr=8876017C
171 pid=FFFD6359 hwtex create 00400040 levels=7 hr=8876017C
172 pid=FFFD6359 time interval-ms=10008 swaps=61 present-ms=112 draw-ms=8334 upload-ms=135
173 pid=FFFD6359 tsc frames=61 wall-ms=10008 vertex-ms=585 flush-in-vertex-ms=9 flush-other-ms=8484 bind-ms=10 iface-ms=8334 beginend-ms=4982 swap-ms=111 vertices=421579 flushes=3660 draws=3892 sink-ms=4952 sink-prep-ms=76 sinks=43789
174 pid=FFFD6359 sink begin-ms=33 flush-ms=4847 copy-ms=18 prep-texture-ms=40 prep-state-ms=17 prep-same-ms=16
175 pid=FFFD6359 hwno hwtex-ms=142 iface-cpu-ms=0 not-cpu=20 square-side=0 too-big=0 format=0 no-object=0 no-record=0 table-full=0 unusable=0 backoff=0 make-failed=0 square-alloc=0 upload=0
176 pid=FFFD6359 prim transform-ms=85 inside-ms=63 window-ms=103 assemble-ms=234 history-ms=28 fast=106283 clipped=76681 culled=50585
177 pid=FFFD6359 paths batches/triangles untextured=118/590 hw=25146/929472 cpu=0/0 cpu-nonsquare=0/0 hw-refused=2161/108426
178 pid=FFFD6359 counters hwtex live=101 creates=112 create-failed=8 evictions=8 uploads=339 upload-kb=10089 squared=0 alpha-dropped=0 stubs=0 failed r4=2161 r7=0 r8=0 other=0
179 pid=FFFD6359 hwtex create 00400040 levels=7 hr=8876017C
180 pid=FFFD6359 hwtex create 00800020 levels=8 hr=8876017C
181 pid=FFFD6359 time interval-ms=10000 swaps=46 present-ms=85 draw-ms=7970 upload-ms=223
182 pid=FFFD6359 tsc frames=46 wall-ms=10000 vertex-ms=681 flush-in-vertex-ms=32 flush-other-ms=8414 bind-ms=237 iface-ms=7970 beginend-ms=4656 swap-ms=86 vertices=459210 flushes=4286 draws=4612 sink-ms=4645 sink-prep-ms=95 sinks=47277
183 pid=FFFD6359 sink begin-ms=37 flush-ms=4513 copy-ms=22 prep-texture-ms=52 prep-state-ms=21 prep-same-ms=19
184 pid=FFFD6359 hwno hwtex-ms=229 iface-cpu-ms=0 not-cpu=3 square-side=0 too-big=0 format=0 no-object=0 no-record=0 table-full=0 unusable=0 backoff=0 make-failed=0 square-alloc=0 upload=0
185 pid=FFFD6359 prim transform-ms=97 inside-ms=78 window-ms=137 assemble-ms=252 history-ms=32 fast=130104 clipped=58104 culled=66874
186 pid=FFFD6359 paths batches/triangles untextured=121/605 hw=29103/1065626 cpu=0/0 cpu-nonsquare=0/0 hw-refused=2487/125420
187 pid=FFFD6359 counters hwtex live=102 creates=117 create-failed=10 evictions=10 uploads=423 upload-kb=12703 squared=0 alpha-dropped=0 stubs=0 failed r4=2487 r7=0 r8=0 other=0
188 pid=FFFD6359 hwtex create 01000080 levels=9 hr=8876017C
189 pid=FFFD6359 hwtex create 01000080 levels=9 hr=8876017C
190 pid=FFFD6359 hwtex create 01000080 levels=9 hr=8876017C
191 pid=FFFD6359 hwtex create 01000080 levels=9 hr=8876017C
192 pid=FFFD6359 hwtex create 01000080 levels=9 hr=8876017C
193 pid=FFFD6359 hwtex create 01000080 levels=9 hr=8876017C
194 pid=FFFD6359 hwtex create 01000080 levels=9 hr=8876017C
195 pid=FFFD6359 hwtex create 01000080 levels=9 hr=8876017C
196 pid=FFFD6359 time interval-ms=10000 swaps=36 present-ms=65 draw-ms=8613 upload-ms=90
197 pid=FFFD6359 tsc frames=36 wall-ms=10000 vertex-ms=594 flush-in-vertex-ms=48 flush-other-ms=8693 bind-ms=21 iface-ms=8613 beginend-ms=4646 swap-ms=65 vertices=399420 flushes=4657 draws=5071 sink-ms=4660 sink-prep-ms=79 sinks=45904
198 pid=FFFD6359 sink begin-ms=30 flush-ms=4548 copy-ms=20 prep-texture-ms=42 prep-state-ms=18 prep-same-ms=16
199 pid=FFFD6359 hwno hwtex-ms=97 iface-cpu-ms=0 not-cpu=15 square-side=0 too-big=0 format=0 no-object=0 no-record=0 table-full=0 unusable=0 backoff=0 make-failed=0 square-alloc=0 upload=0
200 pid=FFFD6359 prim transform-ms=80 inside-ms=64 window-ms=117 assemble-ms=238 history-ms=27 fast=137765 clipped=39258 culled=46965
201 pid=FFFD6359 paths batches/triangles untextured=136/680 hw=33331/1203691 cpu=0/0 cpu-nonsquare=0/0 hw-refused=2901/147717
202 pid=FFFD6359 counters hwtex live=102 creates=126 create-failed=18 evictions=18 uploads=455 upload-kb=13780 squared=0 alpha-dropped=0 stubs=0 failed r4=2901 r7=0 r8=0 other=0
203 pid=FFFD6359 hwtex create 01000080 levels=9 hr=8876017C
204 pid=FFFD6359 hwtex create 01000080 levels=9 hr=8876017C
205 pid=FFFD6359 hwtex create 01000080 levels=9 hr=8876017C
206 pid=FFFD6359 hwtex create 01000080 levels=9 hr=8876017C
207 pid=FFFD6359 hwtex create 01000080 levels=9 hr=8876017C
208 pid=FFFD6359 hwtex create 01000080 levels=9 hr=8876017C
209 pid=FFFD6359 time interval-ms=10000 swaps=49 present-ms=90 draw-ms=8539 upload-ms=90
210 pid=FFFD6359 tsc frames=49 wall-ms=10000 vertex-ms=576 flush-in-vertex-ms=33 flush-other-ms=8621 bind-ms=10 iface-ms=8539 beginend-ms=4058 swap-ms=90 vertices=391056 flushes=4473 draws=4713 sink-ms=4055 sink-prep-ms=76 sinks=43879
211 pid=FFFD6359 sink begin-ms=32 flush-ms=3948 copy-ms=19 prep-texture-ms=40 prep-state-ms=17 prep-same-ms=16
212 pid=FFFD6359 hwno hwtex-ms=96 iface-cpu-ms=0 not-cpu=7 square-side=0 too-big=0 format=0 no-object=0 no-record=0 table-full=0 unusable=0 backoff=0 make-failed=0 square-alloc=0 upload=0
213 pid=FFFD6359 prim transform-ms=79 inside-ms=61 window-ms=105 assemble-ms=239 history-ms=27 fast=119749 clipped=58783 culled=47584
214 pid=FFFD6359 paths batches/triangles untextured=143/715 hw=37557/1337358 cpu=0/0 cpu-nonsquare=0/0 hw-refused=3141/159655
215 pid=FFFD6359 counters hwtex live=102 creates=133 create-failed=24 evictions=24 uploads=486 upload-kb=14825 squared=0 alpha-dropped=0 stubs=0 failed r4=3141 r7=0 r8=0 other=0
216 pid=FFFD6359 hwtex create 00800040 levels=8 hr=8876017C
217 pid=FFFD6359 hwtex create 00800040 levels=8 hr=8876017C
218 pid=FFFD6359 hwtex create 00800040 levels=8 hr=8876017C
219 pid=FFFD6359 hwtex create 00800040 levels=8 hr=8876017C
220 pid=FFFD6359 hwtex create 00800040 levels=8 hr=8876017C
221 pid=FFFD6359 hwtex create 01000080 levels=9 hr=8876017C
222 pid=FFFD6359 hwtex create 01000080 levels=9 hr=8876017C
223 pid=FFFD6359 time interval-ms=10001 swaps=50 present-ms=91 draw-ms=8385 upload-ms=92
224 pid=FFFD6359 tsc frames=50 wall-ms=10001 vertex-ms=682 flush-in-vertex-ms=37 flush-other-ms=8465 bind-ms=9 iface-ms=8385 beginend-ms=4619 swap-ms=92 vertices=469125 flushes=4081 draws=4349 sink-ms=4613 sink-prep-ms=86 sinks=49084
225 pid=FFFD6359 sink begin-ms=38 flush-ms=4494 copy-ms=20 prep-texture-ms=45 prep-state-ms=19 prep-same-ms=18
226 pid=FFFD6359 hwno hwtex-ms=100 iface-cpu-ms=0 not-cpu=5 square-side=0 too-big=0 format=0 no-object=0 no-record=0 table-full=0 unusable=0 backoff=0 make-failed=0 square-alloc=0 upload=0
227 pid=FFFD6359 prim transform-ms=94 inside-ms=72 window-ms=127 assemble-ms=278 history-ms=32 fast=130873 clipped=76095 culled=67985
228 pid=FFFD6359 paths batches/triangles untextured=148/740 hw=41365/1483427 cpu=0/0 cpu-nonsquare=0/0 hw-refused=3409/172997
229 pid=FFFD6359 counters hwtex live=103 creates=148 create-failed=31 evictions=31 uploads=521 upload-kb=15910 squared=0 alpha-dropped=0 stubs=0 failed r4=3409 r7=0 r8=0 other=0
230 pid=FFFD6359 time interval-ms=10001 swaps=45 present-ms=82 draw-ms=8675 upload-ms=24
231 pid=FFFD6359 tsc frames=45 wall-ms=10001 vertex-ms=546 flush-in-vertex-ms=13 flush-other-ms=8706 bind-ms=9 iface-ms=8675 beginend-ms=4804 swap-ms=82 vertices=393186 flushes=3802 draws=3970 sink-ms=4778 sink-prep-ms=88 sinks=50831
232 pid=FFFD6359 sink begin-ms=34 flush-ms=4657 copy-ms=19 prep-texture-ms=46 prep-state-ms=19 prep-same-ms=19
233 pid=FFFD6359 hwno hwtex-ms=27 iface-cpu-ms=0 not-cpu=0 square-side=0 too-big=0 format=0 no-object=0 no-record=0 table-full=0 unusable=0 backoff=0 make-failed=0 square-alloc=0 upload=0
234 pid=FFFD6359 prim transform-ms=79 inside-ms=63 window-ms=119 assemble-ms=192 history-ms=27 fast=129695 clipped=37025 culled=69380
235 pid=FFFD6359 paths batches/triangles untextured=148/740 hw=44999/1629454 cpu=0/0 cpu-nonsquare=0/0 hw-refused=3577/180546
236 pid=FFFD6359 counters hwtex live=103 creates=148 create-failed=31 evictions=31 uploads=530 upload-kb=16198 squared=0 alpha-dropped=0 stubs=0 failed r4=3577 r7=0 r8=0 other=0
237 pid=FFFD6359 hwtex create 01000100 levels=1 hr=8876017C
238 pid=FFFD6359 hwtex create 01000100 levels=1 hr=8876017C
239 pid=FFFD6359 hwtex create 01000100 levels=1 hr=8876017C
240 pid=FFFD6359 hwtex create 01000100 levels=1 hr=8876017C
241 pid=FFFD6359 hwtex create 01000100 levels=1 hr=8876017C
242 pid=FFFD6359 hwtex create 01000100 levels=1 hr=8876017C
243 pid=FFFD6359 hwtex create 01000100 levels=1 hr=8876017C
244 pid=FFFD6359 hwtex create 01000100 levels=1 hr=8876017C
245 pid=FFFD6359 hwtex create 01000100 levels=1 hr=8876017C
246 pid=FFFD6359 hwtex create 01000100 levels=1 hr=8876017C
247 pid=FFFD6359 hwtex create 01000100 levels=1 hr=8876017C
248 pid=FFFD6359 hwtex create 01000100 levels=1 hr=8876017C
249 pid=FFFD6359 hwtex create 01000100 levels=1 hr=8876017C
250 pid=FFFD6359 hwtex create 01000100 levels=1 hr=8876017C
251 pid=FFFD6359 hwtex create 01000100 levels=1 hr=8876017C
252 pid=FFFD6359 hwtex create 01000100 levels=1 hr=8876017C
253 pid=FFFD6359 hwtex create 01000100 levels=1 hr=8876017C
254 pid=FFFD6359 hwtex create 01000100 levels=1 hr=8876017C
255 pid=FFFD6359 hwtex create 01000080 levels=9 hr=8876017C
256 pid=FFFD6359 hwtex create 01000080 levels=9 hr=8876017C
257 pid=FFFD6359 hwtex create 01000080 levels=9 hr=8876017C
258 pid=FFFD6359 hwtex create 01000080 levels=9 hr=8876017C
259 pid=FFFD6359 hwtex create 01000080 levels=9 hr=8876017C
260 pid=FFFD6359 hwtex create 01000080 levels=9 hr=8876017C
261 pid=FFFD6359 hwtex create 01000080 levels=9 hr=8876017C
262 pid=FFFD6359 hwtex create 01000080 levels=9 hr=8876017C
263 pid=FFFD6359 hwtex create 01000080 levels=9 hr=8876017C
264 pid=FFFD6359 hwtex create 01000080 levels=9 hr=8876017C
265 pid=FFFD6359 hwtex create 01000080 levels=9 hr=8876017C
266 pid=FFFD6359 hwtex create 01000080 levels=9 hr=8876017C
267 pid=FFFD6359 hwtex create 01000080 levels=9 hr=8876017C
268 pid=FFFD6359 hwtex create 01000080 levels=9 hr=8876017C
269 pid=FFFD6359 hwtex create 01000080 levels=9 hr=8876017C
270 pid=FFFD6359 hwtex create 01000080 levels=9 hr=8876017C
271 pid=FFFD6359 time interval-ms=10001 swaps=151 present-ms=275 draw-ms=6977 upload-ms=71
272 pid=FFFD6359 tsc frames=151 wall-ms=10001 vertex-ms=621 flush-in-vertex-ms=20 flush-other-ms=7055 bind-ms=6 iface-ms=6977 beginend-ms=3676 swap-ms=275 vertices=449491 flushes=4294 draws=5342 sink-ms=3643 sink-prep-ms=113 sinks=68991
273 pid=FFFD6359 sink begin-ms=44 flush-ms=3489 copy-ms=23 prep-texture-ms=56 prep-state-ms=26 prep-same-ms=25
274 pid=FFFD6359 hwno hwtex-ms=84 iface-cpu-ms=0 not-cpu=110 square-side=0 too-big=0 format=0 no-object=0 no-record=0 table-full=0 unusable=0 backoff=0 make-failed=0 square-alloc=0 upload=0
275 pid=FFFD6359 prim transform-ms=91 inside-ms=71 window-ms=129 assemble-ms=220 history-ms=32 fast=155291 clipped=44456 culled=58606
276 pid=FFFD6359 paths batches/triangles untextured=258/960 hw=48135/1746562 cpu=0/0 cpu-nonsquare=0/0 hw-refused=4625/240600
277 pid=FFFD6359 counters hwtex live=104 creates=199 create-failed=65 evictions=65 uploads=551 upload-kb=17023 squared=0 alpha-dropped=221 stubs=0 failed r4=4625 r7=0 r8=0 other=0
278 pid=FFFD6359 time interval-ms=10000 swaps=51 present-ms=92 draw-ms=8308 upload-ms=65
279 pid=FFFD6359 tsc frames=51 wall-ms=10000 vertex-ms=715 flush-in-vertex-ms=21 flush-other-ms=8373 bind-ms=10 iface-ms=8307 beginend-ms=4967 swap-ms=93 vertices=511054 flushes=4276 draws=4511 sink-ms=4937 sink-prep-ms=98 sinks=56393
280 pid=FFFD6359 sink begin-ms=44 flush-ms=4802 copy-ms=22 prep-texture-ms=52 prep-state-ms=21 prep-same-ms=21
281 pid=FFFD6359 hwno hwtex-ms=69 iface-cpu-ms=0 not-cpu=28 square-side=0 too-big=0 format=0 no-object=0 no-record=0 table-full=0 unusable=0 backoff=0 make-failed=0 square-alloc=0 upload=0
282 pid=FFFD6359 prim transform-ms=103 inside-ms=79 window-ms=141 assemble-ms=270 history-ms=35 fast=141832 clipped=78461 culled=79149
283 pid=FFFD6359 paths batches/triangles untextured=286/1100 hw=52148/1903728 cpu=0/0 cpu-nonsquare=0/0 hw-refused=4860/252165
284 pid=FFFD6359 counters hwtex live=104 creates=202 create-failed=65 evictions=65 uploads=577 upload-kb=17789 squared=0 alpha-dropped=221 stubs=0 failed r4=4860 r7=0 r8=0 other=0
285 pid=FFFD6359 hwtex create 01000080 levels=9 hr=8876017C
286 pid=FFFD6359 hwtex create 01000080 levels=9 hr=8876017C
287 pid=FFFD6359 hwtex create 01000080 levels=9 hr=8876017C
288 pid=FFFD6359 hwtex create 01000080 levels=9 hr=8876017C
289 pid=FFFD6359 hwtex create 00800080 levels=1 hr=8876017C
290 pid=FFFD6359 hwtex create 00800080 levels=1 hr=8876017C
291 pid=FFFD6359 time interval-ms=10000 swaps=59 present-ms=107 draw-ms=8242 upload-ms=165
292 pid=FFFD6359 tsc frames=59 wall-ms=10000 vertex-ms=677 flush-in-vertex-ms=65 flush-other-ms=8367 bind-ms=10 iface-ms=8242 beginend-ms=4147 swap-ms=108 vertices=454031 flushes=3849 draws=4167 sink-ms=4174 sink-prep-ms=77 sinks=44267
293 pid=FFFD6359 sink begin-ms=34 flush-ms=4066 copy-ms=19 prep-texture-ms=41 prep-state-ms=17 prep-same-ms=16
294 pid=FFFD6359 hwno hwtex-ms=173 iface-cpu-ms=0 not-cpu=11 square-side=0 too-big=0 format=0 no-object=0 no-record=0 table-full=0 unusable=0 backoff=0 make-failed=0 square-alloc=0 upload=0
295 pid=FFFD6359 prim transform-ms=91 inside-ms=69 window-ms=118 assemble-ms=292 history-ms=31 fast=122043 clipped=72280 culled=55092
296 pid=FFFD6359 paths batches/triangles untextured=297/1155 hw=55668/2032937 cpu=0/0 cpu-nonsquare=0/0 hw-refused=5178/268931
297 pid=FFFD6359 counters hwtex live=104 creates=218 create-failed=71 evictions=71 uploads=640 upload-kb=19724 squared=0 alpha-dropped=221 stubs=0 failed r4=5178 r7=0 r8=0 other=0
298 pid=FFFD6359 hwtex create 01000080 levels=9 hr=8876017C
299 pid=FFFD6359 hwtex create 00400040 levels=7 hr=8876017C
300 pid=FFFD6359 hwtex create 00400040 levels=7 hr=8876017C
301 pid=FFFD6359 hwtex create 00800080 levels=1 hr=8876017C
302 pid=FFFD6359 hwtex create 01000040 levels=9 hr=8876017C
303 pid=FFFD6359 time interval-ms=10000 swaps=62 present-ms=112 draw-ms=8380 upload-ms=148
304 pid=FFFD6359 tsc frames=62 wall-ms=10000 vertex-ms=614 flush-in-vertex-ms=82 flush-other-ms=8469 bind-ms=8 iface-ms=8380 beginend-ms=3761 swap-ms=113 vertices=384848 flushes=3739 draws=4196 sink-ms=3814 sink-prep-ms=67 sinks=38774
305 pid=FFFD6359 sink begin-ms=27 flush-ms=3718 copy-ms=18 prep-texture-ms=35 prep-state-ms=15 prep-same-ms=14
306 pid=FFFD6359 hwno hwtex-ms=156 iface-cpu-ms=0 not-cpu=12 square-side=0 too-big=0 format=0 no-object=0 no-record=0 table-full=0 unusable=0 backoff=0 make-failed=0 square-alloc=0 upload=0
307 pid=FFFD6359 prim transform-ms=77 inside-ms=60 window-ms=105 assemble-ms=281 history-ms=25 fast=115573 clipped=48605 culled=40152
308 pid=FFFD6359 paths batches/triangles untextured=309/1215 hw=58938/2149769 cpu=0/0 cpu-nonsquare=0/0 hw-refused=5635/293384
309 pid=FFFD6359 counters hwtex live=104 creates=238 create-failed=76 evictions=76 uploads=701 upload-kb=21474 squared=0 alpha-dropped=221 stubs=0 failed r4=5635 r7=0 r8=0 other=0
310 pid=FFFD6359 hwtex create 01000100 levels=1 hr=8876017C
311 pid=FFFD6359 hwtex create 01000100 levels=1 hr=8876017C
312 pid=FFFD6359 hwtex create 01000100 levels=1 hr=8876017C
313 pid=FFFD6359 hwtex create 01000100 levels=1 hr=8876017C
314 pid=FFFD6359 hwtex create 01000100 levels=1 hr=8876017C
315 pid=FFFD6359 hwtex create 01000100 levels=1 hr=8876017C
316 pid=FFFD6359 hwtex create 01000100 levels=1 hr=8876017C
317 pid=FFFD6359 hwtex create 01000100 levels=1 hr=8876017C
318 pid=FFFD6359 hwtex create 01000100 levels=1 hr=8876017C
319 pid=FFFD6359 hwtex create 01000100 levels=1 hr=8876017C
320 pid=FFFD6359 hwtex create 01000100 levels=1 hr=8876017C
321 pid=FFFD6359 hwtex create 01000100 levels=1 hr=8876017C
322 pid=FFFD6359 hwtex create 01000100 levels=1 hr=8876017C
323 pid=FFFD6359 hwtex create 01000100 levels=1 hr=8876017C
324 pid=FFFD6359 hwtex create 01000100 levels=1 hr=8876017C
325 pid=FFFD6359 hwtex create 01000100 levels=1 hr=8876017C
326 pid=FFFD6359 hwtex create 01000100 levels=1 hr=8876017C
327 pid=FFFD6359 hwtex create 01000100 levels=1 hr=8876017C
328 pid=FFFD6359 hwtex create 01000100 levels=1 hr=8876017C
329 pid=FFFD6359 hwtex create 01000100 levels=1 hr=8876017C
330 pid=FFFD6359 hwtex create 01000100 levels=1 hr=8876017C
331 pid=FFFD6359 hwtex create 01000100 levels=1 hr=8876017C
332 pid=FFFD6359 hwtex create 01000100 levels=1 hr=8876017C
333 pid=FFFD6359 hwtex create 01000100 levels=1 hr=8876017C
334 pid=FFFD6359 hwtex create 01000100 levels=1 hr=8876017C
335 pid=FFFD6359 hwtex create 01000100 levels=1 hr=8876017C
336 pid=FFFD6359 hwtex create 01000100 levels=1 hr=8876017C
337 pid=FFFD6359 hwtex create 01000100 levels=1 hr=8876017C
338 pid=FFFD6359 hwtex create 01000100 levels=1 hr=8876017C
339 pid=FFFD6359 hwtex create 01000100 levels=1 hr=8876017C
340 pid=FFFD6359 hwtex create 01000100 levels=1 hr=8876017C
341 pid=FFFD6359 hwtex create 01000100 levels=1 hr=8876017C
342 pid=FFFD6359 DrvReleaseContext context=1 -> 1
343 pid=FFFD6359 paths batches/triangles untextured=318/1260 hw=59841/2179602 cpu=0/0 cpu-nonsquare=0/0 hw-refused=6049/318492
344 pid=FFFD6359 counters hwtex live=0 creates=273 create-failed=108 evictions=108 uploads=722 upload-kb=22212 squared=0 alpha-dropped=240 stubs=0 failed r4=6049 r7=0 r8=0 other=0
345 pid=FFFD6359 DrvDeleteContext context=1 -> 1
346 pid=FFFD6359 detach slots-called=0 stub-calls=0
1 pid=FFFD96A7 attach instance=01CF0000 tls=11 build-marker=1
2 pid=FFFD96A7 DrvValidateVersion version=1
3 pid=FFFD96A7 DrvSetCallbackProcs count=3 procs=78B23978
4 pid=FFFD96A7 describe result=0 engine=5 formats=00000002
5 pid=FFFD96A7 DrvDescribePixelFormat index=1 bytes=0 -> count=1
6 pid=FFFD96A7 DrvDescribePixelFormat index=1 bytes=40 -> count=1
7 pid=FFFD96A7 DrvDescribePixelFormat index=1 bytes=0 -> count=1
8 pid=FFFD96A7 DrvDescribePixelFormat index=1 bytes=0 -> count=1
9 pid=FFFD96A7 DrvDescribePixelFormat index=1 bytes=0 -> count=1
10 pid=FFFD96A7 DrvDescribePixelFormat index=1 bytes=0 -> count=1
11 pid=FFFD96A7 DrvDescribePixelFormat index=1 bytes=0 -> count=1
12 pid=FFFD96A7 DrvDescribePixelFormat index=1 bytes=0 -> count=1
13 pid=FFFD96A7 DrvDescribePixelFormat index=1 bytes=0 -> count=1
14 pid=FFFD96A7 DrvDescribePixelFormat index=1 bytes=0 -> count=1
15 pid=FFFD96A7 DrvDescribePixelFormat index=1 bytes=0 -> count=1
16 pid=FFFD96A7 DrvDescribePixelFormat index=1 bytes=0 -> count=1
17 pid=FFFD96A7 DrvDescribePixelFormat index=1 bytes=0 -> count=1
18 pid=FFFD96A7 DrvDescribePixelFormat index=1 bytes=0 -> count=1
19 pid=FFFD96A7 DrvDescribePixelFormat index=1 bytes=0 -> count=1
20 pid=FFFD96A7 DrvDescribePixelFormat index=1 bytes=0 -> count=1
21 pid=FFFD96A7 DrvDescribePixelFormat index=1 bytes=0 -> count=1
22 pid=FFFD96A7 DrvDescribePixelFormat index=1 bytes=0 -> count=1
23 pid=FFFD96A7 DrvDescribePixelFormat index=1 bytes=0 -> count=1
24 pid=FFFD96A7 DrvDescribePixelFormat index=1 bytes=0 -> count=1
25 pid=FFFD96A7 DrvDescribePixelFormat index=1 bytes=0 -> count=1
26 pid=FFFD96A7 DrvDescribePixelFormat index=1 bytes=0 -> count=1
27 pid=FFFD96A7 DrvDescribePixelFormat index=1 bytes=0 -> count=1
28 pid=FFFD96A7 DrvDescribePixelFormat index=1 bytes=0 -> count=1
29 pid=FFFD96A7 DrvDescribePixelFormat index=1 bytes=0 -> count=1
30 pid=FFFD96A7 DrvDescribePixelFormat index=1 bytes=0 -> count=1
31 pid=FFFD96A7 DrvDescribePixelFormat index=1 bytes=0 -> count=1
32 pid=FFFD96A7 DrvSetPixelFormat hdc=0000077A index=1
33 pid=FFFD96A7 DrvDescribePixelFormat index=1 bytes=0 -> count=1
34 pid=FFFD96A7 DrvDescribePixelFormat index=1 bytes=40 -> count=1
35 pid=FFFD96A7 DrvDescribePixelFormat index=1 bytes=0 -> count=1
36 pid=FFFD96A7 DrvDescribePixelFormat index=1 bytes=40 -> count=1
37 pid=FFFD96A7 DrvCreateLayerContext hdc=0000077A layer=0 -> 1
38 pid=FFFD96A7 drawable window=0000015C 640x480
39 pid=FFFD96A7 DrvSetContext hdc=0000077A context=1 -> 1
40 pid=FFFD96A7 state tex=1158 size=00400040 tex=01010101 blend=00050600 depth=01040102 colour=FFFFFFFF mask=7 scissor=0,0,640,480 fog=0
41 pid=FFFD96A7 time interval-ms=63450 swaps=0 present-ms=0 draw-ms=955808448 upload-ms=1
42 pid=FFFD96A7 tsc frames=0 wall-ms=63450 vertex-ms=7538 flush-in-vertex-ms=0 flush-other-ms=10588804 bind-ms=3536 iface-ms=10128384 beginend-ms=4186631 swap-ms=0 vertices=18 flushes=1 draws=1 sink-ms=4158187 sink-prep-ms=4156544 sinks=4
43 pid=FFFD96A7 sink begin-ms=3457243 flush-ms=0 copy-ms=867 prep-texture-ms=4155443 prep-state-ms=557 prep-same-ms=464
44 pid=FFFD96A7 hwno hwtex-ms=381426 iface-cpu-ms=0 not-cpu=0 square-side=0 too-big=0 format=0 no-object=0 no-record=0 table-full=0 unusable=0 backoff=0 make-failed=0 square-alloc=0 upload=0
45 pid=FFFD96A7 prim transform-ms=1338 inside-ms=1062 window-ms=1602 assemble-ms=2111 history-ms=397 fast=10 clipped=0 culled=0
46 pid=FFFD96A7 paths batches/triangles untextured=0/0 hw=1/10 cpu=0/0 cpu-nonsquare=0/0 hw-refused=0/0
47 pid=FFFD96A7 counters hwtex live=1 creates=1 create-failed=0 evictions=0 uploads=1 upload-kb=10 squared=0 alpha-dropped=0 stubs=0 failed r4=0 r7=0 r8=0 other=0
48 pid=FFFD96A7 state tex=1162 size=00400040 tex=01010101 blend=00050600 depth=01040102 colour=FFFFFFFF mask=7 scissor=0,0,640,480 fog=0
49 pid=FFFD96A7 state tex=1163 size=00100010 tex=01010101 blend=00050600 depth=01040102 colour=FFFFFFFF mask=7 scissor=0,0,640,480 fog=0
50 pid=FFFD96A7 state tex=1168 size=00100010 tex=01010101 blend=00050600 depth=01040102 colour=FFFFFFFF mask=7 scissor=0,0,640,480 fog=0
51 pid=FFFD96A7 state tex=1172 size=00400040 tex=01010101 blend=00050600 depth=01040102 colour=FFFFFFFF mask=7 scissor=0,0,640,480 fog=0
52 pid=FFFD96A7 state tex=1180 size=00400040 tex=01010101 blend=00050600 depth=01040102 colour=FFFFFFFF mask=7 scissor=0,0,640,480 fog=0
53 pid=FFFD96A7 state tex=1184 size=00400040 tex=01010101 blend=00050600 depth=01040102 colour=FFFFFFFF mask=7 scissor=0,0,640,480 fog=0
54 pid=FFFD96A7 state tex=1185 size=00400040 tex=01010101 blend=00050600 depth=01040102 colour=FFFFFFFF mask=7 scissor=0,0,640,480 fog=0
55 pid=FFFD96A7 state tex=1188 size=00400040 tex=01010101 blend=00050600 depth=01040102 colour=FFFFFFFF mask=7 scissor=0,0,640,480 fog=0
56 pid=FFFD96A7 state tex=1191 size=00400040 tex=01010101 blend=00050600 depth=01040102 colour=FFFFFFFF mask=7 scissor=0,0,640,480 fog=0
57 pid=FFFD96A7 state tex=1206 size=00400040 tex=01010101 blend=00050600 depth=01040102 colour=FFFFFFFF mask=7 scissor=0,0,640,480 fog=0
58 pid=FFFD96A7 state tex=1210 size=00800080 tex=01010101 blend=00050600 depth=01040102 colour=FFFFFFFF mask=7 scissor=0,0,640,480 fog=0
59 pid=FFFD96A7 state tex=1214 size=00400040 tex=01010101 blend=00050600 depth=01040102 colour=FFFFFFFF mask=7 scissor=0,0,640,480 fog=0
60 pid=FFFD96A7 state tex=1216 size=00400040 tex=01010101 blend=00050600 depth=01040102 colour=FFFFFFFF mask=7 scissor=0,0,640,480 fog=0
61 pid=FFFD96A7 state tex=1218 size=00400040 tex=01010101 blend=00050600 depth=01040102 colour=FFFFFFFF mask=7 scissor=0,0,640,480 fog=0
62 pid=FFFD96A7 state tex=1225 size=00400040 tex=01010101 blend=00050600 depth=01040102 colour=FFFFFFFF mask=7 scissor=0,0,640,480 fog=0
63 pid=FFFD96A7 state tex=1226 size=00400040 tex=01010101 blend=00050600 depth=01040102 colour=FFFFFFFF mask=7 scissor=0,0,640,480 fog=0
64 pid=FFFD96A7 state tex=1264 size=00400040 tex=01010101 blend=00050600 depth=01040102 colour=FFFFFFFF mask=7 scissor=0,0,640,480 fog=0
65 pid=FFFD96A7 state tex=1269 size=00400040 tex=01010101 blend=00050600 depth=01040102 colour=FFFFFFFF mask=7 scissor=0,0,640,480 fog=0
66 pid=FFFD96A7 state tex=1273 size=00200080 tex=01010101 blend=00050600 depth=01040102 colour=FFFFFFFF mask=7 scissor=0,0,640,480 fog=0
67 pid=FFFD96A7 state tex=1278 size=00400040 tex=01010101 blend=00050600 depth=01040102 colour=FFFFFFFF mask=7 scissor=0,0,640,480 fog=0
68 pid=FFFD96A7 state tex=1281 size=00400040 tex=01010101 blend=00050600 depth=01040102 colour=FFFFFFFF mask=7 scissor=0,0,640,480 fog=0
69 pid=FFFD96A7 state tex=1282 size=00400040 tex=01010101 blend=00050600 depth=01040102 colour=FFFFFFFF mask=7 scissor=0,0,640,480 fog=0
70 pid=FFFD96A7 state tex=1025 size=00800080 tex=01010101 blend=01010300 depth=01040001 colour=FFFFFFFF mask=7 scissor=0,0,640,480 fog=0
71 pid=FFFD96A7 state tex=1026 size=00800080 tex=01010101 blend=01010300 depth=01040001 colour=FFFFFFFF mask=7 scissor=0,0,640,480 fog=0
72 pid=FFFD96A7 state tex=1027 size=00800080 tex=01010101 blend=01010300 depth=01040001 colour=FFFFFFFF mask=7 scissor=0,0,640,480 fog=0
73 pid=FFFD96A7 state tex=1030 size=00800080 tex=01010101 blend=01010300 depth=01040001 colour=FFFFFFFF mask=7 scissor=0,0,640,480 fog=0
74 pid=FFFD96A7 state tex=1376 size=01000080 tex=01040201 blend=00050600 depth=01040102 colour=FF94774B mask=7 scissor=0,0,640,480 fog=0
75 pid=FFFD96A7 state tex=1380 size=01000080 tex=01040201 blend=00050600 depth=01040102 colour=FF463827 mask=7 scissor=0,0,640,480 fog=0
76 pid=FFFD96A7 state tex=1382 size=00800020 tex=01040201 blend=00050600 depth=01040102 colour=FF6F562E mask=7 scissor=0,0,640,480 fog=0
77 pid=FFFD96A7 state tex=1384 size=00800020 tex=01010200 blend=00050600 depth=01040102 colour=FF4D4231 mask=7 scissor=0,0,640,480 fog=0
78 pid=FFFD96A7 state tex=1389 size=01000080 tex=01040201 blend=00050600 depth=01040102 colour=FF5F5343 mask=7 scissor=0,0,640,480 fog=0
79 pid=FFFD96A7 state tex=1390 size=00800040 tex=01040201 blend=00050600 depth=01040102 colour=FF7F6F57 mask=7 scissor=0,0,640,480 fog=0
80 pid=FFFD96A7 state tex=1391 size=00400040 tex=01010200 blend=00050600 depth=01040102 colour=FF968569 mask=7 scissor=0,0,640,480 fog=0
81 pid=FFFD96A7 state tex=1393 size=00800040 tex=01040201 blend=00050600 depth=01040102 colour=FFFFFFE8 mask=7 scissor=0,0,640,480 fog=0
82 pid=FFFD96A7 state tex=1396 size=00800040 tex=01040201 blend=00050600 depth=01040102 colour=FF9C8964 mask=7 scissor=0,0,640,480 fog=0
83 pid=FFFD96A7 state tex=1401 size=01000080 tex=01040201 blend=00050600 depth=01040102 colour=FFFFFFED mask=7 scissor=0,0,640,480 fog=0
84 pid=FFFD96A7 state tex=1409 size=01000080 tex=01040201 blend=00050600 depth=01040102 colour=FF4D4137 mask=7 scissor=0,0,640,480 fog=0
85 pid=FFFD96A7 state tex=1152 size=01000100 tex=01040101 blend=00050601 depth=00040101 colour=FFFFFFFF mask=7 scissor=0,0,640,480 fog=0
86 pid=FFFD96A7 refused tex=1152 size=01000100 tex=02040101 blend=00050601 depth=00040101 colour=FFFFFFFF mask=7 scissor=0,0,640,480 fog=0
87 pid=FFFD96A7 draw result=4 triangles=18 submitted=0
88 pid=FFFD96A7   v0 sx=439E0000 sy=436C0000 sz=3F000000 rhw=3F800000 tu=3F70028F tv=3823D70A
89 pid=FFFD96A7   v1 sx=43A20000 sy=436C0000 sz=3F000000 rhw=3F800000 tu=3F77FD71 tv=3823D70A
90 pid=FFFD96A7   v2 sx=43A20000 sy=43740002 sz=3F000000 rhw=3F800000 tu=3F77FD71 tv=3CFFAE14
91 pid=FFFD96A7 draw result=4 triangles=18 submitted=0
92 pid=FFFD96A7   v0 sx=439E0000 sy=436C0000 sz=3F000000 rhw=3F800000 tu=3F70028F tv=3823D70A
93 pid=FFFD96A7   v1 sx=43A20000 sy=436C0000 sz=3F000000 rhw=3F800000 tu=3F77FD71 tv=3823D70A
94 pid=FFFD96A7   v2 sx=43A20000 sy=43740002 sz=3F000000 rhw=3F800000 tu=3F77FD71 tv=3CFFAE14
95 pid=FFFD96A7 draw result=4 triangles=18 submitted=0
96 pid=FFFD96A7   v0 sx=439E0000 sy=436C0000 sz=3F000000 rhw=3F800000 tu=3F70028F tv=3823D70A
97 pid=FFFD96A7   v1 sx=43A20000 sy=436C0000 sz=3F000000 rhw=3F800000 tu=3F77FD71 tv=3823D70A
98 pid=FFFD96A7   v2 sx=43A20000 sy=43740002 sz=3F000000 rhw=3F800000 tu=3F77FD71 tv=3CFFAE14
99 pid=FFFD96A7 draw result=4 triangles=18 submitted=0
100 pid=FFFD96A7   v0 sx=439E0000 sy=436C0000 sz=3F000000 rhw=3F800000 tu=3F70028F tv=3823D70A
101 pid=FFFD96A7   v1 sx=43A20000 sy=436C0000 sz=3F000000 rhw=3F800000 tu=3F77FD71 tv=3823D70A
102 pid=FFFD96A7   v2 sx=43A20000 sy=43740002 sz=3F000000 rhw=3F800000 tu=3F77FD71 tv=3CFFAE14
103 pid=FFFD96A7 draw result=4 triangles=18 submitted=0
104 pid=FFFD96A7   v0 sx=439E0000 sy=436C0000 sz=3F000000 rhw=3F800000 tu=3F70028F tv=3823D70A
105 pid=FFFD96A7   v1 sx=43A20000 sy=436C0000 sz=3F000000 rhw=3F800000 tu=3F77FD71 tv=3823D70A
106 pid=FFFD96A7   v2 sx=43A20000 sy=43740002 sz=3F000000 rhw=3F800000 tu=3F77FD71 tv=3CFFAE14
107 pid=FFFD96A7 draw result=4 triangles=18 submitted=0
108 pid=FFFD96A7   v0 sx=439E0000 sy=436C0000 sz=3F000000 rhw=3F800000 tu=3F70028F tv=3823D70A
109 pid=FFFD96A7   v1 sx=43A20000 sy=436C0000 sz=3F000000 rhw=3F800000 tu=3F77FD71 tv=3823D70A
110 pid=FFFD96A7   v2 sx=43A20000 sy=43740002 sz=3F000000 rhw=3F800000 tu=3F77FD71 tv=3CFFAE14
111 pid=FFFD96A7 state tex=1267 size=00400020 tex=01010101 blend=00050600 depth=01040102 colour=FFFFFFFF mask=7 scissor=0,0,640,480 fog=0
112 pid=FFFD96A7 state tex=1268 size=00400040 tex=01010101 blend=00050600 depth=01040102 colour=FFFFFFFF mask=7 scissor=0,0,640,480 fog=0
113 pid=FFFD96A7 state tex=1266 size=00400020 tex=01010101 blend=00050600 depth=01040102 colour=FFFFFFFF mask=7 scissor=0,0,640,480 fog=0
114 pid=FFFD96A7 state tex=1024 size=00800080 tex=01010101 blend=01010300 depth=01040001 colour=FFFFFFFF mask=7 scissor=0,0,640,480 fog=0
115 pid=FFFD96A7 state tex=1381 size=01000080 tex=01040201 blend=00050600 depth=01040102 colour=FF9C8D54 mask=7 scissor=0,0,640,480 fog=0
116 pid=FFFD96A7 state tex=1342 size=00800040 tex=01010200 blend=01050600 depth=01040002 colour=AA6D6153 mask=7 scissor=0,0,640,480 fog=0
117 pid=FFFD96A7 state tex=1153 size=00080008 tex=01040202 blend=01050600 depth=01040002 colour=FF730700 mask=7 scissor=0,0,640,480 fog=0
118 pid=FFFD96A7 refused tex=1153 size=00080008 tex=02040202 blend=01050600 depth=01040002 colour=D4730700 mask=7 scissor=0,0,640,480 fog=0
119 pid=FFFD96A7 time interval-ms=10002 swaps=32 present-ms=182 draw-ms=8171 upload-ms=112
120 pid=FFFD96A7 tsc frames=32 wall-ms=10002 vertex-ms=403 flush-in-vertex-ms=21 flush-other-ms=8289 bind-ms=5 iface-ms=8171 beginend-ms=4465 swap-ms=183 vertices=270935 flushes=2449 draws=2568 sink-ms=4458 sink-prep-ms=56 sinks=31675
121 pid=FFFD96A7 sink begin-ms=24 flush-ms=4381 copy-ms=12 prep-texture-ms=30 prep-state-ms=12 prep-same-ms=12
122 pid=FFFD96A7 hwno hwtex-ms=118 iface-cpu-ms=0 not-cpu=0 square-side=0 too-big=0 format=0 no-object=0 no-record=0 table-full=0 unusable=0 backoff=0 make-failed=0 square-alloc=0 upload=0
123 pid=FFFD96A7 prim transform-ms=55 inside-ms=42 window-ms=79 assemble-ms=162 history-ms=19 fast=77251 clipped=37716 culled=45514
124 pid=FFFD96A7 paths batches/triangles untextured=0/0 hw=2331/88800 cpu=0/0 cpu-nonsquare=0/0 hw-refused=119/5857
125 pid=FFFD96A7 counters hwtex live=46 creates=46 create-failed=0 evictions=0 uploads=49 upload-kb=1270 squared=0 alpha-dropped=0 stubs=0 failed r4=119 r7=0 r8=0 other=0
126 pid=FFFD96A7 state tex=1153 size=00000000 tex=00000000 blend=01050600 depth=00040100 colour=33FF0000 mask=7 scissor=0,0,640,480 fog=0
127 pid=FFFD96A7 state tex=1361 size=01000080 tex=01040201 blend=00050600 depth=01040102 colour=FFA99362 mask=7 scissor=0,0,640,480 fog=0
128 pid=FFFD96A7 time interval-ms=10000 swaps=32 present-ms=163 draw-ms=8293 upload-ms=46
129 pid=FFFD96A7 tsc frames=32 wall-ms=10000 vertex-ms=418 flush-in-vertex-ms=11 flush-other-ms=8343 bind-ms=7 iface-ms=8292 beginend-ms=4804 swap-ms=164 vertices=293856 flushes=2528 draws=2624 sink-ms=4785 sink-prep-ms=58 sinks=32892
130 pid=FFFD96A7 sink begin-ms=26 flush-ms=4706 copy-ms=12 prep-texture-ms=31 prep-state-ms=12 prep-same-ms=12
131 pid=FFFD96A7 hwno hwtex-ms=49 iface-cpu-ms=0 not-cpu=13 square-side=0 too-big=0 format=0 no-object=0 no-record=0 table-full=0 unusable=0 backoff=0 make-failed=0 square-alloc=0 upload=0
132 pid=FFFD96A7 prim transform-ms=59 inside-ms=45 window-ms=80 assemble-ms=164 history-ms=20 fast=77517 clipped=49922 culled=47343
133 pid=FFFD96A7 paths batches/triangles untextured=13/65 hw=4750/181172 cpu=0/0 cpu-nonsquare=0/0 hw-refused=215/9837
134 pid=FFFD96A7 counters hwtex live=47 creates=47 create-failed=0 evictions=0 uploads=64 upload-kb=1803 squared=0 alpha-dropped=0 stubs=0 failed r4=215 r7=0 r8=0 other=0
135 pid=FFFD96A7 time interval-ms=10002 swaps=31 present-ms=159 draw-ms=8138 upload-ms=64
136 pid=FFFD96A7 tsc frames=31 wall-ms=10002 vertex-ms=527 flush-in-vertex-ms=36 flush-other-ms=8184 bind-ms=8 iface-ms=8138 beginend-ms=5553 swap-ms=159 vertices=371989 flushes=3061 draws=3317 sink-ms=5554 sink-prep-ms=71 sinks=40513
137 pid=FFFD96A7 sink begin-ms=30 flush-ms=5457 copy-ms=16 prep-texture-ms=37 prep-state-ms=15 prep-same-ms=15
138 pid=FFFD96A7 hwno hwtex-ms=68 iface-cpu-ms=0 not-cpu=22 square-side=0 too-big=0 format=0 no-object=0 no-record=0 table-full=0 unusable=0 backoff=0 make-failed=0 square-alloc=0 upload=0
139 pid=FFFD96A7 prim transform-ms=75 inside-ms=58 window-ms=107 assemble-ms=199 history-ms=25 fast=112646 clipped=44694 culled=56113
140 pid=FFFD96A7 paths batches/triangles untextured=35/175 hw=7533/294490 cpu=0/0 cpu-nonsquare=0/0 hw-refused=471/23830
141 pid=FFFD96A7 counters hwtex live=57 creates=57 create-failed=0 evictions=0 uploads=92 upload-kb=2557 squared=0 alpha-dropped=0 stubs=0 failed r4=471 r7=0 r8=0 other=0
142 pid=FFFD96A7 time interval-ms=10000 swaps=37 present-ms=187 draw-ms=8200 upload-ms=116
143 pid=FFFD96A7 tsc frames=37 wall-ms=10000 vertex-ms=344 flush-in-vertex-ms=32 flush-other-ms=8314 bind-ms=5 iface-ms=8200 beginend-ms=3466 swap-ms=188 vertices=228154 flushes=1942 draws=2098 sink-ms=3480 sink-prep-ms=35 sinks=20167
144 pid=FFFD96A7 sink begin-ms=16 flush-ms=3431 copy-ms=8 prep-texture-ms=19 prep-state-ms=8 prep-same-ms=7
145 pid=FFFD96A7 hwno hwtex-ms=136 iface-cpu-ms=0 not-cpu=4 square-side=0 too-big=0 format=0 no-object=0 no-record=0 table-full=0 unusable=0 backoff=0 make-failed=0 square-alloc=0 upload=0
146 pid=FFFD96A7 prim transform-ms=46 inside-ms=33 window-ms=52 assemble-ms=159 history-ms=15 fast=53119 clipped=47420 culled=21011
147 pid=FFFD96A7 paths batches/triangles untextured=39/195 hw=9315/353817 cpu=0/0 cpu-nonsquare=0/0 hw-refused=627/31765
148 pid=FFFD96A7 counters hwtex live=67 creates=67 create-failed=0 evictions=0 uploads=134 upload-kb=3884 squared=0 alpha-dropped=0 stubs=0 failed r4=627 r7=0 r8=0 other=0
149 pid=FFFD96A7 time interval-ms=10017 swaps=37 present-ms=190 draw-ms=8245 upload-ms=99
150 pid=FFFD96A7 tsc frames=37 wall-ms=10017 vertex-ms=347 flush-in-vertex-ms=45 flush-other-ms=8313 bind-ms=7 iface-ms=8245 beginend-ms=4071 swap-ms=190 vertices=224055 flushes=2047 draws=2273 sink-ms=4099 sink-prep-ms=39 sinks=22619
151 pid=FFFD96A7 sink begin-ms=16 flush-ms=4044 copy-ms=10 prep-texture-ms=21 prep-state-ms=9 prep-same-ms=8
152 pid=FFFD96A7 hwno hwtex-ms=102 iface-cpu-ms=0 not-cpu=0 square-side=0 too-big=0 format=0 no-object=0 no-record=0 table-full=0 unusable=0 backoff=0 make-failed=0 square-alloc=0 upload=0
153 pid=FFFD96A7 prim transform-ms=45 inside-ms=34 window-ms=61 assemble-ms=153 history-ms=15 fast=67778 clipped=27172 culled=24921
154 pid=FFFD96A7 paths batches/triangles untextured=39/195 hw=11136/422614 cpu=0/0 cpu-nonsquare=0/0 hw-refused=853/43685
155 pid=FFFD96A7 counters hwtex live=72 creates=72 create-failed=0 evictions=0 uploads=171 upload-kb=5056 squared=0 alpha-dropped=0 stubs=0 failed r4=853 r7=0 r8=0 other=0
156 pid=FFFD96A7 time interval-ms=10011 swaps=36 present-ms=184 draw-ms=8201 upload-ms=113
157 pid=FFFD96A7 tsc frames=36 wall-ms=10011 vertex-ms=398 flush-in-vertex-ms=52 flush-other-ms=8276 bind-ms=5 iface-ms=8201 beginend-ms=3922 swap-ms=184 vertices=252660 flushes=2444 draws=2725 sink-ms=3955 sink-prep-ms=43 sinks=24424
158 pid=FFFD96A7 sink begin-ms=17 flush-ms=3893 copy-ms=11 prep-texture-ms=23 prep-state-ms=9 prep-same-ms=9
159 pid=FFFD96A7 hwno hwtex-ms=117 iface-cpu-ms=0 not-cpu=15 square-side=0 too-big=0 format=0 no-object=0 no-record=0 table-full=0 unusable=0 backoff=0 make-failed=0 square-alloc=0 upload=0
160 pid=FFFD96A7 prim transform-ms=51 inside-ms=39 window-ms=67 assemble-ms=182 history-ms=17 fast=71489 clipped=35518 culled=26049
161 pid=FFFD96A7 paths batches/triangles untextured=54/270 hw=13284/495651 cpu=0/0 cpu-nonsquare=0/0 hw-refused=1134/58893
162 pid=FFFD96A7 counters hwtex live=86 creates=86 create-failed=0 evictions=0 uploads=219 upload-kb=6307 squared=0 alpha-dropped=0 stubs=0 failed r4=1134 r7=0 r8=0 other=0
163 pid=FFFD96A7 refused tex=1155 size=00800080 tex=02040101 blend=00050601 depth=00040101 colour=FFFFFFFF mask=7 scissor=0,0,640,480 fog=0
164 pid=FFFD96A7 time interval-ms=10005 swaps=33 present-ms=168 draw-ms=8232 upload-ms=45
165 pid=FFFD96A7 tsc frames=33 wall-ms=10005 vertex-ms=402 flush-in-vertex-ms=38 flush-other-ms=8338 bind-ms=90 iface-ms=8232 beginend-ms=4039 swap-ms=169 vertices=239471 flushes=2419 draws=2645 sink-ms=4053 sink-prep-ms=46 sinks=24857
166 pid=FFFD96A7 sink begin-ms=19 flush-ms=3989 copy-ms=11 prep-texture-ms=24 prep-state-ms=10 prep-same-ms=9
167 pid=FFFD96A7 hwno hwtex-ms=48 iface-cpu-ms=0 not-cpu=14 square-side=0 too-big=0 format=0 no-object=0 no-record=0 table-full=0 unusable=0 backoff=0 make-failed=0 square-alloc=0 upload=0
168 pid=FFFD96A7 prim transform-ms=50 inside-ms=41 window-ms=70 assemble-ms=182 history-ms=17 fast=71526 clipped=30734 culled=31983
169 pid=FFFD96A7 paths batches/triangles untextured=68/340 hw=15463/568834 cpu=0/0 cpu-nonsquare=0/0 hw-refused=1360/70443
170 pid=FFFD96A7 counters hwtex live=87 creates=87 create-failed=0 evictions=0 uploads=236 upload-kb=6851 squared=0 alpha-dropped=0 stubs=0 failed r4=1360 r7=0 r8=0 other=0
171 pid=FFFD96A7 time interval-ms=10000 swaps=31 present-ms=159 draw-ms=8414 upload-ms=26
172 pid=FFFD96A7 tsc frames=31 wall-ms=10000 vertex-ms=401 flush-in-vertex-ms=37 flush-other-ms=8417 bind-ms=5 iface-ms=8414 beginend-ms=5212 swap-ms=159 vertices=271959 flushes=2651 draws=2890 sink-ms=5224 sink-prep-ms=53 sinks=30735
173 pid=FFFD96A7 sink begin-ms=22 flush-ms=5150 copy-ms=13 prep-texture-ms=28 prep-state-ms=12 prep-same-ms=11
174 pid=FFFD96A7 hwno hwtex-ms=29 iface-cpu-ms=0 not-cpu=0 square-side=0 too-big=0 format=0 no-object=0 no-record=0 table-full=0 unusable=0 backoff=0 make-failed=0 square-alloc=0 upload=0
175 pid=FFFD96A7 prim transform-ms=55 inside-ms=43 window-ms=80 assemble-ms=159 history-ms=18 fast=88787 clipped=26686 culled=38370
176 pid=FFFD96A7 paths batches/triangles untextured=68/340 hw=17875/658247 cpu=0/0 cpu-nonsquare=0/0 hw-refused=1599/82708
177 pid=FFFD96A7 counters hwtex live=90 creates=90 create-failed=0 evictions=0 uploads=245 upload-kb=7160 squared=0 alpha-dropped=0 stubs=0 failed r4=1599 r7=0 r8=0 other=0
178 pid=FFFD96A7 time interval-ms=10009 swaps=36 present-ms=184 draw-ms=8393 upload-ms=16
179 pid=FFFD96A7 tsc frames=36 wall-ms=10009 vertex-ms=303 flush-in-vertex-ms=7 flush-other-ms=8414 bind-ms=6 iface-ms=8393 beginend-ms=5023 swap-ms=185 vertices=207683 flushes=2063 draws=2174 sink-ms=5009 sink-prep-ms=42 sinks=24340
180 pid=FFFD96A7 sink begin-ms=19 flush-ms=4950 copy-ms=10 prep-texture-ms=22 prep-state-ms=9 prep-same-ms=9
181 pid=FFFD96A7 hwno hwtex-ms=18 iface-cpu-ms=0 not-cpu=10 square-side=0 too-big=0 format=0 no-object=0 no-record=0 table-full=0 unusable=0 backoff=0 make-failed=0 square-alloc=0 upload=0
182 pid=FFFD96A7 prim transform-ms=42 inside-ms=32 window-ms=55 assemble-ms=125 history-ms=14 fast=59355 clipped=36718 culled=26328
183 pid=FFFD96A7 paths batches/triangles untextured=78/390 hw=19817/729319 cpu=0/0 cpu-nonsquare=0/0 hw-refused=1710/87539
184 pid=FFFD96A7 counters hwtex live=90 creates=90 create-failed=0 evictions=0 uploads=251 upload-kb=7352 squared=0 alpha-dropped=0 stubs=0 failed r4=1710 r7=0 r8=0 other=0
185 pid=FFFD96A7 hwtex create 00800040 levels=8 hr=8876017C
186 pid=FFFD96A7 time interval-ms=10002 swaps=31 present-ms=158 draw-ms=8294 upload-ms=97
187 pid=FFFD96A7 tsc frames=31 wall-ms=10002 vertex-ms=414 flush-in-vertex-ms=43 flush-other-ms=8381 bind-ms=5 iface-ms=8294 beginend-ms=4825 swap-ms=159 vertices=269295 flushes=2419 draws=2649 sink-ms=4845 sink-prep-ms=49 sinks=27938
188 pid=FFFD96A7 sink begin-ms=21 flush-ms=4777 copy-ms=12 prep-texture-ms=26 prep-state-ms=11 prep-same-ms=10
189 pid=FFFD96A7 hwno hwtex-ms=120 iface-cpu-ms=0 not-cpu=20 square-side=0 too-big=0 format=0 no-object=0 no-record=0 table-full=0 unusable=0 backoff=0 make-failed=0 square-alloc=0 upload=0
190 pid=FFFD96A7 prim transform-ms=54 inside-ms=42 window-ms=75 assemble-ms=179 history-ms=18 fast=78891 clipped=35672 culled=36462
191 pid=FFFD96A7 paths batches/triangles untextured=98/490 hw=21986/812913 cpu=0/0 cpu-nonsquare=0/0 hw-refused=1940/99844
192 pid=FFFD96A7 counters hwtex live=93 creates=94 create-failed=1 evictions=1 uploads=289 upload-kb=8503 squared=0 alpha-dropped=0 stubs=0 failed r4=1940 r7=0 r8=0 other=0
193 pid=FFFD96A7 hwtex create 01000080 levels=9 hr=8876017C
194 pid=FFFD96A7 hwtex create 01000080 levels=9 hr=8876017C
195 pid=FFFD96A7 hwtex create 01000080 levels=9 hr=8876017C
196 pid=FFFD96A7 time interval-ms=10001 swaps=36 present-ms=184 draw-ms=8279 upload-ms=69
197 pid=FFFD96A7 tsc frames=36 wall-ms=10001 vertex-ms=323 flush-in-vertex-ms=4 flush-other-ms=8359 bind-ms=6 iface-ms=8279 beginend-ms=4655 swap-ms=184 vertices=232827 flushes=2047 draws=2170 sink-ms=4636 sink-prep-ms=44 sinks=25056
198 pid=FFFD96A7 sink begin-ms=19 flush-ms=4576 copy-ms=10 prep-texture-ms=23 prep-state-ms=10 prep-same-ms=9
199 pid=FFFD96A7 hwno hwtex-ms=73 iface-cpu-ms=0 not-cpu=11 square-side=0 too-big=0 format=0 no-object=0 no-record=0 table-full=0 unusable=0 backoff=0 make-failed=0 square-alloc=0 upload=0
200 pid=FFFD96A7 prim transform-ms=47 inside-ms=35 window-ms=59 assemble-ms=127 history-ms=16 fast=60485 clipped=41079 culled=30673
201 pid=FFFD96A7 paths batches/triangles untextured=109/545 hw=23899/884512 cpu=0/0 cpu-nonsquare=0/0 hw-refused=2063/104460
202 pid=FFFD96A7 counters hwtex live=95 creates=99 create-failed=4 evictions=4 uploads=312 upload-kb=9262 squared=0 alpha-dropped=0 stubs=0 failed r4=2063 r7=0 r8=0 other=0
203 pid=FFFD96A7 hwtex create 00800080 levels=8 hr=8876017C
204 pid=FFFD96A7 hwtex create 01000040 levels=9 hr=8876017C
205 pid=FFFD96A7 time interval-ms=10002 swaps=34 present-ms=174 draw-ms=8197 upload-ms=108
206 pid=FFFD96A7 tsc frames=34 wall-ms=10002 vertex-ms=394 flush-in-vertex-ms=12 flush-other-ms=8306 bind-ms=4 iface-ms=8197 beginend-ms=4953 swap-ms=174 vertices=285380 flushes=2465 draws=2641 sink-ms=4940 sink-prep-ms=50 sinks=28902
207 pid=FFFD96A7 sink begin-ms=21 flush-ms=4870 copy-ms=12 prep-texture-ms=27 prep-state-ms=11 prep-same-ms=10
208 pid=FFFD96A7 hwno hwtex-ms=112 iface-cpu-ms=0 not-cpu=9 square-side=0 too-big=0 format=0 no-object=0 no-record=0 table-full=0 unusable=0 backoff=0 make-failed=0 square-alloc=0 upload=0
209 pid=FFFD96A7 prim transform-ms=57 inside-ms=42 window-ms=72 assemble-ms=155 history-ms=19 fast=73734 clipped=46191 culled=35923
210 pid=FFFD96A7 paths batches/triangles untextured=118/590 hw=26179/967138 cpu=0/0 cpu-nonsquare=0/0 hw-refused=2239/112602
211 pid=FFFD96A7 counters hwtex live=101 creates=108 create-failed=6 evictions=6 uploads=354 upload-kb=10519 squared=0 alpha-dropped=0 stubs=0 failed r4=2239 r7=0 r8=0 other=0
212 pid=FFFD96A7 time interval-ms=10008 swaps=32 present-ms=165 draw-ms=8112 upload-ms=165
213 pid=FFFD96A7 tsc frames=32 wall-ms=10008 vertex-ms=457 flush-in-vertex-ms=27 flush-other-ms=8268 bind-ms=7 iface-ms=8111 beginend-ms=4450 swap-ms=165 vertices=326623 flushes=3104 draws=3348 sink-ms=4449 sink-prep-ms=59 sinks=33385
214 pid=FFFD96A7 sink begin-ms=24 flush-ms=4367 copy-ms=14 prep-texture-ms=31 prep-state-ms=13 prep-same-ms=12
215 pid=FFFD96A7 hwno hwtex-ms=169 iface-cpu-ms=0 not-cpu=0 square-side=0 too-big=0 format=0 no-object=0 no-record=0 table-full=0 unusable=0 backoff=0 make-failed=0 square-alloc=0 upload=0
216 pid=FFFD96A7 prim transform-ms=65 inside-ms=50 window-ms=91 assemble-ms=174 history-ms=22 fast=93458 clipped=40908 culled=46373
217 pid=FFFD96A7 paths batches/triangles untextured=118/590 hw=29039/1063814 cpu=0/0 cpu-nonsquare=0/0 hw-refused=2483/125524
218 pid=FFFD96A7 counters hwtex live=101 creates=110 create-failed=6 evictions=6 uploads=417 upload-kb=12491 squared=0 alpha-dropped=0 stubs=0 failed r4=2483 r7=0 r8=0 other=0
219 pid=FFFD96A7 hwtex create 01000080 levels=9 hr=8876017C
220 pid=FFFD96A7 hwtex create 01000080 levels=9 hr=8876017C
221 pid=FFFD96A7 hwtex create 01000080 levels=9 hr=8876017C
222 pid=FFFD96A7 hwtex create 01000080 levels=9 hr=8876017C
223 pid=FFFD96A7 hwtex create 01000080 levels=9 hr=8876017C
224 pid=FFFD96A7 hwtex create 01000080 levels=9 hr=8876017C
225 pid=FFFD96A7 hwtex create 01000080 levels=9 hr=8876017C
226 pid=FFFD96A7 hwtex create 01000080 levels=9 hr=8876017C
227 pid=FFFD96A7 hwtex create 01000080 levels=9 hr=8876017C
228 pid=FFFD96A7 hwtex create 01000080 levels=9 hr=8876017C
229 pid=FFFD96A7 time interval-ms=10008 swaps=29 present-ms=148 draw-ms=8405 upload-ms=64
230 pid=FFFD96A7 tsc frames=29 wall-ms=10008 vertex-ms=410 flush-in-vertex-ms=44 flush-other-ms=8446 bind-ms=8 iface-ms=8405 beginend-ms=4895 swap-ms=149 vertices=266658 flushes=3179 draws=3421 sink-ms=4915 sink-prep-ms=54 sinks=31459
231 pid=FFFD96A7 sink begin-ms=21 flush-ms=4838 copy-ms=13 prep-texture-ms=29 prep-state-ms=12 prep-same-ms=11
232 pid=FFFD96A7 hwno hwtex-ms=70 iface-cpu-ms=0 not-cpu=13 square-side=0 too-big=0 format=0 no-object=0 no-record=0 table-full=0 unusable=0 backoff=0 make-failed=0 square-alloc=0 upload=0
233 pid=FFFD96A7 prim transform-ms=53 inside-ms=42 window-ms=75 assemble-ms=176 history-ms=18 fast=89974 clipped=29610 culled=30518
234 pid=FFFD96A7 paths batches/triangles untextured=131/655 hw=31963/1158308 cpu=0/0 cpu-nonsquare=0/0 hw-refused=2725/137438
235 pid=FFFD96A7 counters hwtex live=101 creates=121 create-failed=16 evictions=16 uploads=439 upload-kb=13248 squared=0 alpha-dropped=0 stubs=0 failed r4=2725 r7=0 r8=0 other=0
236 pid=FFFD96A7 hwtex create 01000100 levels=1 hr=8876017C
237 pid=FFFD96A7 hwtex create 01000100 levels=1 hr=8876017C
238 pid=FFFD96A7 hwtex create 01000100 levels=1 hr=8876017C
239 pid=FFFD96A7 hwtex create 01000100 levels=1 hr=8876017C
240 pid=FFFD96A7 hwtex create 01000100 levels=1 hr=8876017C
241 pid=FFFD96A7 hwtex create 01000100 levels=1 hr=8876017C
242 pid=FFFD96A7 hwtex create 01000100 levels=1 hr=8876017C
243 pid=FFFD96A7 hwtex create 01000100 levels=1 hr=8876017C
244 pid=FFFD96A7 hwtex create 01000100 levels=1 hr=8876017C
245 pid=FFFD96A7 hwtex create 01000100 levels=1 hr=8876017C
246 pid=FFFD96A7 hwtex create 01000100 levels=1 hr=8876017C
247 pid=FFFD96A7 hwtex create 01000100 levels=1 hr=8876017C
248 pid=FFFD96A7 hwtex create 01000100 levels=1 hr=8876017C
249 pid=FFFD96A7 hwtex create 01000100 levels=1 hr=8876017C
250 pid=FFFD96A7 hwtex create 01000100 levels=1 hr=8876017C
251 pid=FFFD96A7 hwtex create 01000100 levels=1 hr=8876017C
252 pid=FFFD96A7 time interval-ms=10023 swaps=28 present-ms=144 draw-ms=7907 upload-ms=78
253 pid=FFFD96A7 tsc frames=28 wall-ms=10023 vertex-ms=480 flush-in-vertex-ms=29 flush-other-ms=8050 bind-ms=79 iface-ms=7907 beginend-ms=4508 swap-ms=143 vertices=321618 flushes=3528 draws=3952 sink-ms=4509 sink-prep-ms=64 sinks=37702
254 pid=FFFD96A7 sink begin-ms=25 flush-ms=4418 copy-ms=16 prep-texture-ms=34 prep-state-ms=14 prep-same-ms=14
255 pid=FFFD96A7 hwno hwtex-ms=84 iface-cpu-ms=0 not-cpu=5 square-side=0 too-big=0 format=0 no-object=0 no-record=0 table-full=0 unusable=0 backoff=0 make-failed=0 square-alloc=0 upload=0
256 pid=FFFD96A7 prim transform-ms=65 inside-ms=51 window-ms=94 assemble-ms=194 history-ms=21 fast=112617 clipped=29364 culled=39127
257 pid=FFFD96A7 paths batches/triangles untextured=136/680 hw=35062/1260910 cpu=0/0 cpu-nonsquare=0/0 hw-refused=3149/162572
258 pid=FFFD96A7 counters hwtex live=102 creates=138 create-failed=32 evictions=32 uploads=465 upload-kb=14176 squared=0 alpha-dropped=5 stubs=0 failed r4=3149 r7=0 r8=0 other=0
259 pid=FFFD96A7 DrvReleaseContext context=1 -> 1
260 pid=FFFD96A7 paths batches/triangles untextured=136/680 hw=35063/1260912 cpu=0/0 cpu-nonsquare=0/0 hw-refused=3209/166408
261 pid=FFFD96A7 counters hwtex live=0 creates=138 create-failed=32 evictions=32 uploads=465 upload-kb=14176 squared=0 alpha-dropped=6 stubs=0 failed r4=3209 r7=0 r8=0 other=0
262 pid=FFFD96A7 DrvDeleteContext context=1 -> 1
263 pid=FFFD96A7 detach slots-called=0 stub-calls=0
1 pid=FFFDAE93 attach instance=01CF0000 tls=11 build-marker=1
2 pid=FFFDAE93 DrvValidateVersion version=1
3 pid=FFFDAE93 DrvSetCallbackProcs count=3 procs=78B23978
4 pid=FFFDAE93 describe result=0 engine=5 formats=00000002
5 pid=FFFDAE93 DrvDescribePixelFormat index=1 bytes=0 -> count=1
6 pid=FFFDAE93 DrvDescribePixelFormat index=1 bytes=40 -> count=1
7 pid=FFFDAE93 DrvDescribePixelFormat index=1 bytes=0 -> count=1
8 pid=FFFDAE93 DrvDescribePixelFormat index=1 bytes=0 -> count=1
9 pid=FFFDAE93 DrvDescribePixelFormat index=1 bytes=0 -> count=1
10 pid=FFFDAE93 DrvDescribePixelFormat index=1 bytes=0 -> count=1
11 pid=FFFDAE93 DrvDescribePixelFormat index=1 bytes=0 -> count=1
12 pid=FFFDAE93 DrvDescribePixelFormat index=1 bytes=0 -> count=1
13 pid=FFFDAE93 DrvDescribePixelFormat index=1 bytes=0 -> count=1
14 pid=FFFDAE93 DrvDescribePixelFormat index=1 bytes=0 -> count=1
15 pid=FFFDAE93 DrvDescribePixelFormat index=1 bytes=0 -> count=1
16 pid=FFFDAE93 DrvDescribePixelFormat index=1 bytes=0 -> count=1
17 pid=FFFDAE93 DrvDescribePixelFormat index=1 bytes=0 -> count=1
18 pid=FFFDAE93 DrvDescribePixelFormat index=1 bytes=0 -> count=1
19 pid=FFFDAE93 DrvDescribePixelFormat index=1 bytes=0 -> count=1
20 pid=FFFDAE93 DrvDescribePixelFormat index=1 bytes=0 -> count=1
21 pid=FFFDAE93 DrvDescribePixelFormat index=1 bytes=0 -> count=1
22 pid=FFFDAE93 DrvDescribePixelFormat index=1 bytes=0 -> count=1
23 pid=FFFDAE93 DrvDescribePixelFormat index=1 bytes=0 -> count=1
24 pid=FFFDAE93 DrvDescribePixelFormat index=1 bytes=0 -> count=1
25 pid=FFFDAE93 DrvDescribePixelFormat index=1 bytes=0 -> count=1
26 pid=FFFDAE93 DrvDescribePixelFormat index=1 bytes=0 -> count=1
27 pid=FFFDAE93 DrvDescribePixelFormat index=1 bytes=0 -> count=1
28 pid=FFFDAE93 DrvDescribePixelFormat index=1 bytes=0 -> count=1
29 pid=FFFDAE93 DrvDescribePixelFormat index=1 bytes=0 -> count=1
30 pid=FFFDAE93 DrvDescribePixelFormat index=1 bytes=0 -> count=1
31 pid=FFFDAE93 DrvDescribePixelFormat index=1 bytes=0 -> count=1
32 pid=FFFDAE93 DrvSetPixelFormat hdc=00000772 index=1
33 pid=FFFDAE93 DrvDescribePixelFormat index=1 bytes=0 -> count=1
34 pid=FFFDAE93 DrvDescribePixelFormat index=1 bytes=40 -> count=1
35 pid=FFFDAE93 DrvDescribePixelFormat index=1 bytes=0 -> count=1
36 pid=FFFDAE93 DrvDescribePixelFormat index=1 bytes=40 -> count=1
37 pid=FFFDAE93 DrvCreateLayerContext hdc=00000772 layer=0 -> 1
38 pid=FFFDAE93 drawable window=00000160 320x240
39 pid=FFFDAE93 DrvSetContext hdc=00000772 context=1 -> 1
40 pid=FFFDAE93 state tex=1158 size=00400040 tex=01010101 blend=00050600 depth=01040102 colour=FFFFFFFF mask=7 scissor=0,0,320,240 fog=0
41 pid=FFFDAE93 time interval-ms=269697 swaps=0 present-ms=0 draw-ms=117519712 upload-ms=0
42 pid=FFFDAE93 tsc frames=0 wall-ms=269697 vertex-ms=56426 flush-in-vertex-ms=0 flush-other-ms=4213248 bind-ms=23829 iface-ms=1364332 beginend-ms=333737 swap-ms=0 vertices=18 flushes=1 draws=1 sink-ms=142270 sink-prep-ms=130709 sinks=4
43 pid=FFFDAE93 sink begin-ms=297676 flush-ms=0 copy-ms=6166 prep-texture-ms=123425 prep-state-ms=3700 prep-same-ms=2949
44 pid=FFFDAE93 hwno hwtex-ms=2300300 iface-cpu-ms=0 not-cpu=0 square-side=0 too-big=0 format=0 no-object=0 no-record=0 table-full=0 unusable=0 backoff=0 make-failed=0 square-alloc=0 upload=0
45 pid=FFFDAE93 prim transform-ms=10346 inside-ms=7593 window-ms=12880 assemble-ms=15279 history-ms=2841 fast=10 clipped=0 culled=0
46 pid=FFFDAE93 paths batches/triangles untextured=0/0 hw=1/10 cpu=0/0 cpu-nonsquare=0/0 hw-refused=0/0
47 pid=FFFDAE93 counters hwtex live=1 creates=1 create-failed=0 evictions=0 uploads=1 upload-kb=10 squared=0 alpha-dropped=0 stubs=0 failed r4=0 r7=0 r8=0 other=0
48 pid=FFFDAE93 state tex=1162 size=00400040 tex=01010101 blend=00050600 depth=01040102 colour=FFFFFFFF mask=7 scissor=0,0,320,240 fog=0
49 pid=FFFDAE93 state tex=1163 size=00100010 tex=01010101 blend=00050600 depth=01040102 colour=FFFFFFFF mask=7 scissor=0,0,320,240 fog=0
50 pid=FFFDAE93 state tex=1168 size=00100010 tex=01010101 blend=00050600 depth=01040102 colour=FFFFFFFF mask=7 scissor=0,0,320,240 fog=0
51 pid=FFFDAE93 state tex=1172 size=00400040 tex=01010101 blend=00050600 depth=01040102 colour=FFFFFFFF mask=7 scissor=0,0,320,240 fog=0
52 pid=FFFDAE93 state tex=1180 size=00400040 tex=01010101 blend=00050600 depth=01040102 colour=FFFFFFFF mask=7 scissor=0,0,320,240 fog=0
53 pid=FFFDAE93 state tex=1184 size=00400040 tex=01010101 blend=00050600 depth=01040102 colour=FFFFFFFF mask=7 scissor=0,0,320,240 fog=0
54 pid=FFFDAE93 state tex=1185 size=00400040 tex=01010101 blend=00050600 depth=01040102 colour=FFFFFFFF mask=7 scissor=0,0,320,240 fog=0
55 pid=FFFDAE93 state tex=1188 size=00400040 tex=01010101 blend=00050600 depth=01040102 colour=FFFFFFFF mask=7 scissor=0,0,320,240 fog=0
56 pid=FFFDAE93 state tex=1191 size=00400040 tex=01010101 blend=00050600 depth=01040102 colour=FFFFFFFF mask=7 scissor=0,0,320,240 fog=0
57 pid=FFFDAE93 state tex=1206 size=00400040 tex=01010101 blend=00050600 depth=01040102 colour=FFFFFFFF mask=7 scissor=0,0,320,240 fog=0
58 pid=FFFDAE93 state tex=1210 size=00800080 tex=01010101 blend=00050600 depth=01040102 colour=FFFFFFFF mask=7 scissor=0,0,320,240 fog=0
59 pid=FFFDAE93 state tex=1214 size=00400040 tex=01010101 blend=00050600 depth=01040102 colour=FFFFFFFF mask=7 scissor=0,0,320,240 fog=0
60 pid=FFFDAE93 state tex=1216 size=00400040 tex=01010101 blend=00050600 depth=01040102 colour=FFFFFFFF mask=7 scissor=0,0,320,240 fog=0
61 pid=FFFDAE93 state tex=1218 size=00400040 tex=01010101 blend=00050600 depth=01040102 colour=FFFFFFFF mask=7 scissor=0,0,320,240 fog=0
62 pid=FFFDAE93 state tex=1225 size=00400040 tex=01010101 blend=00050600 depth=01040102 colour=FFFFFFFF mask=7 scissor=0,0,320,240 fog=0
63 pid=FFFDAE93 state tex=1226 size=00400040 tex=01010101 blend=00050600 depth=01040102 colour=FFFFFFFF mask=7 scissor=0,0,320,240 fog=0
64 pid=FFFDAE93 state tex=1264 size=00400040 tex=01010101 blend=00050600 depth=01040102 colour=FFFFFFFF mask=7 scissor=0,0,320,240 fog=0
65 pid=FFFDAE93 state tex=1269 size=00400040 tex=01010101 blend=00050600 depth=01040102 colour=FFFFFFFF mask=7 scissor=0,0,320,240 fog=0
66 pid=FFFDAE93 state tex=1273 size=00200080 tex=01010101 blend=00050600 depth=01040102 colour=FFFFFFFF mask=7 scissor=0,0,320,240 fog=0
67 pid=FFFDAE93 state tex=1278 size=00400040 tex=01010101 blend=00050600 depth=01040102 colour=FFFFFFFF mask=7 scissor=0,0,320,240 fog=0
68 pid=FFFDAE93 state tex=1281 size=00400040 tex=01010101 blend=00050600 depth=01040102 colour=FFFFFFFF mask=7 scissor=0,0,320,240 fog=0
69 pid=FFFDAE93 state tex=1282 size=00400040 tex=01010101 blend=00050600 depth=01040102 colour=FFFFFFFF mask=7 scissor=0,0,320,240 fog=0
70 pid=FFFDAE93 state tex=1025 size=00800080 tex=01010101 blend=01010300 depth=01040001 colour=FFFFFFFF mask=7 scissor=0,0,320,240 fog=0
71 pid=FFFDAE93 state tex=1026 size=00800080 tex=01010101 blend=01010300 depth=01040001 colour=FFFFFFFF mask=7 scissor=0,0,320,240 fog=0
72 pid=FFFDAE93 state tex=1027 size=00800080 tex=01010101 blend=01010300 depth=01040001 colour=FFFFFFFF mask=7 scissor=0,0,320,240 fog=0
73 pid=FFFDAE93 state tex=1030 size=00800080 tex=01010101 blend=01010300 depth=01040001 colour=FFFFFFFF mask=7 scissor=0,0,320,240 fog=0
74 pid=FFFDAE93 state tex=1376 size=01000080 tex=01040201 blend=00050600 depth=01040102 colour=FF94774B mask=7 scissor=0,0,320,240 fog=0
75 pid=FFFDAE93 state tex=1380 size=01000080 tex=01040201 blend=00050600 depth=01040102 colour=FF463827 mask=7 scissor=0,0,320,240 fog=0
76 pid=FFFDAE93 state tex=1382 size=00800020 tex=01040201 blend=00050600 depth=01040102 colour=FF6F562E mask=7 scissor=0,0,320,240 fog=0
77 pid=FFFDAE93 state tex=1384 size=00800020 tex=01010200 blend=00050600 depth=01040102 colour=FF4D4231 mask=7 scissor=0,0,320,240 fog=0
78 pid=FFFDAE93 state tex=1389 size=01000080 tex=01040201 blend=00050600 depth=01040102 colour=FF5F5343 mask=7 scissor=0,0,320,240 fog=0
79 pid=FFFDAE93 state tex=1390 size=00800040 tex=01040201 blend=00050600 depth=01040102 colour=FF7F6F57 mask=7 scissor=0,0,320,240 fog=0
80 pid=FFFDAE93 state tex=1391 size=00400040 tex=01010200 blend=00050600 depth=01040102 colour=FF968569 mask=7 scissor=0,0,320,240 fog=0
81 pid=FFFDAE93 state tex=1393 size=00800040 tex=01040201 blend=00050600 depth=01040102 colour=FFFFFFE8 mask=7 scissor=0,0,320,240 fog=0
82 pid=FFFDAE93 state tex=1396 size=00800040 tex=01040201 blend=00050600 depth=01040102 colour=FF9C8964 mask=7 scissor=0,0,320,240 fog=0
83 pid=FFFDAE93 state tex=1401 size=01000080 tex=01040201 blend=00050600 depth=01040102 colour=FFFFFFED mask=7 scissor=0,0,320,240 fog=0
84 pid=FFFDAE93 state tex=1409 size=01000080 tex=01040201 blend=00050600 depth=01040102 colour=FF4D4137 mask=7 scissor=0,0,320,240 fog=0
85 pid=FFFDAE93 state tex=1152 size=01000100 tex=01040101 blend=00050601 depth=00040101 colour=FFFFFFFF mask=7 scissor=0,0,320,240 fog=0
86 pid=FFFDAE93 refused tex=1152 size=01000100 tex=02040101 blend=00050601 depth=00040101 colour=FFFFFFFF mask=7 scissor=0,0,320,240 fog=0
87 pid=FFFDAE93 draw result=4 triangles=18 submitted=0
88 pid=FFFDAE93   v0 sx=431C0000 sy=42E80000 sz=3F000000 rhw=3F800000 tu=3F70028F tv=3823D70A
89 pid=FFFDAE93   v1 sx=43240000 sy=42E80000 sz=3F000000 rhw=3F800000 tu=3F77FD71 tv=3823D70A
90 pid=FFFDAE93   v2 sx=43240000 sy=42F80001 sz=3F000000 rhw=3F800000 tu=3F77FD71 tv=3CFFAE14
91 pid=FFFDAE93 draw result=4 triangles=18 submitted=0
92 pid=FFFDAE93   v0 sx=431C0000 sy=42E80000 sz=3F000000 rhw=3F800000 tu=3F70028F tv=3823D70A
93 pid=FFFDAE93   v1 sx=43240000 sy=42E80000 sz=3F000000 rhw=3F800000 tu=3F77FD71 tv=3823D70A
94 pid=FFFDAE93   v2 sx=43240000 sy=42F80001 sz=3F000000 rhw=3F800000 tu=3F77FD71 tv=3CFFAE14
95 pid=FFFDAE93 draw result=4 triangles=18 submitted=0
96 pid=FFFDAE93   v0 sx=431C0000 sy=42E80000 sz=3F000000 rhw=3F800000 tu=3F70028F tv=3823D70A
97 pid=FFFDAE93   v1 sx=43240000 sy=42E80000 sz=3F000000 rhw=3F800000 tu=3F77FD71 tv=3823D70A
98 pid=FFFDAE93   v2 sx=43240000 sy=42F80001 sz=3F000000 rhw=3F800000 tu=3F77FD71 tv=3CFFAE14
99 pid=FFFDAE93 draw result=4 triangles=18 submitted=0
100 pid=FFFDAE93   v0 sx=431C0000 sy=42E80000 sz=3F000000 rhw=3F800000 tu=3F70028F tv=3823D70A
101 pid=FFFDAE93   v1 sx=43240000 sy=42E80000 sz=3F000000 rhw=3F800000 tu=3F77FD71 tv=3823D70A
102 pid=FFFDAE93   v2 sx=43240000 sy=42F80001 sz=3F000000 rhw=3F800000 tu=3F77FD71 tv=3CFFAE14
103 pid=FFFDAE93 draw result=4 triangles=18 submitted=0
104 pid=FFFDAE93   v0 sx=431C0000 sy=42E80000 sz=3F000000 rhw=3F800000 tu=3F70028F tv=3823D70A
105 pid=FFFDAE93   v1 sx=43240000 sy=42E80000 sz=3F000000 rhw=3F800000 tu=3F77FD71 tv=3823D70A
106 pid=FFFDAE93   v2 sx=43240000 sy=42F80001 sz=3F000000 rhw=3F800000 tu=3F77FD71 tv=3CFFAE14
107 pid=FFFDAE93 draw result=4 triangles=18 submitted=0
108 pid=FFFDAE93   v0 sx=431C0000 sy=42E80000 sz=3F000000 rhw=3F800000 tu=3F70028F tv=3823D70A
109 pid=FFFDAE93   v1 sx=43240000 sy=42E80000 sz=3F000000 rhw=3F800000 tu=3F77FD71 tv=3823D70A
110 pid=FFFDAE93   v2 sx=43240000 sy=42F80001 sz=3F000000 rhw=3F800000 tu=3F77FD71 tv=3CFFAE14
111 pid=FFFDAE93 state tex=1267 size=00400020 tex=01010101 blend=00050600 depth=01040102 colour=FFFFFFFF mask=7 scissor=0,0,320,240 fog=0
112 pid=FFFDAE93 state tex=1268 size=00400040 tex=01010101 blend=00050600 depth=01040102 colour=FFFFFFFF mask=7 scissor=0,0,320,240 fog=0
113 pid=FFFDAE93 state tex=1266 size=00400020 tex=01010101 blend=00050600 depth=01040102 colour=FFFFFFFF mask=7 scissor=0,0,320,240 fog=0
114 pid=FFFDAE93 state tex=1024 size=00800080 tex=01010101 blend=01010300 depth=01040001 colour=FFFFFFFF mask=7 scissor=0,0,320,240 fog=0
115 pid=FFFDAE93 state tex=1381 size=01000080 tex=01040201 blend=00050600 depth=01040102 colour=FF9C8D54 mask=7 scissor=0,0,320,240 fog=0
116 pid=FFFDAE93 state tex=1342 size=00800040 tex=01010200 blend=01050600 depth=01040002 colour=AA6D6153 mask=7 scissor=0,0,320,240 fog=0
117 pid=FFFDAE93 state tex=1153 size=00080008 tex=01040202 blend=01050600 depth=01040002 colour=FF730700 mask=7 scissor=0,0,320,240 fog=0
118 pid=FFFDAE93 refused tex=1153 size=00080008 tex=02040202 blend=01050600 depth=01040002 colour=D4730700 mask=7 scissor=0,0,320,240 fog=0
119 pid=FFFDAE93 state tex=1153 size=00000000 tex=00000000 blend=01050600 depth=00040100 colour=33FF0000 mask=7 scissor=0,0,320,240 fog=0
120 pid=FFFDAE93 state tex=1361 size=01000080 tex=01040201 blend=00050600 depth=01040102 colour=FFA99362 mask=7 scissor=0,0,320,240 fog=0
121 pid=FFFDAE93 time interval-ms=10000 swaps=57 present-ms=105 draw-ms=8160 upload-ms=147
122 pid=FFFDAE93 tsc frames=57 wall-ms=10000 vertex-ms=723 flush-in-vertex-ms=28 flush-other-ms=8316 bind-ms=8 iface-ms=8160 beginend-ms=4836 swap-ms=105 vertices=498648 flushes=4395 draws=4601 sink-ms=4812 sink-prep-ms=100 sinks=56713
123 pid=FFFDAE93 sink begin-ms=44 flush-ms=4675 copy-ms=22 prep-texture-ms=53 prep-state-ms=22 prep-same-ms=21
124 pid=FFFDAE93 hwno hwtex-ms=155 iface-cpu-ms=0 not-cpu=11 square-side=0 too-big=0 format=0 no-object=0 no-record=0 table-full=0 unusable=0 backoff=0 make-failed=0 square-alloc=0 upload=0
125 pid=FFFDAE93 prim transform-ms=100 inside-ms=77 window-ms=141 assemble-ms=285 history-ms=34 fast=136429 clipped=76815 culled=81642
126 pid=FFFDAE93 paths batches/triangles untextured=11/55 hw=4179/159165 cpu=0/0 cpu-nonsquare=0/0 hw-refused=206/9595
127 pid=FFFDAE93 counters hwtex live=47 creates=47 create-failed=0 evictions=0 uploads=61 upload-kb=1707 squared=0 alpha-dropped=0 stubs=0 failed r4=206 r7=0 r8=0 other=0
128 pid=FFFDAE93 time interval-ms=10000 swaps=54 present-ms=98 draw-ms=8089 upload-ms=117
129 pid=FFFDAE93 tsc frames=54 wall-ms=10000 vertex-ms=819 flush-in-vertex-ms=53 flush-other-ms=8179 bind-ms=10 iface-ms=8089 beginend-ms=5138 swap-ms=99 vertices=573640 flushes=4739 draws=5103 sink-ms=5138 sink-prep-ms=106 sinks=60631
130 pid=FFFDAE93 sink begin-ms=46 flush-ms=4992 copy-ms=24 prep-texture-ms=56 prep-state-ms=23 prep-same-ms=22
131 pid=FFFDAE93 hwno hwtex-ms=123 iface-cpu-ms=0 not-cpu=25 square-side=0 too-big=0 format=0 no-object=0 no-record=0 table-full=0 unusable=0 backoff=0 make-failed=0 square-alloc=0 upload=0
132 pid=FFFDAE93 prim transform-ms=115 inside-ms=88 window-ms=159 assemble-ms=320 history-ms=39 fast=164142 clipped=79671 culled=83447
133 pid=FFFDAE93 paths batches/triangles untextured=36/180 hw=8529/329790 cpu=0/0 cpu-nonsquare=0/0 hw-refused=570/29183
134 pid=FFFDAE93 counters hwtex live=61 creates=61 create-failed=0 evictions=0 uploads=108 upload-kb=3078 squared=0 alpha-dropped=0 stubs=0 failed r4=570 r7=0 r8=0 other=0
135 pid=FFFDAE93 time interval-ms=10002 swaps=72 present-ms=132 draw-ms=8166 upload-ms=206
136 pid=FFFDAE93 tsc frames=72 wall-ms=10002 vertex-ms=652 flush-in-vertex-ms=92 flush-other-ms=8301 bind-ms=8 iface-ms=8166 beginend-ms=3973 swap-ms=132 vertices=411346 flushes=3830 draws=4242 sink-ms=4034 sink-prep-ms=70 sinks=40114
137 pid=FFFDAE93 sink begin-ms=29 flush-ms=3935 copy-ms=18 prep-texture-ms=37 prep-state-ms=15 prep-same-ms=14
138 pid=FFFDAE93 hwno hwtex-ms=211 iface-cpu-ms=0 not-cpu=11 square-side=0 too-big=0 format=0 no-object=0 no-record=0 table-full=0 unusable=0 backoff=0 make-failed=0 square-alloc=0 upload=0
139 pid=FFFDAE93 prim transform-ms=82 inside-ms=62 window-ms=105 assemble-ms=305 history-ms=27 fast=117418 clipped=61082 culled=38956
140 pid=FFFDAE93 paths batches/triangles untextured=47/235 hw=11936/451340 cpu=0/0 cpu-nonsquare=0/0 hw-refused=982/50824
141 pid=FFFDAE93 counters hwtex live=72 creates=72 create-failed=0 evictions=0 uploads=185 upload-kb=5504 squared=0 alpha-dropped=0 stubs=0 failed r4=982 r7=0 r8=0 other=0
142 pid=FFFDAE93 refused tex=1155 size=00800080 tex=02040101 blend=00050601 depth=00040101 colour=FFFFFFFF mask=7 scissor=0,0,320,240 fog=0
143 pid=FFFDAE93 time interval-ms=10001 swaps=63 present-ms=116 draw-ms=8222 upload-ms=122
144 pid=FFFDAE93 tsc frames=63 wall-ms=10001 vertex-ms=727 flush-in-vertex-ms=76 flush-other-ms=8292 bind-ms=9 iface-ms=8222 beginend-ms=4298 swap-ms=116 vertices=478288 flushes=4746 draws=5231 sink-ms=4334 sink-prep-ms=84 sinks=47962
145 pid=FFFDAE93 sink begin-ms=36 flush-ms=4216 copy-ms=21 prep-texture-ms=45 prep-state-ms=18 prep-same-ms=17
146 pid=FFFDAE93 hwno hwtex-ms=128 iface-cpu-ms=0 not-cpu=21 square-side=0 too-big=0 format=0 no-object=0 no-record=0 table-full=0 unusable=0 backoff=0 make-failed=0 square-alloc=0 upload=0
147 pid=FFFDAE93 prim transform-ms=96 inside-ms=74 window-ms=133 assemble-ms=309 history-ms=32 fast=140632 clipped=61968 culled=59438
148 pid=FFFDAE93 paths batches/triangles untextured=68/340 hw=16176/593202 cpu=0/0 cpu-nonsquare=0/0 hw-refused=1467/76331
149 pid=FFFDAE93 counters hwtex live=87 creates=87 create-failed=0 evictions=0 uploads=238 upload-kb=6915 squared=0 alpha-dropped=0 stubs=0 failed r4=1467 r7=0 r8=0 other=0
150 pid=FFFDAE93 hwtex create 00800080 levels=1 hr=8876017C
151 pid=FFFDAE93 hwtex create 00800080 levels=1 hr=8876017C
152 pid=FFFDAE93 hwtex create 01000080 levels=9 hr=8876017C
153 pid=FFFDAE93 hwtex create 01000080 levels=9 hr=8876017C
154 pid=FFFDAE93 time interval-ms=10001 swaps=63 present-ms=113 draw-ms=8398 upload-ms=56
155 pid=FFFDAE93 tsc frames=63 wall-ms=10001 vertex-ms=609 flush-in-vertex-ms=25 flush-other-ms=8455 bind-ms=13 iface-ms=8397 beginend-ms=5426 swap-ms=114 vertices=420005 flushes=4133 draws=4387 sink-ms=5407 sink-prep-ms=86 sinks=49416
156 pid=FFFDAE93 sink begin-ms=38 flush-ms=5288 copy-ms=20 prep-texture-ms=45 prep-state-ms=19 prep-same-ms=18
157 pid=FFFDAE93 hwno hwtex-ms=62 iface-cpu-ms=0 not-cpu=12 square-side=0 too-big=0 format=0 no-object=0 no-record=0 table-full=0 unusable=0 backoff=0 make-failed=0 square-alloc=0 upload=0
158 pid=FFFDAE93 prim transform-ms=84 inside-ms=65 window-ms=117 assemble-ms=242 history-ms=29 fast=127273 clipped=59621 culled=57693
159 pid=FFFDAE93 paths batches/triangles untextured=80/400 hw=20043/737046 cpu=0/0 cpu-nonsquare=0/0 hw-refused=1721/87942
160 pid=FFFDAE93 counters hwtex live=90 creates=96 create-failed=4 evictions=4 uploads=257 upload-kb=7575 squared=0 alpha-dropped=0 stubs=0 failed r4=1721 r7=0 r8=0 other=0
161 pid=FFFDAE93 hwtex create 00800040 levels=8 hr=8876017C
162 pid=FFFDAE93 hwtex create 00800040 levels=8 hr=8876017C
163 pid=FFFDAE93 hwtex create 01000080 levels=9 hr=8876017C
164 pid=FFFDAE93 time interval-ms=10003 swaps=62 present-ms=115 draw-ms=8194 upload-ms=149
165 pid=FFFDAE93 tsc frames=62 wall-ms=10003 vertex-ms=680 flush-in-vertex-ms=42 flush-other-ms=8326 bind-ms=10 iface-ms=8194 beginend-ms=5008 swap-ms=115 vertices=464628 flushes=4083 draws=4416 sink-ms=5008 sink-prep-ms=85 sinks=48338
166 pid=FFFDAE93 sink begin-ms=36 flush-ms=4890 copy-ms=20 prep-texture-ms=45 prep-state-ms=18 prep-same-ms=18
167 pid=FFFDAE93 hwno hwtex-ms=156 iface-cpu-ms=0 not-cpu=28 square-side=0 too-big=0 format=0 no-object=0 no-record=0 table-full=0 unusable=0 backoff=0 make-failed=0 square-alloc=0 upload=0
168 pid=FFFDAE93 prim transform-ms=93 inside-ms=71 window-ms=124 assemble-ms=282 history-ms=31 fast=127726 clipped=72281 culled=61209
169 pid=FFFDAE93 paths batches/triangles untextured=108/540 hw=23765/878707 cpu=0/0 cpu-nonsquare=0/0 hw-refused=2054/104005
170 pid=FFFDAE93 counters hwtex live=96 creates=105 create-failed=7 evictions=7 uploads=313 upload-kb=9314 squared=0 alpha-dropped=0 stubs=0 failed r4=2054 r7=0 r8=0 other=0
171 pid=FFFDAE93 hwtex create 00400040 levels=7 hr=8876017C
172 pid=FFFDAE93 hwtex create 00400040 levels=7 hr=8876017C
173 pid=FFFDAE93 hwtex create 00800020 levels=8 hr=8876017C
174 pid=FFFDAE93 time interval-ms=10001 swaps=53 present-ms=97 draw-ms=8104 upload-ms=224
175 pid=FFFDAE93 tsc frames=53 wall-ms=10001 vertex-ms=715 flush-in-vertex-ms=24 flush-other-ms=8331 bind-ms=11 iface-ms=8104 beginend-ms=5106 swap-ms=98 vertices=517906 flushes=4818 draws=5144 sink-ms=5084 sink-prep-ms=97 sinks=55184
176 pid=FFFDAE93 sink begin-ms=40 flush-ms=4950 copy-ms=22 prep-texture-ms=51 prep-state-ms=21 prep-same-ms=20
177 pid=FFFDAE93 hwno hwtex-ms=231 iface-cpu-ms=0 not-cpu=10 square-side=0 too-big=0 format=0 no-object=0 no-record=0 table-full=0 unusable=0 backoff=0 make-failed=0 square-alloc=0 upload=0
178 pid=FFFDAE93 prim transform-ms=104 inside-ms=79 window-ms=140 assemble-ms=269 history-ms=35 fast=146176 clipped=71552 culled=70252
179 pid=FFFDAE93 paths batches/triangles untextured=118/590 hw=28247/1037164 cpu=0/0 cpu-nonsquare=0/0 hw-refused=2380/120223
180 pid=FFFDAE93 counters hwtex live=102 creates=117 create-failed=10 evictions=10 uploads=400 upload-kb=11967 squared=0 alpha-dropped=0 stubs=0 failed r4=2380 r7=0 r8=0 other=0
181 pid=FFFDAE93 hwtex create 01000080 levels=9 hr=8876017C
182 pid=FFFDAE93 hwtex create 01000080 levels=9 hr=8876017C
183 pid=FFFDAE93 hwtex create 01000080 levels=9 hr=8876017C
184 pid=FFFDAE93 hwtex create 01000080 levels=9 hr=8876017C
185 pid=FFFDAE93 hwtex create 01000080 levels=9 hr=8876017C
186 pid=FFFDAE93 hwtex create 01000080 levels=9 hr=8876017C
187 pid=FFFDAE93 hwtex create 01000080 levels=9 hr=8876017C
188 pid=FFFDAE93 hwtex create 01000080 levels=9 hr=8876017C
189 pid=FFFDAE93 time interval-ms=10018 swaps=46 present-ms=85 draw-ms=8019 upload-ms=194
190 pid=FFFDAE93 tsc frames=46 wall-ms=10018 vertex-ms=685 flush-in-vertex-ms=60 flush-other-ms=8425 bind-ms=255 iface-ms=8019 beginend-ms=4642 swap-ms=85 vertices=423509 flushes=4531 draws=4942 sink-ms=4664 sink-prep-ms=86 sinks=44739
191 pid=FFFDAE93 sink begin-ms=35 flush-ms=4543 copy-ms=22 prep-texture-ms=45 prep-state-ms=20 prep-same-ms=17
192 pid=FFFDAE93 hwno hwtex-ms=202 iface-cpu-ms=0 not-cpu=16 square-side=0 too-big=0 format=0 no-object=0 no-record=0 table-full=0 unusable=0 backoff=0 make-failed=0 square-alloc=0 upload=0
193 pid=FFFDAE93 prim transform-ms=90 inside-ms=69 window-ms=142 assemble-ms=277 history-ms=30 fast=131093 clipped=51359 culled=50075
194 pid=FFFDAE93 paths batches/triangles untextured=134/670 hw=32351/1171005 cpu=0/0 cpu-nonsquare=0/0 hw-refused=2791/141443
195 pid=FFFDAE93 counters hwtex live=102 creates=126 create-failed=18 evictions=18 uploads=447 upload-kb=13524 squared=0 alpha-dropped=0 stubs=0 failed r4=2791 r7=0 r8=0 other=0
196 pid=FFFDAE93 hwtex create 01000080 levels=9 hr=8876017C
197 pid=FFFDAE93 hwtex create 01000080 levels=9 hr=8876017C
198 pid=FFFDAE93 hwtex create 01000080 levels=9 hr=8876017C
199 pid=FFFDAE93 hwtex create 01000080 levels=9 hr=8876017C
200 pid=FFFDAE93 hwtex create 01000080 levels=9 hr=8876017C
201 pid=FFFDAE93 hwtex create 01000080 levels=9 hr=8876017C
202 pid=FFFDAE93 time interval-ms=10002 swaps=52 present-ms=94 draw-ms=8364 upload-ms=101
203 pid=FFFDAE93 tsc frames=52 wall-ms=10002 vertex-ms=647 flush-in-vertex-ms=32 flush-other-ms=8472 bind-ms=21 iface-ms=8364 beginend-ms=4243 swap-ms=95 vertices=443851 flushes=5096 draws=5418 sink-ms=4234 sink-prep-ms=86 sinks=49698
204 pid=FFFDAE93 sink begin-ms=35 flush-ms=4112 copy-ms=21 prep-texture-ms=46 prep-state-ms=19 prep-same-ms=18
205 pid=FFFDAE93 hwno hwtex-ms=108 iface-cpu-ms=0 not-cpu=9 square-side=0 too-big=0 format=0 no-object=0 no-record=0 table-full=0 unusable=0 backoff=0 make-failed=0 square-alloc=0 upload=0
206 pid=FFFDAE93 prim transform-ms=89 inside-ms=71 window-ms=122 assemble-ms=259 history-ms=31 fast=139360 clipped=60883 culled=53894
207 pid=FFFDAE93 paths batches/triangles untextured=143/715 hw=37116/1321612 cpu=0/0 cpu-nonsquare=0/0 hw-refused=3113/158341
208 pid=FFFDAE93 counters hwtex live=102 creates=133 create-failed=24 evictions=24 uploads=482 upload-kb=14697 squared=0 alpha-dropped=0 stubs=0 failed r4=3113 r7=0 r8=0 other=0
209 pid=FFFDAE93 hwtex create 00800040 levels=8 hr=8876017C
210 pid=FFFDAE93 hwtex create 00800040 levels=8 hr=8876017C
211 pid=FFFDAE93 hwtex create 00800040 levels=8 hr=8876017C
212 pid=FFFDAE93 hwtex create 00800040 levels=8 hr=8876017C
213 pid=FFFDAE93 hwtex create 00800040 levels=8 hr=8876017C
214 pid=FFFDAE93 hwtex create 01000080 levels=9 hr=8876017C
215 pid=FFFDAE93 hwtex create 01000080 levels=9 hr=8876017C
216 pid=FFFDAE93 time interval-ms=10002 swaps=52 present-ms=95 draw-ms=8304 upload-ms=97
217 pid=FFFDAE93 tsc frames=52 wall-ms=10002 vertex-ms=721 flush-in-vertex-ms=38 flush-other-ms=8387 bind-ms=7 iface-ms=8304 beginend-ms=4880 swap-ms=96 vertices=495123 flushes=4382 draws=4656 sink-ms=4872 sink-prep-ms=91 sinks=52092
218 pid=FFFDAE93 sink begin-ms=40 flush-ms=4746 copy-ms=21 prep-texture-ms=48 prep-state-ms=20 prep-same-ms=19
219 pid=FFFDAE93 hwno hwtex-ms=105 iface-cpu-ms=0 not-cpu=4 square-side=0 too-big=0 format=0 no-object=0 no-record=0 table-full=0 unusable=0 backoff=0 make-failed=0 square-alloc=0 upload=0
220 pid=FFFDAE93 prim transform-ms=100 inside-ms=75 window-ms=135 assemble-ms=294 history-ms=33 fast=138924 clipped=81561 culled=70412
221 pid=FFFDAE93 paths batches/triangles untextured=147/735 hw=41220/1477373 cpu=0/0 cpu-nonsquare=0/0 hw-refused=3387/171986
222 pid=FFFDAE93 counters hwtex live=103 creates=148 create-failed=31 evictions=31 uploads=519 upload-kb=15846 squared=0 alpha-dropped=0 stubs=0 failed r4=3387 r7=0 r8=0 other=0
223 pid=FFFDAE93 time interval-ms=10010 swaps=50 present-ms=91 draw-ms=8533 upload-ms=29
224 pid=FFFDAE93 tsc frames=50 wall-ms=10010 vertex-ms=609 flush-in-vertex-ms=16 flush-other-ms=8567 bind-ms=10 iface-ms=8532 beginend-ms=5097 swap-ms=92 vertices=437612 flushes=4231 draws=4424 sink-ms=5069 sink-prep-ms=98 sinks=56453
225 pid=FFFDAE93 sink begin-ms=37 flush-ms=4934 copy-ms=22 prep-texture-ms=51 prep-state-ms=21 prep-same-ms=21
226 pid=FFFDAE93 hwno hwtex-ms=33 iface-cpu-ms=0 not-cpu=1 square-side=0 too-big=0 format=0 no-object=0 no-record=0 table-full=0 unusable=0 backoff=0 make-failed=0 square-alloc=0 upload=0
227 pid=FFFDAE93 prim transform-ms=88 inside-ms=69 window-ms=132 assemble-ms=215 history-ms=30 fast=144341 clipped=41074 culled=77169
228 pid=FFFDAE93 paths batches/triangles untextured=148/740 hw=45257/1639552 cpu=0/0 cpu-nonsquare=0/0 hw-refused=3580/180621
229 pid=FFFDAE93 counters hwtex live=103 creates=148 create-failed=31 evictions=31 uploads=530 upload-kb=16198 squared=0 alpha-dropped=0 stubs=0 failed r4=3580 r7=0 r8=0 other=0
230 pid=FFFDAE93 hwtex create 01000100 levels=1 hr=8876017C
231 pid=FFFDAE93 hwtex create 01000100 levels=1 hr=8876017C
232 pid=FFFDAE93 hwtex create 01000100 levels=1 hr=8876017C
233 pid=FFFDAE93 hwtex create 01000100 levels=1 hr=8876017C
234 pid=FFFDAE93 hwtex create 01000100 levels=1 hr=8876017C
235 pid=FFFDAE93 hwtex create 01000100 levels=1 hr=8876017C
236 pid=FFFDAE93 hwtex create 01000100 levels=1 hr=8876017C
237 pid=FFFDAE93 hwtex create 01000100 levels=1 hr=8876017C
238 pid=FFFDAE93 hwtex create 01000100 levels=1 hr=8876017C
239 pid=FFFDAE93 hwtex create 01000100 levels=1 hr=8876017C
240 pid=FFFDAE93 hwtex create 01000100 levels=1 hr=8876017C
241 pid=FFFDAE93 hwtex create 01000100 levels=1 hr=8876017C
242 pid=FFFDAE93 hwtex create 01000100 levels=1 hr=8876017C
243 pid=FFFDAE93 hwtex create 01000100 levels=1 hr=8876017C
244 pid=FFFDAE93 hwtex create 01000100 levels=1 hr=8876017C
245 pid=FFFDAE93 hwtex create 01000100 levels=1 hr=8876017C
246 pid=FFFDAE93 hwtex create 01000100 levels=1 hr=8876017C
247 pid=FFFDAE93 hwtex create 01000100 levels=1 hr=8876017C
248 pid=FFFDAE93 hwtex create 01000080 levels=9 hr=8876017C
249 pid=FFFDAE93 hwtex create 01000080 levels=9 hr=8876017C
250 pid=FFFDAE93 hwtex create 01000080 levels=9 hr=8876017C
251 pid=FFFDAE93 hwtex create 01000080 levels=9 hr=8876017C
252 pid=FFFDAE93 hwtex create 01000080 levels=9 hr=8876017C
253 pid=FFFDAE93 hwtex create 01000080 levels=9 hr=8876017C
254 pid=FFFDAE93 hwtex create 01000080 levels=9 hr=8876017C
255 pid=FFFDAE93 hwtex create 01000080 levels=9 hr=8876017C
256 pid=FFFDAE93 hwtex create 01000080 levels=9 hr=8876017C
257 pid=FFFDAE93 hwtex create 01000080 levels=9 hr=8876017C
258 pid=FFFDAE93 hwtex create 01000080 levels=9 hr=8876017C
259 pid=FFFDAE93 hwtex create 01000080 levels=9 hr=8876017C
260 pid=FFFDAE93 hwtex create 01000080 levels=9 hr=8876017C
261 pid=FFFDAE93 hwtex create 01000080 levels=9 hr=8876017C
262 pid=FFFDAE93 hwtex create 01000080 levels=9 hr=8876017C
263 pid=FFFDAE93 hwtex create 01000080 levels=9 hr=8876017C
264 pid=FFFDAE93 time interval-ms=10002 swaps=156 present-ms=284 draw-ms=6818 upload-ms=82
265 pid=FFFDAE93 tsc frames=156 wall-ms=10002 vertex-ms=678 flush-in-vertex-ms=20 flush-other-ms=6910 bind-ms=8 iface-ms=6818 beginend-ms=4032 swap-ms=285 vertices=491016 flushes=4630 draws=5707 sink-ms=3995 sink-prep-ms=121 sinks=73289
266 pid=FFFDAE93 sink begin-ms=47 flush-ms=3830 copy-ms=25 prep-texture-ms=61 prep-state-ms=27 prep-same-ms=27
267 pid=FFFDAE93 hwno hwtex-ms=95 iface-cpu-ms=0 not-cpu=113 square-side=0 too-big=0 format=0 no-object=0 no-record=0 table-full=0 unusable=0 backoff=0 make-failed=0 square-alloc=0 upload=0
268 pid=FFFDAE93 prim transform-ms=98 inside-ms=78 window-ms=141 assemble-ms=243 history-ms=35 fast=165942 clipped=51028 culled=65272
269 pid=FFFDAE93 paths batches/triangles untextured=261/975 hw=48697/1768644 cpu=0/0 cpu-nonsquare=0/0 hw-refused=4657/242142
270 pid=FFFDAE93 counters hwtex live=104 creates=199 create-failed=65 evictions=65 uploads=555 upload-kb=17151 squared=0 alpha-dropped=221 stubs=0 failed r4=4657 r7=0 r8=0 other=0
271 pid=FFFDAE93 time interval-ms=10000 swaps=54 present-ms=97 draw-ms=8158 upload-ms=71
272 pid=FFFDAE93 tsc frames=54 wall-ms=10000 vertex-ms=801 flush-in-vertex-ms=42 flush-other-ms=8211 bind-ms=10 iface-ms=8157 beginend-ms=5288 swap-ms=98 vertices=562837 flushes=4704 draws=4964 sink-ms=5273 sink-prep-ms=109 sinks=62257
273 pid=FFFDAE93 sink begin-ms=48 flush-ms=5124 copy-ms=24 prep-texture-ms=58 prep-state-ms=23 prep-same-ms=23
274 pid=FFFDAE93 hwno hwtex-ms=76 iface-cpu-ms=0 not-cpu=30 square-side=0 too-big=0 format=0 no-object=0 no-record=0 table-full=0 unusable=0 backoff=0 make-failed=0 square-alloc=0 upload=0
275 pid=FFFDAE93 prim transform-ms=113 inside-ms=86 window-ms=157 assemble-ms=310 history-ms=39 fast=159013 clipped=82339 culled=88275
276 pid=FFFDAE93 paths batches/triangles untextured=291/1125 hw=53111/1942607 cpu=0/0 cpu-nonsquare=0/0 hw-refused=4917/255070
277 pid=FFFDAE93 counters hwtex live=104 creates=204 create-failed=65 evictions=65 uploads=584 upload-kb=17991 squared=0 alpha-dropped=221 stubs=0 failed r4=4917 r7=0 r8=0 other=0
278 pid=FFFDAE93 hwtex create 01000080 levels=9 hr=8876017C
279 pid=FFFDAE93 hwtex create 01000080 levels=9 hr=8876017C
280 pid=FFFDAE93 hwtex create 01000080 levels=9 hr=8876017C
281 pid=FFFDAE93 hwtex create 01000080 levels=9 hr=8876017C
282 pid=FFFDAE93 hwtex create 00800080 levels=1 hr=8876017C
283 pid=FFFDAE93 hwtex create 00800080 levels=1 hr=8876017C
284 pid=FFFDAE93 hwtex create 01000080 levels=9 hr=8876017C
285 pid=FFFDAE93 time interval-ms=10000 swaps=67 present-ms=123 draw-ms=8105 upload-ms=204
286 pid=FFFDAE93 tsc frames=67 wall-ms=10000 vertex-ms=702 flush-in-vertex-ms=74 flush-other-ms=8262 bind-ms=10 iface-ms=8105 beginend-ms=4123 swap-ms=123 vertices=466358 flushes=4017 draws=4407 sink-ms=4161 sink-prep-ms=76 sinks=43775
287 pid=FFFDAE93 sink begin-ms=33 flush-ms=4054 copy-ms=19 prep-texture-ms=40 prep-state-ms=17 prep-same-ms=16
288 pid=FFFDAE93 hwno hwtex-ms=213 iface-cpu-ms=0 not-cpu=6 square-side=0 too-big=0 format=0 no-object=0 no-record=0 table-full=0 unusable=0 backoff=0 make-failed=0 square-alloc=0 upload=0
289 pid=FFFDAE93 prim transform-ms=94 inside-ms=70 window-ms=118 assemble-ms=310 history-ms=31 fast=125561 clipped=74323 culled=50212
290 pid=FFFDAE93 paths batches/triangles untextured=297/1155 hw=56732/2073379 cpu=0/0 cpu-nonsquare=0/0 hw-refused=5307/275869
291 pid=FFFDAE93 counters hwtex live=104 creates=222 create-failed=72 evictions=72 uploads=660 upload-kb=20395 squared=0 alpha-dropped=221 stubs=0 failed r4=5307 r7=0 r8=0 other=0
292 pid=FFFDAE93 hwtex create 00400040 levels=7 hr=8876017C
293 pid=FFFDAE93 hwtex create 00400040 levels=7 hr=8876017C
294 pid=FFFDAE93 hwtex create 00800080 levels=1 hr=8876017C
295 pid=FFFDAE93 hwtex create 01000040 levels=9 hr=8876017C
296 pid=FFFDAE93 time interval-ms=10000 swaps=67 present-ms=123 draw-ms=8166 upload-ms=153
297 pid=FFFDAE93 tsc frames=67 wall-ms=10000 vertex-ms=720 flush-in-vertex-ms=90 flush-other-ms=8255 bind-ms=11 iface-ms=8166 beginend-ms=4086 swap-ms=123 vertices=460322 flushes=4477 draws=5024 sink-ms=4140 sink-prep-ms=78 sinks=44714
298 pid=FFFDAE93 sink begin-ms=33 flush-ms=4030 copy-ms=20 prep-texture-ms=42 prep-state-ms=17 prep-same-ms=16
299 pid=FFFDAE93 hwno hwtex-ms=160 iface-cpu-ms=0 not-cpu=26 square-side=0 too-big=0 format=0 no-object=0 no-record=0 table-full=0 unusable=0 backoff=0 make-failed=0 square-alloc=0 upload=0
300 pid=FFFDAE93 prim transform-ms=92 inside-ms=71 window-ms=125 assemble-ms=323 history-ms=30 fast=134124 clipped=61321 culled=49395
301 pid=FFFDAE93 paths batches/triangles untextured=323/1285 hw=60636/2206463 cpu=0/0 cpu-nonsquare=0/0 hw-refused=5854/305401
302 pid=FFFDAE93 counters hwtex live=104 creates=239 create-failed=76 evictions=76 uploads=724 upload-kb=22180 squared=0 alpha-dropped=221 stubs=0 failed r4=5854 r7=0 r8=0 other=0
303 pid=FFFDAE93 hwtex create 00800080 levels=1 hr=8876017C
304 pid=FFFDAE93 hwtex create 00800080 levels=1 hr=8876017C
305 pid=FFFDAE93 hwtex create 01000080 levels=9 hr=8876017C
306 pid=FFFDAE93 hwtex create 01000080 levels=9 hr=8876017C
307 pid=FFFDAE93 hwtex create 01000080 levels=9 hr=8876017C
308 pid=FFFDAE93 hwtex create 01000080 levels=9 hr=8876017C
309 pid=FFFDAE93 time interval-ms=10002 swaps=60 present-ms=108 draw-ms=8430 upload-ms=38
310 pid=FFFDAE93 tsc frames=60 wall-ms=10002 vertex-ms=639 flush-in-vertex-ms=37 flush-other-ms=8456 bind-ms=10 iface-ms=8430 beginend-ms=5226 swap-ms=109 vertices=438056 flushes=4392 draws=4683 sink-ms=5219 sink-prep-ms=90 sinks=51753
311 pid=FFFDAE93 sink begin-ms=38 flush-ms=5094 copy-ms=21 prep-texture-ms=48 prep-state-ms=20 prep-same-ms=19
312 pid=FFFDAE93 hwno hwtex-ms=45 iface-cpu-ms=0 not-cpu=3 square-side=0 too-big=0 format=0 no-object=0 no-record=0 table-full=0 unusable=0 backoff=0 make-failed=0 square-alloc=0 upload=0
313 pid=FFFDAE93 prim transform-ms=88 inside-ms=69 window-ms=127 assemble-ms=251 history-ms=30 fast=137758 clipped=53062 culled=64226
314 pid=FFFDAE93 paths batches/triangles untextured=326/1300 hw=64734/2356717 cpu=0/0 cpu-nonsquare=0/0 hw-refused=6145/318733
315 pid=FFFDAE93 counters hwtex live=104 creates=249 create-failed=82 evictions=82 uploads=736 upload-kb=22638 squared=0 alpha-dropped=221 stubs=0 failed r4=6145 r7=0 r8=0 other=0
316 pid=FFFDAE93 hwtex create 01000100 levels=1 hr=8876017C
317 pid=FFFDAE93 hwtex create 01000100 levels=1 hr=8876017C
318 pid=FFFDAE93 hwtex create 01000100 levels=1 hr=8876017C
319 pid=FFFDAE93 hwtex create 01000100 levels=1 hr=8876017C
320 pid=FFFDAE93 hwtex create 01000100 levels=1 hr=8876017C
321 pid=FFFDAE93 hwtex create 01000100 levels=1 hr=8876017C
322 pid=FFFDAE93 hwtex create 01000100 levels=1 hr=8876017C
323 pid=FFFDAE93 hwtex create 01000100 levels=1 hr=8876017C
324 pid=FFFDAE93 hwtex create 01000100 levels=1 hr=8876017C
325 pid=FFFDAE93 hwtex create 01000100 levels=1 hr=8876017C
326 pid=FFFDAE93 hwtex create 01000100 levels=1 hr=8876017C
327 pid=FFFDAE93 hwtex create 01000100 levels=1 hr=8876017C
328 pid=FFFDAE93 hwtex create 01000100 levels=1 hr=8876017C
329 pid=FFFDAE93 hwtex create 01000100 levels=1 hr=8876017C
330 pid=FFFDAE93 hwtex create 01000100 levels=1 hr=8876017C
331 pid=FFFDAE93 hwtex create 01000100 levels=1 hr=8876017C
332 pid=FFFDAE93 hwtex create 01000100 levels=1 hr=8876017C
333 pid=FFFDAE93 hwtex create 01000100 levels=1 hr=8876017C
334 pid=FFFDAE93 hwtex create 01000100 levels=1 hr=8876017C
335 pid=FFFDAE93 hwtex create 01000100 levels=1 hr=8876017C
336 pid=FFFDAE93 hwtex create 01000100 levels=1 hr=8876017C
337 pid=FFFDAE93 hwtex create 01000100 levels=1 hr=8876017C
338 pid=FFFDAE93 hwtex create 01000100 levels=1 hr=8876017C
339 pid=FFFDAE93 hwtex create 01000100 levels=1 hr=8876017C
340 pid=FFFDAE93 hwtex create 01000100 levels=1 hr=8876017C
341 pid=FFFDAE93 hwtex create 01000100 levels=1 hr=8876017C
342 pid=FFFDAE93 DrvReleaseContext context=1 -> 1
343 pid=FFFDAE93 paths batches/triangles untextured=336/1350 hw=65786/2393351 cpu=0/0 cpu-nonsquare=0/0 hw-refused=6574/344259
344 pid=FFFDAE93 counters hwtex live=0 creates=277 create-failed=108 evictions=108 uploads=744 upload-kb=22968 squared=0 alpha-dropped=242 stubs=0 failed r4=6574 r7=0 r8=0 other=0
345 pid=FFFDAE93 DrvDeleteContext context=1 -> 1
346 pid=FFFDAE93 detach slots-called=0 stub-calls=0
1 pid=FFFD645B attach instance=01CF0000 tls=11 build-marker=1
2 pid=FFFD645B DrvValidateVersion version=1
3 pid=FFFD645B DrvSetCallbackProcs count=3 procs=78B23978
4 pid=FFFD645B describe result=0 engine=5 formats=00000002
5 pid=FFFD645B DrvDescribePixelFormat index=1 bytes=0 -> count=1
6 pid=FFFD645B DrvDescribePixelFormat index=1 bytes=40 -> count=1
7 pid=FFFD645B DrvDescribePixelFormat index=1 bytes=0 -> count=1
8 pid=FFFD645B DrvDescribePixelFormat index=1 bytes=0 -> count=1
9 pid=FFFD645B DrvDescribePixelFormat index=1 bytes=0 -> count=1
10 pid=FFFD645B DrvDescribePixelFormat index=1 bytes=0 -> count=1
11 pid=FFFD645B DrvDescribePixelFormat index=1 bytes=0 -> count=1
12 pid=FFFD645B DrvDescribePixelFormat index=1 bytes=0 -> count=1
13 pid=FFFD645B DrvDescribePixelFormat index=1 bytes=0 -> count=1
14 pid=FFFD645B DrvDescribePixelFormat index=1 bytes=0 -> count=1
15 pid=FFFD645B DrvDescribePixelFormat index=1 bytes=0 -> count=1
16 pid=FFFD645B DrvDescribePixelFormat index=1 bytes=0 -> count=1
17 pid=FFFD645B DrvDescribePixelFormat index=1 bytes=0 -> count=1
18 pid=FFFD645B DrvDescribePixelFormat index=1 bytes=0 -> count=1
19 pid=FFFD645B DrvDescribePixelFormat index=1 bytes=0 -> count=1
20 pid=FFFD645B DrvDescribePixelFormat index=1 bytes=0 -> count=1
21 pid=FFFD645B DrvDescribePixelFormat index=1 bytes=0 -> count=1
22 pid=FFFD645B DrvDescribePixelFormat index=1 bytes=0 -> count=1
23 pid=FFFD645B DrvDescribePixelFormat index=1 bytes=0 -> count=1
24 pid=FFFD645B DrvDescribePixelFormat index=1 bytes=0 -> count=1
25 pid=FFFD645B DrvDescribePixelFormat index=1 bytes=0 -> count=1
26 pid=FFFD645B DrvDescribePixelFormat index=1 bytes=0 -> count=1
27 pid=FFFD645B DrvDescribePixelFormat index=1 bytes=0 -> count=1
28 pid=FFFD645B DrvDescribePixelFormat index=1 bytes=0 -> count=1
29 pid=FFFD645B DrvDescribePixelFormat index=1 bytes=0 -> count=1
30 pid=FFFD645B DrvDescribePixelFormat index=1 bytes=0 -> count=1
31 pid=FFFD645B DrvDescribePixelFormat index=1 bytes=0 -> count=1
32 pid=FFFD645B DrvSetPixelFormat hdc=0000077E index=1
33 pid=FFFD645B DrvDescribePixelFormat index=1 bytes=0 -> count=1
34 pid=FFFD645B DrvDescribePixelFormat index=1 bytes=40 -> count=1
35 pid=FFFD645B DrvDescribePixelFormat index=1 bytes=0 -> count=1
36 pid=FFFD645B DrvDescribePixelFormat index=1 bytes=40 -> count=1
37 pid=FFFD645B DrvCreateLayerContext hdc=0000077E layer=0 -> 1
38 pid=FFFD645B drawable window=0000015C 640x480
39 pid=FFFD645B DrvSetContext hdc=0000077E context=1 -> 1
40 pid=FFFD645B state tex=1158 size=00400040 tex=01010101 blend=00050600 depth=01040102 colour=FFFFFFFF mask=7 scissor=0,0,640,480 fog=0
41 pid=FFFD645B time interval-ms=61902 swaps=0 present-ms=0 draw-ms=801970496 upload-ms=1
42 pid=FFFD645B tsc frames=0 wall-ms=61902 vertex-ms=7474 flush-in-vertex-ms=0 flush-other-ms=10266163 bind-ms=3645 iface-ms=9805935 beginend-ms=4256196 swap-ms=0 vertices=18 flushes=1 draws=1 sink-ms=4230062 sink-prep-ms=4228154 sinks=4
43 pid=FFFD645B sink begin-ms=3947832 flush-ms=0 copy-ms=1024 prep-texture-ms=4227036 prep-state-ms=614 prep-same-ms=419
44 pid=FFFD645B hwno hwtex-ms=380053 iface-cpu-ms=0 not-cpu=0 square-side=0 too-big=0 format=0 no-object=0 no-record=0 table-full=0 unusable=0 backoff=0 make-failed=0 square-alloc=0 upload=0
45 pid=FFFD645B prim transform-ms=1300 inside-ms=997 window-ms=1626 assemble-ms=2114 history-ms=405 fast=10 clipped=0 culled=0
46 pid=FFFD645B paths batches/triangles untextured=0/0 hw=1/10 cpu=0/0 cpu-nonsquare=0/0 hw-refused=0/0
47 pid=FFFD645B counters hwtex live=1 creates=1 create-failed=0 evictions=0 uploads=1 upload-kb=10 squared=0 alpha-dropped=0 stubs=0 failed r4=0 r7=0 r8=0 other=0
48 pid=FFFD645B state tex=1162 size=00400040 tex=01010101 blend=00050600 depth=01040102 colour=FFFFFFFF mask=7 scissor=0,0,640,480 fog=0
49 pid=FFFD645B state tex=1163 size=00100010 tex=01010101 blend=00050600 depth=01040102 colour=FFFFFFFF mask=7 scissor=0,0,640,480 fog=0
50 pid=FFFD645B state tex=1168 size=00100010 tex=01010101 blend=00050600 depth=01040102 colour=FFFFFFFF mask=7 scissor=0,0,640,480 fog=0
51 pid=FFFD645B state tex=1172 size=00400040 tex=01010101 blend=00050600 depth=01040102 colour=FFFFFFFF mask=7 scissor=0,0,640,480 fog=0
52 pid=FFFD645B state tex=1180 size=00400040 tex=01010101 blend=00050600 depth=01040102 colour=FFFFFFFF mask=7 scissor=0,0,640,480 fog=0
53 pid=FFFD645B state tex=1184 size=00400040 tex=01010101 blend=00050600 depth=01040102 colour=FFFFFFFF mask=7 scissor=0,0,640,480 fog=0
54 pid=FFFD645B state tex=1185 size=00400040 tex=01010101 blend=00050600 depth=01040102 colour=FFFFFFFF mask=7 scissor=0,0,640,480 fog=0
55 pid=FFFD645B state tex=1188 size=00400040 tex=01010101 blend=00050600 depth=01040102 colour=FFFFFFFF mask=7 scissor=0,0,640,480 fog=0
56 pid=FFFD645B state tex=1191 size=00400040 tex=01010101 blend=00050600 depth=01040102 colour=FFFFFFFF mask=7 scissor=0,0,640,480 fog=0
57 pid=FFFD645B state tex=1206 size=00400040 tex=01010101 blend=00050600 depth=01040102 colour=FFFFFFFF mask=7 scissor=0,0,640,480 fog=0
58 pid=FFFD645B state tex=1210 size=00800080 tex=01010101 blend=00050600 depth=01040102 colour=FFFFFFFF mask=7 scissor=0,0,640,480 fog=0
59 pid=FFFD645B state tex=1214 size=00400040 tex=01010101 blend=00050600 depth=01040102 colour=FFFFFFFF mask=7 scissor=0,0,640,480 fog=0
60 pid=FFFD645B state tex=1216 size=00400040 tex=01010101 blend=00050600 depth=01040102 colour=FFFFFFFF mask=7 scissor=0,0,640,480 fog=0
61 pid=FFFD645B state tex=1218 size=00400040 tex=01010101 blend=00050600 depth=01040102 colour=FFFFFFFF mask=7 scissor=0,0,640,480 fog=0
62 pid=FFFD645B state tex=1225 size=00400040 tex=01010101 blend=00050600 depth=01040102 colour=FFFFFFFF mask=7 scissor=0,0,640,480 fog=0
63 pid=FFFD645B state tex=1226 size=00400040 tex=01010101 blend=00050600 depth=01040102 colour=FFFFFFFF mask=7 scissor=0,0,640,480 fog=0
64 pid=FFFD645B state tex=1264 size=00400040 tex=01010101 blend=00050600 depth=01040102 colour=FFFFFFFF mask=7 scissor=0,0,640,480 fog=0
65 pid=FFFD645B state tex=1269 size=00400040 tex=01010101 blend=00050600 depth=01040102 colour=FFFFFFFF mask=7 scissor=0,0,640,480 fog=0
66 pid=FFFD645B state tex=1273 size=00200080 tex=01010101 blend=00050600 depth=01040102 colour=FFFFFFFF mask=7 scissor=0,0,640,480 fog=0
67 pid=FFFD645B state tex=1278 size=00400040 tex=01010101 blend=00050600 depth=01040102 colour=FFFFFFFF mask=7 scissor=0,0,640,480 fog=0
68 pid=FFFD645B state tex=1281 size=00400040 tex=01010101 blend=00050600 depth=01040102 colour=FFFFFFFF mask=7 scissor=0,0,640,480 fog=0
69 pid=FFFD645B state tex=1282 size=00400040 tex=01010101 blend=00050600 depth=01040102 colour=FFFFFFFF mask=7 scissor=0,0,640,480 fog=0
70 pid=FFFD645B state tex=1025 size=00800080 tex=01010101 blend=01010300 depth=01040001 colour=FFFFFFFF mask=7 scissor=0,0,640,480 fog=0
71 pid=FFFD645B state tex=1026 size=00800080 tex=01010101 blend=01010300 depth=01040001 colour=FFFFFFFF mask=7 scissor=0,0,640,480 fog=0
72 pid=FFFD645B state tex=1027 size=00800080 tex=01010101 blend=01010300 depth=01040001 colour=FFFFFFFF mask=7 scissor=0,0,640,480 fog=0
73 pid=FFFD645B state tex=1030 size=00800080 tex=01010101 blend=01010300 depth=01040001 colour=FFFFFFFF mask=7 scissor=0,0,640,480 fog=0
74 pid=FFFD645B state tex=1376 size=01000080 tex=01040201 blend=00050600 depth=01040102 colour=FF94774B mask=7 scissor=0,0,640,480 fog=0
75 pid=FFFD645B state tex=1380 size=01000080 tex=01040201 blend=00050600 depth=01040102 colour=FF463827 mask=7 scissor=0,0,640,480 fog=0
76 pid=FFFD645B state tex=1382 size=00800020 tex=01040201 blend=00050600 depth=01040102 colour=FF6F562E mask=7 scissor=0,0,640,480 fog=0
77 pid=FFFD645B state tex=1384 size=00800020 tex=01010200 blend=00050600 depth=01040102 colour=FF4D4231 mask=7 scissor=0,0,640,480 fog=0
78 pid=FFFD645B state tex=1389 size=01000080 tex=01040201 blend=00050600 depth=01040102 colour=FF5F5343 mask=7 scissor=0,0,640,480 fog=0
79 pid=FFFD645B state tex=1390 size=00800040 tex=01040201 blend=00050600 depth=01040102 colour=FF7F6F57 mask=7 scissor=0,0,640,480 fog=0
80 pid=FFFD645B state tex=1391 size=00400040 tex=01010200 blend=00050600 depth=01040102 colour=FF968569 mask=7 scissor=0,0,640,480 fog=0
81 pid=FFFD645B state tex=1393 size=00800040 tex=01040201 blend=00050600 depth=01040102 colour=FFFFFFE8 mask=7 scissor=0,0,640,480 fog=0
82 pid=FFFD645B state tex=1396 size=00800040 tex=01040201 blend=00050600 depth=01040102 colour=FF9C8964 mask=7 scissor=0,0,640,480 fog=0
83 pid=FFFD645B state tex=1401 size=01000080 tex=01040201 blend=00050600 depth=01040102 colour=FFFFFFED mask=7 scissor=0,0,640,480 fog=0
84 pid=FFFD645B state tex=1409 size=01000080 tex=01040201 blend=00050600 depth=01040102 colour=FF4D4137 mask=7 scissor=0,0,640,480 fog=0
85 pid=FFFD645B state tex=1152 size=01000100 tex=01040101 blend=00050601 depth=00040101 colour=FFFFFFFF mask=7 scissor=0,0,640,480 fog=0
86 pid=FFFD645B refused tex=1152 size=01000100 tex=02040101 blend=00050601 depth=00040101 colour=FFFFFFFF mask=7 scissor=0,0,640,480 fog=0
87 pid=FFFD645B draw result=4 triangles=18 submitted=0
88 pid=FFFD645B   v0 sx=439E0000 sy=436C0000 sz=3F000000 rhw=3F800000 tu=3F70028F tv=3823D70A
89 pid=FFFD645B   v1 sx=43A20000 sy=436C0000 sz=3F000000 rhw=3F800000 tu=3F77FD71 tv=3823D70A
90 pid=FFFD645B   v2 sx=43A20000 sy=43740002 sz=3F000000 rhw=3F800000 tu=3F77FD71 tv=3CFFAE14
91 pid=FFFD645B draw result=4 triangles=18 submitted=0
92 pid=FFFD645B   v0 sx=439E0000 sy=436C0000 sz=3F000000 rhw=3F800000 tu=3F70028F tv=3823D70A
93 pid=FFFD645B   v1 sx=43A20000 sy=436C0000 sz=3F000000 rhw=3F800000 tu=3F77FD71 tv=3823D70A
94 pid=FFFD645B   v2 sx=43A20000 sy=43740002 sz=3F000000 rhw=3F800000 tu=3F77FD71 tv=3CFFAE14
95 pid=FFFD645B draw result=4 triangles=18 submitted=0
96 pid=FFFD645B   v0 sx=439E0000 sy=436C0000 sz=3F000000 rhw=3F800000 tu=3F70028F tv=3823D70A
97 pid=FFFD645B   v1 sx=43A20000 sy=436C0000 sz=3F000000 rhw=3F800000 tu=3F77FD71 tv=3823D70A
98 pid=FFFD645B   v2 sx=43A20000 sy=43740002 sz=3F000000 rhw=3F800000 tu=3F77FD71 tv=3CFFAE14
99 pid=FFFD645B draw result=4 triangles=18 submitted=0
100 pid=FFFD645B   v0 sx=439E0000 sy=436C0000 sz=3F000000 rhw=3F800000 tu=3F70028F tv=3823D70A
101 pid=FFFD645B   v1 sx=43A20000 sy=436C0000 sz=3F000000 rhw=3F800000 tu=3F77FD71 tv=3823D70A
102 pid=FFFD645B   v2 sx=43A20000 sy=43740002 sz=3F000000 rhw=3F800000 tu=3F77FD71 tv=3CFFAE14
103 pid=FFFD645B draw result=4 triangles=18 submitted=0
104 pid=FFFD645B   v0 sx=439E0000 sy=436C0000 sz=3F000000 rhw=3F800000 tu=3F70028F tv=3823D70A
105 pid=FFFD645B   v1 sx=43A20000 sy=436C0000 sz=3F000000 rhw=3F800000 tu=3F77FD71 tv=3823D70A
106 pid=FFFD645B   v2 sx=43A20000 sy=43740002 sz=3F000000 rhw=3F800000 tu=3F77FD71 tv=3CFFAE14
107 pid=FFFD645B draw result=4 triangles=18 submitted=0
108 pid=FFFD645B   v0 sx=439E0000 sy=436C0000 sz=3F000000 rhw=3F800000 tu=3F70028F tv=3823D70A
109 pid=FFFD645B   v1 sx=43A20000 sy=436C0000 sz=3F000000 rhw=3F800000 tu=3F77FD71 tv=3823D70A
110 pid=FFFD645B   v2 sx=43A20000 sy=43740002 sz=3F000000 rhw=3F800000 tu=3F77FD71 tv=3CFFAE14
111 pid=FFFD645B state tex=1267 size=00400020 tex=01010101 blend=00050600 depth=01040102 colour=FFFFFFFF mask=7 scissor=0,0,640,480 fog=0
112 pid=FFFD645B state tex=1268 size=00400040 tex=01010101 blend=00050600 depth=01040102 colour=FFFFFFFF mask=7 scissor=0,0,640,480 fog=0
113 pid=FFFD645B state tex=1266 size=00400020 tex=01010101 blend=00050600 depth=01040102 colour=FFFFFFFF mask=7 scissor=0,0,640,480 fog=0
114 pid=FFFD645B state tex=1024 size=00800080 tex=01010101 blend=01010300 depth=01040001 colour=FFFFFFFF mask=7 scissor=0,0,640,480 fog=0
115 pid=FFFD645B state tex=1381 size=01000080 tex=01040201 blend=00050600 depth=01040102 colour=FF9C8D54 mask=7 scissor=0,0,640,480 fog=0
116 pid=FFFD645B state tex=1342 size=00800040 tex=01010200 blend=01050600 depth=01040002 colour=AA6D6153 mask=7 scissor=0,0,640,480 fog=0
117 pid=FFFD645B state tex=1153 size=00080008 tex=01040202 blend=01050600 depth=01040002 colour=FF730700 mask=7 scissor=0,0,640,480 fog=0
118 pid=FFFD645B refused tex=1153 size=00080008 tex=02040202 blend=01050600 depth=01040002 colour=D4730700 mask=7 scissor=0,0,640,480 fog=0
119 pid=FFFD645B time interval-ms=10005 swaps=34 present-ms=193 draw-ms=8062 upload-ms=114
120 pid=FFFD645B tsc frames=34 wall-ms=10005 vertex-ms=428 flush-in-vertex-ms=17 flush-other-ms=8187 bind-ms=6 iface-ms=8062 beginend-ms=4408 swap-ms=193 vertices=290652 flushes=2630 draws=2757 sink-ms=4394 sink-prep-ms=60 sinks=34017
121 pid=FFFD645B sink begin-ms=26 flush-ms=4312 copy-ms=13 prep-texture-ms=32 prep-state-ms=13 prep-same-ms=12
122 pid=FFFD645B hwno hwtex-ms=120 iface-cpu-ms=0 not-cpu=0 square-side=0 too-big=0 format=0 no-object=0 no-record=0 table-full=0 unusable=0 backoff=0 make-failed=0 square-alloc=0 upload=0
123 pid=FFFD645B prim transform-ms=58 inside-ms=45 window-ms=84 assemble-ms=171 history-ms=20 fast=82789 clipped=41065 culled=48414
124 pid=FFFD645B paths batches/triangles untextured=0/0 hw=2504/95566 cpu=0/0 cpu-nonsquare=0/0 hw-refused=127/6196
125 pid=FFFD645B counters hwtex live=46 creates=46 create-failed=0 evictions=0 uploads=50 upload-kb=1302 squared=0 alpha-dropped=0 stubs=0 failed r4=127 r7=0 r8=0 other=0
126 pid=FFFD645B state tex=1153 size=00000000 tex=00000000 blend=01050600 depth=00040100 colour=33FF0000 mask=7 scissor=0,0,640,480 fog=0
127 pid=FFFD645B state tex=1361 size=01000080 tex=01040201 blend=00050600 depth=01040102 colour=FFA99362 mask=7 scissor=0,0,640,480 fog=0
128 pid=FFFD645B time interval-ms=10001 swaps=35 present-ms=179 draw-ms=8100 upload-ms=60
129 pid=FFFD645B tsc frames=35 wall-ms=10001 vertex-ms=469 flush-in-vertex-ms=13 flush-other-ms=8161 bind-ms=6 iface-ms=8099 beginend-ms=4678 swap-ms=180 vertices=332581 flushes=2819 draws=2941 sink-ms=4657 sink-prep-ms=65 sinks=36852
130 pid=FFFD645B sink begin-ms=29 flush-ms=4569 copy-ms=14 prep-texture-ms=34 prep-state-ms=14 prep-same-ms=13
131 pid=FFFD645B hwno hwtex-ms=63 iface-cpu-ms=0 not-cpu=18 square-side=0 too-big=0 format=0 no-object=0 no-record=0 table-full=0 unusable=0 backoff=0 make-failed=0 square-alloc=0 upload=0
132 pid=FFFD645B prim transform-ms=67 inside-ms=51 window-ms=91 assemble-ms=180 history-ms=23 fast=89186 clipped=54672 culled=52795
133 pid=FFFD645B paths batches/triangles untextured=18/90 hw=5183/198613 cpu=0/0 cpu-nonsquare=0/0 hw-refused=249/11696
134 pid=FFFD645B counters hwtex live=50 creates=50 create-failed=0 evictions=0 uploads=72 upload-kb=1993 squared=0 alpha-dropped=0 stubs=0 failed r4=249 r7=0 r8=0 other=0
135 pid=FFFD645B time interval-ms=10008 swaps=34 present-ms=174 draw-ms=7981 upload-ms=75
136 pid=FFFD645B tsc frames=34 wall-ms=10008 vertex-ms=566 flush-in-vertex-ms=37 flush-other-ms=8048 bind-ms=8 iface-ms=7981 beginend-ms=5164 swap-ms=174 vertices=399117 flushes=3264 draws=3568 sink-ms=5165 sink-prep-ms=74 sinks=42160
137 pid=FFFD645B sink begin-ms=31 flush-ms=5064 copy-ms=17 prep-texture-ms=39 prep-state-ms=16 prep-same-ms=15
138 pid=FFFD645B hwno hwtex-ms=90 iface-cpu-ms=0 not-cpu=17 square-side=0 too-big=0 format=0 no-object=0 no-record=0 table-full=0 unusable=0 backoff=0 make-failed=0 square-alloc=0 upload=0
139 pid=FFFD645B prim transform-ms=80 inside-ms=62 window-ms=114 assemble-ms=215 history-ms=27 fast=118710 clipped=48178 culled=58915
140 pid=FFFD645B paths batches/triangles untextured=35/175 hw=8126/317285 cpu=0/0 cpu-nonsquare=0/0 hw-refused=553/28521
141 pid=FFFD645B counters hwtex live=60 creates=60 create-failed=0 evictions=0 uploads=101 upload-kb=2876 squared=0 alpha-dropped=0 stubs=0 failed r4=553 r7=0 r8=0 other=0
142 pid=FFFD645B time interval-ms=10005 swaps=40 present-ms=205 draw-ms=8091 upload-ms=142
143 pid=FFFD645B tsc frames=40 wall-ms=10005 vertex-ms=329 flush-in-vertex-ms=25 flush-other-ms=8222 bind-ms=6 iface-ms=8091 beginend-ms=3479 swap-ms=205 vertices=224376 flushes=1921 draws=2059 sink-ms=3486 sink-prep-ms=35 sinks=19732
144 pid=FFFD645B sink begin-ms=16 flush-ms=3438 copy-ms=9 prep-texture-ms=18 prep-state-ms=8 prep-same-ms=7
145 pid=FFFD645B hwno hwtex-ms=146 iface-cpu-ms=0 not-cpu=4 square-side=0 too-big=0 format=0 no-object=0 no-record=0 table-full=0 unusable=0 backoff=0 make-failed=0 square-alloc=0 upload=0
146 pid=FFFD645B prim transform-ms=45 inside-ms=33 window-ms=50 assemble-ms=148 history-ms=15 fast=53115 clipped=45731 culled=20306
147 pid=FFFD645B paths batches/triangles untextured=39/195 hw=9905/377091 cpu=0/0 cpu-nonsquare=0/0 hw-refused=691/35221
148 pid=FFFD645B counters hwtex live=70 creates=70 create-failed=0 evictions=0 uploads=155 upload-kb=4502 squared=0 alpha-dropped=0 stubs=0 failed r4=691 r7=0 r8=0 other=0
149 pid=FFFD645B time interval-ms=10001 swaps=39 present-ms=201 draw-ms=8176 upload-ms=84
150 pid=FFFD645B tsc frames=39 wall-ms=10001 vertex-ms=363 flush-in-vertex-ms=52 flush-other-ms=8222 bind-ms=6 iface-ms=8175 beginend-ms=3738 swap-ms=200 vertices=225926 flushes=2223 draws=2497 sink-ms=3772 sink-prep-ms=41 sinks=23510
151 pid=FFFD645B sink begin-ms=16 flush-ms=3714 copy-ms=11 prep-texture-ms=22 prep-state-ms=9 prep-same-ms=8
152 pid=FFFD645B hwno hwtex-ms=87 iface-cpu-ms=0 not-cpu=7 square-side=0 too-big=0 format=0 no-object=0 no-record=0 table-full=0 unusable=0 backoff=0 make-failed=0 square-alloc=0 upload=0
153 pid=FFFD645B prim transform-ms=45 inside-ms=35 window-ms=63 assemble-ms=166 history-ms=15 fast=70480 clipped=27054 culled=22380
154 pid=FFFD645B paths batches/triangles untextured=46/230 hw=11847/447926 cpu=0/0 cpu-nonsquare=0/0 hw-refused=965/49844
155 pid=FFFD645B counters hwtex live=72 creates=72 create-failed=0 evictions=0 uploads=185 upload-kb=5504 squared=0 alpha-dropped=0 stubs=0 failed r4=965 r7=0 r8=0 other=0
156 pid=FFFD645B time interval-ms=10005 swaps=37 present-ms=189 draw-ms=8097 upload-ms=115
157 pid=FFFD645B tsc frames=37 wall-ms=10005 vertex-ms=436 flush-in-vertex-ms=48 flush-other-ms=8179 bind-ms=6 iface-ms=8097 beginend-ms=3935 swap-ms=189 vertices=286937 flushes=2715 draws=3008 sink-ms=3961 sink-prep-ms=47 sinks=26966
158 pid=FFFD645B sink begin-ms=20 flush-ms=3895 copy-ms=12 prep-texture-ms=25 prep-state-ms=10 prep-same-ms=10
159 pid=FFFD645B hwno hwtex-ms=119 iface-cpu-ms=0 not-cpu=19 square-side=0 too-big=0 format=0 no-object=0 no-record=0 table-full=0 unusable=0 backoff=0 make-failed=0 square-alloc=0 upload=0
160 pid=FFFD645B prim transform-ms=57 inside-ms=44 window-ms=76 assemble-ms=192 history-ms=19 fast=79367 clipped=40985 culled=32293
161 pid=FFFD645B paths batches/triangles untextured=65/325 hw=14250/528305 cpu=0/0 cpu-nonsquare=0/0 hw-refused=1258/65655
162 pid=FFFD645B counters hwtex live=86 creates=86 create-failed=0 evictions=0 uploads=234 upload-kb=6787 squared=0 alpha-dropped=0 stubs=0 failed r4=1258 r7=0 r8=0 other=0
163 pid=FFFD645B refused tex=1155 size=00800080 tex=02040101 blend=00050601 depth=00040101 colour=FFFFFFFF mask=7 scissor=0,0,640,480 fog=0
164 pid=FFFD645B time interval-ms=10000 swaps=34 present-ms=174 draw-ms=8121 upload-ms=21
165 pid=FFFD645B tsc frames=34 wall-ms=10000 vertex-ms=400 flush-in-vertex-ms=31 flush-other-ms=8217 bind-ms=97 iface-ms=8120 beginend-ms=3978 swap-ms=175 vertices=263340 flushes=2761 draws=3033 sink-ms=3983 sink-prep-ms=51 sinks=28470
166 pid=FFFD645B sink begin-ms=23 flush-ms=3911 copy-ms=13 prep-texture-ms=28 prep-state-ms=11 prep-same-ms=10
167 pid=FFFD645B hwno hwtex-ms=24 iface-cpu-ms=0 not-cpu=3 square-side=0 too-big=0 format=0 no-object=0 no-record=0 table-full=0 unusable=0 backoff=0 make-failed=0 square-alloc=0 upload=0
168 pid=FFFD645B prim transform-ms=54 inside-ms=42 window-ms=80 assemble-ms=159 history-ms=18 fast=84221 clipped=28420 culled=36211
169 pid=FFFD645B paths batches/triangles untextured=68/340 hw=16736/612178 cpu=0/0 cpu-nonsquare=0/0 hw-refused=1530/79522
170 pid=FFFD645B counters hwtex live=87 creates=87 create-failed=0 evictions=0 uploads=242 upload-kb=7043 squared=0 alpha-dropped=0 stubs=0 failed r4=1530 r7=0 r8=0 other=0
171 pid=FFFD645B time interval-ms=10001 swaps=37 present-ms=189 draw-ms=8279 upload-ms=20
172 pid=FFFD645B tsc frames=37 wall-ms=10001 vertex-ms=340 flush-in-vertex-ms=2 flush-other-ms=8311 bind-ms=6 iface-ms=8279 beginend-ms=5265 swap-ms=190 vertices=242282 flushes=2292 draws=2389 sink-ms=5241 sink-prep-ms=52 sinks=29809
173 pid=FFFD645B sink begin-ms=22 flush-ms=5170 copy-ms=11 prep-texture-ms=27 prep-state-ms=11 prep-same-ms=11
174 pid=FFFD645B hwno hwtex-ms=23 iface-cpu-ms=0 not-cpu=4 square-side=0 too-big=0 format=0 no-object=0 no-record=0 table-full=0 unusable=0 backoff=0 make-failed=0 square-alloc=0 upload=0
175 pid=FFFD645B prim transform-ms=49 inside-ms=38 window-ms=67 assemble-ms=129 history-ms=17 fast=72800 clipped=35343 culled=35563
176 pid=FFFD645B paths batches/triangles untextured=72/360 hw=18927/698034 cpu=0/0 cpu-nonsquare=0/0 hw-refused=1627/83421
177 pid=FFFD645B counters hwtex live=90 creates=90 create-failed=0 evictions=0 uploads=249 upload-kb=7288 squared=0 alpha-dropped=0 stubs=0 failed r4=1627 r7=0 r8=0 other=0
178 pid=FFFD645B time interval-ms=10009 swaps=35 present-ms=180 draw-ms=8251 upload-ms=81
179 pid=FFFD645B tsc frames=35 wall-ms=10009 vertex-ms=387 flush-in-vertex-ms=34 flush-other-ms=8311 bind-ms=5 iface-ms=8250 beginend-ms=4736 swap-ms=180 vertices=254281 flushes=2418 draws=2666 sink-ms=4748 sink-prep-ms=46 sinks=26285
180 pid=FFFD645B sink begin-ms=20 flush-ms=4684 copy-ms=11 prep-texture-ms=24 prep-state-ms=10 prep-same-ms=9
181 pid=FFFD645B hwno hwtex-ms=83 iface-cpu-ms=0 not-cpu=19 square-side=0 too-big=0 format=0 no-object=0 no-record=0 table-full=0 unusable=0 backoff=0 make-failed=0 square-alloc=0 upload=0
182 pid=FFFD645B prim transform-ms=51 inside-ms=39 window-ms=71 assemble-ms=165 history-ms=17 fast=74712 clipped=35613 culled=32016
183 pid=FFFD645B paths batches/triangles untextured=91/455 hw=21078/776543 cpu=0/0 cpu-nonsquare=0/0 hw-refused=1875/96484
184 pid=FFFD645B counters hwtex live=90 creates=90 create-failed=0 evictions=0 uploads=279 upload-kb=8248 squared=0 alpha-dropped=0 stubs=0 failed r4=1875 r7=0 r8=0 other=0
185 pid=FFFD645B hwtex create 00800040 levels=8 hr=8876017C
186 pid=FFFD645B hwtex create 01000080 levels=9 hr=8876017C
187 pid=FFFD645B hwtex create 01000080 levels=9 hr=8876017C
188 pid=FFFD645B hwtex create 01000080 levels=9 hr=8876017C
189 pid=FFFD645B time interval-ms=10004 swaps=38 present-ms=194 draw-ms=8129 upload-ms=77
190 pid=FFFD645B tsc frames=38 wall-ms=10004 vertex-ms=369 flush-in-vertex-ms=10 flush-other-ms=8229 bind-ms=7 iface-ms=8128 beginend-ms=4357 swap-ms=195 vertices=262416 flushes=2318 draws=2466 sink-ms=4342 sink-prep-ms=48 sinks=27733
191 pid=FFFD645B sink begin-ms=21 flush-ms=4275 copy-ms=11 prep-texture-ms=26 prep-state-ms=11 prep-same-ms=10
192 pid=FFFD645B hwno hwtex-ms=99 iface-cpu-ms=0 not-cpu=16 square-side=0 too-big=0 format=0 no-object=0 no-record=0 table-full=0 unusable=0 backoff=0 make-failed=0 square-alloc=0 upload=0
193 pid=FFFD645B prim transform-ms=53 inside-ms=40 window-ms=67 assemble-ms=148 history-ms=18 fast=69714 clipped=44486 culled=33746
194 pid=FFFD645B paths batches/triangles untextured=107/535 hw=23232/857037 cpu=0/0 cpu-nonsquare=0/0 hw-refused=2023/102975
195 pid=FFFD645B counters hwtex live=95 creates=99 create-failed=4 evictions=4 uploads=307 upload-kb=9102 squared=0 alpha-dropped=0 stubs=0 failed r4=2023 r7=0 r8=0 other=0
196 pid=FFFD645B hwtex create 00800080 levels=8 hr=8876017C
197 pid=FFFD645B hwtex create 01000040 levels=9 hr=8876017C
198 pid=FFFD645B time interval-ms=10023 swaps=36 present-ms=184 draw-ms=8177 upload-ms=89
199 pid=FFFD645B tsc frames=36 wall-ms=10023 vertex-ms=389 flush-in-vertex-ms=9 flush-other-ms=8273 bind-ms=7 iface-ms=8177 beginend-ms=5071 swap-ms=185 vertices=280302 flushes=2366 draws=2531 sink-ms=5055 sink-prep-ms=50 sinks=28767
200 pid=FFFD645B sink begin-ms=21 flush-ms=4986 copy-ms=11 prep-texture-ms=26 prep-state-ms=11 prep-same-ms=10
201 pid=FFFD645B hwno hwtex-ms=93 iface-cpu-ms=0 not-cpu=11 square-side=0 too-big=0 format=0 no-object=0 no-record=0 table-full=0 unusable=0 backoff=0 make-failed=0 square-alloc=0 upload=0
202 pid=FFFD645B prim transform-ms=56 inside-ms=42 window-ms=69 assemble-ms=156 history-ms=19 fast=70757 clipped=49597 culled=33338
203 pid=FFFD645B paths batches/triangles untextured=118/590 hw=25422/939245 cpu=0/0 cpu-nonsquare=0/0 hw-refused=2188/109840
204 pid=FFFD645B counters hwtex live=101 creates=108 create-failed=6 evictions=6 uploads=342 upload-kb=10135 squared=0 alpha-dropped=0 stubs=0 failed r4=2188 r7=0 r8=0 other=0
205 pid=FFFD645B time interval-ms=10034 swaps=32 present-ms=164 draw-ms=8017 upload-ms=176
206 pid=FFFD645B tsc frames=32 wall-ms=10034 vertex-ms=511 flush-in-vertex-ms=19 flush-other-ms=8192 bind-ms=7 iface-ms=8017 beginend-ms=4597 swap-ms=164 vertices=372905 flushes=3611 draws=3863 sink-ms=4582 sink-prep-ms=74 sinks=40919
207 pid=FFFD645B sink begin-ms=29 flush-ms=4481 copy-ms=17 prep-texture-ms=40 prep-state-ms=16 prep-same-ms=15
208 pid=FFFD645B hwno hwtex-ms=180 iface-cpu-ms=0 not-cpu=0 square-side=0 too-big=0 format=0 no-object=0 no-record=0 table-full=0 unusable=0 backoff=0 make-failed=0 square-alloc=0 upload=0
209 pid=FFFD645B prim transform-ms=75 inside-ms=58 window-ms=108 assemble-ms=181 history-ms=25 fast=113123 clipped=40103 culled=57483
210 pid=FFFD645B paths batches/triangles untextured=118/590 hw=28781/1056760 cpu=0/0 cpu-nonsquare=0/0 hw-refused=2440/123368
211 pid=FFFD645B counters hwtex live=101 creates=110 create-failed=6 evictions=6 uploads=409 upload-kb=12235 squared=0 alpha-dropped=0 stubs=0 failed r4=2440 r7=0 r8=0 other=0
212 pid=FFFD645B hwtex create 01000080 levels=9 hr=8876017C
213 pid=FFFD645B hwtex create 01000080 levels=9 hr=8876017C
214 pid=FFFD645B hwtex create 01000080 levels=9 hr=8876017C
215 pid=FFFD645B hwtex create 01000080 levels=9 hr=8876017C
216 pid=FFFD645B hwtex create 01000080 levels=9 hr=8876017C
217 pid=FFFD645B hwtex create 01000080 levels=9 hr=8876017C
218 pid=FFFD645B hwtex create 01000080 levels=9 hr=8876017C
219 pid=FFFD645B hwtex create 01000080 levels=9 hr=8876017C
220 pid=FFFD645B hwtex create 01000080 levels=9 hr=8876017C
221 pid=FFFD645B hwtex create 01000080 levels=9 hr=8876017C
222 pid=FFFD645B time interval-ms=10002 swaps=34 present-ms=174 draw-ms=8202 upload-ms=80
223 pid=FFFD645B tsc frames=34 wall-ms=10002 vertex-ms=422 flush-in-vertex-ms=37 flush-other-ms=8265 bind-ms=7 iface-ms=8202 beginend-ms=4541 swap-ms=175 vertices=280579 flushes=3229 draws=3470 sink-ms=4553 sink-prep-ms=54 sinks=31433
224 pid=FFFD645B sink begin-ms=22 flush-ms=4477 copy-ms=13 prep-texture-ms=29 prep-state-ms=12 prep-same-ms=11
225 pid=FFFD645B hwno hwtex-ms=86 iface-cpu-ms=0 not-cpu=11 square-side=0 too-big=0 format=0 no-object=0 no-record=0 table-full=0 unusable=0 backoff=0 make-failed=0 square-alloc=0 upload=0
226 pid=FFFD645B prim transform-ms=56 inside-ms=44 window-ms=76 assemble-ms=179 history-ms=19 fast=88306 clipped=37115 culled=31134
227 pid=FFFD645B paths batches/triangles untextured=129/645 hw=31758/1151296 cpu=0/0 cpu-nonsquare=0/0 hw-refused=2681/134877
228 pid=FFFD645B counters hwtex live=101 creates=121 create-failed=16 evictions=16 uploads=437 upload-kb=13184 squared=0 alpha-dropped=0 stubs=0 failed r4=2681 r7=0 r8=0 other=0
229 pid=FFFD645B time interval-ms=10000 swaps=30 present-ms=153 draw-ms=8161 upload-ms=81
230 pid=FFFD645B tsc frames=30 wall-ms=10000 vertex-ms=517 flush-in-vertex-ms=28 flush-other-ms=8232 bind-ms=7 iface-ms=8161 beginend-ms=4577 swap-ms=154 vertices=364277 flushes=4015 draws=4384 sink-ms=4575 sink-prep-ms=68 sinks=39273
231 pid=FFFD645B sink begin-ms=27 flush-ms=4479 copy-ms=17 prep-texture-ms=36 prep-state-ms=15 prep-same-ms=14
232 pid=FFFD645B hwno hwtex-ms=84 iface-cpu-ms=0 not-cpu=7 square-side=0 too-big=0 format=0 no-object=0 no-record=0 table-full=0 unusable=0 backoff=0 make-failed=0 square-alloc=0 upload=0
233 pid=FFFD645B prim transform-ms=73 inside-ms=57 window-ms=104 assemble-ms=196 history-ms=24 fast=121561 clipped=38241 culled=44063
234 pid=FFFD645B paths batches/triangles untextured=136/680 hw=35397/1270171 cpu=0/0 cpu-nonsquare=0/0 hw-refused=3050/155955
235 pid=FFFD645B counters hwtex live=101 creates=121 create-failed=16 evictions=16 uploads=467 upload-kb=14144 squared=0 alpha-dropped=0 stubs=0 failed r4=3050 r7=0 r8=0 other=0
236 pid=FFFD645B hwtex create 01000080 levels=9 hr=8876017C
237 pid=FFFD645B hwtex create 01000080 levels=9 hr=8876017C
238 pid=FFFD645B hwtex create 01000080 levels=9 hr=8876017C
239 pid=FFFD645B hwtex create 01000080 levels=9 hr=8876017C
240 pid=FFFD645B hwtex create 01000080 levels=9 hr=8876017C
241 pid=FFFD645B hwtex create 01000080 levels=9 hr=8876017C
242 pid=FFFD645B hwtex create 01000100 levels=1 hr=8876017C
243 pid=FFFD645B hwtex create 01000100 levels=1 hr=8876017C
244 pid=FFFD645B hwtex create 01000100 levels=1 hr=8876017C
245 pid=FFFD645B hwtex create 01000100 levels=1 hr=8876017C
246 pid=FFFD645B hwtex create 01000100 levels=1 hr=8876017C
247 pid=FFFD645B hwtex create 01000100 levels=1 hr=8876017C
248 pid=FFFD645B hwtex create 01000100 levels=1 hr=8876017C
249 pid=FFFD645B hwtex create 01000100 levels=1 hr=8876017C
250 pid=FFFD645B hwtex create 01000100 levels=1 hr=8876017C
251 pid=FFFD645B hwtex create 01000100 levels=1 hr=8876017C
252 pid=FFFD645B hwtex create 01000100 levels=1 hr=8876017C
253 pid=FFFD645B hwtex create 01000100 levels=1 hr=8876017C
254 pid=FFFD645B hwtex create 01000100 levels=1 hr=8876017C
255 pid=FFFD645B hwtex create 01000100 levels=1 hr=8876017C
256 pid=FFFD645B hwtex create 01000100 levels=1 hr=8876017C
257 pid=FFFD645B hwtex create 01000100 levels=1 hr=8876017C
258 pid=FFFD645B hwtex create 01000100 levels=1 hr=8876017C
259 pid=FFFD645B hwtex create 01000100 levels=1 hr=8876017C
260 pid=FFFD645B hwtex create 01000100 levels=1 hr=8876017C
261 pid=FFFD645B hwtex create 01000100 levels=1 hr=8876017C
262 pid=FFFD645B hwtex create 01000100 levels=1 hr=8876017C
263 pid=FFFD645B hwtex create 01000100 levels=1 hr=8876017C
264 pid=FFFD645B hwtex create 01000100 levels=1 hr=8876017C
265 pid=FFFD645B hwtex create 01000100 levels=1 hr=8876017C
266 pid=FFFD645B hwtex create 01000100 levels=1 hr=8876017C
267 pid=FFFD645B hwtex create 01000100 levels=1 hr=8876017C
268 pid=FFFD645B hwtex create 01000100 levels=1 hr=8876017C
269 pid=FFFD645B hwtex create 01000100 levels=1 hr=8876017C
270 pid=FFFD645B hwtex create 01000100 levels=1 hr=8876017C
271 pid=FFFD645B hwtex create 01000100 levels=1 hr=8876017C
272 pid=FFFD645B hwtex create 01000100 levels=1 hr=8876017C
273 pid=FFFD645B hwtex create 01000100 levels=1 hr=8876017C
274 pid=FFFD645B hwtex create 01000100 levels=1 hr=8876017C
275 pid=FFFD645B hwtex create 01000100 levels=1 hr=8876017C
276 pid=FFFD645B hwtex create 01000100 levels=1 hr=8876017C
277 pid=FFFD645B hwtex create 01000100 levels=1 hr=8876017C
278 pid=FFFD645B DrvReleaseContext context=1 -> 1
279 pid=FFFD645B paths batches/triangles untextured=140/700 hw=36558/1300567 cpu=0/0 cpu-nonsquare=0/0 hw-refused=3178/162836
280 pid=FFFD645B counters hwtex live=0 creates=166 create-failed=58 evictions=58 uploads=475 upload-kb=14549 squared=0 alpha-dropped=3 stubs=0 failed r4=3178 r7=0 r8=0 other=0
281 pid=FFFD645B DrvDeleteContext context=1 -> 1
282 pid=FFFD645B detach slots-called=0 stub-calls=0
1 pid=FFFD881F attach instance=01CF0000 tls=11 build-marker=1
2 pid=FFFD881F DrvValidateVersion version=1
3 pid=FFFD881F DrvSetCallbackProcs count=3 procs=78B23978
4 pid=FFFD881F describe result=0 engine=5 formats=00000002
5 pid=FFFD881F DrvDescribePixelFormat index=1 bytes=0 -> count=1
6 pid=FFFD881F DrvDescribePixelFormat index=1 bytes=40 -> count=1
7 pid=FFFD881F DrvDescribePixelFormat index=1 bytes=0 -> count=1
8 pid=FFFD881F DrvDescribePixelFormat index=1 bytes=0 -> count=1
9 pid=FFFD881F DrvDescribePixelFormat index=1 bytes=0 -> count=1
10 pid=FFFD881F DrvDescribePixelFormat index=1 bytes=0 -> count=1
11 pid=FFFD881F DrvDescribePixelFormat index=1 bytes=0 -> count=1
12 pid=FFFD881F DrvDescribePixelFormat index=1 bytes=0 -> count=1
13 pid=FFFD881F DrvDescribePixelFormat index=1 bytes=0 -> count=1
14 pid=FFFD881F DrvDescribePixelFormat index=1 bytes=0 -> count=1
15 pid=FFFD881F DrvDescribePixelFormat index=1 bytes=0 -> count=1
16 pid=FFFD881F DrvDescribePixelFormat index=1 bytes=0 -> count=1
17 pid=FFFD881F DrvDescribePixelFormat index=1 bytes=0 -> count=1
18 pid=FFFD881F DrvDescribePixelFormat index=1 bytes=0 -> count=1
19 pid=FFFD881F DrvDescribePixelFormat index=1 bytes=0 -> count=1
20 pid=FFFD881F DrvDescribePixelFormat index=1 bytes=0 -> count=1
21 pid=FFFD881F DrvDescribePixelFormat index=1 bytes=0 -> count=1
22 pid=FFFD881F DrvDescribePixelFormat index=1 bytes=0 -> count=1
23 pid=FFFD881F DrvDescribePixelFormat index=1 bytes=0 -> count=1
24 pid=FFFD881F DrvDescribePixelFormat index=1 bytes=0 -> count=1
25 pid=FFFD881F DrvDescribePixelFormat index=1 bytes=0 -> count=1
26 pid=FFFD881F DrvDescribePixelFormat index=1 bytes=0 -> count=1
27 pid=FFFD881F DrvDescribePixelFormat index=1 bytes=0 -> count=1
28 pid=FFFD881F DrvDescribePixelFormat index=1 bytes=0 -> count=1
29 pid=FFFD881F DrvDescribePixelFormat index=1 bytes=0 -> count=1
30 pid=FFFD881F DrvDescribePixelFormat index=1 bytes=0 -> count=1
31 pid=FFFD881F DrvDescribePixelFormat index=1 bytes=0 -> count=1
32 pid=FFFD881F DrvSetPixelFormat hdc=00000782 index=1
33 pid=FFFD881F DrvDescribePixelFormat index=1 bytes=0 -> count=1
34 pid=FFFD881F DrvDescribePixelFormat index=1 bytes=40 -> count=1
35 pid=FFFD881F DrvDescribePixelFormat index=1 bytes=0 -> count=1
36 pid=FFFD881F DrvDescribePixelFormat index=1 bytes=40 -> count=1
37 pid=FFFD881F DrvCreateLayerContext hdc=00000782 layer=0 -> 1
38 pid=FFFD881F drawable window=00000160 320x240
39 pid=FFFD881F DrvSetContext hdc=00000782 context=1 -> 1
40 pid=FFFD881F state tex=1158 size=00400040 tex=01010101 blend=00050600 depth=01040102 colour=FFFFFFFF mask=7 scissor=0,0,320,240 fog=0
41 pid=FFFD881F time interval-ms=238377 swaps=0 present-ms=0 draw-ms=92388256 upload-ms=0
42 pid=FFFD881F tsc frames=0 wall-ms=238377 vertex-ms=51864 flush-in-vertex-ms=0 flush-other-ms=3805704 bind-ms=25482 iface-ms=1106813 beginend-ms=372235 swap-ms=0 vertices=18 flushes=1 draws=1 sink-ms=111959 sink-prep-ms=99509 sinks=4
43 pid=FFFD881F sink begin-ms=368551 flush-ms=0 copy-ms=7807 prep-texture-ms=92244 prep-state-ms=3548 prep-same-ms=3111
44 pid=FFFD881F hwno hwtex-ms=2172566 iface-cpu-ms=0 not-cpu=0 square-side=0 too-big=0 format=0 no-object=0 no-record=0 table-full=0 unusable=0 backoff=0 make-failed=0 square-alloc=0 upload=0
45 pid=FFFD881F prim transform-ms=9285 inside-ms=7101 window-ms=11591 assemble-ms=13616 history-ms=2706 fast=10 clipped=0 culled=0
46 pid=FFFD881F paths batches/triangles untextured=0/0 hw=1/10 cpu=0/0 cpu-nonsquare=0/0 hw-refused=0/0
47 pid=FFFD881F counters hwtex live=1 creates=1 create-failed=0 evictions=0 uploads=1 upload-kb=10 squared=0 alpha-dropped=0 stubs=0 failed r4=0 r7=0 r8=0 other=0
48 pid=FFFD881F state tex=1162 size=00400040 tex=01010101 blend=00050600 depth=01040102 colour=FFFFFFFF mask=7 scissor=0,0,320,240 fog=0
49 pid=FFFD881F state tex=1163 size=00100010 tex=01010101 blend=00050600 depth=01040102 colour=FFFFFFFF mask=7 scissor=0,0,320,240 fog=0
50 pid=FFFD881F state tex=1168 size=00100010 tex=01010101 blend=00050600 depth=01040102 colour=FFFFFFFF mask=7 scissor=0,0,320,240 fog=0
51 pid=FFFD881F state tex=1172 size=00400040 tex=01010101 blend=00050600 depth=01040102 colour=FFFFFFFF mask=7 scissor=0,0,320,240 fog=0
52 pid=FFFD881F state tex=1180 size=00400040 tex=01010101 blend=00050600 depth=01040102 colour=FFFFFFFF mask=7 scissor=0,0,320,240 fog=0
53 pid=FFFD881F state tex=1184 size=00400040 tex=01010101 blend=00050600 depth=01040102 colour=FFFFFFFF mask=7 scissor=0,0,320,240 fog=0
54 pid=FFFD881F state tex=1185 size=00400040 tex=01010101 blend=00050600 depth=01040102 colour=FFFFFFFF mask=7 scissor=0,0,320,240 fog=0
55 pid=FFFD881F state tex=1188 size=00400040 tex=01010101 blend=00050600 depth=01040102 colour=FFFFFFFF mask=7 scissor=0,0,320,240 fog=0
56 pid=FFFD881F state tex=1191 size=00400040 tex=01010101 blend=00050600 depth=01040102 colour=FFFFFFFF mask=7 scissor=0,0,320,240 fog=0
57 pid=FFFD881F state tex=1206 size=00400040 tex=01010101 blend=00050600 depth=01040102 colour=FFFFFFFF mask=7 scissor=0,0,320,240 fog=0
58 pid=FFFD881F state tex=1210 size=00800080 tex=01010101 blend=00050600 depth=01040102 colour=FFFFFFFF mask=7 scissor=0,0,320,240 fog=0
59 pid=FFFD881F state tex=1214 size=00400040 tex=01010101 blend=00050600 depth=01040102 colour=FFFFFFFF mask=7 scissor=0,0,320,240 fog=0
60 pid=FFFD881F state tex=1216 size=00400040 tex=01010101 blend=00050600 depth=01040102 colour=FFFFFFFF mask=7 scissor=0,0,320,240 fog=0
61 pid=FFFD881F state tex=1218 size=00400040 tex=01010101 blend=00050600 depth=01040102 colour=FFFFFFFF mask=7 scissor=0,0,320,240 fog=0
62 pid=FFFD881F state tex=1225 size=00400040 tex=01010101 blend=00050600 depth=01040102 colour=FFFFFFFF mask=7 scissor=0,0,320,240 fog=0
63 pid=FFFD881F state tex=1226 size=00400040 tex=01010101 blend=00050600 depth=01040102 colour=FFFFFFFF mask=7 scissor=0,0,320,240 fog=0
64 pid=FFFD881F state tex=1264 size=00400040 tex=01010101 blend=00050600 depth=01040102 colour=FFFFFFFF mask=7 scissor=0,0,320,240 fog=0
65 pid=FFFD881F state tex=1269 size=00400040 tex=01010101 blend=00050600 depth=01040102 colour=FFFFFFFF mask=7 scissor=0,0,320,240 fog=0
66 pid=FFFD881F state tex=1273 size=00200080 tex=01010101 blend=00050600 depth=01040102 colour=FFFFFFFF mask=7 scissor=0,0,320,240 fog=0
67 pid=FFFD881F state tex=1278 size=00400040 tex=01010101 blend=00050600 depth=01040102 colour=FFFFFFFF mask=7 scissor=0,0,320,240 fog=0
68 pid=FFFD881F state tex=1281 size=00400040 tex=01010101 blend=00050600 depth=01040102 colour=FFFFFFFF mask=7 scissor=0,0,320,240 fog=0
69 pid=FFFD881F state tex=1282 size=00400040 tex=01010101 blend=00050600 depth=01040102 colour=FFFFFFFF mask=7 scissor=0,0,320,240 fog=0
70 pid=FFFD881F state tex=1025 size=00800080 tex=01010101 blend=01010300 depth=01040001 colour=FFFFFFFF mask=7 scissor=0,0,320,240 fog=0
71 pid=FFFD881F state tex=1026 size=00800080 tex=01010101 blend=01010300 depth=01040001 colour=FFFFFFFF mask=7 scissor=0,0,320,240 fog=0
72 pid=FFFD881F state tex=1027 size=00800080 tex=01010101 blend=01010300 depth=01040001 colour=FFFFFFFF mask=7 scissor=0,0,320,240 fog=0
73 pid=FFFD881F state tex=1030 size=00800080 tex=01010101 blend=01010300 depth=01040001 colour=FFFFFFFF mask=7 scissor=0,0,320,240 fog=0
74 pid=FFFD881F state tex=1376 size=01000080 tex=01040201 blend=00050600 depth=01040102 colour=FF94774B mask=7 scissor=0,0,320,240 fog=0
75 pid=FFFD881F state tex=1380 size=01000080 tex=01040201 blend=00050600 depth=01040102 colour=FF463827 mask=7 scissor=0,0,320,240 fog=0
76 pid=FFFD881F state tex=1382 size=00800020 tex=01040201 blend=00050600 depth=01040102 colour=FF6F562E mask=7 scissor=0,0,320,240 fog=0
77 pid=FFFD881F state tex=1384 size=00800020 tex=01010200 blend=00050600 depth=01040102 colour=FF4D4231 mask=7 scissor=0,0,320,240 fog=0
78 pid=FFFD881F state tex=1389 size=01000080 tex=01040201 blend=00050600 depth=01040102 colour=FF5F5343 mask=7 scissor=0,0,320,240 fog=0
79 pid=FFFD881F state tex=1390 size=00800040 tex=01040201 blend=00050600 depth=01040102 colour=FF7F6F57 mask=7 scissor=0,0,320,240 fog=0
80 pid=FFFD881F state tex=1391 size=00400040 tex=01010200 blend=00050600 depth=01040102 colour=FF968569 mask=7 scissor=0,0,320,240 fog=0
81 pid=FFFD881F state tex=1393 size=00800040 tex=01040201 blend=00050600 depth=01040102 colour=FFFFFFE8 mask=7 scissor=0,0,320,240 fog=0
82 pid=FFFD881F state tex=1396 size=00800040 tex=01040201 blend=00050600 depth=01040102 colour=FF9C8964 mask=7 scissor=0,0,320,240 fog=0
83 pid=FFFD881F state tex=1401 size=01000080 tex=01040201 blend=00050600 depth=01040102 colour=FFFFFFED mask=7 scissor=0,0,320,240 fog=0
84 pid=FFFD881F state tex=1409 size=01000080 tex=01040201 blend=00050600 depth=01040102 colour=FF4D4137 mask=7 scissor=0,0,320,240 fog=0
85 pid=FFFD881F state tex=1152 size=01000100 tex=01040101 blend=00050601 depth=00040101 colour=FFFFFFFF mask=7 scissor=0,0,320,240 fog=0
86 pid=FFFD881F refused tex=1152 size=01000100 tex=02040101 blend=00050601 depth=00040101 colour=FFFFFFFF mask=7 scissor=0,0,320,240 fog=0
87 pid=FFFD881F draw result=4 triangles=18 submitted=0
88 pid=FFFD881F   v0 sx=431C0000 sy=42E80000 sz=3F000000 rhw=3F800000 tu=3F70028F tv=3823D70A
89 pid=FFFD881F   v1 sx=43240000 sy=42E80000 sz=3F000000 rhw=3F800000 tu=3F77FD71 tv=3823D70A
90 pid=FFFD881F   v2 sx=43240000 sy=42F80001 sz=3F000000 rhw=3F800000 tu=3F77FD71 tv=3CFFAE14
91 pid=FFFD881F draw result=4 triangles=18 submitted=0
92 pid=FFFD881F   v0 sx=431C0000 sy=42E80000 sz=3F000000 rhw=3F800000 tu=3F70028F tv=3823D70A
93 pid=FFFD881F   v1 sx=43240000 sy=42E80000 sz=3F000000 rhw=3F800000 tu=3F77FD71 tv=3823D70A
94 pid=FFFD881F   v2 sx=43240000 sy=42F80001 sz=3F000000 rhw=3F800000 tu=3F77FD71 tv=3CFFAE14
95 pid=FFFD881F draw result=4 triangles=18 submitted=0
96 pid=FFFD881F   v0 sx=431C0000 sy=42E80000 sz=3F000000 rhw=3F800000 tu=3F70028F tv=3823D70A
97 pid=FFFD881F   v1 sx=43240000 sy=42E80000 sz=3F000000 rhw=3F800000 tu=3F77FD71 tv=3823D70A
98 pid=FFFD881F   v2 sx=43240000 sy=42F80001 sz=3F000000 rhw=3F800000 tu=3F77FD71 tv=3CFFAE14
99 pid=FFFD881F draw result=4 triangles=18 submitted=0
100 pid=FFFD881F   v0 sx=431C0000 sy=42E80000 sz=3F000000 rhw=3F800000 tu=3F70028F tv=3823D70A
101 pid=FFFD881F   v1 sx=43240000 sy=42E80000 sz=3F000000 rhw=3F800000 tu=3F77FD71 tv=3823D70A
102 pid=FFFD881F   v2 sx=43240000 sy=42F80001 sz=3F000000 rhw=3F800000 tu=3F77FD71 tv=3CFFAE14
103 pid=FFFD881F draw result=4 triangles=18 submitted=0
104 pid=FFFD881F   v0 sx=431C0000 sy=42E80000 sz=3F000000 rhw=3F800000 tu=3F70028F tv=3823D70A
105 pid=FFFD881F   v1 sx=43240000 sy=42E80000 sz=3F000000 rhw=3F800000 tu=3F77FD71 tv=3823D70A
106 pid=FFFD881F   v2 sx=43240000 sy=42F80001 sz=3F000000 rhw=3F800000 tu=3F77FD71 tv=3CFFAE14
107 pid=FFFD881F draw result=4 triangles=18 submitted=0
108 pid=FFFD881F   v0 sx=431C0000 sy=42E80000 sz=3F000000 rhw=3F800000 tu=3F70028F tv=3823D70A
109 pid=FFFD881F   v1 sx=43240000 sy=42E80000 sz=3F000000 rhw=3F800000 tu=3F77FD71 tv=3823D70A
110 pid=FFFD881F   v2 sx=43240000 sy=42F80001 sz=3F000000 rhw=3F800000 tu=3F77FD71 tv=3CFFAE14
111 pid=FFFD881F state tex=1267 size=00400020 tex=01010101 blend=00050600 depth=01040102 colour=FFFFFFFF mask=7 scissor=0,0,320,240 fog=0
112 pid=FFFD881F state tex=1268 size=00400040 tex=01010101 blend=00050600 depth=01040102 colour=FFFFFFFF mask=7 scissor=0,0,320,240 fog=0
113 pid=FFFD881F state tex=1266 size=00400020 tex=01010101 blend=00050600 depth=01040102 colour=FFFFFFFF mask=7 scissor=0,0,320,240 fog=0
114 pid=FFFD881F state tex=1024 size=00800080 tex=01010101 blend=01010300 depth=01040001 colour=FFFFFFFF mask=7 scissor=0,0,320,240 fog=0
115 pid=FFFD881F state tex=1381 size=01000080 tex=01040201 blend=00050600 depth=01040102 colour=FF9C8D54 mask=7 scissor=0,0,320,240 fog=0
116 pid=FFFD881F state tex=1342 size=00800040 tex=01010200 blend=01050600 depth=01040002 colour=AA6D6153 mask=7 scissor=0,0,320,240 fog=0
117 pid=FFFD881F state tex=1153 size=00080008 tex=01040202 blend=01050600 depth=01040002 colour=FF730700 mask=7 scissor=0,0,320,240 fog=0
118 pid=FFFD881F refused tex=1153 size=00080008 tex=02040202 blend=01050600 depth=01040002 colour=D4730700 mask=7 scissor=0,0,320,240 fog=0
119 pid=FFFD881F state tex=1153 size=00000000 tex=00000000 blend=01050600 depth=00040100 colour=33FF0000 mask=7 scissor=0,0,320,240 fog=0
120 pid=FFFD881F state tex=1361 size=01000080 tex=01040201 blend=00050600 depth=01040102 colour=FFA99362 mask=7 scissor=0,0,320,240 fog=0
121 pid=FFFD881F time interval-ms=10001 swaps=66 present-ms=120 draw-ms=7881 upload-ms=159
122 pid=FFFD881F tsc frames=66 wall-ms=10001 vertex-ms=830 flush-in-vertex-ms=26 flush-other-ms=8056 bind-ms=11 iface-ms=7881 beginend-ms=4658 swap-ms=121 vertices=579414 flushes=5109 draws=5336 sink-ms=4622 sink-prep-ms=116 sinks=66157
123 pid=FFFD881F sink begin-ms=52 flush-ms=4463 copy-ms=25 prep-texture-ms=62 prep-state-ms=25 prep-same-ms=24
124 pid=FFFD881F hwno hwtex-ms=168 iface-cpu-ms=0 not-cpu=15 square-side=0 too-big=0 format=0 no-object=0 no-record=0 table-full=0 unusable=0 backoff=0 make-failed=0 square-alloc=0 upload=0
125 pid=FFFD881F prim transform-ms=117 inside-ms=90 window-ms=164 assemble-ms=322 history-ms=40 fast=159199 clipped=89624 culled=94819
126 pid=FFFD881F paths batches/triangles untextured=15/75 hw=4868/185638 cpu=0/0 cpu-nonsquare=0/0 hw-refused=227/10447
127 pid=FFFD881F counters hwtex live=48 creates=48 create-failed=0 evictions=0 uploads=66 upload-kb=1845 squared=0 alpha-dropped=0 stubs=0 failed r4=227 r7=0 r8=0 other=0
128 pid=FFFD881F time interval-ms=10000 swaps=70 present-ms=128 draw-ms=7777 upload-ms=192
129 pid=FFFD881F tsc frames=70 wall-ms=10000 vertex-ms=877 flush-in-vertex-ms=60 flush-other-ms=7937 bind-ms=11 iface-ms=7777 beginend-ms=4473 swap-ms=129 vertices=610808 flushes=5053 draws=5461 sink-ms=4478 sink-prep-ms=107 sinks=61233
130 pid=FFFD881F sink begin-ms=47 flush-ms=4330 copy-ms=25 prep-texture-ms=57 prep-state-ms=23 prep-same-ms=22
131 pid=FFFD881F hwno hwtex-ms=199 iface-cpu-ms=0 not-cpu=24 square-side=0 too-big=0 format=0 no-object=0 no-record=0 table-full=0 unusable=0 backoff=0 make-failed=0 square-alloc=0 upload=0
132 pid=FFFD881F prim transform-ms=122 inside-ms=93 window-ms=161 assemble-ms=356 history-ms=41 fast=167559 clipped=94362 culled=77782
133 pid=FFFD881F paths batches/triangles untextured=39/195 hw=9489/360655 cpu=0/0 cpu-nonsquare=0/0 hw-refused=635/32085
134 pid=FFFD881F counters hwtex live=67 creates=67 create-failed=0 evictions=0 uploads=140 upload-kb=4076 squared=0 alpha-dropped=0 stubs=0 failed r4=635 r7=0 r8=0 other=0
135 pid=FFFD881F time interval-ms=10001 swaps=75 present-ms=136 draw-ms=7921 upload-ms=213
136 pid=FFFD881F tsc frames=75 wall-ms=10001 vertex-ms=773 flush-in-vertex-ms=81 flush-other-ms=8082 bind-ms=9 iface-ms=7921 beginend-ms=4006 swap-ms=137 vertices=510445 flushes=4810 draws=5370 sink-ms=4049 sink-prep-ms=88 sinks=50001
137 pid=FFFD881F sink begin-ms=36 flush-ms=3926 copy-ms=22 prep-texture-ms=47 prep-state-ms=19 prep-same-ms=18
138 pid=FFFD881F hwno hwtex-ms=223 iface-cpu-ms=0 not-cpu=19 square-side=0 too-big=0 format=0 no-object=0 no-record=0 table-full=0 unusable=0 backoff=0 make-failed=0 square-alloc=0 upload=0
139 pid=FFFD881F prim transform-ms=102 inside-ms=78 window-ms=138 assemble-ms=334 history-ms=33 fast=149453 clipped=65355 culled=55964
140 pid=FFFD881F paths batches/triangles untextured=58/290 hw=13720/510798 cpu=0/0 cpu-nonsquare=0/0 hw-refused=1195/62301
141 pid=FFFD881F counters hwtex live=87 creates=87 create-failed=0 evictions=0 uploads=228 upload-kb=6584 squared=0 alpha-dropped=0 stubs=0 failed r4=1195 r7=0 r8=0 other=0
142 pid=FFFD881F refused tex=1155 size=00800080 tex=02040101 blend=00050601 depth=00040101 colour=FFFFFFFF mask=7 scissor=0,0,320,240 fog=0
143 pid=FFFD881F hwtex create 00800080 levels=1 hr=8876017C
144 pid=FFFD881F hwtex create 00800080 levels=1 hr=8876017C
145 pid=FFFD881F hwtex create 01000080 levels=9 hr=8876017C
146 pid=FFFD881F hwtex create 01000080 levels=9 hr=8876017C
147 pid=FFFD881F time interval-ms=10008 swaps=68 present-ms=123 draw-ms=8171 upload-ms=58
148 pid=FFFD881F tsc frames=68 wall-ms=10008 vertex-ms=752 flush-in-vertex-ms=47 flush-other-ms=8208 bind-ms=9 iface-ms=8171 beginend-ms=4790 swap-ms=123 vertices=513822 flushes=5154 draws=5568 sink-ms=4787 sink-prep-ms=103 sinks=58714
149 pid=FFFD881F sink begin-ms=43 flush-ms=4645 copy-ms=24 prep-texture-ms=54 prep-state-ms=22 prep-same-ms=21
150 pid=FFFD881F hwno hwtex-ms=64 iface-cpu-ms=0 not-cpu=10 square-side=0 too-big=0 format=0 no-object=0 no-record=0 table-full=0 unusable=0 backoff=0 make-failed=0 square-alloc=0 upload=0
151 pid=FFFD881F prim transform-ms=103 inside-ms=81 window-ms=152 assemble-ms=294 history-ms=35 fast=162841 clipped=59088 culled=72731
152 pid=FFFD881F paths batches/triangles untextured=68/340 hw=18450/681627 cpu=0/0 cpu-nonsquare=0/0 hw-refused=1609/82862
153 pid=FFFD881F counters hwtex live=91 creates=96 create-failed=4 evictions=4 uploads=247 upload-kb=7266 squared=0 alpha-dropped=0 stubs=0 failed r4=1609 r7=0 r8=0 other=0
154 pid=FFFD881F hwtex create 00400040 levels=7 hr=8876017C
155 pid=FFFD881F hwtex create 00800040 levels=8 hr=8876017C
156 pid=FFFD881F time interval-ms=10004 swaps=77 present-ms=142 draw-ms=7997 upload-ms=142
157 pid=FFFD881F tsc frames=77 wall-ms=10004 vertex-ms=721 flush-in-vertex-ms=38 flush-other-ms=8131 bind-ms=16 iface-ms=7996 beginend-ms=4692 swap-ms=142 vertices=488902 flushes=4547 draws=4912 sink-ms=4687 sink-prep-ms=87 sinks=49933
158 pid=FFFD881F sink begin-ms=39 flush-ms=4565 copy-ms=21 prep-texture-ms=46 prep-state-ms=19 prep-same-ms=18
159 pid=FFFD881F hwno hwtex-ms=148 iface-cpu-ms=0 not-cpu=34 square-side=0 too-big=0 format=0 no-object=0 no-record=0 table-full=0 unusable=0 backoff=0 make-failed=0 square-alloc=0 upload=0
160 pid=FFFD881F prim transform-ms=98 inside-ms=74 window-ms=127 assemble-ms=305 history-ms=33 fast=131906 clipped=83947 culled=59615
161 pid=FFFD881F paths batches/triangles untextured=102/510 hw=22598/830787 cpu=0/0 cpu-nonsquare=0/0 hw-refused=1974/100715
162 pid=FFFD881F counters hwtex live=96 creates=104 create-failed=6 evictions=6 uploads=303 upload-kb=8911 squared=0 alpha-dropped=0 stubs=0 failed r4=1974 r7=0 r8=0 other=0
163 pid=FFFD881F hwtex create 01000080 levels=9 hr=8876017C
164 pid=FFFD881F hwtex create 00400040 levels=7 hr=8876017C
165 pid=FFFD881F hwtex create 00400040 levels=7 hr=8876017C
166 pid=FFFD881F hwtex create 00800020 levels=8 hr=8876017C
167 pid=FFFD881F time interval-ms=10001 swaps=60 present-ms=110 draw-ms=7930 upload-ms=209
168 pid=FFFD881F tsc frames=60 wall-ms=10001 vertex-ms=779 flush-in-vertex-ms=18 flush-other-ms=8151 bind-ms=11 iface-ms=7930 beginend-ms=5036 swap-ms=111 vertices=565201 flushes=5259 draws=5597 sink-ms=5001 sink-prep-ms=110 sinks=62805
169 pid=FFFD881F sink begin-ms=46 flush-ms=4850 copy-ms=25 prep-texture-ms=58 prep-state-ms=24 prep-same-ms=23
170 pid=FFFD881F hwno hwtex-ms=218 iface-cpu-ms=0 not-cpu=16 square-side=0 too-big=0 format=0 no-object=0 no-record=0 table-full=0 unusable=0 backoff=0 make-failed=0 square-alloc=0 upload=0
171 pid=FFFD881F prim transform-ms=113 inside-ms=87 window-ms=154 assemble-ms=291 history-ms=38 fast=162620 clipped=77709 culled=78540
172 pid=FFFD881F paths batches/triangles untextured=118/590 hw=27503/1010116 cpu=0/0 cpu-nonsquare=0/0 hw-refused=2312/116489
173 pid=FFFD881F counters hwtex live=102 creates=117 create-failed=10 evictions=10 uploads=382 upload-kb=11391 squared=0 alpha-dropped=0 stubs=0 failed r4=2312 r7=0 r8=0 other=0
174 pid=FFFD881F hwtex create 01000080 levels=9 hr=8876017C
175 pid=FFFD881F hwtex create 01000080 levels=9 hr=8876017C
176 pid=FFFD881F hwtex create 01000080 levels=9 hr=8876017C
177 pid=FFFD881F hwtex create 01000080 levels=9 hr=8876017C
178 pid=FFFD881F hwtex create 01000080 levels=9 hr=8876017C
179 pid=FFFD881F hwtex create 01000080 levels=9 hr=8876017C
180 pid=FFFD881F hwtex create 01000080 levels=9 hr=8876017C
181 pid=FFFD881F hwtex create 01000080 levels=9 hr=8876017C
182 pid=FFFD881F time interval-ms=10000 swaps=58 present-ms=105 draw-ms=7955 upload-ms=190
183 pid=FFFD881F tsc frames=58 wall-ms=10000 vertex-ms=826 flush-in-vertex-ms=52 flush-other-ms=8125 bind-ms=12 iface-ms=7955 beginend-ms=4603 swap-ms=106 vertices=578137 flushes=5968 draws=6521 sink-ms=4608 sink-prep-ms=105 sinks=60355
184 pid=FFFD881F sink begin-ms=42 flush-ms=4460 copy-ms=26 prep-texture-ms=56 prep-state-ms=23 prep-same-ms=22
185 pid=FFFD881F hwno hwtex-ms=198 iface-cpu-ms=0 not-cpu=18 square-side=0 too-big=0 format=0 no-object=0 no-record=0 table-full=0 unusable=0 backoff=0 make-failed=0 square-alloc=0 upload=0
186 pid=FFFD881F prim transform-ms=116 inside-ms=89 window-ms=160 assemble-ms=324 history-ms=38 fast=177266 clipped=69236 culled=70505
187 pid=FFFD881F paths batches/triangles untextured=136/680 hw=32900/1189105 cpu=0/0 cpu-nonsquare=0/0 hw-refused=2865/145883
188 pid=FFFD881F counters hwtex live=102 creates=126 create-failed=18 evictions=18 uploads=451 upload-kb=13652 squared=0 alpha-dropped=0 stubs=0 failed r4=2865 r7=0 r8=0 other=0
189 pid=FFFD881F hwtex create 01000080 levels=9 hr=8876017C
190 pid=FFFD881F hwtex create 01000080 levels=9 hr=8876017C
191 pid=FFFD881F hwtex create 01000080 levels=9 hr=8876017C
192 pid=FFFD881F hwtex create 01000080 levels=9 hr=8876017C
193 pid=FFFD881F hwtex create 01000080 levels=9 hr=8876017C
194 pid=FFFD881F hwtex create 01000080 levels=9 hr=8876017C
195 pid=FFFD881F time interval-ms=10000 swaps=53 present-ms=96 draw-ms=8045 upload-ms=103
196 pid=FFFD881F tsc frames=53 wall-ms=10000 vertex-ms=712 flush-in-vertex-ms=28 flush-other-ms=8330 bind-ms=191 iface-ms=8044 beginend-ms=4166 swap-ms=97 vertices=437058 flushes=5017 draws=5296 sink-ms=4101 sink-prep-ms=94 sinks=49503
197 pid=FFFD881F sink begin-ms=38 flush-ms=3971 copy-ms=23 prep-texture-ms=49 prep-state-ms=22 prep-same-ms=19
198 pid=FFFD881F hwno hwtex-ms=112 iface-cpu-ms=0 not-cpu=7 square-side=0 too-big=0 format=0 no-object=0 no-record=0 table-full=0 unusable=0 backoff=0 make-failed=0 square-alloc=0 upload=0
199 pid=FFFD881F prim transform-ms=93 inside-ms=88 window-ms=123 assemble-ms=298 history-ms=30 fast=135916 clipped=63388 culled=53432
200 pid=FFFD881F paths batches/triangles untextured=143/715 hw=37631/1339690 cpu=0/0 cpu-nonsquare=0/0 hw-refused=3144/159908
201 pid=FFFD881F counters hwtex live=102 creates=133 create-failed=24 evictions=24 uploads=486 upload-kb=14825 squared=0 alpha-dropped=0 stubs=0 failed r4=3144 r7=0 r8=0 other=0
202 pid=FFFD881F hwtex create 00800040 levels=8 hr=8876017C
203 pid=FFFD881F hwtex create 00800040 levels=8 hr=8876017C
204 pid=FFFD881F hwtex create 00800040 levels=8 hr=8876017C
205 pid=FFFD881F hwtex create 00800040 levels=8 hr=8876017C
206 pid=FFFD881F hwtex create 00800040 levels=8 hr=8876017C
207 pid=FFFD881F hwtex create 01000080 levels=9 hr=8876017C
208 pid=FFFD881F hwtex create 01000080 levels=9 hr=8876017C
209 pid=FFFD881F time interval-ms=10007 swaps=61 present-ms=112 draw-ms=7984 upload-ms=116
210 pid=FFFD881F tsc frames=61 wall-ms=10007 vertex-ms=844 flush-in-vertex-ms=41 flush-other-ms=8101 bind-ms=22 iface-ms=7984 beginend-ms=4743 swap-ms=112 vertices=585235 flushes=5141 draws=5535 sink-ms=4731 sink-prep-ms=111 sinks=62192
211 pid=FFFD881F sink begin-ms=46 flush-ms=4578 copy-ms=26 prep-texture-ms=58 prep-state-ms=25 prep-same-ms=23
212 pid=FFFD881F hwno hwtex-ms=125 iface-cpu-ms=0 not-cpu=5 square-side=0 too-big=0 format=0 no-object=0 no-record=0 table-full=0 unusable=0 backoff=0 make-failed=0 square-alloc=0 upload=0
213 pid=FFFD881F prim transform-ms=118 inside-ms=90 window-ms=162 assemble-ms=333 history-ms=40 fast=168896 clipped=85779 culled=86020
214 pid=FFFD881F paths batches/triangles untextured=148/740 hw=42373/1523290 cpu=0/0 cpu-nonsquare=0/0 hw-refused=3538/179912
215 pid=FFFD881F counters hwtex live=103 creates=148 create-failed=31 evictions=31 uploads=530 upload-kb=16198 squared=0 alpha-dropped=0 stubs=0 failed r4=3538 r7=0 r8=0 other=0
216 pid=FFFD881F hwtex create 01000100 levels=1 hr=8876017C
217 pid=FFFD881F hwtex create 01000100 levels=1 hr=8876017C
218 pid=FFFD881F hwtex create 01000100 levels=1 hr=8876017C
219 pid=FFFD881F hwtex create 01000100 levels=1 hr=8876017C
220 pid=FFFD881F hwtex create 01000100 levels=1 hr=8876017C
221 pid=FFFD881F hwtex create 01000100 levels=1 hr=8876017C
222 pid=FFFD881F hwtex create 01000100 levels=1 hr=8876017C
223 pid=FFFD881F hwtex create 01000100 levels=1 hr=8876017C
224 pid=FFFD881F hwtex create 01000100 levels=1 hr=8876017C
225 pid=FFFD881F hwtex create 01000100 levels=1 hr=8876017C
226 pid=FFFD881F hwtex create 01000100 levels=1 hr=8876017C
227 pid=FFFD881F hwtex create 01000100 levels=1 hr=8876017C
228 pid=FFFD881F hwtex create 01000100 levels=1 hr=8876017C
229 pid=FFFD881F hwtex create 01000100 levels=1 hr=8876017C
230 pid=FFFD881F hwtex create 01000100 levels=1 hr=8876017C
231 pid=FFFD881F hwtex create 01000100 levels=1 hr=8876017C
232 pid=FFFD881F hwtex create 01000100 levels=1 hr=8876017C
233 pid=FFFD881F hwtex create 01000100 levels=1 hr=8876017C
234 pid=FFFD881F hwtex create 01000100 levels=1 hr=8876017C
235 pid=FFFD881F hwtex create 01000100 levels=1 hr=8876017C
236 pid=FFFD881F hwtex create 01000100 levels=1 hr=8876017C
237 pid=FFFD881F hwtex create 01000100 levels=1 hr=8876017C
238 pid=FFFD881F hwtex create 01000100 levels=1 hr=8876017C
239 pid=FFFD881F hwtex create 01000100 levels=1 hr=8876017C
240 pid=FFFD881F hwtex create 01000100 levels=1 hr=8876017C
241 pid=FFFD881F hwtex create 01000100 levels=1 hr=8876017C
242 pid=FFFD881F hwtex create 01000100 levels=1 hr=8876017C
243 pid=FFFD881F hwtex create 01000100 levels=1 hr=8876017C
244 pid=FFFD881F hwtex create 01000100 levels=1 hr=8876017C
245 pid=FFFD881F hwtex create 01000100 levels=1 hr=8876017C
246 pid=FFFD881F hwtex create 01000100 levels=1 hr=8876017C
247 pid=FFFD881F hwtex create 01000100 levels=1 hr=8876017C
248 pid=FFFD881F hwtex create 01000100 levels=1 hr=8876017C
249 pid=FFFD881F hwtex create 01000100 levels=1 hr=8876017C
250 pid=FFFD881F hwtex create 01000100 levels=1 hr=8876017C
251 pid=FFFD881F hwtex create 01000100 levels=1 hr=8876017C
252 pid=FFFD881F hwtex create 01000100 levels=1 hr=8876017C
253 pid=FFFD881F hwtex create 01000100 levels=1 hr=8876017C
254 pid=FFFD881F hwtex create 01000100 levels=1 hr=8876017C
255 pid=FFFD881F hwtex create 01000100 levels=1 hr=8876017C
256 pid=FFFD881F time interval-ms=10001 swaps=158 present-ms=288 draw-ms=6801 upload-ms=58
257 pid=FFFD881F tsc frames=158 wall-ms=10001 vertex-ms=666 flush-in-vertex-ms=0 flush-other-ms=6889 bind-ms=8 iface-ms=6800 beginend-ms=4141 swap-ms=288 vertices=502105 flushes=4999 draws=5986 sink-ms=4081 sink-prep-ms=133 sinks=80763
258 pid=FFFD881F sink begin-ms=49 flush-ms=3898 copy-ms=28 prep-texture-ms=67 prep-state-ms=30 prep-same-ms=30
259 pid=FFFD881F hwno hwtex-ms=71 iface-cpu-ms=0 not-cpu=110 square-side=0 too-big=0 format=0 no-object=0 no-record=0 table-full=0 unusable=0 backoff=0 make-failed=0 square-alloc=0 upload=0
260 pid=FFFD881F prim transform-ms=102 inside-ms=80 window-ms=148 assemble-ms=214 history-ms=36 fast=183635 clipped=40031 culled=72595
261 pid=FFFD881F paths batches/triangles untextured=258/960 hw=46275/1676198 cpu=0/0 cpu-nonsquare=0/0 hw-refused=4525/235412
262 pid=FFFD881F counters hwtex live=104 creates=206 create-failed=71 evictions=71 uploads=548 upload-kb=16862 squared=0 alpha-dropped=221 stubs=0 failed r4=4525 r7=0 r8=0 other=0
263 pid=FFFD881F time interval-ms=10006 swaps=67 present-ms=123 draw-ms=7952 upload-ms=74
264 pid=FFFD881F tsc frames=67 wall-ms=10006 vertex-ms=857 flush-in-vertex-ms=29 flush-other-ms=8024 bind-ms=11 iface-ms=7952 beginend-ms=4644 swap-ms=123 vertices=598947 flushes=5225 draws=5479 sink-ms=4611 sink-prep-ms=118 sinks=67424
265 pid=FFFD881F sink begin-ms=53 flush-ms=4449 copy-ms=26 prep-texture-ms=63 prep-state-ms=25 prep-same-ms=25
266 pid=FFFD881F hwno hwtex-ms=80 iface-cpu-ms=0 not-cpu=19 square-side=0 too-big=0 format=0 no-object=0 no-record=0 table-full=0 unusable=0 backoff=0 make-failed=0 square-alloc=0 upload=0
267 pid=FFFD881F prim transform-ms=120 inside-ms=93 window-ms=169 assemble-ms=332 history-ms=41 fast=164191 clipped=92341 culled=96943
268 pid=FFFD881F paths batches/triangles untextured=277/1055 hw=51227/1865138 cpu=0/0 cpu-nonsquare=0/0 hw-refused=4779/247548
269 pid=FFFD881F counters hwtex live=104 creates=213 create-failed=71 evictions=71 uploads=578 upload-kb=17733 squared=0 alpha-dropped=221 stubs=0 failed r4=4779 r7=0 r8=0 other=0
270 pid=FFFD881F hwtex create 01000080 levels=9 hr=8876017C
271 pid=FFFD881F hwtex create 01000080 levels=9 hr=8876017C
272 pid=FFFD881F hwtex create 01000080 levels=9 hr=8876017C
273 pid=FFFD881F hwtex create 01000080 levels=9 hr=8876017C
274 pid=FFFD881F hwtex create 00800080 levels=1 hr=8876017C
275 pid=FFFD881F hwtex create 00800080 levels=1 hr=8876017C
276 pid=FFFD881F time interval-ms=10001 swaps=71 present-ms=129 draw-ms=7801 upload-ms=183
277 pid=FFFD881F tsc frames=71 wall-ms=10001 vertex-ms=858 flush-in-vertex-ms=57 flush-other-ms=7957 bind-ms=11 iface-ms=7801 beginend-ms=4426 swap-ms=130 vertices=598430 flushes=4979 draws=5396 sink-ms=4431 sink-prep-ms=104 sinks=59592
278 pid=FFFD881F sink begin-ms=46 flush-ms=4287 copy-ms=24 prep-texture-ms=55 prep-state-ms=22 prep-same-ms=22
279 pid=FFFD881F hwno hwtex-ms=192 iface-cpu-ms=0 not-cpu=20 square-side=0 too-big=0 format=0 no-object=0 no-record=0 table-full=0 unusable=0 backoff=0 make-failed=0 square-alloc=0 upload=0
280 pid=FFFD881F prim transform-ms=120 inside-ms=91 window-ms=158 assemble-ms=347 history-ms=40 fast=164881 clipped=91060 culled=75713
281 pid=FFFD881F paths batches/triangles untextured=297/1155 hw=55769/2036777 cpu=0/0 cpu-nonsquare=0/0 hw-refused=5196/269778
282 pid=FFFD881F counters hwtex live=104 creates=230 create-failed=77 evictions=77 uploads=648 upload-kb=19881 squared=0 alpha-dropped=221 stubs=0 failed r4=5196 r7=0 r8=0 other=0
283 pid=FFFD881F hwtex create 01000080 levels=9 hr=8876017C
284 pid=FFFD881F hwtex create 00400040 levels=7 hr=8876017C
285 pid=FFFD881F hwtex create 00400040 levels=7 hr=8876017C
286 pid=FFFD881F hwtex create 00800080 levels=1 hr=8876017C
287 pid=FFFD881F hwtex create 01000040 levels=9 hr=8876017C
288 pid=FFFD881F time interval-ms=10001 swaps=75 present-ms=137 draw-ms=7932 upload-ms=201
289 pid=FFFD881F tsc frames=75 wall-ms=10001 vertex-ms=774 flush-in-vertex-ms=82 flush-other-ms=8080 bind-ms=11 iface-ms=7932 beginend-ms=3975 swap-ms=138 vertices=508090 flushes=4872 draws=5446 sink-ms=4018 sink-prep-ms=88 sinks=50029
290 pid=FFFD881F sink begin-ms=36 flush-ms=3894 copy-ms=22 prep-texture-ms=47 prep-state-ms=20 prep-same-ms=18
291 pid=FFFD881F hwno hwtex-ms=209 iface-cpu-ms=0 not-cpu=24 square-side=0 too-big=0 format=0 no-object=0 no-record=0 table-full=0 unusable=0 backoff=0 make-failed=0 square-alloc=0 upload=0
292 pid=FFFD881F prim transform-ms=102 inside-ms=78 window-ms=138 assemble-ms=335 history-ms=34 fast=149104 clipped=65630 culled=55154
293 pid=FFFD881F paths batches/triangles untextured=321/1275 hw=60043/2186414 cpu=0/0 cpu-nonsquare=0/0 hw-refused=5770/300612
294 pid=FFFD881F counters hwtex live=104 creates=252 create-failed=82 evictions=82 uploads=729 upload-kb=22230 squared=0 alpha-dropped=221 stubs=0 failed r4=5770 r7=0 r8=0 other=0
295 pid=FFFD881F hwtex create 00800080 levels=1 hr=8876017C
296 pid=FFFD881F hwtex create 00800080 levels=1 hr=8876017C
297 pid=FFFD881F hwtex create 01000080 levels=9 hr=8876017C
298 pid=FFFD881F hwtex create 01000080 levels=9 hr=8876017C
299 pid=FFFD881F hwtex create 01000080 levels=9 hr=8876017C
300 pid=FFFD881F hwtex create 01000080 levels=9 hr=8876017C
301 pid=FFFD881F time interval-ms=10009 swaps=69 present-ms=125 draw-ms=8195 upload-ms=44
302 pid=FFFD881F tsc frames=69 wall-ms=10009 vertex-ms=742 flush-in-vertex-ms=44 flush-other-ms=8222 bind-ms=9 iface-ms=8195 beginend-ms=4844 swap-ms=126 vertices=507499 flushes=5083 draws=5458 sink-ms=4836 sink-prep-ms=102 sinks=58392
303 pid=FFFD881F sink begin-ms=43 flush-ms=4695 copy-ms=24 prep-texture-ms=54 prep-state-ms=22 prep-same-ms=21
304 pid=FFFD881F hwno hwtex-ms=51 iface-cpu-ms=0 not-cpu=5 square-side=0 too-big=0 format=0 no-object=0 no-record=0 table-full=0 unusable=0 backoff=0 make-failed=0 square-alloc=0 upload=0
305 pid=FFFD881F prim transform-ms=102 inside-ms=80 window-ms=147 assemble-ms=293 history-ms=35 fast=158626 clipped=62266 culled=72341
306 pid=FFFD881F paths batches/triangles untextured=326/1300 hw=64746/2356865 cpu=0/0 cpu-nonsquare=0/0 hw-refused=6145/318528
307 pid=FFFD881F counters hwtex live=104 creates=262 create-failed=88 evictions=88 uploads=743 upload-kb=22752 squared=0 alpha-dropped=221 stubs=0 failed r4=6145 r7=0 r8=0 other=0
308 pid=FFFD881F hwtex create 01000080 levels=9 hr=8876017C
309 pid=FFFD881F time interval-ms=10003 swaps=74 present-ms=135 draw-ms=7996 upload-ms=162
310 pid=FFFD881F tsc frames=74 wall-ms=10003 vertex-ms=727 flush-in-vertex-ms=40 flush-other-ms=8144 bind-ms=11 iface-ms=7996 beginend-ms=4667 swap-ms=135 vertices=495018 flushes=4579 draws=4953 sink-ms=4662 sink-prep-ms=89 sinks=51200
311 pid=FFFD881F sink begin-ms=39 flush-ms=4537 copy-ms=21 prep-texture-ms=48 prep-state-ms=19 prep-same-ms=18
312 pid=FFFD881F hwno hwtex-ms=167 iface-cpu-ms=0 not-cpu=36 square-side=0 too-big=0 format=0 no-object=0 no-record=0 table-full=0 unusable=0 backoff=0 make-failed=0 square-alloc=0 upload=0
313 pid=FFFD881F prim transform-ms=100 inside-ms=75 window-ms=130 assemble-ms=305 history-ms=33 fast=136073 clipped=81178 culled=60917
314 pid=FFFD881F paths batches/triangles untextured=362/1480 hw=68915/2508777 cpu=0/0 cpu-nonsquare=0/0 hw-refused=6519/336940
315 pid=FFFD881F counters hwtex live=104 creates=270 create-failed=89 evictions=89 uploads=805 upload-kb=24642 squared=0 alpha-dropped=221 stubs=0 failed r4=6519 r7=0 r8=0 other=0
316 pid=FFFD881F hwtex create 00400040 levels=7 hr=8876017C
317 pid=FFFD881F hwtex create 00400040 levels=7 hr=8876017C
318 pid=FFFD881F hwtex create 00800020 levels=8 hr=8876017C
319 pid=FFFD881F time interval-ms=10000 swaps=61 present-ms=110 draw-ms=7899 upload-ms=213
320 pid=FFFD881F tsc frames=61 wall-ms=10000 vertex-ms=794 flush-in-vertex-ms=19 flush-other-ms=8121 bind-ms=10 iface-ms=7899 beginend-ms=4996 swap-ms=110 vertices=577792 flushes=5349 draws=5702 sink-ms=4962 sink-prep-ms=110 sinks=63123
321 pid=FFFD881F sink begin-ms=46 flush-ms=4810 copy-ms=25 prep-texture-ms=58 prep-state-ms=24 prep-same-ms=23
322 pid=FFFD881F hwno hwtex-ms=221 iface-cpu-ms=0 not-cpu=14 square-side=0 too-big=0 format=0 no-object=0 no-record=0 table-full=0 unusable=0 backoff=0 make-failed=0 square-alloc=0 upload=0
323 pid=FFFD881F prim transform-ms=116 inside-ms=88 window-ms=157 assemble-ms=296 history-ms=39 fast=165126 clipped=79652 culled=79670
324 pid=FFFD881F paths batches/triangles untextured=376/1550 hw=73897/2689408 cpu=0/0 cpu-nonsquare=0/0 hw-refused=6872/353725
325 pid=FFFD881F counters hwtex live=104 creates=281 create-failed=92 evictions=92 uploads=887 upload-kb=27165 squared=0 alpha-dropped=221 stubs=0 failed r4=6872 r7=0 r8=0 other=0
326 pid=FFFD881F hwtex create 01000100 levels=1 hr=8876017C
327 pid=FFFD881F hwtex create 01000100 levels=1 hr=8876017C
328 pid=FFFD881F hwtex create 01000100 levels=1 hr=8876017C
329 pid=FFFD881F hwtex create 01000100 levels=1 hr=8876017C
330 pid=FFFD881F hwtex create 01000100 levels=1 hr=8876017C
331 pid=FFFD881F hwtex create 01000100 levels=1 hr=8876017C
332 pid=FFFD881F hwtex create 01000100 levels=1 hr=8876017C
333 pid=FFFD881F hwtex create 01000100 levels=1 hr=8876017C
334 pid=FFFD881F hwtex create 01000100 levels=1 hr=8876017C
335 pid=FFFD881F hwtex create 01000100 levels=1 hr=8876017C
336 pid=FFFD881F hwtex create 01000100 levels=1 hr=8876017C
337 pid=FFFD881F hwtex create 01000100 levels=1 hr=8876017C
338 pid=FFFD881F hwtex create 01000100 levels=1 hr=8876017C
339 pid=FFFD881F hwtex create 01000100 levels=1 hr=8876017C
340 pid=FFFD881F hwtex create 01000100 levels=1 hr=8876017C
341 pid=FFFD881F hwtex create 01000100 levels=1 hr=8876017C
342 pid=FFFD881F hwtex create 01000100 levels=1 hr=8876017C
343 pid=FFFD881F hwtex create 01000100 levels=1 hr=8876017C
344 pid=FFFD881F hwtex create 01000100 levels=1 hr=8876017C
345 pid=FFFD881F hwtex create 01000100 levels=1 hr=8876017C
346 pid=FFFD881F hwtex create 01000100 levels=1 hr=8876017C
347 pid=FFFD881F hwtex create 01000100 levels=1 hr=8876017C
348 pid=FFFD881F hwtex create 01000100 levels=1 hr=8876017C
349 pid=FFFD881F hwtex create 01000100 levels=1 hr=8876017C
350 pid=FFFD881F hwtex create 01000100 levels=1 hr=8876017C
351 pid=FFFD881F hwtex create 01000100 levels=1 hr=8876017C
352 pid=FFFD881F hwtex create 01000100 levels=1 hr=8876017C
353 pid=FFFD881F hwtex create 01000100 levels=1 hr=8876017C
354 pid=FFFD881F hwtex create 01000100 levels=1 hr=8876017C
355 pid=FFFD881F hwtex create 01000100 levels=1 hr=8876017C
356 pid=FFFD881F hwtex create 01000100 levels=1 hr=8876017C
357 pid=FFFD881F hwtex create 01000100 levels=1 hr=8876017C
358 pid=FFFD881F hwtex create 01000100 levels=1 hr=8876017C
359 pid=FFFD881F hwtex create 01000100 levels=1 hr=8876017C
360 pid=FFFD881F hwtex create 01000100 levels=1 hr=8876017C
361 pid=FFFD881F hwtex create 01000100 levels=1 hr=8876017C
362 pid=FFFD881F hwtex create 01000100 levels=1 hr=8876017C
363 pid=FFFD881F hwtex create 01000100 levels=1 hr=8876017C
364 pid=FFFD881F hwtex create 01000100 levels=1 hr=8876017C
365 pid=FFFD881F hwtex create 01000100 levels=1 hr=8876017C
366 pid=FFFD881F hwtex create 01000100 levels=1 hr=8876017C
367 pid=FFFD881F hwtex create 01000100 levels=1 hr=8876017C
368 pid=FFFD881F hwtex create 01000100 levels=1 hr=8876017C
369 pid=FFFD881F hwtex create 01000100 levels=1 hr=8876017C
370 pid=FFFD881F hwtex create 01000100 levels=1 hr=8876017C
371 pid=FFFD881F hwtex create 01000100 levels=1 hr=8876017C
372 pid=FFFD881F hwtex create 01000100 levels=1 hr=8876017C
373 pid=FFFD881F hwtex create 01000100 levels=1 hr=8876017C
374 pid=FFFD881F hwtex create 01000100 levels=1 hr=8876017C
375 pid=FFFD881F hwtex create 01000100 levels=1 hr=8876017C
376 pid=FFFD881F hwtex create 01000100 levels=1 hr=8876017C
377 pid=FFFD881F hwtex create 01000100 levels=1 hr=8876017C
378 pid=FFFD881F DrvReleaseContext context=1 -> 1
379 pid=FFFD881F paths batches/triangles untextured=380/1570 hw=75260/2735161 cpu=0/0 cpu-nonsquare=0/0 hw-refused=7349/381751
380 pid=FFFD881F counters hwtex live=0 creates=334 create-failed=144 evictions=144 uploads=922 upload-kb=28381 squared=0 alpha-dropped=241 stubs=0 failed r4=7349 r7=0 r8=0 other=0
381 pid=FFFD881F DrvDeleteContext context=1 -> 1
382 pid=FFFD881F detach slots-called=0 stub-calls=0
1 pid=FFFD38DD attach instance=01CF0000 tls=11 build-marker=1
2 pid=FFFD38DD DrvValidateVersion version=1
3 pid=FFFD38DD DrvSetCallbackProcs count=3 procs=78B23978
4 pid=FFFD38DD describe result=0 engine=5 formats=00000002
5 pid=FFFD38DD DrvDescribePixelFormat index=1 bytes=0 -> count=1
6 pid=FFFD38DD DrvDescribePixelFormat index=1 bytes=40 -> count=1
7 pid=FFFD38DD DrvDescribePixelFormat index=1 bytes=0 -> count=1
8 pid=FFFD38DD DrvDescribePixelFormat index=1 bytes=0 -> count=1
9 pid=FFFD38DD DrvDescribePixelFormat index=1 bytes=0 -> count=1
10 pid=FFFD38DD DrvDescribePixelFormat index=1 bytes=0 -> count=1
11 pid=FFFD38DD DrvDescribePixelFormat index=1 bytes=0 -> count=1
12 pid=FFFD38DD DrvDescribePixelFormat index=1 bytes=0 -> count=1
13 pid=FFFD38DD DrvDescribePixelFormat index=1 bytes=0 -> count=1
14 pid=FFFD38DD DrvDescribePixelFormat index=1 bytes=0 -> count=1
15 pid=FFFD38DD DrvDescribePixelFormat index=1 bytes=0 -> count=1
16 pid=FFFD38DD DrvDescribePixelFormat index=1 bytes=0 -> count=1
17 pid=FFFD38DD DrvDescribePixelFormat index=1 bytes=0 -> count=1
18 pid=FFFD38DD DrvDescribePixelFormat index=1 bytes=0 -> count=1
19 pid=FFFD38DD DrvDescribePixelFormat index=1 bytes=0 -> count=1
20 pid=FFFD38DD DrvDescribePixelFormat index=1 bytes=0 -> count=1
21 pid=FFFD38DD DrvDescribePixelFormat index=1 bytes=0 -> count=1
22 pid=FFFD38DD DrvDescribePixelFormat index=1 bytes=0 -> count=1
23 pid=FFFD38DD DrvDescribePixelFormat index=1 bytes=0 -> count=1
24 pid=FFFD38DD DrvDescribePixelFormat index=1 bytes=0 -> count=1
25 pid=FFFD38DD DrvDescribePixelFormat index=1 bytes=0 -> count=1
26 pid=FFFD38DD DrvDescribePixelFormat index=1 bytes=0 -> count=1
27 pid=FFFD38DD DrvDescribePixelFormat index=1 bytes=0 -> count=1
28 pid=FFFD38DD DrvDescribePixelFormat index=1 bytes=0 -> count=1
29 pid=FFFD38DD DrvDescribePixelFormat index=1 bytes=0 -> count=1
30 pid=FFFD38DD DrvDescribePixelFormat index=1 bytes=0 -> count=1
31 pid=FFFD38DD DrvDescribePixelFormat index=1 bytes=0 -> count=1
32 pid=FFFD38DD DrvSetPixelFormat hdc=00000772 index=1
33 pid=FFFD38DD DrvDescribePixelFormat index=1 bytes=0 -> count=1
34 pid=FFFD38DD DrvDescribePixelFormat index=1 bytes=40 -> count=1
35 pid=FFFD38DD DrvDescribePixelFormat index=1 bytes=0 -> count=1
36 pid=FFFD38DD DrvDescribePixelFormat index=1 bytes=40 -> count=1
37 pid=FFFD38DD DrvCreateLayerContext hdc=00000772 layer=0 -> 1
38 pid=FFFD38DD drawable window=0000015C 640x480
39 pid=FFFD38DD DrvSetContext hdc=00000772 context=1 -> 1
40 pid=FFFD38DD state tex=1158 size=00400040 tex=01010101 blend=00050600 depth=01040102 colour=FFFFFFFF mask=7 scissor=0,0,640,480 fog=0
41 pid=FFFD38DD time interval-ms=63464 swaps=0 present-ms=0 draw-ms=727295872 upload-ms=1
42 pid=FFFD38DD tsc frames=0 wall-ms=63464 vertex-ms=7808 flush-in-vertex-ms=0 flush-other-ms=11510205 bind-ms=3778 iface-ms=11031239 beginend-ms=4315216 swap-ms=0 vertices=18 flushes=1 draws=1 sink-ms=4287701 sink-prep-ms=4285904 sinks=4
43 pid=FFFD38DD sink begin-ms=3056200 flush-ms=0 copy-ms=940 prep-texture-ms=4284820 prep-state-ms=573 prep-same-ms=424
44 pid=FFFD38DD hwno hwtex-ms=397208 iface-cpu-ms=0 not-cpu=0 square-side=0 too-big=0 format=0 no-object=0 no-record=0 table-full=0 unusable=0 backoff=0 make-failed=0 square-alloc=0 upload=0
45 pid=FFFD38DD prim transform-ms=1460 inside-ms=1105 window-ms=1672 assemble-ms=2134 history-ms=411 fast=10 clipped=0 culled=0
46 pid=FFFD38DD paths batches/triangles untextured=0/0 hw=1/10 cpu=0/0 cpu-nonsquare=0/0 hw-refused=0/0
47 pid=FFFD38DD counters hwtex live=1 creates=1 create-failed=0 evictions=0 uploads=1 upload-kb=10 squared=0 alpha-dropped=0 stubs=0 failed r4=0 r7=0 r8=0 other=0
48 pid=FFFD38DD state tex=1162 size=00400040 tex=01010101 blend=00050600 depth=01040102 colour=FFFFFFFF mask=7 scissor=0,0,640,480 fog=0
49 pid=FFFD38DD state tex=1163 size=00100010 tex=01010101 blend=00050600 depth=01040102 colour=FFFFFFFF mask=7 scissor=0,0,640,480 fog=0
50 pid=FFFD38DD state tex=1168 size=00100010 tex=01010101 blend=00050600 depth=01040102 colour=FFFFFFFF mask=7 scissor=0,0,640,480 fog=0
51 pid=FFFD38DD state tex=1172 size=00400040 tex=01010101 blend=00050600 depth=01040102 colour=FFFFFFFF mask=7 scissor=0,0,640,480 fog=0
52 pid=FFFD38DD state tex=1180 size=00400040 tex=01010101 blend=00050600 depth=01040102 colour=FFFFFFFF mask=7 scissor=0,0,640,480 fog=0
53 pid=FFFD38DD state tex=1184 size=00400040 tex=01010101 blend=00050600 depth=01040102 colour=FFFFFFFF mask=7 scissor=0,0,640,480 fog=0
54 pid=FFFD38DD state tex=1185 size=00400040 tex=01010101 blend=00050600 depth=01040102 colour=FFFFFFFF mask=7 scissor=0,0,640,480 fog=0
55 pid=FFFD38DD state tex=1188 size=00400040 tex=01010101 blend=00050600 depth=01040102 colour=FFFFFFFF mask=7 scissor=0,0,640,480 fog=0
56 pid=FFFD38DD state tex=1191 size=00400040 tex=01010101 blend=00050600 depth=01040102 colour=FFFFFFFF mask=7 scissor=0,0,640,480 fog=0
57 pid=FFFD38DD state tex=1206 size=00400040 tex=01010101 blend=00050600 depth=01040102 colour=FFFFFFFF mask=7 scissor=0,0,640,480 fog=0
58 pid=FFFD38DD state tex=1210 size=00800080 tex=01010101 blend=00050600 depth=01040102 colour=FFFFFFFF mask=7 scissor=0,0,640,480 fog=0
59 pid=FFFD38DD state tex=1214 size=00400040 tex=01010101 blend=00050600 depth=01040102 colour=FFFFFFFF mask=7 scissor=0,0,640,480 fog=0
60 pid=FFFD38DD state tex=1216 size=00400040 tex=01010101 blend=00050600 depth=01040102 colour=FFFFFFFF mask=7 scissor=0,0,640,480 fog=0
61 pid=FFFD38DD state tex=1218 size=00400040 tex=01010101 blend=00050600 depth=01040102 colour=FFFFFFFF mask=7 scissor=0,0,640,480 fog=0
62 pid=FFFD38DD state tex=1225 size=00400040 tex=01010101 blend=00050600 depth=01040102 colour=FFFFFFFF mask=7 scissor=0,0,640,480 fog=0
63 pid=FFFD38DD state tex=1226 size=00400040 tex=01010101 blend=00050600 depth=01040102 colour=FFFFFFFF mask=7 scissor=0,0,640,480 fog=0
64 pid=FFFD38DD state tex=1264 size=00400040 tex=01010101 blend=00050600 depth=01040102 colour=FFFFFFFF mask=7 scissor=0,0,640,480 fog=0
65 pid=FFFD38DD state tex=1269 size=00400040 tex=01010101 blend=00050600 depth=01040102 colour=FFFFFFFF mask=7 scissor=0,0,640,480 fog=0
66 pid=FFFD38DD state tex=1273 size=00200080 tex=01010101 blend=00050600 depth=01040102 colour=FFFFFFFF mask=7 scissor=0,0,640,480 fog=0
67 pid=FFFD38DD state tex=1278 size=00400040 tex=01010101 blend=00050600 depth=01040102 colour=FFFFFFFF mask=7 scissor=0,0,640,480 fog=0
68 pid=FFFD38DD state tex=1281 size=00400040 tex=01010101 blend=00050600 depth=01040102 colour=FFFFFFFF mask=7 scissor=0,0,640,480 fog=0
69 pid=FFFD38DD state tex=1282 size=00400040 tex=01010101 blend=00050600 depth=01040102 colour=FFFFFFFF mask=7 scissor=0,0,640,480 fog=0
70 pid=FFFD38DD state tex=1025 size=00800080 tex=01010101 blend=01010300 depth=01040001 colour=FFFFFFFF mask=7 scissor=0,0,640,480 fog=0
71 pid=FFFD38DD state tex=1026 size=00800080 tex=01010101 blend=01010300 depth=01040001 colour=FFFFFFFF mask=7 scissor=0,0,640,480 fog=0
72 pid=FFFD38DD state tex=1027 size=00800080 tex=01010101 blend=01010300 depth=01040001 colour=FFFFFFFF mask=7 scissor=0,0,640,480 fog=0
73 pid=FFFD38DD state tex=1030 size=00800080 tex=01010101 blend=01010300 depth=01040001 colour=FFFFFFFF mask=7 scissor=0,0,640,480 fog=0
74 pid=FFFD38DD state tex=1376 size=01000080 tex=01040201 blend=00050600 depth=01040102 colour=FF94774B mask=7 scissor=0,0,640,480 fog=0
75 pid=FFFD38DD state tex=1380 size=01000080 tex=01040201 blend=00050600 depth=01040102 colour=FF463827 mask=7 scissor=0,0,640,480 fog=0
76 pid=FFFD38DD state tex=1382 size=00800020 tex=01040201 blend=00050600 depth=01040102 colour=FF6F562E mask=7 scissor=0,0,640,480 fog=0
77 pid=FFFD38DD state tex=1384 size=00800020 tex=01010200 blend=00050600 depth=01040102 colour=FF4D4231 mask=7 scissor=0,0,640,480 fog=0
78 pid=FFFD38DD state tex=1389 size=01000080 tex=01040201 blend=00050600 depth=01040102 colour=FF5F5343 mask=7 scissor=0,0,640,480 fog=0
79 pid=FFFD38DD state tex=1390 size=00800040 tex=01040201 blend=00050600 depth=01040102 colour=FF7F6F57 mask=7 scissor=0,0,640,480 fog=0
80 pid=FFFD38DD state tex=1391 size=00400040 tex=01010200 blend=00050600 depth=01040102 colour=FF968569 mask=7 scissor=0,0,640,480 fog=0
81 pid=FFFD38DD state tex=1393 size=00800040 tex=01040201 blend=00050600 depth=01040102 colour=FFFFFFE8 mask=7 scissor=0,0,640,480 fog=0
82 pid=FFFD38DD state tex=1396 size=00800040 tex=01040201 blend=00050600 depth=01040102 colour=FF9C8964 mask=7 scissor=0,0,640,480 fog=0
83 pid=FFFD38DD state tex=1401 size=01000080 tex=01040201 blend=00050600 depth=01040102 colour=FFFFFFED mask=7 scissor=0,0,640,480 fog=0
84 pid=FFFD38DD state tex=1409 size=01000080 tex=01040201 blend=00050600 depth=01040102 colour=FF4D4137 mask=7 scissor=0,0,640,480 fog=0
85 pid=FFFD38DD state tex=1152 size=01000100 tex=01040101 blend=00050601 depth=00040101 colour=FFFFFFFF mask=7 scissor=0,0,640,480 fog=0
86 pid=FFFD38DD refused tex=1152 size=01000100 tex=02040101 blend=00050601 depth=00040101 colour=FFFFFFFF mask=7 scissor=0,0,640,480 fog=0
87 pid=FFFD38DD draw result=4 triangles=18 submitted=0
88 pid=FFFD38DD   v0 sx=439E0000 sy=436C0000 sz=3F000000 rhw=3F800000 tu=3F70028F tv=3823D70A
89 pid=FFFD38DD   v1 sx=43A20000 sy=436C0000 sz=3F000000 rhw=3F800000 tu=3F77FD71 tv=3823D70A
90 pid=FFFD38DD   v2 sx=43A20000 sy=43740002 sz=3F000000 rhw=3F800000 tu=3F77FD71 tv=3CFFAE14
91 pid=FFFD38DD draw result=4 triangles=18 submitted=0
92 pid=FFFD38DD   v0 sx=439E0000 sy=436C0000 sz=3F000000 rhw=3F800000 tu=3F70028F tv=3823D70A
93 pid=FFFD38DD   v1 sx=43A20000 sy=436C0000 sz=3F000000 rhw=3F800000 tu=3F77FD71 tv=3823D70A
94 pid=FFFD38DD   v2 sx=43A20000 sy=43740002 sz=3F000000 rhw=3F800000 tu=3F77FD71 tv=3CFFAE14
95 pid=FFFD38DD draw result=4 triangles=18 submitted=0
96 pid=FFFD38DD   v0 sx=439E0000 sy=436C0000 sz=3F000000 rhw=3F800000 tu=3F70028F tv=3823D70A
97 pid=FFFD38DD   v1 sx=43A20000 sy=436C0000 sz=3F000000 rhw=3F800000 tu=3F77FD71 tv=3823D70A
98 pid=FFFD38DD   v2 sx=43A20000 sy=43740002 sz=3F000000 rhw=3F800000 tu=3F77FD71 tv=3CFFAE14
99 pid=FFFD38DD draw result=4 triangles=18 submitted=0
100 pid=FFFD38DD   v0 sx=439E0000 sy=436C0000 sz=3F000000 rhw=3F800000 tu=3F70028F tv=3823D70A
101 pid=FFFD38DD   v1 sx=43A20000 sy=436C0000 sz=3F000000 rhw=3F800000 tu=3F77FD71 tv=3823D70A
102 pid=FFFD38DD   v2 sx=43A20000 sy=43740002 sz=3F000000 rhw=3F800000 tu=3F77FD71 tv=3CFFAE14
103 pid=FFFD38DD draw result=4 triangles=18 submitted=0
104 pid=FFFD38DD   v0 sx=439E0000 sy=436C0000 sz=3F000000 rhw=3F800000 tu=3F70028F tv=3823D70A
105 pid=FFFD38DD   v1 sx=43A20000 sy=436C0000 sz=3F000000 rhw=3F800000 tu=3F77FD71 tv=3823D70A
106 pid=FFFD38DD   v2 sx=43A20000 sy=43740002 sz=3F000000 rhw=3F800000 tu=3F77FD71 tv=3CFFAE14
107 pid=FFFD38DD draw result=4 triangles=18 submitted=0
108 pid=FFFD38DD   v0 sx=439E0000 sy=436C0000 sz=3F000000 rhw=3F800000 tu=3F70028F tv=3823D70A
109 pid=FFFD38DD   v1 sx=43A20000 sy=436C0000 sz=3F000000 rhw=3F800000 tu=3F77FD71 tv=3823D70A
110 pid=FFFD38DD   v2 sx=43A20000 sy=43740002 sz=3F000000 rhw=3F800000 tu=3F77FD71 tv=3CFFAE14
111 pid=FFFD38DD state tex=1267 size=00400020 tex=01010101 blend=00050600 depth=01040102 colour=FFFFFFFF mask=7 scissor=0,0,640,480 fog=0
112 pid=FFFD38DD state tex=1268 size=00400040 tex=01010101 blend=00050600 depth=01040102 colour=FFFFFFFF mask=7 scissor=0,0,640,480 fog=0
113 pid=FFFD38DD state tex=1266 size=00400020 tex=01010101 blend=00050600 depth=01040102 colour=FFFFFFFF mask=7 scissor=0,0,640,480 fog=0
114 pid=FFFD38DD state tex=1024 size=00800080 tex=01010101 blend=01010300 depth=01040001 colour=FFFFFFFF mask=7 scissor=0,0,640,480 fog=0
115 pid=FFFD38DD state tex=1381 size=01000080 tex=01040201 blend=00050600 depth=01040102 colour=FF9C8D54 mask=7 scissor=0,0,640,480 fog=0
116 pid=FFFD38DD state tex=1342 size=00800040 tex=01010200 blend=01050600 depth=01040002 colour=AA6D6153 mask=7 scissor=0,0,640,480 fog=0
117 pid=FFFD38DD state tex=1153 size=00080008 tex=01040202 blend=01050600 depth=01040002 colour=FF730700 mask=7 scissor=0,0,640,480 fog=0
118 pid=FFFD38DD refused tex=1153 size=00080008 tex=02040202 blend=01050600 depth=01040002 colour=D4730700 mask=7 scissor=0,0,640,480 fog=0
119 pid=FFFD38DD state tex=1153 size=00000000 tex=00000000 blend=01050600 depth=00040100 colour=33FF0000 mask=7 scissor=0,0,640,480 fog=0
120 pid=FFFD38DD time interval-ms=10000 swaps=35 present-ms=199 draw-ms=7992 upload-ms=117
121 pid=FFFD38DD tsc frames=35 wall-ms=10000 vertex-ms=437 flush-in-vertex-ms=16 flush-other-ms=8123 bind-ms=7 iface-ms=7992 beginend-ms=4417 swap-ms=200 vertices=297659 flushes=2687 draws=2817 sink-ms=4401 sink-prep-ms=61 sinks=34806
122 pid=FFFD38DD sink begin-ms=27 flush-ms=4318 copy-ms=13 prep-texture-ms=33 prep-state-ms=13 prep-same-ms=13
123 pid=FFFD38DD hwno hwtex-ms=123 iface-cpu-ms=0 not-cpu=1 square-side=0 too-big=0 format=0 no-object=0 no-record=0 table-full=0 unusable=0 backoff=0 make-failed=0 square-alloc=0 upload=0
124 pid=FFFD38DD prim transform-ms=60 inside-ms=47 window-ms=86 assemble-ms=173 history-ms=21 fast=84712 clipped=41810 culled=49909
125 pid=FFFD38DD paths batches/triangles untextured=1/5 hw=2557/97699 cpu=0/0 cpu-nonsquare=0/0 hw-refused=130/6294
126 pid=FFFD38DD counters hwtex live=46 creates=46 create-failed=0 evictions=0 uploads=51 upload-kb=1334 squared=0 alpha-dropped=0 stubs=0 failed r4=130 r7=0 r8=0 other=0
127 pid=FFFD38DD state tex=1361 size=01000080 tex=01040201 blend=00050600 depth=01040102 colour=FFA99362 mask=7 scissor=0,0,640,480 fog=0
128 pid=FFFD38DD time interval-ms=10000 swaps=36 present-ms=184 draw-ms=8043 upload-ms=60
129 pid=FFFD38DD tsc frames=36 wall-ms=10000 vertex-ms=487 flush-in-vertex-ms=16 flush-other-ms=8103 bind-ms=7 iface-ms=8042 beginend-ms=4662 swap-ms=185 vertices=344910 flushes=2918 draws=3057 sink-ms=4643 sink-prep-ms=67 sinks=37948
130 pid=FFFD38DD sink begin-ms=30 flush-ms=4552 copy-ms=14 prep-texture-ms=36 prep-state-ms=14 prep-same-ms=14
131 pid=FFFD38DD hwno hwtex-ms=63 iface-cpu-ms=0 not-cpu=19 square-side=0 too-big=0 format=0 no-object=0 no-record=0 table-full=0 unusable=0 backoff=0 make-failed=0 square-alloc=0 upload=0
132 pid=FFFD38DD prim transform-ms=69 inside-ms=53 window-ms=95 assemble-ms=188 history-ms=24 fast=92999 clipped=55916 culled=54057
133 pid=FFFD38DD paths batches/triangles untextured=20/100 hw=5317/203768 cpu=0/0 cpu-nonsquare=0/0 hw-refused=269/12790
134 pid=FFFD38DD counters hwtex live=50 creates=50 create-failed=0 evictions=0 uploads=73 upload-kb=2025 squared=0 alpha-dropped=0 stubs=0 failed r4=269 r7=0 r8=0 other=0
135 pid=FFFD38DD time interval-ms=10012 swaps=34 present-ms=173 draw-ms=7990 upload-ms=71
136 pid=FFFD38DD tsc frames=34 wall-ms=10012 vertex-ms=560 flush-in-vertex-ms=32 flush-other-ms=8058 bind-ms=5 iface-ms=7990 beginend-ms=5063 swap-ms=174 vertices=397040 flushes=3242 draws=3537 sink-ms=5060 sink-prep-ms=73 sinks=41768
137 pid=FFFD38DD sink begin-ms=31 flush-ms=4959 copy-ms=17 prep-texture-ms=39 prep-state-ms=16 prep-same-ms=15
138 pid=FFFD38DD hwno hwtex-ms=89 iface-cpu-ms=0 not-cpu=15 square-side=0 too-big=0 format=0 no-object=0 no-record=0 table-full=0 unusable=0 backoff=0 make-failed=0 square-alloc=0 upload=0
139 pid=FFFD38DD prim transform-ms=79 inside-ms=62 window-ms=113 assemble-ms=212 history-ms=27 fast=116684 clipped=49637 culled=58079
140 pid=FFFD38DD paths batches/triangles untextured=35/175 hw=8249/321460 cpu=0/0 cpu-nonsquare=0/0 hw-refused=564/29085
141 pid=FFFD38DD counters hwtex live=60 creates=60 create-failed=0 evictions=0 uploads=101 upload-kb=2876 squared=0 alpha-dropped=0 stubs=0 failed r4=564 r7=0 r8=0 other=0
142 pid=FFFD38DD time interval-ms=10001 swaps=40 present-ms=204 draw-ms=8065 upload-ms=153
143 pid=FFFD38DD tsc frames=40 wall-ms=10001 vertex-ms=343 flush-in-vertex-ms=35 flush-other-ms=8198 bind-ms=7 iface-ms=8065 beginend-ms=3539 swap-ms=205 vertices=227945 flushes=1978 draws=2114 sink-ms=3556 sink-prep-ms=36 sinks=20348
144 pid=FFFD38DD sink begin-ms=16 flush-ms=3506 copy-ms=9 prep-texture-ms=19 prep-state-ms=8 prep-same-ms=7
145 pid=FFFD38DD hwno hwtex-ms=157 iface-cpu-ms=0 not-cpu=4 square-side=0 too-big=0 format=0 no-object=0 no-record=0 table-full=0 unusable=0 backoff=0 make-failed=0 square-alloc=0 upload=0
146 pid=FFFD38DD prim transform-ms=46 inside-ms=33 window-ms=52 assemble-ms=158 history-ms=15 fast=55909 clipped=44467 culled=20961
147 pid=FFFD38DD paths batches/triangles untextured=39/195 hw=10087/384194 cpu=0/0 cpu-nonsquare=0/0 hw-refused=700/35649
148 pid=FFFD38DD counters hwtex live=70 creates=70 create-failed=0 evictions=0 uploads=159 upload-kb=4630 squared=0 alpha-dropped=0 stubs=0 failed r4=700 r7=0 r8=0 other=0
149 pid=FFFD38DD time interval-ms=10026 swaps=40 present-ms=205 draw-ms=8181 upload-ms=73
150 pid=FFFD38DD tsc frames=40 wall-ms=10026 vertex-ms=353 flush-in-vertex-ms=38 flush-other-ms=8231 bind-ms=6 iface-ms=8181 beginend-ms=3773 swap-ms=206 vertices=227864 flushes=2261 draws=2574 sink-ms=3793 sink-prep-ms=41 sinks=23655
151 pid=FFFD38DD sink begin-ms=16 flush-ms=3734 copy-ms=11 prep-texture-ms=22 prep-state-ms=9 prep-same-ms=8
152 pid=FFFD38DD hwno hwtex-ms=76 iface-cpu-ms=0 not-cpu=9 square-side=0 too-big=0 format=0 no-object=0 no-record=0 table-full=0 unusable=0 backoff=0 make-failed=0 square-alloc=0 upload=0
153 pid=FFFD38DD prim transform-ms=46 inside-ms=36 window-ms=63 assemble-ms=154 history-ms=15 fast=71754 clipped=26705 culled=21669
154 pid=FFFD38DD paths batches/triangles untextured=48/240 hw=12026/454431 cpu=0/0 cpu-nonsquare=0/0 hw-refused=1013/52596
155 pid=FFFD38DD counters hwtex live=72 creates=72 create-failed=0 evictions=0 uploads=185 upload-kb=5504 squared=0 alpha-dropped=0 stubs=0 failed r4=1013 r7=0 r8=0 other=0
156 pid=FFFD38DD time interval-ms=10011 swaps=38 present-ms=195 draw-ms=8043 upload-ms=117
157 pid=FFFD38DD tsc frames=38 wall-ms=10011 vertex-ms=449 flush-in-vertex-ms=47 flush-other-ms=8132 bind-ms=7 iface-ms=8043 beginend-ms=3862 swap-ms=196 vertices=297014 flushes=2813 draws=3110 sink-ms=3885 sink-prep-ms=49 sinks=27818
158 pid=FFFD38DD sink begin-ms=21 flush-ms=3817 copy-ms=12 prep-texture-ms=26 prep-state-ms=11 prep-same-ms=10
159 pid=FFFD38DD hwno hwtex-ms=122 iface-cpu-ms=0 not-cpu=17 square-side=0 too-big=0 format=0 no-object=0 no-record=0 table-full=0 unusable=0 backoff=0 make-failed=0 square-alloc=0 upload=0
160 pid=FFFD38DD prim transform-ms=59 inside-ms=45 window-ms=79 assemble-ms=195 history-ms=19 fast=81842 clipped=42975 culled=34159
161 pid=FFFD38DD paths batches/triangles untextured=65/325 hw=14525/537625 cpu=0/0 cpu-nonsquare=0/0 hw-refused=1310/68612
162 pid=FFFD38DD counters hwtex live=86 creates=86 create-failed=0 evictions=0 uploads=235 upload-kb=6819 squared=0 alpha-dropped=0 stubs=0 failed r4=1310 r7=0 r8=0 other=0
163 pid=FFFD38DD refused tex=1155 size=00800080 tex=02040101 blend=00050601 depth=00040101 colour=FFFFFFFF mask=7 scissor=0,0,640,480 fog=0
164 pid=FFFD38DD time interval-ms=10002 swaps=35 present-ms=178 draw-ms=8117 upload-ms=26
165 pid=FFFD38DD tsc frames=35 wall-ms=10002 vertex-ms=459 flush-in-vertex-ms=40 flush-other-ms=8207 bind-ms=93 iface-ms=8117 beginend-ms=4318 swap-ms=180 vertices=268401 flushes=2785 draws=3062 sink-ms=4332 sink-prep-ms=53 sinks=28817
166 pid=FFFD38DD sink begin-ms=23 flush-ms=4251 copy-ms=14 prep-texture-ms=28 prep-state-ms=11 prep-same-ms=11
167 pid=FFFD38DD hwno hwtex-ms=30 iface-cpu-ms=0 not-cpu=3 square-side=0 too-big=0 format=0 no-object=0 no-record=0 table-full=0 unusable=0 backoff=0 make-failed=0 square-alloc=0 upload=0
168 pid=FFFD38DD prim transform-ms=57 inside-ms=71 window-ms=86 assemble-ms=173 history-ms=19 fast=84801 clipped=29456 culled=36616
169 pid=FFFD38DD paths batches/triangles untextured=68/340 hw=17030/622300 cpu=0/0 cpu-nonsquare=0/0 hw-refused=1587/82498
170 pid=FFFD38DD counters hwtex live=89 creates=89 create-failed=0 evictions=0 uploads=244 upload-kb=7128 squared=0 alpha-dropped=0 stubs=0 failed r4=1587 r7=0 r8=0 other=0
171 pid=FFFD38DD time interval-ms=10014 swaps=37 present-ms=190 draw-ms=8295 upload-ms=18
172 pid=FFFD38DD tsc frames=37 wall-ms=10014 vertex-ms=340 flush-in-vertex-ms=7 flush-other-ms=8319 bind-ms=5 iface-ms=8294 beginend-ms=5120 swap-ms=191 vertices=238103 flushes=2263 draws=2345 sink-ms=5100 sink-prep-ms=53 sinks=29699
173 pid=FFFD38DD sink begin-ms=22 flush-ms=5028 copy-ms=11 prep-texture-ms=27 prep-state-ms=13 prep-same-ms=11
174 pid=FFFD38DD hwno hwtex-ms=21 iface-cpu-ms=0 not-cpu=9 square-side=0 too-big=0 format=0 no-object=0 no-record=0 table-full=0 unusable=0 backoff=0 make-failed=0 square-alloc=0 upload=0
175 pid=FFFD38DD prim transform-ms=48 inside-ms=37 window-ms=66 assemble-ms=132 history-ms=17 fast=71845 clipped=36181 culled=34133
176 pid=FFFD38DD paths batches/triangles untextured=77/385 hw=19202/707859 cpu=0/0 cpu-nonsquare=0/0 hw-refused=1669/85710
177 pid=FFFD38DD counters hwtex live=90 creates=90 create-failed=0 evictions=0 uploads=251 upload-kb=7352 squared=0 alpha-dropped=0 stubs=0 failed r4=1669 r7=0 r8=0 other=0
178 pid=FFFD38DD time interval-ms=10025 swaps=36 present-ms=183 draw-ms=8190 upload-ms=86
179 pid=FFFD38DD tsc frames=36 wall-ms=10025 vertex-ms=408 flush-in-vertex-ms=30 flush-other-ms=8260 bind-ms=7 iface-ms=8190 beginend-ms=4755 swap-ms=184 vertices=272492 flushes=2508 draws=2754 sink-ms=4762 sink-prep-ms=49 sinks=28121
180 pid=FFFD38DD sink begin-ms=21 flush-ms=4693 copy-ms=12 prep-texture-ms=26 prep-state-ms=11 prep-same-ms=10
181 pid=FFFD38DD hwno hwtex-ms=89 iface-cpu-ms=0 not-cpu=20 square-side=0 too-big=0 format=0 no-object=0 no-record=0 table-full=0 unusable=0 backoff=0 make-failed=0 square-alloc=0 upload=0
182 pid=FFFD38DD prim transform-ms=55 inside-ms=42 window-ms=76 assemble-ms=171 history-ms=18 fast=79360 clipped=38322 culled=35436
183 pid=FFFD38DD paths batches/triangles untextured=97/485 hw=21444/792005 cpu=0/0 cpu-nonsquare=0/0 hw-refused=1915/98595
184 pid=FFFD38DD counters hwtex live=90 creates=90 create-failed=0 evictions=0 uploads=283 upload-kb=8376 squared=0 alpha-dropped=0 stubs=0 failed r4=1915 r7=0 r8=0 other=0
185 pid=FFFD38DD hwtex create 00800040 levels=8 hr=8876017C
186 pid=FFFD38DD hwtex create 01000080 levels=9 hr=8876017C
187 pid=FFFD38DD hwtex create 01000080 levels=9 hr=8876017C
188 pid=FFFD38DD hwtex create 01000080 levels=9 hr=8876017C
189 pid=FFFD38DD time interval-ms=10014 swaps=38 present-ms=194 draw-ms=8147 upload-ms=72
190 pid=FFFD38DD tsc frames=38 wall-ms=10014 vertex-ms=366 flush-in-vertex-ms=7 flush-other-ms=8246 bind-ms=5 iface-ms=8147 beginend-ms=4479 swap-ms=194 vertices=261062 flushes=2357 draws=2493 sink-ms=4460 sink-prep-ms=50 sinks=28491
191 pid=FFFD38DD sink begin-ms=22 flush-ms=4391 copy-ms=11 prep-texture-ms=26 prep-state-ms=11 prep-same-ms=10
192 pid=FFFD38DD hwno hwtex-ms=95 iface-cpu-ms=0 not-cpu=10 square-side=0 too-big=0 format=0 no-object=0 no-record=0 table-full=0 unusable=0 backoff=0 make-failed=0 square-alloc=0 upload=0
193 pid=FFFD38DD prim transform-ms=53 inside-ms=39 window-ms=67 assemble-ms=145 history-ms=18 fast=69609 clipped=44113 culled=34698
194 pid=FFFD38DD paths batches/triangles untextured=107/535 hw=23655/873918 cpu=0/0 cpu-nonsquare=0/0 hw-refused=2051/104031
195 pid=FFFD38DD counters hwtex live=95 creates=99 create-failed=4 evictions=4 uploads=309 upload-kb=9166 squared=0 alpha-dropped=0 stubs=0 failed r4=2051 r7=0 r8=0 other=0
196 pid=FFFD38DD hwtex create 00800080 levels=8 hr=8876017C
197 pid=FFFD38DD hwtex create 01000040 levels=9 hr=8876017C
198 pid=FFFD38DD time interval-ms=10000 swaps=36 present-ms=184 draw-ms=8074 upload-ms=113
199 pid=FFFD38DD tsc frames=36 wall-ms=10000 vertex-ms=424 flush-in-vertex-ms=10 flush-other-ms=8193 bind-ms=6 iface-ms=8074 beginend-ms=4907 swap-ms=185 vertices=306396 flushes=2638 draws=2818 sink-ms=4890 sink-prep-ms=55 sinks=31637
200 pid=FFFD38DD sink begin-ms=23 flush-ms=4814 copy-ms=13 prep-texture-ms=29 prep-state-ms=12 prep-same-ms=11
201 pid=FFFD38DD hwno hwtex-ms=118 iface-cpu-ms=0 not-cpu=11 square-side=0 too-big=0 format=0 no-object=0 no-record=0 table-full=0 unusable=0 backoff=0 make-failed=0 square-alloc=0 upload=0
202 pid=FFFD38DD prim transform-ms=61 inside-ms=46 window-ms=78 assemble-ms=163 history-ms=21 fast=80170 clipped=49249 culled=39151
203 pid=FFFD38DD paths batches/triangles untextured=118/590 hw=26102/964321 cpu=0/0 cpu-nonsquare=0/0 hw-refused=2231/112186
204 pid=FFFD38DD counters hwtex live=101 creates=108 create-failed=6 evictions=6 uploads=353 upload-kb=10487 squared=0 alpha-dropped=0 stubs=0 failed r4=2231 r7=0 r8=0 other=0
205 pid=FFFD38DD time interval-ms=10005 swaps=37 present-ms=189 draw-ms=7889 upload-ms=177
206 pid=FFFD38DD tsc frames=37 wall-ms=10005 vertex-ms=484 flush-in-vertex-ms=20 flush-other-ms=8064 bind-ms=8 iface-ms=7889 beginend-ms=4119 swap-ms=190 vertices=350670 flushes=3309 draws=3577 sink-ms=4110 sink-prep-ms=63 sinks=35378
207 pid=FFFD38DD sink begin-ms=26 flush-ms=4023 copy-ms=15 prep-texture-ms=34 prep-state-ms=14 prep-same-ms=13
208 pid=FFFD38DD hwno hwtex-ms=181 iface-cpu-ms=0 not-cpu=4 square-side=0 too-big=0 format=0 no-object=0 no-record=0 table-full=0 unusable=0 backoff=0 make-failed=0 square-alloc=0 upload=0
209 pid=FFFD38DD prim transform-ms=71 inside-ms=54 window-ms=97 assemble-ms=180 history-ms=23 fast=98775 clipped=45335 culled=49000
210 pid=FFFD38DD paths batches/triangles untextured=122/610 hw=29139/1066794 cpu=0/0 cpu-nonsquare=0/0 hw-refused=2499/126125
211 pid=FFFD38DD counters hwtex live=101 creates=110 create-failed=6 evictions=6 uploads=420 upload-kb=12587 squared=0 alpha-dropped=0 stubs=0 failed r4=2499 r7=0 r8=0 other=0
212 pid=FFFD38DD hwtex create 01000080 levels=9 hr=8876017C
213 pid=FFFD38DD hwtex create 01000080 levels=9 hr=8876017C
214 pid=FFFD38DD hwtex create 01000080 levels=9 hr=8876017C
215 pid=FFFD38DD hwtex create 01000080 levels=9 hr=8876017C
216 pid=FFFD38DD hwtex create 01000080 levels=9 hr=8876017C
217 pid=FFFD38DD hwtex create 01000080 levels=9 hr=8876017C
218 pid=FFFD38DD hwtex create 01000080 levels=9 hr=8876017C
219 pid=FFFD38DD hwtex create 01000080 levels=9 hr=8876017C
220 pid=FFFD38DD hwtex create 01000080 levels=9 hr=8876017C
221 pid=FFFD38DD hwtex create 01000080 levels=9 hr=8876017C
222 pid=FFFD38DD time interval-ms=10000 swaps=30 present-ms=153 draw-ms=8220 upload-ms=71
223 pid=FFFD38DD tsc frames=30 wall-ms=10000 vertex-ms=490 flush-in-vertex-ms=43 flush-other-ms=8272 bind-ms=9 iface-ms=8220 beginend-ms=4957 swap-ms=155 vertices=328633 flushes=3853 draws=4190 sink-ms=4972 sink-prep-ms=66 sinks=37845
224 pid=FFFD38DD sink begin-ms=25 flush-ms=4880 copy-ms=16 prep-texture-ms=35 prep-state-ms=14 prep-same-ms=13
225 pid=FFFD38DD hwno hwtex-ms=78 iface-cpu-ms=0 not-cpu=14 square-side=0 too-big=0 format=0 no-object=0 no-record=0 table-full=0 unusable=0 backoff=0 make-failed=0 square-alloc=0 upload=0
226 pid=FFFD38DD prim transform-ms=66 inside-ms=52 window-ms=95 assemble-ms=199 history-ms=22 fast=113114 clipped=32555 culled=38160
227 pid=FFFD38DD paths batches/triangles untextured=136/680 hw=32641/1180587 cpu=0/0 cpu-nonsquare=0/0 hw-refused=2836/144057
228 pid=FFFD38DD counters hwtex live=101 creates=121 create-failed=16 evictions=16 uploads=445 upload-kb=13440 squared=0 alpha-dropped=0 stubs=0 failed r4=2836 r7=0 r8=0 other=0
229 pid=FFFD38DD hwtex create 01000080 levels=9 hr=8876017C
230 pid=FFFD38DD hwtex create 01000080 levels=9 hr=8876017C
231 pid=FFFD38DD hwtex create 01000080 levels=9 hr=8876017C
232 pid=FFFD38DD hwtex create 01000080 levels=9 hr=8876017C
233 pid=FFFD38DD hwtex create 01000080 levels=9 hr=8876017C
234 pid=FFFD38DD hwtex create 01000080 levels=9 hr=8876017C
235 pid=FFFD38DD time interval-ms=10027 swaps=36 present-ms=184 draw-ms=8156 upload-ms=66
236 pid=FFFD38DD tsc frames=36 wall-ms=10027 vertex-ms=422 flush-in-vertex-ms=15 flush-other-ms=8226 bind-ms=7 iface-ms=8156 beginend-ms=3843 swap-ms=185 vertices=296391 flushes=3577 draws=3810 sink-ms=3832 sink-prep-ms=57 sinks=32886
237 pid=FFFD38DD sink begin-ms=24 flush-ms=3752 copy-ms=14 prep-texture-ms=30 prep-state-ms=13 prep-same-ms=12
238 pid=FFFD38DD hwno hwtex-ms=72 iface-cpu-ms=0 not-cpu=0 square-side=0 too-big=0 format=0 no-object=0 no-record=0 table-full=0 unusable=0 backoff=0 make-failed=0 square-alloc=0 upload=0
239 pid=FFFD38DD prim transform-ms=60 inside-ms=46 window-ms=80 assemble-ms=166 history-ms=20 fast=94102 clipped=40941 culled=33730
240 pid=FFFD38DD paths batches/triangles untextured=136/680 hw=35985/1280223 cpu=0/0 cpu-nonsquare=0/0 hw-refused=3069/156441
241 pid=FFFD38DD counters hwtex live=101 creates=128 create-failed=22 evictions=22 uploads=468 upload-kb=14229 squared=0 alpha-dropped=0 stubs=0 failed r4=3069 r7=0 r8=0 other=0
242 pid=FFFD38DD hwtex create 01000100 levels=1 hr=8876017C
243 pid=FFFD38DD hwtex create 01000100 levels=1 hr=8876017C
244 pid=FFFD38DD hwtex create 01000100 levels=1 hr=8876017C
245 pid=FFFD38DD hwtex create 01000100 levels=1 hr=8876017C
246 pid=FFFD38DD hwtex create 01000100 levels=1 hr=8876017C
247 pid=FFFD38DD hwtex create 01000100 levels=1 hr=8876017C
248 pid=FFFD38DD hwtex create 01000100 levels=1 hr=8876017C
249 pid=FFFD38DD hwtex create 01000100 levels=1 hr=8876017C
250 pid=FFFD38DD hwtex create 01000100 levels=1 hr=8876017C
251 pid=FFFD38DD hwtex create 01000100 levels=1 hr=8876017C
252 pid=FFFD38DD hwtex create 01000100 levels=1 hr=8876017C
253 pid=FFFD38DD hwtex create 01000100 levels=1 hr=8876017C
254 pid=FFFD38DD hwtex create 01000100 levels=1 hr=8876017C
255 pid=FFFD38DD hwtex create 01000100 levels=1 hr=8876017C
256 pid=FFFD38DD hwtex create 01000100 levels=1 hr=8876017C
257 pid=FFFD38DD hwtex create 01000100 levels=1 hr=8876017C
258 pid=FFFD38DD hwtex create 01000100 levels=1 hr=8876017C
259 pid=FFFD38DD hwtex create 01000100 levels=1 hr=8876017C
260 pid=FFFD38DD hwtex create 01000100 levels=1 hr=8876017C
261 pid=FFFD38DD hwtex create 01000100 levels=1 hr=8876017C
262 pid=FFFD38DD hwtex create 01000100 levels=1 hr=8876017C
263 pid=FFFD38DD hwtex create 01000100 levels=1 hr=8876017C
264 pid=FFFD38DD hwtex create 01000100 levels=1 hr=8876017C
265 pid=FFFD38DD hwtex create 01000100 levels=1 hr=8876017C
266 pid=FFFD38DD hwtex create 01000100 levels=1 hr=8876017C
267 pid=FFFD38DD hwtex create 01000100 levels=1 hr=8876017C
268 pid=FFFD38DD hwtex create 01000100 levels=1 hr=8876017C
269 pid=FFFD38DD hwtex create 01000100 levels=1 hr=8876017C
270 pid=FFFD38DD hwtex create 01000100 levels=1 hr=8876017C
271 pid=FFFD38DD hwtex create 01000100 levels=1 hr=8876017C
272 pid=FFFD38DD hwtex create 01000100 levels=1 hr=8876017C
273 pid=FFFD38DD hwtex create 01000100 levels=1 hr=8876017C
274 pid=FFFD38DD hwtex create 01000100 levels=1 hr=8876017C
275 pid=FFFD38DD hwtex create 01000100 levels=1 hr=8876017C
276 pid=FFFD38DD DrvReleaseContext context=1 -> 1
277 pid=FFFD38DD paths batches/triangles untextured=143/715 hw=37668/1341431 cpu=0/0 cpu-nonsquare=0/0 hw-refused=3302/169842
278 pid=FFFD38DD counters hwtex live=0 creates=164 create-failed=56 evictions=56 uploads=484 upload-kb=14837 squared=0 alpha-dropped=5 stubs=0 failed r4=3302 r7=0 r8=0 other=0
279 pid=FFFD38DD DrvDeleteContext context=1 -> 1
280 pid=FFFD38DD detach slots-called=0 stub-calls=0
1 pid=FFFD4901 attach instance=01CF0000 tls=11 build-marker=1
2 pid=FFFD4901 DrvValidateVersion version=1
3 pid=FFFD4901 DrvSetCallbackProcs count=3 procs=78B23978
4 pid=FFFD4901 describe result=0 engine=5 formats=00000002
5 pid=FFFD4901 DrvDescribePixelFormat index=1 bytes=0 -> count=1
6 pid=FFFD4901 DrvDescribePixelFormat index=1 bytes=40 -> count=1
7 pid=FFFD4901 DrvDescribePixelFormat index=1 bytes=0 -> count=1
8 pid=FFFD4901 DrvDescribePixelFormat index=1 bytes=0 -> count=1
9 pid=FFFD4901 DrvDescribePixelFormat index=1 bytes=0 -> count=1
10 pid=FFFD4901 DrvDescribePixelFormat index=1 bytes=0 -> count=1
11 pid=FFFD4901 DrvDescribePixelFormat index=1 bytes=0 -> count=1
12 pid=FFFD4901 DrvDescribePixelFormat index=1 bytes=0 -> count=1
13 pid=FFFD4901 DrvDescribePixelFormat index=1 bytes=0 -> count=1
14 pid=FFFD4901 DrvDescribePixelFormat index=1 bytes=0 -> count=1
15 pid=FFFD4901 DrvDescribePixelFormat index=1 bytes=0 -> count=1
16 pid=FFFD4901 DrvDescribePixelFormat index=1 bytes=0 -> count=1
17 pid=FFFD4901 DrvDescribePixelFormat index=1 bytes=0 -> count=1
18 pid=FFFD4901 DrvDescribePixelFormat index=1 bytes=0 -> count=1
19 pid=FFFD4901 DrvDescribePixelFormat index=1 bytes=0 -> count=1
20 pid=FFFD4901 DrvDescribePixelFormat index=1 bytes=0 -> count=1
21 pid=FFFD4901 DrvDescribePixelFormat index=1 bytes=0 -> count=1
22 pid=FFFD4901 DrvDescribePixelFormat index=1 bytes=0 -> count=1
23 pid=FFFD4901 DrvDescribePixelFormat index=1 bytes=0 -> count=1
24 pid=FFFD4901 DrvDescribePixelFormat index=1 bytes=0 -> count=1
25 pid=FFFD4901 DrvDescribePixelFormat index=1 bytes=0 -> count=1
26 pid=FFFD4901 DrvDescribePixelFormat index=1 bytes=0 -> count=1
27 pid=FFFD4901 DrvDescribePixelFormat index=1 bytes=0 -> count=1
28 pid=FFFD4901 DrvDescribePixelFormat index=1 bytes=0 -> count=1
29 pid=FFFD4901 DrvDescribePixelFormat index=1 bytes=0 -> count=1
30 pid=FFFD4901 DrvDescribePixelFormat index=1 bytes=0 -> count=1
31 pid=FFFD4901 DrvDescribePixelFormat index=1 bytes=0 -> count=1
32 pid=FFFD4901 DrvSetPixelFormat hdc=00000776 index=1
33 pid=FFFD4901 DrvDescribePixelFormat index=1 bytes=0 -> count=1
34 pid=FFFD4901 DrvDescribePixelFormat index=1 bytes=40 -> count=1
35 pid=FFFD4901 DrvDescribePixelFormat index=1 bytes=0 -> count=1
36 pid=FFFD4901 DrvDescribePixelFormat index=1 bytes=40 -> count=1
37 pid=FFFD4901 DrvCreateLayerContext hdc=00000776 layer=0 -> 1
38 pid=FFFD4901 drawable window=00000160 640x480
39 pid=FFFD4901 DrvSetContext hdc=00000776 context=1 -> 1
40 pid=FFFD4901 state tex=1158 size=00400040 tex=01010101 blend=00050600 depth=01040101 colour=FFFFFFFF mask=7 scissor=0,0,640,480 fog=0
41 pid=FFFD4901 time interval-ms=243667 swaps=0 present-ms=0 draw-ms=75522096 upload-ms=0
42 pid=FFFD4901 tsc frames=0 wall-ms=243667 vertex-ms=102191 flush-in-vertex-ms=0 flush-other-ms=3346000 bind-ms=24507 iface-ms=1096080 beginend-ms=311440 swap-ms=0 vertices=18 flushes=1 draws=1 sink-ms=117341 sink-prep-ms=106262 sinks=4
43 pid=FFFD4901 sink begin-ms=276211 flush-ms=0 copy-ms=5839 prep-texture-ms=98625 prep-state-ms=3948 prep-same-ms=3048
44 pid=FFFD4901 hwno hwtex-ms=1670735 iface-cpu-ms=0 not-cpu=0 square-side=0 too-big=0 format=0 no-object=0 no-record=0 table-full=0 unusable=0 backoff=0 make-failed=0 square-alloc=0 upload=0
45 pid=FFFD4901 prim transform-ms=10296 inside-ms=8135 window-ms=12611 assemble-ms=60817 history-ms=2971 fast=10 clipped=0 culled=0
46 pid=FFFD4901 paths batches/triangles untextured=0/0 hw=1/10 cpu=0/0 cpu-nonsquare=0/0 hw-refused=0/0
47 pid=FFFD4901 counters hwtex live=1 creates=1 create-failed=0 evictions=0 uploads=1 upload-kb=8 squared=0 alpha-dropped=0 stubs=0 failed r4=0 r7=0 r8=0 other=0
48 pid=FFFD4901 state tex=1162 size=00400040 tex=01010101 blend=00050600 depth=01040101 colour=FFFFFFFF mask=7 scissor=0,0,640,480 fog=0
49 pid=FFFD4901 state tex=1163 size=00100010 tex=01010101 blend=00050600 depth=01040101 colour=FFFFFFFF mask=7 scissor=0,0,640,480 fog=0
50 pid=FFFD4901 state tex=1168 size=00100010 tex=01010101 blend=00050600 depth=01040101 colour=FFFFFFFF mask=7 scissor=0,0,640,480 fog=0
51 pid=FFFD4901 state tex=1172 size=00400040 tex=01010101 blend=00050600 depth=01040101 colour=FFFFFFFF mask=7 scissor=0,0,640,480 fog=0
52 pid=FFFD4901 state tex=1180 size=00400040 tex=01010101 blend=00050600 depth=01040101 colour=FFFFFFFF mask=7 scissor=0,0,640,480 fog=0
53 pid=FFFD4901 state tex=1184 size=00400040 tex=01010101 blend=00050600 depth=01040101 colour=FFFFFFFF mask=7 scissor=0,0,640,480 fog=0
54 pid=FFFD4901 state tex=1185 size=00400040 tex=01010101 blend=00050600 depth=01040101 colour=FFFFFFFF mask=7 scissor=0,0,640,480 fog=0
55 pid=FFFD4901 state tex=1188 size=00400040 tex=01010101 blend=00050600 depth=01040101 colour=FFFFFFFF mask=7 scissor=0,0,640,480 fog=0
56 pid=FFFD4901 state tex=1191 size=00400040 tex=01010101 blend=00050600 depth=01040101 colour=FFFFFFFF mask=7 scissor=0,0,640,480 fog=0
57 pid=FFFD4901 state tex=1206 size=00400040 tex=01010101 blend=00050600 depth=01040101 colour=FFFFFFFF mask=7 scissor=0,0,640,480 fog=0
58 pid=FFFD4901 state tex=1210 size=00800080 tex=01010101 blend=00050600 depth=01040101 colour=FFFFFFFF mask=7 scissor=0,0,640,480 fog=0
59 pid=FFFD4901 state tex=1214 size=00400040 tex=01010101 blend=00050600 depth=01040101 colour=FFFFFFFF mask=7 scissor=0,0,640,480 fog=0
60 pid=FFFD4901 state tex=1216 size=00400040 tex=01010101 blend=00050600 depth=01040101 colour=FFFFFFFF mask=7 scissor=0,0,640,480 fog=0
61 pid=FFFD4901 state tex=1218 size=00400040 tex=01010101 blend=00050600 depth=01040101 colour=FFFFFFFF mask=7 scissor=0,0,640,480 fog=0
62 pid=FFFD4901 state tex=1225 size=00400040 tex=01010101 blend=00050600 depth=01040101 colour=FFFFFFFF mask=7 scissor=0,0,640,480 fog=0
63 pid=FFFD4901 state tex=1226 size=00400040 tex=01010101 blend=00050600 depth=01040101 colour=FFFFFFFF mask=7 scissor=0,0,640,480 fog=0
64 pid=FFFD4901 state tex=1264 size=00400040 tex=01010101 blend=00050600 depth=01040101 colour=FFFFFFFF mask=7 scissor=0,0,640,480 fog=0
65 pid=FFFD4901 state tex=1269 size=00400040 tex=01010101 blend=00050600 depth=01040101 colour=FFFFFFFF mask=7 scissor=0,0,640,480 fog=0
66 pid=FFFD4901 state tex=1273 size=00200080 tex=01010101 blend=00050600 depth=01040101 colour=FFFFFFFF mask=7 scissor=0,0,640,480 fog=0
67 pid=FFFD4901 state tex=1278 size=00400040 tex=01010101 blend=00050600 depth=01040101 colour=FFFFFFFF mask=7 scissor=0,0,640,480 fog=0
68 pid=FFFD4901 state tex=1281 size=00400040 tex=01010101 blend=00050600 depth=01040101 colour=FFFFFFFF mask=7 scissor=0,0,640,480 fog=0
69 pid=FFFD4901 state tex=1282 size=00400040 tex=01010101 blend=00050600 depth=01040101 colour=FFFFFFFF mask=7 scissor=0,0,640,480 fog=0
70 pid=FFFD4901 state tex=1025 size=00800080 tex=01010101 blend=01010300 depth=01040001 colour=FFFFFFFF mask=7 scissor=0,0,640,480 fog=0
71 pid=FFFD4901 state tex=1026 size=00800080 tex=01010101 blend=01010300 depth=01040001 colour=FFFFFFFF mask=7 scissor=0,0,640,480 fog=0
72 pid=FFFD4901 state tex=1027 size=00800080 tex=01010101 blend=01010300 depth=01040001 colour=FFFFFFFF mask=7 scissor=0,0,640,480 fog=0
73 pid=FFFD4901 state tex=1030 size=00800080 tex=01010101 blend=01010300 depth=01040001 colour=FFFFFFFF mask=7 scissor=0,0,640,480 fog=0
74 pid=FFFD4901 state tex=1376 size=01000080 tex=01040201 blend=00050600 depth=01040101 colour=FF94774B mask=7 scissor=0,0,640,480 fog=0
75 pid=FFFD4901 state tex=1380 size=01000080 tex=01040201 blend=00050600 depth=01040101 colour=FF463827 mask=7 scissor=0,0,640,480 fog=0
76 pid=FFFD4901 state tex=1382 size=00800020 tex=01040201 blend=00050600 depth=01040101 colour=FF6F562E mask=7 scissor=0,0,640,480 fog=0
77 pid=FFFD4901 state tex=1384 size=00800020 tex=01010200 blend=00050600 depth=01040101 colour=FF4D4231 mask=7 scissor=0,0,640,480 fog=0
78 pid=FFFD4901 state tex=1389 size=01000080 tex=01040201 blend=00050600 depth=01040101 colour=FF5F5343 mask=7 scissor=0,0,640,480 fog=0
79 pid=FFFD4901 state tex=1390 size=00800040 tex=01040201 blend=00050600 depth=01040101 colour=FF7F6F57 mask=7 scissor=0,0,640,480 fog=0
80 pid=FFFD4901 state tex=1391 size=00400040 tex=01010200 blend=00050600 depth=01040101 colour=FF968569 mask=7 scissor=0,0,640,480 fog=0
81 pid=FFFD4901 state tex=1393 size=00800040 tex=01040201 blend=00050600 depth=01040101 colour=FFFFFFE8 mask=7 scissor=0,0,640,480 fog=0
82 pid=FFFD4901 state tex=1396 size=00800040 tex=01040201 blend=00050600 depth=01040101 colour=FF9C8964 mask=7 scissor=0,0,640,480 fog=0
83 pid=FFFD4901 state tex=1401 size=01000080 tex=01040201 blend=00050600 depth=01040101 colour=FFFFFFED mask=7 scissor=0,0,640,480 fog=0
84 pid=FFFD4901 state tex=1409 size=01000080 tex=01040201 blend=00050600 depth=01040101 colour=FF4D4137 mask=7 scissor=0,0,640,480 fog=0
85 pid=FFFD4901 state tex=1152 size=01000100 tex=01040101 blend=00050601 depth=00040101 colour=FFFFFFFF mask=7 scissor=0,0,640,480 fog=0
86 pid=FFFD4901 refused tex=1152 size=01000100 tex=02040101 blend=00050601 depth=00040101 colour=FFFFFFFF mask=7 scissor=0,0,640,480 fog=0
87 pid=FFFD4901 draw result=4 triangles=18 submitted=0
88 pid=FFFD4901   v0 sx=439E0000 sy=436C0000 sz=3F000000 rhw=3F800000 tu=3F70028F tv=3823D70A
89 pid=FFFD4901   v1 sx=43A20000 sy=436C0000 sz=3F000000 rhw=3F800000 tu=3F77FD71 tv=3823D70A
90 pid=FFFD4901   v2 sx=43A20000 sy=43740002 sz=3F000000 rhw=3F800000 tu=3F77FD71 tv=3CFFAE14
91 pid=FFFD4901 draw result=4 triangles=18 submitted=0
92 pid=FFFD4901   v0 sx=439E0000 sy=436C0000 sz=3F000000 rhw=3F800000 tu=3F70028F tv=3823D70A
93 pid=FFFD4901   v1 sx=43A20000 sy=436C0000 sz=3F000000 rhw=3F800000 tu=3F77FD71 tv=3823D70A
94 pid=FFFD4901   v2 sx=43A20000 sy=43740002 sz=3F000000 rhw=3F800000 tu=3F77FD71 tv=3CFFAE14
95 pid=FFFD4901 draw result=4 triangles=18 submitted=0
96 pid=FFFD4901   v0 sx=439E0000 sy=436C0000 sz=3F000000 rhw=3F800000 tu=3F70028F tv=3823D70A
97 pid=FFFD4901   v1 sx=43A20000 sy=436C0000 sz=3F000000 rhw=3F800000 tu=3F77FD71 tv=3823D70A
98 pid=FFFD4901   v2 sx=43A20000 sy=43740002 sz=3F000000 rhw=3F800000 tu=3F77FD71 tv=3CFFAE14
99 pid=FFFD4901 draw result=4 triangles=18 submitted=0
100 pid=FFFD4901   v0 sx=439E0000 sy=436C0000 sz=3F000000 rhw=3F800000 tu=3F70028F tv=3823D70A
101 pid=FFFD4901   v1 sx=43A20000 sy=436C0000 sz=3F000000 rhw=3F800000 tu=3F77FD71 tv=3823D70A
102 pid=FFFD4901   v2 sx=43A20000 sy=43740002 sz=3F000000 rhw=3F800000 tu=3F77FD71 tv=3CFFAE14
103 pid=FFFD4901 draw result=4 triangles=18 submitted=0
104 pid=FFFD4901   v0 sx=439E0000 sy=436C0000 sz=3F000000 rhw=3F800000 tu=3F70028F tv=3823D70A
105 pid=FFFD4901   v1 sx=43A20000 sy=436C0000 sz=3F000000 rhw=3F800000 tu=3F77FD71 tv=3823D70A
106 pid=FFFD4901   v2 sx=43A20000 sy=43740002 sz=3F000000 rhw=3F800000 tu=3F77FD71 tv=3CFFAE14
107 pid=FFFD4901 draw result=4 triangles=18 submitted=0
108 pid=FFFD4901   v0 sx=439E0000 sy=436C0000 sz=3F000000 rhw=3F800000 tu=3F70028F tv=3823D70A
109 pid=FFFD4901   v1 sx=43A20000 sy=436C0000 sz=3F000000 rhw=3F800000 tu=3F77FD71 tv=3823D70A
110 pid=FFFD4901   v2 sx=43A20000 sy=43740002 sz=3F000000 rhw=3F800000 tu=3F77FD71 tv=3CFFAE14
111 pid=FFFD4901 state tex=1267 size=00400020 tex=01010101 blend=00050600 depth=01040101 colour=FFFFFFFF mask=7 scissor=0,0,640,480 fog=0
112 pid=FFFD4901 state tex=1268 size=00400040 tex=01010101 blend=00050600 depth=01040101 colour=FFFFFFFF mask=7 scissor=0,0,640,480 fog=0
113 pid=FFFD4901 state tex=1266 size=00400020 tex=01010101 blend=00050600 depth=01040101 colour=FFFFFFFF mask=7 scissor=0,0,640,480 fog=0
114 pid=FFFD4901 state tex=1024 size=00800080 tex=01010101 blend=01010300 depth=01040001 colour=FFFFFFFF mask=7 scissor=0,0,640,480 fog=0
115 pid=FFFD4901 state tex=1381 size=01000080 tex=01040201 blend=00050600 depth=01040101 colour=FF9C8D54 mask=7 scissor=0,0,640,480 fog=0
116 pid=FFFD4901 state tex=1342 size=00800040 tex=01010200 blend=01050600 depth=01040001 colour=AA6D6153 mask=7 scissor=0,0,640,480 fog=0
117 pid=FFFD4901 state tex=1153 size=00080008 tex=01040202 blend=01050600 depth=01040001 colour=FF730700 mask=7 scissor=0,0,640,480 fog=0
118 pid=FFFD4901 refused tex=1153 size=00080008 tex=02040202 blend=01050600 depth=01040001 colour=D4730700 mask=7 scissor=0,0,640,480 fog=0
119 pid=FFFD4901 state tex=1153 size=00000000 tex=00000000 blend=01050600 depth=00040100 colour=33FF0000 mask=7 scissor=0,0,640,480 fog=0
120 pid=FFFD4901 time interval-ms=10000 swaps=42 present-ms=215 draw-ms=7725 upload-ms=114
121 pid=FFFD4901 tsc frames=42 wall-ms=10000 vertex-ms=531 flush-in-vertex-ms=20 flush-other-ms=7846 bind-ms=5 iface-ms=7724 beginend-ms=4925 swap-ms=215 vertices=365285 flushes=3243 draws=3408 sink-ms=4907 sink-prep-ms=67 sinks=41871
122 pid=FFFD4901 sink begin-ms=32 flush-ms=4813 copy-ms=16 prep-texture-ms=33 prep-state-ms=16 prep-same-ms=15
123 pid=FFFD4901 hwno hwtex-ms=119 iface-cpu-ms=0 not-cpu=8 square-side=0 too-big=0 format=0 no-object=0 no-record=0 table-full=0 unusable=0 backoff=0 make-failed=0 square-alloc=0 upload=0
124 pid=FFFD4901 prim transform-ms=73 inside-ms=57 window-ms=105 assemble-ms=206 history-ms=27 fast=102261 clipped=52607 culled=60259
125 pid=FFFD4901 paths batches/triangles untextured=8/40 hw=3071/117833 cpu=0/0 cpu-nonsquare=0/0 hw-refused=165/7951
126 pid=FFFD4901 counters hwtex live=46 creates=46 create-failed=0 evictions=0 uploads=58 upload-kb=1352 squared=0 alpha-dropped=0 stubs=0 failed r4=165 r7=0 r8=0 other=0
127 pid=FFFD4901 state tex=1361 size=01000080 tex=01040201 blend=00050600 depth=01040101 colour=FFA99362 mask=7 scissor=0,0,640,480 fog=0
128 pid=FFFD4901 time interval-ms=10001 swaps=41 present-ms=211 draw-ms=7739 upload-ms=46
129 pid=FFFD4901 tsc frames=41 wall-ms=10001 vertex-ms=592 flush-in-vertex-ms=13 flush-other-ms=7789 bind-ms=7 iface-ms=7739 beginend-ms=5166 swap-ms=211 vertices=428902 flushes=3575 draws=3759 sink-ms=5135 sink-prep-ms=77 sinks=47874
130 pid=FFFD4901 sink begin-ms=37 flush-ms=5028 copy-ms=17 prep-texture-ms=37 prep-state-ms=18 prep-same-ms=18
131 pid=FFFD4901 hwno hwtex-ms=50 iface-cpu-ms=0 not-cpu=20 square-side=0 too-big=0 format=0 no-object=0 no-record=0 table-full=0 unusable=0 backoff=0 make-failed=0 square-alloc=0 upload=0
132 pid=FFFD4901 prim transform-ms=86 inside-ms=66 window-ms=119 assemble-ms=218 history-ms=30 fast=120620 clipped=65351 culled=66695
133 pid=FFFD4901 paths batches/triangles untextured=28/140 hw=6442/250394 cpu=0/0 cpu-nonsquare=0/0 hw-refused=349/16914
134 pid=FFFD4901 counters hwtex live=50 creates=50 create-failed=0 evictions=0 uploads=76 upload-kb=1888 squared=0 alpha-dropped=0 stubs=0 failed r4=349 r7=0 r8=0 other=0
135 pid=FFFD4901 time interval-ms=10002 swaps=45 present-ms=230 draw-ms=7681 upload-ms=130
136 pid=FFFD4901 tsc frames=45 wall-ms=10002 vertex-ms=516 flush-in-vertex-ms=42 flush-other-ms=7787 bind-ms=8 iface-ms=7681 beginend-ms=4157 swap-ms=231 vertices=348522 flushes=2981 draws=3255 sink-ms=4170 sink-prep-ms=54 sinks=33376
137 pid=FFFD4901 sink begin-ms=26 flush-ms=4094 copy-ms=14 prep-texture-ms=26 prep-state-ms=13 prep-same-ms=12
138 pid=FFFD4901 hwno hwtex-ms=135 iface-cpu-ms=0 not-cpu=11 square-side=0 too-big=0 format=0 no-object=0 no-record=0 table-full=0 unusable=0 backoff=0 make-failed=0 square-alloc=0 upload=0
139 pid=FFFD4901 prim transform-ms=70 inside-ms=53 window-ms=91 assemble-ms=220 history-ms=23 fast=92618 clipped=56337 culled=41717
140 pid=FFFD4901 paths batches/triangles untextured=39/195 hw=9138/347694 cpu=0/0 cpu-nonsquare=0/0 hw-refused=623/31701
141 pid=FFFD4901 counters hwtex live=67 creates=67 create-failed=0 evictions=0 uploads=129 upload-kb=3399 squared=0 alpha-dropped=0 stubs=0 failed r4=623 r7=0 r8=0 other=0
142 pid=FFFD4901 time interval-ms=10001 swaps=48 present-ms=246 draw-ms=7721 upload-ms=126
143 pid=FFFD4901 tsc frames=48 wall-ms=10001 vertex-ms=425 flush-in-vertex-ms=41 flush-other-ms=7822 bind-ms=7 iface-ms=7721 beginend-ms=4339 swap-ms=247 vertices=283651 flushes=2640 draws=2921 sink-ms=4358 sink-prep-ms=47 sinks=28910
144 pid=FFFD4901 sink begin-ms=20 flush-ms=4291 copy-ms=12 prep-texture-ms=23 prep-state-ms=11 prep-same-ms=10
145 pid=FFFD4901 hwno hwtex-ms=129 iface-cpu-ms=0 not-cpu=1 square-side=0 too-big=0 format=0 no-object=0 no-record=0 table-full=0 unusable=0 backoff=0 make-failed=0 square-alloc=0 upload=0
146 pid=FFFD4901 prim transform-ms=57 inside-ms=44 window-ms=76 assemble-ms=181 history-ms=19 fast=85149 clipped=36531 culled=30093
147 pid=FFFD4901 paths batches/triangles untextured=40/200 hw=11496/434930 cpu=0/0 cpu-nonsquare=0/0 hw-refused=904/46412
148 pid=FFFD4901 counters hwtex live=72 creates=72 create-failed=0 evictions=0 uploads=177 upload-kb=4895 squared=0 alpha-dropped=0 stubs=0 failed r4=904 r7=0 r8=0 other=0
149 pid=FFFD4901 time interval-ms=10003 swaps=45 present-ms=231 draw-ms=7683 upload-ms=137
150 pid=FFFD4901 tsc frames=45 wall-ms=10003 vertex-ms=533 flush-in-vertex-ms=60 flush-other-ms=7783 bind-ms=12 iface-ms=7683 beginend-ms=4251 swap-ms=232 vertices=348743 flushes=3287 draws=3667 sink-ms=4284 sink-prep-ms=53 sinks=32609
151 pid=FFFD4901 sink begin-ms=24 flush-ms=4208 copy-ms=14 prep-texture-ms=26 prep-state-ms=12 prep-same-ms=12
152 pid=FFFD4901 hwno hwtex-ms=141 iface-cpu-ms=0 not-cpu=25 square-side=0 too-big=0 format=0 no-object=0 no-record=0 table-full=0 unusable=0 backoff=0 make-failed=0 square-alloc=0 upload=0
153 pid=FFFD4901 prim transform-ms=70 inside-ms=53 window-ms=93 assemble-ms=234 history-ms=23 fast=97706 clipped=48919 culled=37878
154 pid=FFFD4901 paths batches/triangles untextured=65/325 hw=14378/532517 cpu=0/0 cpu-nonsquare=0/0 hw-refused=1284/67140
155 pid=FFFD4901 counters hwtex live=86 creates=86 create-failed=0 evictions=0 uploads=235 upload-kb=6439 squared=0 alpha-dropped=0 stubs=0 failed r4=1284 r7=0 r8=0 other=0
156 pid=FFFD4901 refused tex=1155 size=00800080 tex=02040101 blend=00050601 depth=00040101 colour=FFFFFFFF mask=7 scissor=0,0,640,480 fog=0
157 pid=FFFD4901 time interval-ms=10000 swaps=42 present-ms=216 draw-ms=7943 upload-ms=27
158 pid=FFFD4901 tsc frames=42 wall-ms=10000 vertex-ms=480 flush-in-vertex-ms=30 flush-other-ms=7957 bind-ms=7 iface-ms=7943 beginend-ms=4844 swap-ms=216 vertices=331193 flushes=3379 draws=3688 sink-ms=4843 sink-prep-ms=59 sinks=36722
159 pid=FFFD4901 sink begin-ms=27 flush-ms=4759 copy-ms=15 prep-texture-ms=29 prep-state-ms=14 prep-same-ms=13
160 pid=FFFD4901 hwno hwtex-ms=30 iface-cpu-ms=0 not-cpu=3 square-side=0 too-big=0 format=0 no-object=0 no-record=0 table-full=0 unusable=0 backoff=0 make-failed=0 square-alloc=0 upload=0
161 pid=FFFD4901 prim transform-ms=66 inside-ms=52 window-ms=97 assemble-ms=185 history-ms=22 fast=105586 clipped=35550 culled=46851
162 pid=FFFD4901 paths batches/triangles untextured=68/340 hw=17445/639867 cpu=0/0 cpu-nonsquare=0/0 hw-refused=1593/82612
163 pid=FFFD4901 counters hwtex live=90 creates=90 create-failed=0 evictions=0 uploads=245 upload-kb=6759 squared=0 alpha-dropped=0 stubs=0 failed r4=1593 r7=0 r8=0 other=0
164 pid=FFFD4901 time interval-ms=10006 swaps=45 present-ms=231 draw-ms=7959 upload-ms=24
165 pid=FFFD4901 tsc frames=45 wall-ms=10006 vertex-ms=390 flush-in-vertex-ms=6 flush-other-ms=7992 bind-ms=7 iface-ms=7958 beginend-ms=5495 swap-ms=232 vertices=271530 flushes=2705 draws=2829 sink-ms=5472 sink-prep-ms=53 sinks=33068
166 pid=FFFD4901 sink begin-ms=25 flush-ms=5397 copy-ms=13 prep-texture-ms=26 prep-state-ms=13 prep-same-ms=12
167 pid=FFFD4901 hwno hwtex-ms=27 iface-cpu-ms=0 not-cpu=11 square-side=0 too-big=0 format=0 no-object=0 no-record=0 table-full=0 unusable=0 backoff=0 make-failed=0 square-alloc=0 upload=0
168 pid=FFFD4901 prim transform-ms=55 inside-ms=42 window-ms=74 assemble-ms=155 history-ms=19 fast=80717 clipped=43677 culled=36760
169 pid=FFFD4901 paths batches/triangles untextured=79/395 hw=20015/735874 cpu=0/0 cpu-nonsquare=0/0 hw-refused=1717/87762
170 pid=FFFD4901 counters hwtex live=90 creates=90 create-failed=0 evictions=0 uploads=254 upload-kb=7047 squared=0 alpha-dropped=0 stubs=0 failed r4=1717 r7=0 r8=0 other=0
171 pid=FFFD4901 time interval-ms=10030 swaps=43 present-ms=221 draw-ms=7653 upload-ms=113
172 pid=FFFD4901 tsc frames=43 wall-ms=10030 vertex-ms=478 flush-in-vertex-ms=31 flush-other-ms=7822 bind-ms=72 iface-ms=7653 beginend-ms=4913 swap-ms=221 vertices=310292 flushes=2742 draws=2991 sink-ms=4916 sink-prep-ms=53 sinks=30447
173 pid=FFFD4901 sink begin-ms=27 flush-ms=4840 copy-ms=14 prep-texture-ms=27 prep-state-ms=12 prep-same-ms=11
174 pid=FFFD4901 hwno hwtex-ms=122 iface-cpu-ms=0 not-cpu=19 square-side=0 too-big=0 format=0 no-object=0 no-record=0 table-full=0 unusable=0 backoff=0 make-failed=0 square-alloc=0 upload=0
175 pid=FFFD4901 prim transform-ms=66 inside-ms=49 window-ms=84 assemble-ms=202 history-ms=22 fast=83788 clipped=49319 culled=38861
176 pid=FFFD4901 paths batches/triangles untextured=98/490 hw=22489/827401 cpu=0/0 cpu-nonsquare=0/0 hw-refused=1966/100584
177 pid=FFFD4901 counters hwtex live=94 creates=94 create-failed=0 evictions=0 uploads=297 upload-kb=8321 squared=0 alpha-dropped=0 stubs=0 failed r4=1966 r7=0 r8=0 other=0
178 pid=FFFD4901 time interval-ms=10001 swaps=43 present-ms=221 draw-ms=7817 upload-ms=97
179 pid=FFFD4901 tsc frames=43 wall-ms=10001 vertex-ms=460 flush-in-vertex-ms=7 flush-other-ms=7920 bind-ms=5 iface-ms=7816 beginend-ms=5142 swap-ms=221 vertices=331900 flushes=2832 draws=3026 sink-ms=5118 sink-prep-ms=57 sinks=35358
180 pid=FFFD4901 sink begin-ms=26 flush-ms=5038 copy-ms=13 prep-texture-ms=28 prep-state-ms=13 prep-same-ms=13
181 pid=FFFD4901 hwno hwtex-ms=100 iface-cpu-ms=0 not-cpu=20 square-side=0 too-big=0 format=0 no-object=0 no-record=0 table-full=0 unusable=0 backoff=0 make-failed=0 square-alloc=0 upload=0
182 pid=FFFD4901 prim transform-ms=67 inside-ms=50 window-ms=83 assemble-ms=180 history-ms=22 fast=86940 clipped=56608 culled=40396
183 pid=FFFD4901 paths batches/triangles untextured=118/590 hw=25107/927807 cpu=0/0 cpu-nonsquare=0/0 hw-refused=2160/108485
184 pid=FFFD4901 counters hwtex live=100 creates=100 create-failed=0 evictions=0 uploads=334 upload-kb=9465 squared=0 alpha-dropped=0 stubs=0 failed r4=2160 r7=0 r8=0 other=0
185 pid=FFFD4901 time interval-ms=10023 swaps=39 present-ms=198 draw-ms=7638 upload-ms=201
186 pid=FFFD4901 tsc frames=39 wall-ms=10023 vertex-ms=600 flush-in-vertex-ms=24 flush-other-ms=7835 bind-ms=8 iface-ms=7638 beginend-ms=4674 swap-ms=199 vertices=434392 flushes=4142 draws=4445 sink-ms=4659 sink-prep-ms=75 sinks=46571
187 pid=FFFD4901 sink begin-ms=34 flush-ms=4553 copy-ms=18 prep-texture-ms=37 prep-state-ms=18 prep-same-ms=17
188 pid=FFFD4901 hwno hwtex-ms=206 iface-cpu-ms=0 not-cpu=0 square-side=0 too-big=0 format=0 no-object=0 no-record=0 table-full=0 unusable=0 backoff=0 make-failed=0 square-alloc=0 upload=0
189 pid=FFFD4901 prim transform-ms=87 inside-ms=67 window-ms=125 assemble-ms=217 history-ms=29 fast=128450 clipped=49424 culled=66496
190 pid=FFFD4901 paths batches/triangles untextured=118/590 hw=28946/1061629 cpu=0/0 cpu-nonsquare=0/0 hw-refused=2463/124643
191 pid=FFFD4901 counters hwtex live=101 creates=101 create-failed=0 evictions=0 uploads=410 upload-kb=11867 squared=0 alpha-dropped=0 stubs=0 failed r4=2463 r7=0 r8=0 other=0
192 pid=FFFD4901 time interval-ms=10002 swaps=39 present-ms=200 draw-ms=7869 upload-ms=83
193 pid=FFFD4901 tsc frames=39 wall-ms=10002 vertex-ms=532 flush-in-vertex-ms=39 flush-other-ms=7935 bind-ms=9 iface-ms=7868 beginend-ms=4885 swap-ms=200 vertices=364294 flushes=4096 draws=4469 sink-ms=4894 sink-prep-ms=64 sinks=39605
194 pid=FFFD4901 sink begin-ms=27 flush-ms=4803 copy-ms=17 prep-texture-ms=31 prep-state-ms=15 prep-same-ms=14
195 pid=FFFD4901 hwno hwtex-ms=87 iface-cpu-ms=0 not-cpu=18 square-side=0 too-big=0 format=0 no-object=0 no-record=0 table-full=0 unusable=0 backoff=0 make-failed=0 square-alloc=0 upload=0
196 pid=FFFD4901 prim transform-ms=73 inside-ms=57 window-ms=101 assemble-ms=215 history-ms=24 fast=117936 clipped=42512 culled=40026
197 pid=FFFD4901 paths batches/triangles untextured=136/680 hw=32651/1180858 cpu=0/0 cpu-nonsquare=0/0 hw-refused=2836/144057
198 pid=FFFD4901 counters hwtex live=101 creates=101 create-failed=0 evictions=0 uploads=441 upload-kb=12859 squared=0 alpha-dropped=0 stubs=0 failed r4=2836 r7=0 r8=0 other=0
199 pid=FFFD4901 time interval-ms=10011 swaps=42 present-ms=217 draw-ms=7891 upload-ms=65
200 pid=FFFD4901 tsc frames=42 wall-ms=10011 vertex-ms=466 flush-in-vertex-ms=15 flush-other-ms=7960 bind-ms=8 iface-ms=7890 beginend-ms=3840 swap-ms=216 vertices=324786 flushes=3876 draws=4117 sink-ms=3825 sink-prep-ms=58 sinks=36093
201 pid=FFFD4901 sink begin-ms=26 flush-ms=3742 copy-ms=15 prep-texture-ms=29 prep-state-ms=14 prep-same-ms=13
202 pid=FFFD4901 hwno hwtex-ms=68 iface-cpu-ms=0 not-cpu=1 square-side=0 too-big=0 format=0 no-object=0 no-record=0 table-full=0 unusable=0 backoff=0 make-failed=0 square-alloc=0 upload=0
203 pid=FFFD4901 prim transform-ms=65 inside-ms=50 window-ms=87 assemble-ms=186 history-ms=22 fast=101093 clipped=47891 culled=36826
204 pid=FFFD4901 paths batches/triangles untextured=137/685 hw=36285/1290154 cpu=0/0 cpu-nonsquare=0/0 hw-refused=3077/156642
205 pid=FFFD4901 counters hwtex live=101 creates=101 create-failed=0 evictions=0 uploads=465 upload-kb=13627 squared=0 alpha-dropped=0 stubs=0 failed r4=3077 r7=0 r8=0 other=0
206 pid=FFFD4901 time interval-ms=10018 swaps=33 present-ms=168 draw-ms=8244 upload-ms=44
207 pid=FFFD4901 tsc frames=33 wall-ms=10018 vertex-ms=439 flush-in-vertex-ms=15 flush-other-ms=8290 bind-ms=7 iface-ms=8244 beginend-ms=5158 swap-ms=169 vertices=308005 flushes=2949 draws=3053 sink-ms=5142 sink-prep-ms=57 sinks=35626
208 pid=FFFD4901 sink begin-ms=27 flush-ms=5061 copy-ms=14 prep-texture-ms=28 prep-state-ms=13 prep-same-ms=13
209 pid=FFFD4901 hwno hwtex-ms=47 iface-cpu-ms=0 not-cpu=6 square-side=0 too-big=0 format=0 no-object=0 no-record=0 table-full=0 unusable=0 backoff=0 make-failed=0 square-alloc=0 upload=0
210 pid=FFFD4901 prim transform-ms=62 inside-ms=47 window-ms=85 assemble-ms=171 history-ms=21 fast=91926 clipped=47506 culled=46847
211 pid=FFFD4901 paths batches/triangles untextured=143/715 hw=39124/1397485 cpu=0/0 cpu-nonsquare=0/0 hw-refused=3181/160966
212 pid=FFFD4901 counters hwtex live=101 creates=101 create-failed=0 evictions=0 uploads=481 upload-kb=14139 squared=0 alpha-dropped=0 stubs=0 failed r4=3181 r7=0 r8=0 other=0
213 pid=FFFD4901 time interval-ms=10001 swaps=38 present-ms=195 draw-ms=7857 upload-ms=92
214 pid=FFFD4901 tsc frames=38 wall-ms=10001 vertex-ms=568 flush-in-vertex-ms=39 flush-other-ms=7926 bind-ms=5 iface-ms=7857 beginend-ms=4950 swap-ms=195 vertices=388587 flushes=3355 draws=3688 sink-ms=4956 sink-prep-ms=64 sinks=39558
215 pid=FFFD4901 sink begin-ms=29 flush-ms=4866 copy-ms=16 prep-texture-ms=31 prep-state-ms=15 prep-same-ms=14
216 pid=FFFD4901 hwno hwtex-ms=95 iface-cpu-ms=0 not-cpu=5 square-side=0 too-big=0 format=0 no-object=0 no-record=0 table-full=0 unusable=0 backoff=0 make-failed=0 square-alloc=0 upload=0
217 pid=FFFD4901 prim transform-ms=78 inside-ms=60 window-ms=108 assemble-ms=230 history-ms=26 fast=111951 clipped=53694 culled=54510
218 pid=FFFD4901 paths batches/triangles untextured=148/740 hw=42141/1514266 cpu=0/0 cpu-nonsquare=0/0 hw-refused=3514/178792
219 pid=FFFD4901 counters hwtex live=102 creates=102 create-failed=0 evictions=0 uploads=514 upload-kb=15227 squared=0 alpha-dropped=0 stubs=0 failed r4=3514 r7=0 r8=0 other=0
220 pid=FFFD4901 time interval-ms=10007 swaps=38 present-ms=195 draw-ms=8123 upload-ms=0
221 pid=FFFD4901 tsc frames=38 wall-ms=10007 vertex-ms=431 flush-in-vertex-ms=0 flush-other-ms=8138 bind-ms=6 iface-ms=8123 beginend-ms=5449 swap-ms=195 vertices=314608 flushes=3087 draws=3150 sink-ms=5415 sink-prep-ms=68 sinks=42405
222 pid=FFFD4901 sink begin-ms=28 flush-ms=5320 copy-ms=15 prep-texture-ms=33 prep-state-ms=16 prep-same-ms=16
223 pid=FFFD4901 hwno hwtex-ms=2 iface-cpu-ms=0 not-cpu=0 square-side=0 too-big=0 format=0 no-object=0 no-record=0 table-full=0 unusable=0 backoff=0 make-failed=0 square-alloc=0 upload=0
224 pid=FFFD4901 prim transform-ms=63 inside-ms=50 window-ms=95 assemble-ms=147 history-ms=22 fast=103857 clipped=30705 culled=58228
225 pid=FFFD4901 paths batches/triangles untextured=148/740 hw=45165/1636066 cpu=0/0 cpu-nonsquare=0/0 hw-refused=3577/180651
226 pid=FFFD4901 counters hwtex live=102 creates=102 create-failed=0 evictions=0 uploads=514 upload-kb=15227 squared=0 alpha-dropped=0 stubs=0 failed r4=3577 r7=0 r8=0 other=0
227 pid=FFFD4901 DrvReleaseContext context=1 -> 1
228 pid=FFFD4901 paths batches/triangles untextured=258/960 hw=46239/1675025 cpu=0/0 cpu-nonsquare=0/0 hw-refused=5612/304997
229 pid=FFFD4901 counters hwtex live=0 creates=103 create-failed=0 evictions=0 uploads=515 upload-kb=15355 squared=0 alpha-dropped=226 stubs=0 failed r4=5612 r7=0 r8=0 other=0
230 pid=FFFD4901 DrvDeleteContext context=1 -> 1
231 pid=FFFD4901 detach slots-called=0 stub-calls=0
1 pid=FFFD4901 attach instance=01CF0000 tls=11 build-marker=1
2 pid=FFFD4901 DrvValidateVersion version=1
3 pid=FFFD4901 DrvSetCallbackProcs count=3 procs=78B23978
4 pid=FFFD4901 describe result=0 engine=5 formats=00000002
5 pid=FFFD4901 DrvDescribePixelFormat index=1 bytes=0 -> count=1
6 pid=FFFD4901 DrvDescribePixelFormat index=1 bytes=40 -> count=1
7 pid=FFFD4901 DrvDescribePixelFormat index=1 bytes=0 -> count=1
8 pid=FFFD4901 DrvDescribePixelFormat index=1 bytes=0 -> count=1
9 pid=FFFD4901 DrvDescribePixelFormat index=1 bytes=0 -> count=1
10 pid=FFFD4901 DrvDescribePixelFormat index=1 bytes=0 -> count=1
11 pid=FFFD4901 DrvDescribePixelFormat index=1 bytes=0 -> count=1
12 pid=FFFD4901 DrvDescribePixelFormat index=1 bytes=0 -> count=1
13 pid=FFFD4901 DrvDescribePixelFormat index=1 bytes=0 -> count=1
14 pid=FFFD4901 DrvDescribePixelFormat index=1 bytes=0 -> count=1
15 pid=FFFD4901 DrvDescribePixelFormat index=1 bytes=0 -> count=1
16 pid=FFFD4901 DrvDescribePixelFormat index=1 bytes=0 -> count=1
17 pid=FFFD4901 DrvDescribePixelFormat index=1 bytes=0 -> count=1
18 pid=FFFD4901 DrvDescribePixelFormat index=1 bytes=0 -> count=1
19 pid=FFFD4901 DrvDescribePixelFormat index=1 bytes=0 -> count=1
20 pid=FFFD4901 DrvDescribePixelFormat index=1 bytes=0 -> count=1
21 pid=FFFD4901 DrvDescribePixelFormat index=1 bytes=0 -> count=1
22 pid=FFFD4901 DrvDescribePixelFormat index=1 bytes=0 -> count=1
23 pid=FFFD4901 DrvDescribePixelFormat index=1 bytes=0 -> count=1
24 pid=FFFD4901 DrvDescribePixelFormat index=1 bytes=0 -> count=1
25 pid=FFFD4901 DrvDescribePixelFormat index=1 bytes=0 -> count=1
26 pid=FFFD4901 DrvDescribePixelFormat index=1 bytes=0 -> count=1
27 pid=FFFD4901 DrvDescribePixelFormat index=1 bytes=0 -> count=1
28 pid=FFFD4901 DrvDescribePixelFormat index=1 bytes=0 -> count=1
29 pid=FFFD4901 DrvDescribePixelFormat index=1 bytes=0 -> count=1
30 pid=FFFD4901 DrvDescribePixelFormat index=1 bytes=0 -> count=1
31 pid=FFFD4901 DrvDescribePixelFormat index=1 bytes=0 -> count=1
32 pid=FFFD4901 DrvSetPixelFormat hdc=00000776 index=1
33 pid=FFFD4901 DrvDescribePixelFormat index=1 bytes=0 -> count=1
34 pid=FFFD4901 DrvDescribePixelFormat index=1 bytes=40 -> count=1
35 pid=FFFD4901 DrvDescribePixelFormat index=1 bytes=0 -> count=1
36 pid=FFFD4901 DrvDescribePixelFormat index=1 bytes=40 -> count=1
37 pid=FFFD4901 DrvCreateLayerContext hdc=00000776 layer=0 -> 1
38 pid=FFFD4901 drawable window=00000164 320x240
39 pid=FFFD4901 DrvSetContext hdc=00000776 context=1 -> 1
40 pid=FFFD4901 state tex=1158 size=00400040 tex=01010101 blend=00050600 depth=01040102 colour=FFFFFFFF mask=7 scissor=0,0,320,240 fog=0
41 pid=FFFD4901 time interval-ms=432573 swaps=0 present-ms=0 draw-ms=107027104 upload-ms=0
42 pid=FFFD4901 tsc frames=0 wall-ms=432573 vertex-ms=88735 flush-in-vertex-ms=0 flush-other-ms=6157514 bind-ms=39545 iface-ms=1509546 beginend-ms=485157 swap-ms=0 vertices=18 flushes=1 draws=1 sink-ms=195816 sink-prep-ms=174528 sinks=4
43 pid=FFFD4901 sink begin-ms=424609 flush-ms=0 copy-ms=12947 prep-texture-ms=162686 prep-state-ms=6088 prep-same-ms=4725
44 pid=FFFD4901 hwno hwtex-ms=3684510 iface-cpu-ms=0 not-cpu=0 square-side=0 too-big=0 format=0 no-object=0 no-record=0 table-full=0 unusable=0 backoff=0 make-failed=0 square-alloc=0 upload=0
45 pid=FFFD4901 prim transform-ms=15425 inside-ms=12004 window-ms=21109 assemble-ms=23736 history-ms=4602 fast=10 clipped=0 culled=0
46 pid=FFFD4901 paths batches/triangles untextured=0/0 hw=1/10 cpu=0/0 cpu-nonsquare=0/0 hw-refused=0/0
47 pid=FFFD4901 counters hwtex live=1 creates=1 create-failed=0 evictions=0 uploads=1 upload-kb=10 squared=0 alpha-dropped=0 stubs=0 failed r4=0 r7=0 r8=0 other=0
48 pid=FFFD4901 state tex=1162 size=00400040 tex=01010101 blend=00050600 depth=01040102 colour=FFFFFFFF mask=7 scissor=0,0,320,240 fog=0
49 pid=FFFD4901 state tex=1163 size=00100010 tex=01010101 blend=00050600 depth=01040102 colour=FFFFFFFF mask=7 scissor=0,0,320,240 fog=0
50 pid=FFFD4901 state tex=1168 size=00100010 tex=01010101 blend=00050600 depth=01040102 colour=FFFFFFFF mask=7 scissor=0,0,320,240 fog=0
51 pid=FFFD4901 state tex=1172 size=00400040 tex=01010101 blend=00050600 depth=01040102 colour=FFFFFFFF mask=7 scissor=0,0,320,240 fog=0
52 pid=FFFD4901 state tex=1180 size=00400040 tex=01010101 blend=00050600 depth=01040102 colour=FFFFFFFF mask=7 scissor=0,0,320,240 fog=0
53 pid=FFFD4901 state tex=1184 size=00400040 tex=01010101 blend=00050600 depth=01040102 colour=FFFFFFFF mask=7 scissor=0,0,320,240 fog=0
54 pid=FFFD4901 state tex=1185 size=00400040 tex=01010101 blend=00050600 depth=01040102 colour=FFFFFFFF mask=7 scissor=0,0,320,240 fog=0
55 pid=FFFD4901 state tex=1188 size=00400040 tex=01010101 blend=00050600 depth=01040102 colour=FFFFFFFF mask=7 scissor=0,0,320,240 fog=0
56 pid=FFFD4901 state tex=1191 size=00400040 tex=01010101 blend=00050600 depth=01040102 colour=FFFFFFFF mask=7 scissor=0,0,320,240 fog=0
57 pid=FFFD4901 state tex=1206 size=00400040 tex=01010101 blend=00050600 depth=01040102 colour=FFFFFFFF mask=7 scissor=0,0,320,240 fog=0
58 pid=FFFD4901 state tex=1210 size=00800080 tex=01010101 blend=00050600 depth=01040102 colour=FFFFFFFF mask=7 scissor=0,0,320,240 fog=0
59 pid=FFFD4901 state tex=1214 size=00400040 tex=01010101 blend=00050600 depth=01040102 colour=FFFFFFFF mask=7 scissor=0,0,320,240 fog=0
60 pid=FFFD4901 state tex=1216 size=00400040 tex=01010101 blend=00050600 depth=01040102 colour=FFFFFFFF mask=7 scissor=0,0,320,240 fog=0
61 pid=FFFD4901 state tex=1218 size=00400040 tex=01010101 blend=00050600 depth=01040102 colour=FFFFFFFF mask=7 scissor=0,0,320,240 fog=0
62 pid=FFFD4901 state tex=1225 size=00400040 tex=01010101 blend=00050600 depth=01040102 colour=FFFFFFFF mask=7 scissor=0,0,320,240 fog=0
63 pid=FFFD4901 state tex=1226 size=00400040 tex=01010101 blend=00050600 depth=01040102 colour=FFFFFFFF mask=7 scissor=0,0,320,240 fog=0
64 pid=FFFD4901 state tex=1264 size=00400040 tex=01010101 blend=00050600 depth=01040102 colour=FFFFFFFF mask=7 scissor=0,0,320,240 fog=0
65 pid=FFFD4901 state tex=1269 size=00400040 tex=01010101 blend=00050600 depth=01040102 colour=FFFFFFFF mask=7 scissor=0,0,320,240 fog=0
66 pid=FFFD4901 state tex=1273 size=00200080 tex=01010101 blend=00050600 depth=01040102 colour=FFFFFFFF mask=7 scissor=0,0,320,240 fog=0
67 pid=FFFD4901 state tex=1278 size=00400040 tex=01010101 blend=00050600 depth=01040102 colour=FFFFFFFF mask=7 scissor=0,0,320,240 fog=0
68 pid=FFFD4901 state tex=1281 size=00400040 tex=01010101 blend=00050600 depth=01040102 colour=FFFFFFFF mask=7 scissor=0,0,320,240 fog=0
69 pid=FFFD4901 state tex=1282 size=00400040 tex=01010101 blend=00050600 depth=01040102 colour=FFFFFFFF mask=7 scissor=0,0,320,240 fog=0
70 pid=FFFD4901 state tex=1025 size=00800080 tex=01010101 blend=01010300 depth=01040001 colour=FFFFFFFF mask=7 scissor=0,0,320,240 fog=0
71 pid=FFFD4901 state tex=1026 size=00800080 tex=01010101 blend=01010300 depth=01040001 colour=FFFFFFFF mask=7 scissor=0,0,320,240 fog=0
72 pid=FFFD4901 state tex=1027 size=00800080 tex=01010101 blend=01010300 depth=01040001 colour=FFFFFFFF mask=7 scissor=0,0,320,240 fog=0
73 pid=FFFD4901 state tex=1030 size=00800080 tex=01010101 blend=01010300 depth=01040001 colour=FFFFFFFF mask=7 scissor=0,0,320,240 fog=0
74 pid=FFFD4901 state tex=1376 size=01000080 tex=01040201 blend=00050600 depth=01040102 colour=FF94774B mask=7 scissor=0,0,320,240 fog=0
75 pid=FFFD4901 state tex=1380 size=01000080 tex=01040201 blend=00050600 depth=01040102 colour=FF463827 mask=7 scissor=0,0,320,240 fog=0
76 pid=FFFD4901 state tex=1382 size=00800020 tex=01040201 blend=00050600 depth=01040102 colour=FF6F562E mask=7 scissor=0,0,320,240 fog=0
77 pid=FFFD4901 state tex=1384 size=00800020 tex=01010200 blend=00050600 depth=01040102 colour=FF4D4231 mask=7 scissor=0,0,320,240 fog=0
78 pid=FFFD4901 state tex=1389 size=01000080 tex=01040201 blend=00050600 depth=01040102 colour=FF5F5343 mask=7 scissor=0,0,320,240 fog=0
79 pid=FFFD4901 state tex=1390 size=00800040 tex=01040201 blend=00050600 depth=01040102 colour=FF7F6F57 mask=7 scissor=0,0,320,240 fog=0
80 pid=FFFD4901 state tex=1391 size=00400040 tex=01010200 blend=00050600 depth=01040102 colour=FF968569 mask=7 scissor=0,0,320,240 fog=0
81 pid=FFFD4901 state tex=1393 size=00800040 tex=01040201 blend=00050600 depth=01040102 colour=FFFFFFE8 mask=7 scissor=0,0,320,240 fog=0
82 pid=FFFD4901 state tex=1396 size=00800040 tex=01040201 blend=00050600 depth=01040102 colour=FF9C8964 mask=7 scissor=0,0,320,240 fog=0
83 pid=FFFD4901 state tex=1401 size=01000080 tex=01040201 blend=00050600 depth=01040102 colour=FFFFFFED mask=7 scissor=0,0,320,240 fog=0
84 pid=FFFD4901 state tex=1409 size=01000080 tex=01040201 blend=00050600 depth=01040102 colour=FF4D4137 mask=7 scissor=0,0,320,240 fog=0
85 pid=FFFD4901 state tex=1152 size=01000100 tex=01040101 blend=00050601 depth=00040101 colour=FFFFFFFF mask=7 scissor=0,0,320,240 fog=0
86 pid=FFFD4901 refused tex=1152 size=01000100 tex=02040101 blend=00050601 depth=00040101 colour=FFFFFFFF mask=7 scissor=0,0,320,240 fog=0
87 pid=FFFD4901 draw result=4 triangles=18 submitted=0
88 pid=FFFD4901   v0 sx=431C0000 sy=42E80000 sz=3F000000 rhw=3F800000 tu=3F70028F tv=3823D70A
89 pid=FFFD4901   v1 sx=43240000 sy=42E80000 sz=3F000000 rhw=3F800000 tu=3F77FD71 tv=3823D70A
90 pid=FFFD4901   v2 sx=43240000 sy=42F80001 sz=3F000000 rhw=3F800000 tu=3F77FD71 tv=3CFFAE14
91 pid=FFFD4901 draw result=4 triangles=18 submitted=0
92 pid=FFFD4901   v0 sx=431C0000 sy=42E80000 sz=3F000000 rhw=3F800000 tu=3F70028F tv=3823D70A
93 pid=FFFD4901   v1 sx=43240000 sy=42E80000 sz=3F000000 rhw=3F800000 tu=3F77FD71 tv=3823D70A
94 pid=FFFD4901   v2 sx=43240000 sy=42F80001 sz=3F000000 rhw=3F800000 tu=3F77FD71 tv=3CFFAE14
95 pid=FFFD4901 draw result=4 triangles=18 submitted=0
96 pid=FFFD4901   v0 sx=431C0000 sy=42E80000 sz=3F000000 rhw=3F800000 tu=3F70028F tv=3823D70A
97 pid=FFFD4901   v1 sx=43240000 sy=42E80000 sz=3F000000 rhw=3F800000 tu=3F77FD71 tv=3823D70A
98 pid=FFFD4901   v2 sx=43240000 sy=42F80001 sz=3F000000 rhw=3F800000 tu=3F77FD71 tv=3CFFAE14
99 pid=FFFD4901 draw result=4 triangles=18 submitted=0
100 pid=FFFD4901   v0 sx=431C0000 sy=42E80000 sz=3F000000 rhw=3F800000 tu=3F70028F tv=3823D70A
101 pid=FFFD4901   v1 sx=43240000 sy=42E80000 sz=3F000000 rhw=3F800000 tu=3F77FD71 tv=3823D70A
102 pid=FFFD4901   v2 sx=43240000 sy=42F80001 sz=3F000000 rhw=3F800000 tu=3F77FD71 tv=3CFFAE14
103 pid=FFFD4901 draw result=4 triangles=18 submitted=0
104 pid=FFFD4901   v0 sx=431C0000 sy=42E80000 sz=3F000000 rhw=3F800000 tu=3F70028F tv=3823D70A
105 pid=FFFD4901   v1 sx=43240000 sy=42E80000 sz=3F000000 rhw=3F800000 tu=3F77FD71 tv=3823D70A
106 pid=FFFD4901   v2 sx=43240000 sy=42F80001 sz=3F000000 rhw=3F800000 tu=3F77FD71 tv=3CFFAE14
107 pid=FFFD4901 draw result=4 triangles=18 submitted=0
108 pid=FFFD4901   v0 sx=431C0000 sy=42E80000 sz=3F000000 rhw=3F800000 tu=3F70028F tv=3823D70A
109 pid=FFFD4901   v1 sx=43240000 sy=42E80000 sz=3F000000 rhw=3F800000 tu=3F77FD71 tv=3823D70A
110 pid=FFFD4901   v2 sx=43240000 sy=42F80001 sz=3F000000 rhw=3F800000 tu=3F77FD71 tv=3CFFAE14
111 pid=FFFD4901 state tex=1267 size=00400020 tex=01010101 blend=00050600 depth=01040102 colour=FFFFFFFF mask=7 scissor=0,0,320,240 fog=0
112 pid=FFFD4901 state tex=1268 size=00400040 tex=01010101 blend=00050600 depth=01040102 colour=FFFFFFFF mask=7 scissor=0,0,320,240 fog=0
113 pid=FFFD4901 state tex=1266 size=00400020 tex=01010101 blend=00050600 depth=01040102 colour=FFFFFFFF mask=7 scissor=0,0,320,240 fog=0
114 pid=FFFD4901 state tex=1024 size=00800080 tex=01010101 blend=01010300 depth=01040001 colour=FFFFFFFF mask=7 scissor=0,0,320,240 fog=0
115 pid=FFFD4901 state tex=1381 size=01000080 tex=01040201 blend=00050600 depth=01040102 colour=FF9C8D54 mask=7 scissor=0,0,320,240 fog=0
116 pid=FFFD4901 state tex=1342 size=00800040 tex=01010200 blend=01050600 depth=01040002 colour=AA6D6153 mask=7 scissor=0,0,320,240 fog=0
117 pid=FFFD4901 state tex=1153 size=00080008 tex=01040202 blend=01050600 depth=01040002 colour=FF730700 mask=7 scissor=0,0,320,240 fog=0
118 pid=FFFD4901 refused tex=1153 size=00080008 tex=02040202 blend=01050600 depth=01040002 colour=D4730700 mask=7 scissor=0,0,320,240 fog=0
119 pid=FFFD4901 state tex=1153 size=00000000 tex=00000000 blend=01050600 depth=00040100 colour=33FF0000 mask=7 scissor=0,0,320,240 fog=0
120 pid=FFFD4901 state tex=1361 size=01000080 tex=01040201 blend=00050600 depth=01040102 colour=FFA99362 mask=7 scissor=0,0,320,240 fog=0
121 pid=FFFD4901 time interval-ms=10004 swaps=69 present-ms=128 draw-ms=7752 upload-ms=171
122 pid=FFFD4901 tsc frames=69 wall-ms=10004 vertex-ms=882 flush-in-vertex-ms=27 flush-other-ms=7939 bind-ms=12 iface-ms=7751 beginend-ms=4707 swap-ms=128 vertices=619015 flushes=5428 draws=5677 sink-ms=4669 sink-prep-ms=123 sinks=70457
123 pid=FFFD4901 sink begin-ms=55 flush-ms=4500 copy-ms=27 prep-texture-ms=66 prep-state-ms=27 prep-same-ms=26
124 pid=FFFD4901 hwno hwtex-ms=180 iface-cpu-ms=0 not-cpu=18 square-side=0 too-big=0 format=0 no-object=0 no-record=0 table-full=0 unusable=0 backoff=0 make-failed=0 square-alloc=0 upload=0
125 pid=FFFD4901 prim transform-ms=124 inside-ms=96 window-ms=174 assemble-ms=340 history-ms=43 fast=170932 clipped=95213 culled=100166
126 pid=FFFD4901 paths batches/triangles untextured=18/90 hw=5162/197561 cpu=0/0 cpu-nonsquare=0/0 hw-refused=249/11696
127 pid=FFFD4901 counters hwtex live=49 creates=49 create-failed=0 evictions=0 uploads=71 upload-kb=1983 squared=0 alpha-dropped=0 stubs=0 failed r4=249 r7=0 r8=0 other=0
128 pid=FFFD4901 time interval-ms=10003 swaps=74 present-ms=136 draw-ms=7672 upload-ms=218
129 pid=FFFD4901 tsc frames=74 wall-ms=10003 vertex-ms=899 flush-in-vertex-ms=57 flush-other-ms=7861 bind-ms=10 iface-ms=7671 beginend-ms=4411 swap-ms=136 vertices=628538 flushes=5225 draws=5668 sink-ms=4414 sink-prep-ms=109 sinks=62486
130 pid=FFFD4901 sink begin-ms=48 flush-ms=4263 copy-ms=25 prep-texture-ms=58 prep-state-ms=24 prep-same-ms=23
131 pid=FFFD4901 hwno hwtex-ms=226 iface-cpu-ms=0 not-cpu=21 square-side=0 too-big=0 format=0 no-object=0 no-record=0 table-full=0 unusable=0 backoff=0 make-failed=0 square-alloc=0 upload=0
132 pid=FFFD4901 prim transform-ms=126 inside-ms=98 window-ms=166 assemble-ms=360 history-ms=42 fast=173271 clipped=94511 culled=80294
133 pid=FFFD4901 paths batches/triangles untextured=39/195 hw=9923/377613 cpu=0/0 cpu-nonsquare=0/0 hw-refused=692/35209
134 pid=FFFD4901 counters hwtex live=71 creates=71 create-failed=0 evictions=0 uploads=156 upload-kb=4523 squared=0 alpha-dropped=0 stubs=0 failed r4=692 r7=0 r8=0 other=0
135 pid=FFFD4901 time interval-ms=10001 swaps=79 present-ms=145 draw-ms=7838 upload-ms=198
136 pid=FFFD4901 tsc frames=79 wall-ms=10001 vertex-ms=825 flush-in-vertex-ms=90 flush-other-ms=7973 bind-ms=10 iface-ms=7838 beginend-ms=3928 swap-ms=145 vertices=536150 flushes=5161 draws=5765 sink-ms=3977 sink-prep-ms=91 sinks=52488
137 pid=FFFD4901 sink begin-ms=38 flush-ms=3848 copy-ms=23 prep-texture-ms=49 prep-state-ms=20 prep-same-ms=19
138 pid=FFFD4901 hwno hwtex-ms=205 iface-cpu-ms=0 not-cpu=26 square-side=0 too-big=0 format=0 no-object=0 no-record=0 table-full=0 unusable=0 backoff=0 make-failed=0 square-alloc=0 upload=0
139 pid=FFFD4901 prim transform-ms=107 inside-ms=83 window-ms=148 assemble-ms=360 history-ms=36 fast=156826 clipped=70730 culled=57674
140 pid=FFFD4901 paths batches/triangles untextured=65/325 hw=14454/534902 cpu=0/0 cpu-nonsquare=0/0 hw-refused=1296/67837
141 pid=FFFD4901 counters hwtex live=87 creates=87 create-failed=0 evictions=0 uploads=236 upload-kb=6840 squared=0 alpha-dropped=0 stubs=0 failed r4=1296 r7=0 r8=0 other=0
142 pid=FFFD4901 refused tex=1155 size=00800080 tex=02040101 blend=00050601 depth=00040101 colour=FFFFFFFF mask=7 scissor=0,0,320,240 fog=0
143 pid=FFFD4901 hwtex create 00800080 levels=1 hr=8876017C
144 pid=FFFD4901 hwtex create 00800080 levels=1 hr=8876017C
145 pid=FFFD4901 hwtex create 01000080 levels=9 hr=8876017C
146 pid=FFFD4901 hwtex create 01000080 levels=9 hr=8876017C
147 pid=FFFD4901 hwtex create 00400040 levels=7 hr=8876017C
148 pid=FFFD4901 time interval-ms=10000 swaps=74 present-ms=136 draw-ms=8081 upload-ms=54
149 pid=FFFD4901 tsc frames=74 wall-ms=10000 vertex-ms=757 flush-in-vertex-ms=34 flush-other-ms=8128 bind-ms=9 iface-ms=8081 beginend-ms=4914 swap-ms=136 vertices=523229 flushes=5221 draws=5600 sink-ms=4896 sink-prep-ms=105 sinks=60328
150 pid=FFFD4901 sink begin-ms=45 flush-ms=4750 copy-ms=24 prep-texture-ms=56 prep-state-ms=23 prep-same-ms=22
151 pid=FFFD4901 hwno hwtex-ms=61 iface-cpu-ms=0 not-cpu=13 square-side=0 too-big=0 format=0 no-object=0 no-record=0 table-full=0 unusable=0 backoff=0 make-failed=0 square-alloc=0 upload=0
152 pid=FFFD4901 prim transform-ms=105 inside-ms=82 window-ms=149 assemble-ms=294 history-ms=36 fast=162036 clipped=67771 culled=72634
153 pid=FFFD4901 paths batches/triangles untextured=78/390 hw=19283/710398 cpu=0/0 cpu-nonsquare=0/0 hw-refused=1675/86004
154 pid=FFFD4901 counters hwtex live=91 creates=98 create-failed=5 evictions=5 uploads=254 upload-kb=7468 squared=0 alpha-dropped=0 stubs=0 failed r4=1675 r7=0 r8=0 other=0
155 pid=FFFD4901 hwtex create 00800040 levels=8 hr=8876017C
156 pid=FFFD4901 hwtex create 01000080 levels=9 hr=8876017C
157 pid=FFFD4901 time interval-ms=10001 swaps=74 present-ms=134 draw-ms=7898 upload-ms=158
158 pid=FFFD4901 tsc frames=74 wall-ms=10001 vertex-ms=779 flush-in-vertex-ms=34 flush-other-ms=8055 bind-ms=16 iface-ms=7898 beginend-ms=4842 swap-ms=134 vertices=540083 flushes=4901 draws=5274 sink-ms=4826 sink-prep-ms=100 sinks=57495
159 pid=FFFD4901 sink begin-ms=43 flush-ms=4687 copy-ms=23 prep-texture-ms=53 prep-state-ms=22 prep-same-ms=21
160 pid=FFFD4901 hwno hwtex-ms=165 iface-cpu-ms=0 not-cpu=29 square-side=0 too-big=0 format=0 no-object=0 no-record=0 table-full=0 unusable=0 backoff=0 make-failed=0 square-alloc=0 upload=0
161 pid=FFFD4901 prim transform-ms=108 inside-ms=83 window-ms=145 assemble-ms=314 history-ms=37 fast=150653 clipped=83173 culled=72091
162 pid=FFFD4901 paths batches/triangles untextured=107/535 hw=23782/878983 cpu=0/0 cpu-nonsquare=0/0 hw-refused=2048/103804
163 pid=FFFD4901 counters hwtex live=97 creates=106 create-failed=7 evictions=7 uploads=314 upload-kb=9316 squared=0 alpha-dropped=0 stubs=0 failed r4=2048 r7=0 r8=0 other=0
164 pid=FFFD4901 hwtex create 00400040 levels=7 hr=8876017C
165 pid=FFFD4901 hwtex create 00400040 levels=7 hr=8876017C
166 pid=FFFD4901 hwtex create 00800020 levels=8 hr=8876017C
167 pid=FFFD4901 time interval-ms=10000 swaps=69 present-ms=126 draw-ms=7646 upload-ms=283
168 pid=FFFD4901 tsc frames=69 wall-ms=10000 vertex-ms=873 flush-in-vertex-ms=28 flush-other-ms=7933 bind-ms=12 iface-ms=7646 beginend-ms=4622 swap-ms=127 vertices=635845 flushes=5759 draws=6191 sink-ms=4595 sink-prep-ms=114 sinks=64695
169 pid=FFFD4901 sink begin-ms=47 flush-ms=4438 copy-ms=26 prep-texture-ms=61 prep-state-ms=25 prep-same-ms=23
170 pid=FFFD4901 hwno hwtex-ms=292 iface-cpu-ms=0 not-cpu=13 square-side=0 too-big=0 format=0 no-object=0 no-record=0 table-full=0 unusable=0 backoff=0 make-failed=0 square-alloc=0 upload=0
171 pid=FFFD4901 prim transform-ms=128 inside-ms=96 window-ms=169 assemble-ms=330 history-ms=42 fast=173138 clipped=91077 culled=85342
172 pid=FFFD4901 paths batches/triangles untextured=120/600 hw=29096/1065190 cpu=0/0 cpu-nonsquare=0/0 hw-refused=2480/125160
173 pid=FFFD4901 counters hwtex live=102 creates=117 create-failed=10 evictions=10 uploads=422 upload-kb=12671 squared=0 alpha-dropped=0 stubs=0 failed r4=2480 r7=0 r8=0 other=0
174 pid=FFFD4901 hwtex create 01000080 levels=9 hr=8876017C
175 pid=FFFD4901 hwtex create 01000080 levels=9 hr=8876017C
176 pid=FFFD4901 hwtex create 01000080 levels=9 hr=8876017C
177 pid=FFFD4901 hwtex create 01000080 levels=9 hr=8876017C
178 pid=FFFD4901 hwtex create 01000080 levels=9 hr=8876017C
179 pid=FFFD4901 hwtex create 01000080 levels=9 hr=8876017C
180 pid=FFFD4901 hwtex create 01000080 levels=9 hr=8876017C
181 pid=FFFD4901 hwtex create 01000080 levels=9 hr=8876017C
182 pid=FFFD4901 time interval-ms=10000 swaps=53 present-ms=97 draw-ms=8013 upload-ms=134
183 pid=FFFD4901 tsc frames=53 wall-ms=10000 vertex-ms=843 flush-in-vertex-ms=52 flush-other-ms=8128 bind-ms=11 iface-ms=8013 beginend-ms=4648 swap-ms=98 vertices=582230 flushes=6735 draws=7287 sink-ms=4648 sink-prep-ms=115 sinks=66762
184 pid=FFFD4901 sink begin-ms=45 flush-ms=4486 copy-ms=29 prep-texture-ms=61 prep-state-ms=25 prep-same-ms=24
185 pid=FFFD4901 hwno hwtex-ms=142 iface-cpu-ms=0 not-cpu=16 square-side=0 too-big=0 format=0 no-object=0 no-record=0 table-full=0 unusable=0 backoff=0 make-failed=0 square-alloc=0 upload=0
186 pid=FFFD4901 prim transform-ms=117 inside-ms=92 window-ms=168 assemble-ms=328 history-ms=39 fast=198826 clipped=60206 culled=70356
187 pid=FFFD4901 paths batches/triangles untextured=136/680 hw=35263/1266594 cpu=0/0 cpu-nonsquare=0/0 hw-refused=3032/155078
188 pid=FFFD4901 counters hwtex live=102 creates=126 create-failed=18 evictions=18 uploads=470 upload-kb=14260 squared=0 alpha-dropped=0 stubs=0 failed r4=3032 r7=0 r8=0 other=0
189 pid=FFFD4901 hwtex create 01000080 levels=9 hr=8876017C
190 pid=FFFD4901 hwtex create 01000080 levels=9 hr=8876017C
191 pid=FFFD4901 hwtex create 01000080 levels=9 hr=8876017C
192 pid=FFFD4901 hwtex create 01000080 levels=9 hr=8876017C
193 pid=FFFD4901 hwtex create 01000080 levels=9 hr=8876017C
194 pid=FFFD4901 hwtex create 01000080 levels=9 hr=8876017C
195 pid=FFFD4901 hwtex create 00800040 levels=8 hr=8876017C
196 pid=FFFD4901 hwtex create 00800040 levels=8 hr=8876017C
197 pid=FFFD4901 time interval-ms=10000 swaps=60 present-ms=109 draw-ms=7924 upload-ms=99
198 pid=FFFD4901 tsc frames=60 wall-ms=10000 vertex-ms=723 flush-in-vertex-ms=32 flush-other-ms=8214 bind-ms=204 iface-ms=7924 beginend-ms=4250 swap-ms=110 vertices=453583 flushes=4587 draws=4788 sink-ms=4234 sink-prep-ms=96 sinks=49344
199 pid=FFFD4901 sink begin-ms=40 flush-ms=4102 copy-ms=22 prep-texture-ms=52 prep-state-ms=24 prep-same-ms=19
200 pid=FFFD4901 hwno hwtex-ms=107 iface-cpu-ms=0 not-cpu=7 square-side=0 too-big=0 format=0 no-object=0 no-record=0 table-full=0 unusable=0 backoff=0 make-failed=0 square-alloc=0 upload=0
201 pid=FFFD4901 prim transform-ms=97 inside-ms=74 window-ms=123 assemble-ms=317 history-ms=32 fast=127392 clipped=80510 culled=60167
202 pid=FFFD4901 paths batches/triangles untextured=143/715 hw=39642/1416305 cpu=0/0 cpu-nonsquare=0/0 hw-refused=3233/163881
203 pid=FFFD4901 counters hwtex live=102 creates=139 create-failed=26 evictions=26 uploads=505 upload-kb=15378 squared=0 alpha-dropped=0 stubs=0 failed r4=3233 r7=0 r8=0 other=0
204 pid=FFFD4901 hwtex create 00800040 levels=8 hr=8876017C
205 pid=FFFD4901 hwtex create 00800040 levels=8 hr=8876017C
206 pid=FFFD4901 hwtex create 00800040 levels=8 hr=8876017C
207 pid=FFFD4901 hwtex create 01000080 levels=9 hr=8876017C
208 pid=FFFD4901 hwtex create 01000080 levels=9 hr=8876017C
209 pid=FFFD4901 time interval-ms=10002 swaps=64 present-ms=116 draw-ms=8006 upload-ms=69
210 pid=FFFD4901 tsc frames=64 wall-ms=10002 vertex-ms=818 flush-in-vertex-ms=20 flush-other-ms=8093 bind-ms=19 iface-ms=8006 beginend-ms=4846 swap-ms=115 vertices=582428 flushes=5346 draws=5687 sink-ms=4810 sink-prep-ms=121 sinks=68532
211 pid=FFFD4901 sink begin-ms=48 flush-ms=4643 copy-ms=27 prep-texture-ms=65 prep-state-ms=26 prep-same-ms=25
212 pid=FFFD4901 hwno hwtex-ms=77 iface-cpu-ms=0 not-cpu=5 square-side=0 too-big=0 format=0 no-object=0 no-record=0 table-full=0 unusable=0 backoff=0 make-failed=0 square-alloc=0 upload=0
213 pid=FFFD4901 prim transform-ms=120 inside-ms=91 window-ms=170 assemble-ms=297 history-ms=40 fast=179344 clipped=68308 culled=93858
214 pid=FFFD4901 paths batches/triangles untextured=148/740 hw=44642/1614358 cpu=0/0 cpu-nonsquare=0/0 hw-refused=3574/180464
215 pid=FFFD4901 counters hwtex live=103 creates=148 create-failed=31 evictions=31 uploads=530 upload-kb=16198 squared=0 alpha-dropped=0 stubs=0 failed r4=3574 r7=0 r8=0 other=0
216 pid=FFFD4901 hwtex create 01000100 levels=1 hr=8876017C
217 pid=FFFD4901 hwtex create 01000100 levels=1 hr=8876017C
218 pid=FFFD4901 hwtex create 01000100 levels=1 hr=8876017C
219 pid=FFFD4901 hwtex create 01000100 levels=1 hr=8876017C
220 pid=FFFD4901 hwtex create 01000100 levels=1 hr=8876017C
221 pid=FFFD4901 hwtex create 01000100 levels=1 hr=8876017C
222 pid=FFFD4901 hwtex create 01000100 levels=1 hr=8876017C
223 pid=FFFD4901 hwtex create 01000100 levels=1 hr=8876017C
224 pid=FFFD4901 hwtex create 01000100 levels=1 hr=8876017C
225 pid=FFFD4901 hwtex create 01000100 levels=1 hr=8876017C
226 pid=FFFD4901 hwtex create 01000100 levels=1 hr=8876017C
227 pid=FFFD4901 hwtex create 01000100 levels=1 hr=8876017C
228 pid=FFFD4901 hwtex create 01000100 levels=1 hr=8876017C
229 pid=FFFD4901 hwtex create 01000100 levels=1 hr=8876017C
230 pid=FFFD4901 hwtex create 01000100 levels=1 hr=8876017C
231 pid=FFFD4901 hwtex create 01000100 levels=1 hr=8876017C
232 pid=FFFD4901 hwtex create 01000100 levels=1 hr=8876017C
233 pid=FFFD4901 hwtex create 01000100 levels=1 hr=8876017C
234 pid=FFFD4901 hwtex create 01000100 levels=1 hr=8876017C
235 pid=FFFD4901 hwtex create 01000100 levels=1 hr=8876017C
236 pid=FFFD4901 hwtex create 01000100 levels=1 hr=8876017C
237 pid=FFFD4901 hwtex create 01000100 levels=1 hr=8876017C
238 pid=FFFD4901 hwtex create 01000100 levels=1 hr=8876017C
239 pid=FFFD4901 hwtex create 01000100 levels=1 hr=8876017C
240 pid=FFFD4901 hwtex create 01000100 levels=1 hr=8876017C
241 pid=FFFD4901 hwtex create 01000100 levels=1 hr=8876017C
242 pid=FFFD4901 hwtex create 01000100 levels=1 hr=8876017C
243 pid=FFFD4901 hwtex create 01000100 levels=1 hr=8876017C
244 pid=FFFD4901 hwtex create 01000100 levels=1 hr=8876017C
245 pid=FFFD4901 hwtex create 01000100 levels=1 hr=8876017C
246 pid=FFFD4901 hwtex create 01000100 levels=1 hr=8876017C
247 pid=FFFD4901 hwtex create 01000100 levels=1 hr=8876017C
248 pid=FFFD4901 hwtex create 01000100 levels=1 hr=8876017C
249 pid=FFFD4901 hwtex create 01000100 levels=1 hr=8876017C
250 pid=FFFD4901 hwtex create 01000100 levels=1 hr=8876017C
251 pid=FFFD4901 hwtex create 01000100 levels=1 hr=8876017C
252 pid=FFFD4901 hwtex create 01000100 levels=1 hr=8876017C
253 pid=FFFD4901 hwtex create 01000100 levels=1 hr=8876017C
254 pid=FFFD4901 hwtex create 01000100 levels=1 hr=8876017C
255 pid=FFFD4901 hwtex create 01000100 levels=1 hr=8876017C
256 pid=FFFD4901 hwtex create 01000100 levels=1 hr=8876017C
257 pid=FFFD4901 hwtex create 01000100 levels=1 hr=8876017C
258 pid=FFFD4901 hwtex create 01000100 levels=1 hr=8876017C
259 pid=FFFD4901 hwtex create 01000100 levels=1 hr=8876017C
260 pid=FFFD4901 time interval-ms=10003 swaps=165 present-ms=301 draw-ms=6538 upload-ms=91
261 pid=FFFD4901 tsc frames=165 wall-ms=10003 vertex-ms=778 flush-in-vertex-ms=15 flush-other-ms=6648 bind-ms=9 iface-ms=6538 beginend-ms=3902 swap-ms=301 vertices=566426 flushes=5364 draws=6453 sink-ms=3852 sink-prep-ms=138 sinks=83223
262 pid=FFFD4901 sink begin-ms=54 flush-ms=3665 copy-ms=28 prep-texture-ms=69 prep-state-ms=31 prep-same-ms=31
263 pid=FFFD4901 hwno hwtex-ms=105 iface-cpu-ms=0 not-cpu=114 square-side=0 too-big=0 format=0 no-object=0 no-record=0 table-full=0 unusable=0 backoff=0 make-failed=0 square-alloc=0 upload=0
264 pid=FFFD4901 prim transform-ms=115 inside-ms=90 window-ms=164 assemble-ms=273 history-ms=40 fast=189985 clipped=59266 culled=79123
265 pid=FFFD4901 paths batches/triangles untextured=262/980 hw=48803/1772330 cpu=0/0 cpu-nonsquare=0/0 hw-refused=4663/242075
266 pid=FFFD4901 counters hwtex live=104 creates=214 create-failed=75 evictions=75 uploads=561 upload-kb=17255 squared=0 alpha-dropped=221 stubs=0 failed r4=4663 r7=0 r8=0 other=0
267 pid=FFFD4901 hwtex create 01000080 levels=9 hr=8876017C
268 pid=FFFD4901 hwtex create 01000080 levels=9 hr=8876017C
269 pid=FFFD4901 time interval-ms=10001 swaps=66 present-ms=121 draw-ms=7692 upload-ms=116
270 pid=FFFD4901 tsc frames=66 wall-ms=10001 vertex-ms=989 flush-in-vertex-ms=43 flush-other-ms=7796 bind-ms=12 iface-ms=7692 beginend-ms=4962 swap-ms=122 vertices=704289 flushes=5850 draws=6270 sink-ms=4938 sink-prep-ms=132 sinks=75778
271 pid=FFFD4901 sink begin-ms=58 flush-ms=4756 copy-ms=29 prep-texture-ms=70 prep-state-ms=28 prep-same-ms=28
272 pid=FFFD4901 hwno hwtex-ms=123 iface-cpu-ms=0 not-cpu=31 square-side=0 too-big=0 format=0 no-object=0 no-record=0 table-full=0 unusable=0 backoff=0 make-failed=0 square-alloc=0 upload=0
273 pid=FFFD4901 prim transform-ms=141 inside-ms=109 window-ms=198 assemble-ms=374 history-ms=48 fast=200480 clipped=98835 culled=106728
274 pid=FFFD4901 paths batches/triangles untextured=293/1135 hw=54202/1984846 cpu=0/0 cpu-nonsquare=0/0 hw-refused=5083/264326
275 pid=FFFD4901 counters hwtex live=104 creates=226 create-failed=77 evictions=77 uploads=604 upload-kb=18616 squared=0 alpha-dropped=221 stubs=0 failed r4=5083 r7=0 r8=0 other=0
276 pid=FFFD4901 hwtex create 00800080 levels=1 hr=8876017C
277 pid=FFFD4901 hwtex create 00800080 levels=1 hr=8876017C
278 pid=FFFD4901 hwtex create 01000080 levels=9 hr=8876017C
279 pid=FFFD4901 time interval-ms=10000 swaps=84 present-ms=154 draw-ms=7880 upload-ms=217
280 pid=FFFD4901 tsc frames=84 wall-ms=10000 vertex-ms=729 flush-in-vertex-ms=71 flush-other-ms=8054 bind-ms=11 iface-ms=7880 beginend-ms=3738 swap-ms=154 vertices=480493 flushes=4485 draws=4951 sink-ms=3771 sink-prep-ms=81 sinks=46650
281 pid=FFFD4901 sink begin-ms=34 flush-ms=3656 copy-ms=21 prep-texture-ms=43 prep-state-ms=18 prep-same-ms=17
282 pid=FFFD4901 hwno hwtex-ms=225 iface-cpu-ms=0 not-cpu=13 square-side=0 too-big=0 format=0 no-object=0 no-record=0 table-full=0 unusable=0 backoff=0 make-failed=0 square-alloc=0 upload=0
283 pid=FFFD4901 prim transform-ms=96 inside-ms=73 window-ms=122 assemble-ms=324 history-ms=32 fast=134282 clipped=75725 culled=45280
284 pid=FFFD4901 paths batches/triangles untextured=306/1200 hw=58208/2125578 cpu=0/0 cpu-nonsquare=0/0 hw-refused=5549/288655
285 pid=FFFD4901 counters hwtex live=104 creates=239 create-failed=80 evictions=80 uploads=686 upload-kb=21159 squared=0 alpha-dropped=221 stubs=0 failed r4=5549 r7=0 r8=0 other=0
286 pid=FFFD4901 hwtex create 00400040 levels=7 hr=8876017C
287 pid=FFFD4901 hwtex create 00400040 levels=7 hr=8876017C
288 pid=FFFD4901 hwtex create 00800080 levels=1 hr=8876017C
289 pid=FFFD4901 hwtex create 01000040 levels=9 hr=8876017C
290 pid=FFFD4901 hwtex create 00800080 levels=1 hr=8876017C
291 pid=FFFD4901 hwtex create 00800080 levels=1 hr=8876017C
292 pid=FFFD4901 time interval-ms=10000 swaps=73 present-ms=133 draw-ms=7890 upload-ms=139
293 pid=FFFD4901 tsc frames=73 wall-ms=10000 vertex-ms=857 flush-in-vertex-ms=72 flush-other-ms=7987 bind-ms=10 iface-ms=7889 beginend-ms=4308 swap-ms=134 vertices=580217 flushes=5712 draws=6283 sink-ms=4332 sink-prep-ms=103 sinks=58801
294 pid=FFFD4901 sink begin-ms=44 flush-ms=4185 copy-ms=25 prep-texture-ms=55 prep-state-ms=22 prep-same-ms=21
295 pid=FFFD4901 hwno hwtex-ms=148 iface-cpu-ms=0 not-cpu=20 square-side=0 too-big=0 format=0 no-object=0 no-record=0 table-full=0 unusable=0 backoff=0 make-failed=0 square-alloc=0 upload=0
296 pid=FFFD4901 prim transform-ms=116 inside-ms=90 window-ms=162 assemble-ms=351 history-ms=39 fast=171865 clipped=72590 culled=74994
297 pid=FFFD4901 paths batches/triangles untextured=326/1300 hw=63329/2299458 cpu=0/0 cpu-nonsquare=0/0 hw-refused=6120/318047
298 pid=FFFD4901 counters hwtex live=104 creates=261 create-failed=86 evictions=86 uploads=744 upload-kb=22773 squared=0 alpha-dropped=221 stubs=0 failed r4=6120 r7=0 r8=0 other=0
299 pid=FFFD4901 hwtex create 01000080 levels=9 hr=8876017C
300 pid=FFFD4901 hwtex create 01000080 levels=9 hr=8876017C
301 pid=FFFD4901 hwtex create 01000080 levels=9 hr=8876017C
302 pid=FFFD4901 hwtex create 01000080 levels=9 hr=8876017C
303 pid=FFFD4901 time interval-ms=10006 swaps=74 present-ms=134 draw-ms=7994 upload-ms=115
304 pid=FFFD4901 tsc frames=74 wall-ms=10006 vertex-ms=759 flush-in-vertex-ms=35 flush-other-ms=8101 bind-ms=11 iface-ms=7994 beginend-ms=5049 swap-ms=135 vertices=520135 flushes=4841 draws=5179 sink-ms=5033 sink-prep-ms=102 sinks=58624
305 pid=FFFD4901 sink begin-ms=44 flush-ms=4892 copy-ms=24 prep-texture-ms=54 prep-state-ms=22 prep-same-ms=21
306 pid=FFFD4901 hwno hwtex-ms=122 iface-cpu-ms=0 not-cpu=30 square-side=0 too-big=0 format=0 no-object=0 no-record=0 table-full=0 unusable=0 backoff=0 make-failed=0 square-alloc=0 upload=0
307 pid=FFFD4901 prim transform-ms=104 inside-ms=81 window-ms=144 assemble-ms=306 history-ms=36 fast=153954 clipped=75751 culled=70570
308 pid=FFFD4901 paths batches/triangles untextured=356/1450 hw=67802/2471769 cpu=0/0 cpu-nonsquare=0/0 hw-refused=6458/334816
309 pid=FFFD4901 counters hwtex live=104 creates=267 create-failed=90 evictions=90 uploads=786 upload-kb=24148 squared=0 alpha-dropped=221 stubs=0 failed r4=6458 r7=0 r8=0 other=0
310 pid=FFFD4901 hwtex create 01000080 levels=9 hr=8876017C
311 pid=FFFD4901 hwtex create 00400040 levels=7 hr=8876017C
312 pid=FFFD4901 time interval-ms=10001 swaps=74 present-ms=134 draw-ms=7823 upload-ms=189
313 pid=FFFD4901 tsc frames=74 wall-ms=10001 vertex-ms=788 flush-in-vertex-ms=12 flush-other-ms=8028 bind-ms=9 iface-ms=7823 beginend-ms=4819 swap-ms=134 vertices=572047 flushes=5111 draws=5432 sink-ms=4778 sink-prep-ms=105 sinks=60522
314 pid=FFFD4901 sink begin-ms=45 flush-ms=4632 copy-ms=24 prep-texture-ms=56 prep-state-ms=23 prep-same-ms=22
315 pid=FFFD4901 hwno hwtex-ms=197 iface-cpu-ms=0 not-cpu=20 square-side=0 too-big=0 format=0 no-object=0 no-record=0 table-full=0 unusable=0 backoff=0 make-failed=0 square-alloc=0 upload=0
316 pid=FFFD4901 prim transform-ms=115 inside-ms=86 window-ms=147 assemble-ms=304 history-ms=39 fast=151121 clipped=93675 culled=74943
317 pid=FFFD4901 paths batches/triangles untextured=376/1550 hw=72572/2645080 cpu=0/0 cpu-nonsquare=0/0 hw-refused=6779/348698
318 pid=FFFD4901 counters hwtex live=104 creates=281 create-failed=92 evictions=92 uploads=859 upload-kb=26355 squared=0 alpha-dropped=221 stubs=0 failed r4=6779 r7=0 r8=0 other=0
319 pid=FFFD4901 hwtex create 00400040 levels=7 hr=8876017C
320 pid=FFFD4901 hwtex create 00800020 levels=8 hr=8876017C
321 pid=FFFD4901 hwtex create 01000080 levels=9 hr=8876017C
322 pid=FFFD4901 hwtex create 01000080 levels=9 hr=8876017C
323 pid=FFFD4901 hwtex create 01000080 levels=9 hr=8876017C
324 pid=FFFD4901 hwtex create 01000080 levels=9 hr=8876017C
325 pid=FFFD4901 hwtex create 01000080 levels=9 hr=8876017C
326 pid=FFFD4901 hwtex create 01000080 levels=9 hr=8876017C
327 pid=FFFD4901 hwtex create 01000080 levels=9 hr=8876017C
328 pid=FFFD4901 hwtex create 01000080 levels=9 hr=8876017C
329 pid=FFFD4901 time interval-ms=10000 swaps=60 present-ms=110 draw-ms=7836 upload-ms=235
330 pid=FFFD4901 tsc frames=60 wall-ms=10000 vertex-ms=856 flush-in-vertex-ms=55 flush-other-ms=8046 bind-ms=9 iface-ms=7835 beginend-ms=4530 swap-ms=111 vertices=593741 flushes=6273 draws=6785 sink-ms=4534 sink-prep-ms=111 sinks=64141
331 pid=FFFD4901 sink begin-ms=45 flush-ms=4378 copy-ms=27 prep-texture-ms=59 prep-state-ms=24 prep-same-ms=23
332 pid=FFFD4901 hwno hwtex-ms=244 iface-cpu-ms=0 not-cpu=15 square-side=0 too-big=0 format=0 no-object=0 no-record=0 table-full=0 unusable=0 backoff=0 make-failed=0 square-alloc=0 upload=0
333 pid=FFFD4901 prim transform-ms=119 inside-ms=92 window-ms=165 assemble-ms=339 history-ms=40 fast=183864 clipped=70483 culled=74772
334 pid=FFFD4901 paths batches/triangles untextured=391/1625 hw=78318/2834929 cpu=0/0 cpu-nonsquare=0/0 hw-refused=7291/375200
335 pid=FFFD4901 counters hwtex live=104 creates=294 create-failed=102 evictions=102 uploads=946 upload-kb=29148 squared=0 alpha-dropped=221 stubs=0 failed r4=7291 r7=0 r8=0 other=0
336 pid=FFFD4901 hwtex create 01000100 levels=1 hr=8876017C
337 pid=FFFD4901 hwtex create 01000100 levels=1 hr=8876017C
338 pid=FFFD4901 hwtex create 01000100 levels=1 hr=8876017C
339 pid=FFFD4901 hwtex create 01000100 levels=1 hr=8876017C
340 pid=FFFD4901 hwtex create 01000100 levels=1 hr=8876017C
341 pid=FFFD4901 hwtex create 01000100 levels=1 hr=8876017C
342 pid=FFFD4901 hwtex create 01000100 levels=1 hr=8876017C
343 pid=FFFD4901 hwtex create 01000100 levels=1 hr=8876017C
344 pid=FFFD4901 hwtex create 01000100 levels=1 hr=8876017C
345 pid=FFFD4901 hwtex create 01000100 levels=1 hr=8876017C
346 pid=FFFD4901 hwtex create 01000100 levels=1 hr=8876017C
347 pid=FFFD4901 hwtex create 01000100 levels=1 hr=8876017C
348 pid=FFFD4901 hwtex create 01000100 levels=1 hr=8876017C
349 pid=FFFD4901 hwtex create 01000100 levels=1 hr=8876017C
350 pid=FFFD4901 hwtex create 01000100 levels=1 hr=8876017C
351 pid=FFFD4901 hwtex create 01000100 levels=1 hr=8876017C
352 pid=FFFD4901 hwtex create 01000100 levels=1 hr=8876017C
353 pid=FFFD4901 hwtex create 01000100 levels=1 hr=8876017C
354 pid=FFFD4901 hwtex create 01000100 levels=1 hr=8876017C
355 pid=FFFD4901 hwtex create 01000100 levels=1 hr=8876017C
356 pid=FFFD4901 hwtex create 01000100 levels=1 hr=8876017C
357 pid=FFFD4901 hwtex create 01000100 levels=1 hr=8876017C
358 pid=FFFD4901 hwtex create 01000100 levels=1 hr=8876017C
359 pid=FFFD4901 hwtex create 01000100 levels=1 hr=8876017C
360 pid=FFFD4901 hwtex create 01000100 levels=1 hr=8876017C
361 pid=FFFD4901 hwtex create 01000100 levels=1 hr=8876017C
362 pid=FFFD4901 hwtex create 01000100 levels=1 hr=8876017C
363 pid=FFFD4901 hwtex create 01000100 levels=1 hr=8876017C
364 pid=FFFD4901 hwtex create 01000100 levels=1 hr=8876017C
365 pid=FFFD4901 hwtex create 01000100 levels=1 hr=8876017C
366 pid=FFFD4901 hwtex create 01000100 levels=1 hr=8876017C
367 pid=FFFD4901 hwtex create 01000100 levels=1 hr=8876017C
368 pid=FFFD4901 hwtex create 01000100 levels=1 hr=8876017C
369 pid=FFFD4901 hwtex create 01000100 levels=1 hr=8876017C
370 pid=FFFD4901 hwtex create 01000100 levels=1 hr=8876017C
371 pid=FFFD4901 DrvReleaseContext context=1 -> 1
372 pid=FFFD4901 paths batches/triangles untextured=394/1640 hw=80004/2890075 cpu=0/0 cpu-nonsquare=0/0 hw-refused=7795/406037
373 pid=FFFD4901 counters hwtex live=0 creates=331 create-failed=137 evictions=137 uploads=960 upload-kb=29692 squared=0 alpha-dropped=242 stubs=0 failed r4=7795 r7=0 r8=0 other=0
374 pid=FFFD4901 DrvDeleteContext context=1 -> 1
375 pid=FFFD4901 detach slots-called=0 stub-calls=0
1 pid=FFFD4901 attach instance=01CF0000 tls=14 build-marker=1
2 pid=FFFD4901 DrvValidateVersion version=1
3 pid=FFFD4901 DrvSetCallbackProcs count=3 procs=78B23978
4 pid=FFFD4901 describe result=0 engine=5 formats=00000002
5 pid=FFFD4901 DrvDescribePixelFormat index=1 bytes=0 -> count=1
6 pid=FFFD4901 DrvDescribePixelFormat index=1 bytes=40 -> count=1
7 pid=FFFD4901 DrvDescribePixelFormat index=1 bytes=0 -> count=1
8 pid=FFFD4901 DrvDescribePixelFormat index=1 bytes=0 -> count=1
9 pid=FFFD4901 DrvDescribePixelFormat index=1 bytes=0 -> count=1
10 pid=FFFD4901 DrvDescribePixelFormat index=1 bytes=0 -> count=1
11 pid=FFFD4901 DrvDescribePixelFormat index=1 bytes=0 -> count=1
12 pid=FFFD4901 DrvDescribePixelFormat index=1 bytes=0 -> count=1
13 pid=FFFD4901 DrvDescribePixelFormat index=1 bytes=0 -> count=1
14 pid=FFFD4901 DrvDescribePixelFormat index=1 bytes=0 -> count=1
15 pid=FFFD4901 DrvDescribePixelFormat index=1 bytes=0 -> count=1
16 pid=FFFD4901 DrvDescribePixelFormat index=1 bytes=0 -> count=1
17 pid=FFFD4901 DrvDescribePixelFormat index=1 bytes=0 -> count=1
18 pid=FFFD4901 DrvDescribePixelFormat index=1 bytes=0 -> count=1
19 pid=FFFD4901 DrvDescribePixelFormat index=1 bytes=0 -> count=1
20 pid=FFFD4901 DrvDescribePixelFormat index=1 bytes=0 -> count=1
21 pid=FFFD4901 DrvDescribePixelFormat index=1 bytes=0 -> count=1
22 pid=FFFD4901 DrvDescribePixelFormat index=1 bytes=0 -> count=1
23 pid=FFFD4901 DrvDescribePixelFormat index=1 bytes=0 -> count=1
24 pid=FFFD4901 DrvDescribePixelFormat index=1 bytes=0 -> count=1
25 pid=FFFD4901 DrvDescribePixelFormat index=1 bytes=0 -> count=1
26 pid=FFFD4901 DrvDescribePixelFormat index=1 bytes=0 -> count=1
27 pid=FFFD4901 DrvDescribePixelFormat index=1 bytes=0 -> count=1
28 pid=FFFD4901 DrvDescribePixelFormat index=1 bytes=0 -> count=1
29 pid=FFFD4901 DrvDescribePixelFormat index=1 bytes=0 -> count=1
30 pid=FFFD4901 DrvDescribePixelFormat index=1 bytes=0 -> count=1
31 pid=FFFD4901 DrvDescribePixelFormat index=1 bytes=0 -> count=1
32 pid=FFFD4901 DrvSetPixelFormat hdc=00000782 index=1
33 pid=FFFD4901 DrvDescribePixelFormat index=1 bytes=0 -> count=1
34 pid=FFFD4901 DrvDescribePixelFormat index=1 bytes=40 -> count=1
35 pid=FFFD4901 DrvDescribePixelFormat index=1 bytes=0 -> count=1
36 pid=FFFD4901 DrvDescribePixelFormat index=1 bytes=40 -> count=1
37 pid=FFFD4901 DrvCreateLayerContext hdc=00000782 layer=0 -> 1
38 pid=FFFD4901 drawable window=000001CC 640x480
39 pid=FFFD4901 DrvSetContext hdc=00000782 context=1 -> 1
40 pid=FFFD4901 state tex=1156 size=01000100 tex=01010100 blend=00050601 depth=00040101 colour=FFFFFFFF mask=7 scissor=0,0,640,480 fog=0
41 pid=FFFD4901 time interval-ms=17330375 swaps=0 present-ms=0 draw-ms=2147483648 upload-ms=10
42 pid=FFFD4901 tsc frames=0 wall-ms=17330375 vertex-ms=1585603 flush-in-vertex-ms=0 flush-other-ms=1758156594 bind-ms=992026 iface-ms=848956053 beginend-ms=29574255 swap-ms=0 vertices=4 flushes=1 draws=1 sink-ms=10060683 sink-prep-ms=9681273 sinks=1
43 pid=FFFD4901 sink begin-ms=24372644 flush-ms=0 copy-ms=183158 prep-texture-ms=9593148 prep-state-ms=55911 prep-same-ms=25786
44 pid=FFFD4901 hwno hwtex-ms=883831853 iface-cpu-ms=0 not-cpu=0 square-side=0 too-big=0 format=0 no-object=0 no-record=0 table-full=0 unusable=0 backoff=0 make-failed=0 square-alloc=0 upload=0
45 pid=FFFD4901 prim transform-ms=195770 inside-ms=118731 window-ms=102102 assemble-ms=1051793 history-ms=38398 fast=0 clipped=2 culled=0
46 pid=FFFD4901 paths batches/triangles untextured=0/0 hw=1/3 cpu=0/0 cpu-nonsquare=0/0 hw-refused=0/0
47 pid=FFFD4901 counters hwtex live=1 creates=1 create-failed=0 evictions=0 uploads=1 upload-kb=128 squared=0 alpha-dropped=1 stubs=0 failed r4=0 r7=0 r8=0 other=0
48 pid=FFFD4901 state tex=1155 size=00800080 tex=01040101 blend=00050601 depth=00040101 colour=FFFFFFFF mask=7 scissor=0,0,640,480 fog=0
49 pid=FFFD4901 refused tex=1155 size=00800080 tex=02040101 blend=00050601 depth=00040101 colour=FFFFFFFF mask=7 scissor=0,0,640,480 fog=0
50 pid=FFFD4901 draw result=4 triangles=64 submitted=0
51 pid=FFFD4901   v0 sx=4414FFFF sy=43640000 sz=3F000000 rhw=3F800000 tu=3EC00000 tv=3F700000
52 pid=FFFD4901   v1 sx=4416FFFF sy=43640000 sz=3F000000 rhw=3F800000 tu=3EE00000 tv=3F700000
53 pid=FFFD4901   v2 sx=4416FFFF sy=436C0000 sz=3F000000 rhw=3F800000 tu=3EE00000 tv=3F800000
54 pid=FFFD4901 draw result=4 triangles=64 submitted=0
55 pid=FFFD4901   v0 sx=43180000 sy=43500000 sz=3F000000 rhw=3F800000 tu=3F500000 tv=3E000000
56 pid=FFFD4901   v1 sx=43200000 sy=43500000 sz=3F000000 rhw=3F800000 tu=3F600000 tv=3E000000
57 pid=FFFD4901   v2 sx=43200000 sy=43580000 sz=3F000000 rhw=3F800000 tu=3F600000 tv=3E400000
58 pid=FFFD4901 draw result=4 triangles=64 submitted=0
59 pid=FFFD4901   v0 sx=42F00000 sy=43480000 sz=3F000000 rhw=3F800000 tu=3E800000 tv=3EE00000
60 pid=FFFD4901   v1 sx=42FFFFFF sy=43480000 sz=3F000000 rhw=3F800000 tu=3EA00000 tv=3EE00000
61 pid=FFFD4901   v2 sx=42FFFFFF sy=43500000 sz=3F000000 rhw=3F800000 tu=3EA00000 tv=3F000000
62 pid=FFFD4901 draw result=4 triangles=64 submitted=0
63 pid=FFFD4901   v0 sx=42FFFFFF sy=43400000 sz=3F000000 rhw=3F800000 tu=3E800000 tv=3EC00000
64 pid=FFFD4901   v1 sx=43080000 sy=43400000 sz=3F000000 rhw=3F800000 tu=3EA00000 tv=3EC00000
65 pid=FFFD4901   v2 sx=43080000 sy=43480000 sz=3F000000 rhw=3F800000 tu=3EA00000 tv=3EE00000
66 pid=FFFD4901 draw result=4 triangles=64 submitted=0
67 pid=FFFD4901   v0 sx=427FFFFF sy=43380000 sz=3F000000 rhw=3F800000 tu=3F000000 tv=3EA00000
68 pid=FFFD4901   v1 sx=42900001 sy=43380000 sz=3F000000 rhw=3F800000 tu=3F100000 tv=3EA00000
69 pid=FFFD4901   v2 sx=42900001 sy=43400000 sz=3F000000 rhw=3F800000 tu=3F100000 tv=3EC00000
70 pid=FFFD4901 draw result=4 triangles=64 submitted=0
71 pid=FFFD4901   v0 sx=42400003 sy=43300000 sz=3F000000 rhw=3F800000 tu=3F400000 tv=3E800000
72 pid=FFFD4901   v1 sx=42600001 sy=43300000 sz=3F000000 rhw=3F800000 tu=3F500000 tv=3E800000
73 pid=FFFD4901   v2 sx=42600001 sy=43380000 sz=3F000000 rhw=3F800000 tu=3F500000 tv=3EA00000
74 pid=FFFD4901 state tex=1155 size=00000000 tex=00000000 blend=00050601 depth=00040100 colour=FF000000 mask=7 scissor=0,0,640,480 fog=0
75 pid=FFFD4901 state tex=1371 size=00800020 tex=01040101 blend=00050601 depth=00040101 colour=FFFFFFFF mask=7 scissor=0,0,640,480 fog=0
76 pid=FFFD4901 refused tex=1371 size=00800020 tex=02040101 blend=00050601 depth=00040101 colour=FFFFFFFF mask=7 scissor=0,0,640,480 fog=0
77 pid=FFFD4901 state tex=1155 size=00000000 tex=00000000 blend=01050601 depth=00040100 colour=CC000000 mask=7 scissor=0,0,640,480 fog=0
78 pid=FFFD4901 state tex=1372 size=00800020 tex=01040101 blend=00050601 depth=00040101 colour=FFFFFFFF mask=7 scissor=0,0,640,480 fog=0
79 pid=FFFD4901 refused tex=1372 size=00800020 tex=02040101 blend=00050601 depth=00040101 colour=FFFFFFFF mask=7 scissor=0,0,640,480 fog=0
80 pid=FFFD4901 state tex=1373 size=01000020 tex=01040101 blend=00050601 depth=00040101 colour=FFFFFFFF mask=7 scissor=0,0,640,480 fog=0
81 pid=FFFD4901 refused tex=1373 size=01000020 tex=02040101 blend=00050601 depth=00040101 colour=FFFFFFFF mask=7 scissor=0,0,640,480 fog=0
82 pid=FFFD4901 state tex=1374 size=01000020 tex=01040101 blend=00050601 depth=00040101 colour=FFFFFFFF mask=7 scissor=0,0,640,480 fog=0
83 pid=FFFD4901 refused tex=1374 size=01000020 tex=02040101 blend=00050601 depth=00040101 colour=FFFFFFFF mask=7 scissor=0,0,640,480 fog=0
84 pid=FFFD4901 state tex=1376 size=00800020 tex=01040101 blend=00050601 depth=00040101 colour=FFFFFFFF mask=7 scissor=0,0,640,480 fog=0
85 pid=FFFD4901 refused tex=1376 size=00800020 tex=02040101 blend=00050601 depth=00040101 colour=FFFFFFFF mask=7 scissor=0,0,640,480 fog=0
86 pid=FFFD4901 state tex=1377 size=00800020 tex=01040101 blend=00050601 depth=00040101 colour=FFFFFFFF mask=7 scissor=0,0,640,480 fog=0
87 pid=FFFD4901 refused tex=1377 size=00800020 tex=02040101 blend=00050601 depth=00040101 colour=FFFFFFFF mask=7 scissor=0,0,640,480 fog=0
88 pid=FFFD4901 state tex=1152 size=01000100 tex=01040101 blend=00050601 depth=00040101 colour=FFFFFFFF mask=7 scissor=0,0,640,480 fog=0
89 pid=FFFD4901 refused tex=1152 size=01000100 tex=02040101 blend=00050601 depth=00040101 colour=FFFFFFFF mask=7 scissor=0,0,640,480 fog=0
90 pid=FFFD4901 state tex=1379 size=00400100 tex=01040101 blend=00050601 depth=00040101 colour=FFFFFFFF mask=7 scissor=0,0,640,480 fog=0
91 pid=FFFD4901 refused tex=1379 size=00400100 tex=02040101 blend=00050601 depth=00040101 colour=FFFFFFFF mask=7 scissor=0,0,640,480 fog=0
92 pid=FFFD4901 state tex=1159 size=00400040 tex=01010101 blend=00050600 depth=01040102 colour=FFFFFFFF mask=7 scissor=0,0,640,480 fog=0
93 pid=FFFD4901 state tex=1163 size=00400040 tex=01010101 blend=00050600 depth=01040102 colour=FFFFFFFF mask=7 scissor=0,0,640,480 fog=0
94 pid=FFFD4901 state tex=1164 size=00100010 tex=01010101 blend=00050600 depth=01040102 colour=FFFFFFFF mask=7 scissor=0,0,640,480 fog=0
95 pid=FFFD4901 state tex=1169 size=00100010 tex=01010101 blend=00050600 depth=01040102 colour=FFFFFFFF mask=7 scissor=0,0,640,480 fog=0
96 pid=FFFD4901 state tex=1181 size=00400040 tex=01010101 blend=00050600 depth=01040102 colour=FFFFFFFF mask=7 scissor=0,0,640,480 fog=0
97 pid=FFFD4901 state tex=1185 size=00400040 tex=01010101 blend=00050600 depth=01040102 colour=FFFFFFFF mask=7 scissor=0,0,640,480 fog=0
98 pid=FFFD4901 state tex=1186 size=00400040 tex=01010101 blend=00050600 depth=01040102 colour=FFFFFFFF mask=7 scissor=0,0,640,480 fog=0
99 pid=FFFD4901 state tex=1189 size=00400040 tex=01010101 blend=00050600 depth=01040102 colour=FFFFFFFF mask=7 scissor=0,0,640,480 fog=0
100 pid=FFFD4901 state tex=1192 size=00400040 tex=01010101 blend=00050600 depth=01040102 colour=FFFFFFFF mask=7 scissor=0,0,640,480 fog=0
101 pid=FFFD4901 state tex=1207 size=00400040 tex=01010101 blend=00050600 depth=01040102 colour=FFFFFFFF mask=7 scissor=0,0,640,480 fog=0
102 pid=FFFD4901 state tex=1211 size=00800080 tex=01010101 blend=00050600 depth=01040102 colour=FFFFFFFF mask=7 scissor=0,0,640,480 fog=0
103 pid=FFFD4901 state tex=1215 size=00400040 tex=01010101 blend=00050600 depth=01040102 colour=FFFFFFFF mask=7 scissor=0,0,640,480 fog=0
104 pid=FFFD4901 state tex=1217 size=00400040 tex=01010101 blend=00050600 depth=01040102 colour=FFFFFFFF mask=7 scissor=0,0,640,480 fog=0
105 pid=FFFD4901 state tex=1226 size=00400040 tex=01010101 blend=00050600 depth=01040102 colour=FFFFFFFF mask=7 scissor=0,0,640,480 fog=0
106 pid=FFFD4901 state tex=1227 size=00400040 tex=01010101 blend=00050600 depth=01040102 colour=FFFFFFFF mask=7 scissor=0,0,640,480 fog=0
107 pid=FFFD4901 state tex=1267 size=00400020 tex=01010101 blend=00050600 depth=01040102 colour=FFFFFFFF mask=7 scissor=0,0,640,480 fog=0
108 pid=FFFD4901 state tex=1269 size=00400040 tex=01010101 blend=00050600 depth=01040102 colour=FFFFFFFF mask=7 scissor=0,0,640,480 fog=0
109 pid=FFFD4901 state tex=1270 size=00400040 tex=01010101 blend=00050600 depth=01040102 colour=FFFFFFFF mask=7 scissor=0,0,640,480 fog=0
110 pid=FFFD4901 state tex=1274 size=00200080 tex=01010101 blend=00050600 depth=01040102 colour=FFFFFFFF mask=7 scissor=0,0,640,480 fog=0
111 pid=FFFD4901 state tex=1279 size=00400040 tex=01010101 blend=00050600 depth=01040102 colour=FFFFFFFF mask=7 scissor=0,0,640,480 fog=0
112 pid=FFFD4901 state tex=1282 size=00400040 tex=01010101 blend=00050600 depth=01040102 colour=FFFFFFFF mask=7 scissor=0,0,640,480 fog=0
113 pid=FFFD4901 state tex=1283 size=00400040 tex=01010101 blend=00050600 depth=01040102 colour=FFFFFFFF mask=7 scissor=0,0,640,480 fog=0
114 pid=FFFD4901 state tex=1025 size=00800080 tex=01010101 blend=01010300 depth=01040001 colour=FFFFFFFF mask=7 scissor=0,0,640,480 fog=0
115 pid=FFFD4901 state tex=1026 size=00800080 tex=01010101 blend=01010300 depth=01040001 colour=FFFFFFFF mask=7 scissor=0,0,640,480 fog=0
116 pid=FFFD4901 state tex=1030 size=00800080 tex=01010101 blend=01010300 depth=01040001 colour=FFFFFFFF mask=7 scissor=0,0,640,480 fog=0
117 pid=FFFD4901 state tex=1387 size=01000080 tex=01040201 blend=00050600 depth=01040102 colour=FF79623E mask=7 scissor=0,0,640,480 fog=0
118 pid=FFFD4901 state tex=1392 size=01000080 tex=01040201 blend=00050600 depth=01040102 colour=FF5E523F mask=7 scissor=0,0,640,480 fog=0
119 pid=FFFD4901 state tex=1391 size=01000080 tex=01040201 blend=00050600 depth=01040102 colour=FFE8CA9B mask=7 scissor=0,0,640,480 fog=0
120 pid=FFFD4901 state tex=1395 size=00800020 tex=01010200 blend=00050600 depth=01040102 colour=FF897A67 mask=7 scissor=0,0,640,480 fog=0
121 pid=FFFD4901 state tex=1402 size=00400040 tex=01010200 blend=00050600 depth=01040102 colour=FFA18F72 mask=7 scissor=0,0,640,480 fog=0
122 pid=FFFD4901 state tex=1404 size=00800040 tex=01040201 blend=00050600 depth=01040102 colour=FFFFFFEF mask=7 scissor=0,0,640,480 fog=0
123 pid=FFFD4901 state tex=1407 size=00800040 tex=01040201 blend=00050600 depth=01040102 colour=FFA4916C mask=7 scissor=0,0,640,480 fog=0
124 pid=FFFD4901 state tex=1420 size=01000080 tex=01040201 blend=00050600 depth=01040102 colour=FFC8B291 mask=7 scissor=0,0,640,480 fog=0
125 pid=FFFD4901 state tex=1156 size=01000100 tex=01010100 blend=00050601 depth=00040001 colour=FFFFFFFF mask=7 scissor=0,0,640,480 fog=0
126 pid=FFFD4901 state tex=1155 size=00800080 tex=01040101 blend=00050601 depth=00040001 colour=FFFFFFFF mask=7 scissor=0,0,640,480 fog=0
127 pid=FFFD4901 refused tex=1155 size=00800080 tex=02040101 blend=00050601 depth=00040001 colour=FFFFFFFF mask=7 scissor=0,0,640,480 fog=0
128 pid=FFFD4901 time interval-ms=10008 swaps=133 present-ms=680 draw-ms=3169 upload-ms=137
129 pid=FFFD4901 tsc frames=133 wall-ms=10007 vertex-ms=540 flush-in-vertex-ms=0 flush-other-ms=3340 bind-ms=5 iface-ms=3169 beginend-ms=978 swap-ms=680 vertices=456036 flushes=4845 draws=9296 sink-ms=908 sink-prep-ms=169 sinks=113232
130 pid=FFFD4901 sink begin-ms=55 flush-ms=679 copy-ms=29 prep-texture-ms=76 prep-state-ms=41 prep-same-ms=42
131 pid=FFFD4901 hwno hwtex-ms=144 iface-cpu-ms=0 not-cpu=199 square-side=0 too-big=0 format=0 no-object=0 no-record=0 table-full=0 unusable=0 backoff=0 make-failed=0 square-alloc=0 upload=0
132 pid=FFFD4901 prim transform-ms=91 inside-ms=75 window-ms=125 assemble-ms=134 history-ms=34 fast=226441 clipped=984 culled=1305
133 pid=FFFD4901 paths batches/triangles untextured=199/398 hw=196/2687 cpu=0/0 cpu-nonsquare=0/0 hw-refused=4451/224160
134 pid=FFFD4901 counters hwtex live=43 creates=43 create-failed=0 evictions=0 uploads=46 upload-kb=1493 squared=0 alpha-dropped=333 stubs=0 failed r4=4451 r7=0 r8=0 other=0
135 pid=FFFD4901 time interval-ms=10014 swaps=213 present-ms=1085 draw-ms=5836 upload-ms=0
136 pid=FFFD4901 tsc frames=213 wall-ms=10013 vertex-ms=1282 flush-in-vertex-ms=0 flush-other-ms=5870 bind-ms=9 iface-ms=5836 beginend-ms=855 swap-ms=1085 vertices=1093968 flushes=8946 draws=17679 sink-ms=686 sink-prep-ms=408 sinks=273492
137 pid=FFFD4901 sink begin-ms=134 flush-ms=135 copy-ms=70 prep-texture-ms=183 prep-state-ms=99 prep-same-ms=104
138 pid=FFFD4901 hwno hwtex-ms=4 iface-cpu-ms=0 not-cpu=0 square-side=0 too-big=0 format=0 no-object=0 no-record=0 table-full=0 unusable=0 backoff=0 make-failed=0 square-alloc=0 upload=0
139 pid=FFFD4901 prim transform-ms=219 inside-ms=181 window-ms=296 assemble-ms=313 history-ms=83 fast=546984 clipped=0 culled=0
140 pid=FFFD4901 paths batches/triangles untextured=199/398 hw=409/3113 cpu=0/0 cpu-nonsquare=0/0 hw-refused=13184/770718
141 pid=FFFD4901 counters hwtex live=43 creates=43 create-failed=0 evictions=0 uploads=46 upload-kb=1493 squared=0 alpha-dropped=546 stubs=0 failed r4=13184 r7=0 r8=0 other=0
142 pid=FFFD4901 time interval-ms=10014 swaps=213 present-ms=1084 draw-ms=5838 upload-ms=0
143 pid=FFFD4901 tsc frames=213 wall-ms=10013 vertex-ms=1283 flush-in-vertex-ms=0 flush-other-ms=5872 bind-ms=9 iface-ms=5838 beginend-ms=856 swap-ms=1084 vertices=1093968 flushes=8946 draws=17679 sink-ms=686 sink-prep-ms=408 sinks=273492
144 pid=FFFD4901 sink begin-ms=133 flush-ms=135 copy-ms=70 prep-texture-ms=182 prep-state-ms=99 prep-same-ms=104
145 pid=FFFD4901 hwno hwtex-ms=4 iface-cpu-ms=0 not-cpu=0 square-side=0 too-big=0 format=0 no-object=0 no-record=0 table-full=0 unusable=0 backoff=0 make-failed=0 square-alloc=0 upload=0
146 pid=FFFD4901 prim transform-ms=219 inside-ms=182 window-ms=297 assemble-ms=314 history-ms=83 fast=546984 clipped=0 culled=0
147 pid=FFFD4901 paths batches/triangles untextured=199/398 hw=622/3539 cpu=0/0 cpu-nonsquare=0/0 hw-refused=21917/1317276
148 pid=FFFD4901 counters hwtex live=43 creates=43 create-failed=0 evictions=0 uploads=46 upload-kb=1493 squared=0 alpha-dropped=759 stubs=0 failed r4=21917 r7=0 r8=0 other=0
149 pid=FFFD4901 time interval-ms=10014 swaps=209 present-ms=1064 draw-ms=5727 upload-ms=0
150 pid=FFFD4901 tsc frames=209 wall-ms=10013 vertex-ms=1261 flush-in-vertex-ms=0 flush-other-ms=5759 bind-ms=8 iface-ms=5727 beginend-ms=838 swap-ms=1064 vertices=1073424 flushes=8778 draws=17347 sink-ms=673 sink-prep-ms=400 sinks=268356
151 pid=FFFD4901 sink begin-ms=130 flush-ms=132 copy-ms=69 prep-texture-ms=178 prep-state-ms=97 prep-same-ms=102
152 pid=FFFD4901 hwno hwtex-ms=4 iface-cpu-ms=0 not-cpu=0 square-side=0 too-big=0 format=0 no-object=0 no-record=0 table-full=0 unusable=0 backoff=0 make-failed=0 square-alloc=0 upload=0
153 pid=FFFD4901 prim transform-ms=215 inside-ms=178 window-ms=293 assemble-ms=307 history-ms=82 fast=536712 clipped=0 culled=0
154 pid=FFFD4901 paths batches/triangles untextured=199/398 hw=831/3957 cpu=0/0 cpu-nonsquare=0/0 hw-refused=30486/1853570
155 pid=FFFD4901 counters hwtex live=43 creates=43 create-failed=0 evictions=0 uploads=46 upload-kb=1493 squared=0 alpha-dropped=968 stubs=0 failed r4=30486 r7=0 r8=0 other=0
156 pid=FFFD4901 time interval-ms=10016 swaps=213 present-ms=1085 draw-ms=5838 upload-ms=0
157 pid=FFFD4901 tsc frames=213 wall-ms=10015 vertex-ms=1282 flush-in-vertex-ms=0 flush-other-ms=5871 bind-ms=9 iface-ms=5838 beginend-ms=854 swap-ms=1085 vertices=1093968 flushes=8946 draws=17679 sink-ms=686 sink-prep-ms=408 sinks=273492
158 pid=FFFD4901 sink begin-ms=133 flush-ms=135 copy-ms=70 prep-texture-ms=182 prep-state-ms=99 prep-same-ms=104
159 pid=FFFD4901 hwno hwtex-ms=4 iface-cpu-ms=0 not-cpu=0 square-side=0 too-big=0 format=0 no-object=0 no-record=0 table-full=0 unusable=0 backoff=0 make-failed=0 square-alloc=0 upload=0
160 pid=FFFD4901 prim transform-ms=219 inside-ms=181 window-ms=296 assemble-ms=313 history-ms=83 fast=546984 clipped=0 culled=0
161 pid=FFFD4901 paths batches/triangles untextured=199/398 hw=1044/4383 cpu=0/0 cpu-nonsquare=0/0 hw-refused=39219/2400128
162 pid=FFFD4901 counters hwtex live=43 creates=43 create-failed=0 evictions=0 uploads=46 upload-kb=1493 squared=0 alpha-dropped=1181 stubs=0 failed r4=39219 r7=0 r8=0 other=0
163 pid=FFFD4901 state tex=1155 size=00000000 tex=00000000 blend=00050601 depth=00040000 colour=FF000000 mask=7 scissor=0,0,640,480 fog=0
164 pid=FFFD4901 time interval-ms=10003 swaps=188 present-ms=958 draw-ms=6097 upload-ms=24
165 pid=FFFD4901 tsc frames=188 wall-ms=10002 vertex-ms=872 flush-in-vertex-ms=0 flush-other-ms=6146 bind-ms=6 iface-ms=6097 beginend-ms=1964 swap-ms=958 vertices=721349 flushes=6175 draws=11178 sink-ms=1856 sink-prep-ms=254 sinks=167808
166 pid=FFFD4901 sink begin-ms=85 flush-ms=1513 copy-ms=44 prep-texture-ms=115 prep-state-ms=61 prep-same-ms=64
167 pid=FFFD4901 hwno hwtex-ms=28 iface-cpu-ms=0 not-cpu=109 square-side=0 too-big=0 format=0 no-object=0 no-record=0 table-full=0 unusable=0 backoff=0 make-failed=0 square-alloc=0 upload=0
168 pid=FFFD4901 prim transform-ms=144 inside-ms=119 window-ms=197 assemble-ms=232 history-ms=54 fast=338987 clipped=15568 culled=17206
169 pid=FFFD4901 paths batches/triangles untextured=308/616 hw=2107/39811 cpu=0/0 cpu-nonsquare=0/0 hw-refused=44222/2710546
170 pid=FFFD4901 counters hwtex live=52 creates=52 create-failed=0 evictions=0 uploads=55 upload-kb=1761 squared=0 alpha-dropped=1466 stubs=0 failed r4=44222 r7=0 r8=0 other=0
171 pid=FFFD4901 refused tex=1153 size=00080008 tex=02040202 blend=01050600 depth=01040002 colour=DC1B0000 mask=7 scissor=0,0,640,480 fog=0
172 pid=FFFD4901 time interval-ms=10006 swaps=34 present-ms=175 draw-ms=8117 upload-ms=62
173 pid=FFFD4901 tsc frames=34 wall-ms=10005 vertex-ms=407 flush-in-vertex-ms=13 flush-other-ms=8178 bind-ms=3 iface-ms=8117 beginend-ms=3974 swap-ms=175 vertices=279145 flushes=2794 draws=3214 sink-ms=3959 sink-prep-ms=58 sinks=33115
174 pid=FFFD4901 sink begin-ms=24 flush-ms=3878 copy-ms=12 prep-texture-ms=30 prep-state-ms=12 prep-same-ms=12
175 pid=FFFD4901 hwno hwtex-ms=64 iface-cpu-ms=0 not-cpu=28 square-side=0 too-big=0 format=0 no-object=0 no-record=0 table-full=0 unusable=0 backoff=0 make-failed=0 square-alloc=0 upload=0
176 pid=FFFD4901 prim transform-ms=56 inside-ms=44 window-ms=84 assemble-ms=154 history-ms=19 fast=81700 clipped=34613 culled=45142
177 pid=FFFD4901 paths batches/triangles untextured=336/672 hw=4453/127109 cpu=0/0 cpu-nonsquare=0/0 hw-refused=44642/2724087
178 pid=FFFD4901 counters hwtex live=55 creates=55 create-failed=0 evictions=0 uploads=64 upload-kb=2486 squared=0 alpha-dropped=1494 stubs=0 failed r4=44642 r7=0 r8=0 other=0
179 pid=FFFD4901 time interval-ms=10007 swaps=34 present-ms=173 draw-ms=8262 upload-ms=0
180 pid=FFFD4901 tsc frames=34 wall-ms=10006 vertex-ms=420 flush-in-vertex-ms=1 flush-other-ms=8272 bind-ms=3 iface-ms=8262 beginend-ms=4047 swap-ms=173 vertices=301700 flushes=2973 draws=3585 sink-ms=4015 sink-prep-ms=71 sinks=42123
181 pid=FFFD4901 sink begin-ms=28 flush-ms=3917 copy-ms=14 prep-texture-ms=36 prep-state-ms=16 prep-same-ms=15
182 pid=FFFD4901 hwno hwtex-ms=2 iface-cpu-ms=0 not-cpu=68 square-side=0 too-big=0 format=0 no-object=0 no-record=0 table-full=0 unusable=0 backoff=0 make-failed=0 square-alloc=0 upload=0
183 pid=FFFD4901 prim transform-ms=61 inside-ms=48 window-ms=89 assemble-ms=147 history-ms=21 fast=96760 clipped=32325 culled=43525
184 pid=FFFD4901 paths batches/triangles untextured=404/808 hw=6746/210842 cpu=0/0 cpu-nonsquare=0/0 hw-refused=45254/2756047
185 pid=FFFD4901 counters hwtex live=55 creates=55 create-failed=0 evictions=0 uploads=64 upload-kb=2486 squared=0 alpha-dropped=1562 stubs=0 failed r4=45254 r7=0 r8=0 other=0
186 pid=FFFD4901 time interval-ms=10001 swaps=34 present-ms=174 draw-ms=8253 upload-ms=0
187 pid=FFFD4901 tsc frames=34 wall-ms=10000 vertex-ms=419 flush-in-vertex-ms=1 flush-other-ms=8265 bind-ms=5 iface-ms=8253 beginend-ms=4112 swap-ms=174 vertices=302014 flushes=2969 draws=3581 sink-ms=4080 sink-prep-ms=71 sinks=42207
188 pid=FFFD4901 sink begin-ms=28 flush-ms=3981 copy-ms=15 prep-texture-ms=36 prep-state-ms=15 prep-same-ms=15
189 pid=FFFD4901 hwno hwtex-ms=2 iface-cpu-ms=0 not-cpu=68 square-side=0 too-big=0 format=0 no-object=0 no-record=0 table-full=0 unusable=0 backoff=0 make-failed=0 square-alloc=0 upload=0
190 pid=FFFD4901 prim transform-ms=61 inside-ms=48 window-ms=90 assemble-ms=146 history-ms=21 fast=96957 clipped=32231 culled=43594
191 pid=FFFD4901 paths batches/triangles untextured=472/944 hw=9035/294755 cpu=0/0 cpu-nonsquare=0/0 hw-refused=45866/2788007
192 pid=FFFD4901 counters hwtex live=55 creates=55 create-failed=0 evictions=0 uploads=64 upload-kb=2486 squared=0 alpha-dropped=1630 stubs=0 failed r4=45866 r7=0 r8=0 other=0
193 pid=FFFD4901 time interval-ms=10000 swaps=34 present-ms=172 draw-ms=8243 upload-ms=0
194 pid=FFFD4901 tsc frames=34 wall-ms=9999 vertex-ms=425 flush-in-vertex-ms=1 flush-other-ms=8257 bind-ms=7 iface-ms=8243 beginend-ms=4095 swap-ms=172 vertices=306196 flushes=3002 draws=3625 sink-ms=4062 sink-prep-ms=72 sinks=42700
195 pid=FFFD4901 sink begin-ms=29 flush-ms=3962 copy-ms=15 prep-texture-ms=37 prep-state-ms=16 prep-same-ms=15
196 pid=FFFD4901 hwno hwtex-ms=2 iface-cpu-ms=0 not-cpu=69 square-side=0 too-big=0 format=0 no-object=0 no-record=0 table-full=0 unusable=0 backoff=0 make-failed=0 square-alloc=0 upload=0
197 pid=FFFD4901 prim transform-ms=62 inside-ms=49 window-ms=92 assemble-ms=147 history-ms=21 fast=98359 clipped=32067 culled=44716
198 pid=FFFD4901 paths batches/triangles untextured=541/1082 hw=11345/379417 cpu=0/0 cpu-nonsquare=0/0 hw-refused=46489/2820525
199 pid=FFFD4901 counters hwtex live=55 creates=55 create-failed=0 evictions=0 uploads=64 upload-kb=2486 squared=0 alpha-dropped=1699 stubs=0 failed r4=46489 r7=0 r8=0 other=0
200 pid=FFFD4901 DrvReleaseContext context=1 -> 1
201 pid=FFFD4901 paths batches/triangles untextured=552/1104 hw=11680/391677 cpu=0/0 cpu-nonsquare=0/0 hw-refused=46586/2825607
202 pid=FFFD4901 counters hwtex live=0 creates=55 create-failed=0 evictions=0 uploads=64 upload-kb=2486 squared=0 alpha-dropped=1710 stubs=0 failed r4=46586 r7=0 r8=0 other=87
203 pid=FFFD4901 DrvDeleteContext context=1 -> 1
204 pid=FFFD4901 detach slots-called=0 stub-calls=0
1 pid=FFFEB523 attach instance=01CF0000 tls=11 build-marker=1
2 pid=FFFEB523 DrvValidateVersion version=1
3 pid=FFFEB523 DrvSetCallbackProcs count=3 procs=78B23978
4 pid=FFFEB523 describe result=0 engine=5 formats=00000002
5 pid=FFFEB523 DrvDescribePixelFormat index=1 bytes=0 -> count=1
6 pid=FFFEB523 DrvDescribePixelFormat index=1 bytes=40 -> count=1
7 pid=FFFEB523 DrvDescribePixelFormat index=1 bytes=0 -> count=1
8 pid=FFFEB523 DrvDescribePixelFormat index=1 bytes=0 -> count=1
9 pid=FFFEB523 DrvDescribePixelFormat index=1 bytes=0 -> count=1
10 pid=FFFEB523 DrvDescribePixelFormat index=1 bytes=0 -> count=1
11 pid=FFFEB523 DrvDescribePixelFormat index=1 bytes=0 -> count=1
12 pid=FFFEB523 DrvDescribePixelFormat index=1 bytes=0 -> count=1
13 pid=FFFEB523 DrvDescribePixelFormat index=1 bytes=0 -> count=1
14 pid=FFFEB523 DrvDescribePixelFormat index=1 bytes=0 -> count=1
15 pid=FFFEB523 DrvDescribePixelFormat index=1 bytes=0 -> count=1
16 pid=FFFEB523 DrvDescribePixelFormat index=1 bytes=0 -> count=1
17 pid=FFFEB523 DrvDescribePixelFormat index=1 bytes=0 -> count=1
18 pid=FFFEB523 DrvDescribePixelFormat index=1 bytes=0 -> count=1
19 pid=FFFEB523 DrvDescribePixelFormat index=1 bytes=0 -> count=1
20 pid=FFFEB523 DrvDescribePixelFormat index=1 bytes=0 -> count=1
21 pid=FFFEB523 DrvDescribePixelFormat index=1 bytes=0 -> count=1
22 pid=FFFEB523 DrvDescribePixelFormat index=1 bytes=0 -> count=1
23 pid=FFFEB523 DrvDescribePixelFormat index=1 bytes=0 -> count=1
24 pid=FFFEB523 DrvDescribePixelFormat index=1 bytes=0 -> count=1
25 pid=FFFEB523 DrvDescribePixelFormat index=1 bytes=0 -> count=1
26 pid=FFFEB523 DrvDescribePixelFormat index=1 bytes=0 -> count=1
27 pid=FFFEB523 DrvDescribePixelFormat index=1 bytes=0 -> count=1
28 pid=FFFEB523 DrvDescribePixelFormat index=1 bytes=0 -> count=1
29 pid=FFFEB523 DrvDescribePixelFormat index=1 bytes=0 -> count=1
30 pid=FFFEB523 DrvDescribePixelFormat index=1 bytes=0 -> count=1
31 pid=FFFEB523 DrvDescribePixelFormat index=1 bytes=0 -> count=1
32 pid=FFFEB523 DrvSetPixelFormat hdc=0000077A index=1
33 pid=FFFEB523 DrvDescribePixelFormat index=1 bytes=0 -> count=1
34 pid=FFFEB523 DrvDescribePixelFormat index=1 bytes=40 -> count=1
35 pid=FFFEB523 DrvDescribePixelFormat index=1 bytes=0 -> count=1
36 pid=FFFEB523 DrvDescribePixelFormat index=1 bytes=40 -> count=1
37 pid=FFFEB523 DrvCreateLayerContext hdc=0000077A layer=0 -> 1
38 pid=FFFEB523 drawable window=00000228 640x480
39 pid=FFFEB523 DrvSetContext hdc=0000077A context=1 -> 1
40 pid=FFFEB523 state tex=1158 size=00400040 tex=01010101 blend=00050600 depth=01040102 colour=FFFFFFFF mask=7 scissor=0,0,640,480 fog=0
41 pid=FFFEB523 time interval-ms=494406 swaps=0 present-ms=0 draw-ms=233851808 upload-ms=0
42 pid=FFFEB523 tsc frames=0 wall-ms=494406 vertex-ms=89152 flush-in-vertex-ms=0 flush-other-ms=6992807 bind-ms=41656 iface-ms=2168854 beginend-ms=49937420 swap-ms=0 vertices=18 flushes=1 draws=1 sink-ms=49618516 sink-prep-ms=49596960 sinks=4
43 pid=FFFEB523 sink begin-ms=29155230 flush-ms=0 copy-ms=11787 prep-texture-ms=49583948 prep-state-ms=7096 prep-same-ms=4918
44 pid=FFFEB523 hwno hwtex-ms=3861469 iface-cpu-ms=0 not-cpu=0 square-side=0 too-big=0 format=0 no-object=0 no-record=0 table-full=0 unusable=0 backoff=0 make-failed=0 square-alloc=0 upload=0
45 pid=FFFEB523 prim transform-ms=16116 inside-ms=12892 window-ms=19741 assemble-ms=23181 history-ms=4757 fast=10 clipped=0 culled=0
46 pid=FFFEB523 paths batches/triangles untextured=0/0 hw=1/10 cpu=0/0 cpu-nonsquare=0/0 hw-refused=0/0
47 pid=FFFEB523 counters hwtex live=1 creates=1 create-failed=0 evictions=0 uploads=1 upload-kb=10 squared=0 alpha-dropped=0 stubs=0 failed r4=0 r7=0 r8=0 other=0
48 pid=FFFEB523 state tex=1162 size=00400040 tex=01010101 blend=00050600 depth=01040102 colour=FFFFFFFF mask=7 scissor=0,0,640,480 fog=0
49 pid=FFFEB523 state tex=1163 size=00100010 tex=01010101 blend=00050600 depth=01040102 colour=FFFFFFFF mask=7 scissor=0,0,640,480 fog=0
50 pid=FFFEB523 state tex=1168 size=00100010 tex=01010101 blend=00050600 depth=01040102 colour=FFFFFFFF mask=7 scissor=0,0,640,480 fog=0
51 pid=FFFEB523 state tex=1172 size=00400040 tex=01010101 blend=00050600 depth=01040102 colour=FFFFFFFF mask=7 scissor=0,0,640,480 fog=0
52 pid=FFFEB523 state tex=1180 size=00400040 tex=01010101 blend=00050600 depth=01040102 colour=FFFFFFFF mask=7 scissor=0,0,640,480 fog=0
53 pid=FFFEB523 state tex=1184 size=00400040 tex=01010101 blend=00050600 depth=01040102 colour=FFFFFFFF mask=7 scissor=0,0,640,480 fog=0
54 pid=FFFEB523 state tex=1185 size=00400040 tex=01010101 blend=00050600 depth=01040102 colour=FFFFFFFF mask=7 scissor=0,0,640,480 fog=0
55 pid=FFFEB523 state tex=1188 size=00400040 tex=01010101 blend=00050600 depth=01040102 colour=FFFFFFFF mask=7 scissor=0,0,640,480 fog=0
56 pid=FFFEB523 state tex=1191 size=00400040 tex=01010101 blend=00050600 depth=01040102 colour=FFFFFFFF mask=7 scissor=0,0,640,480 fog=0
57 pid=FFFEB523 state tex=1206 size=00400040 tex=01010101 blend=00050600 depth=01040102 colour=FFFFFFFF mask=7 scissor=0,0,640,480 fog=0
58 pid=FFFEB523 state tex=1210 size=00800080 tex=01010101 blend=00050600 depth=01040102 colour=FFFFFFFF mask=7 scissor=0,0,640,480 fog=0
59 pid=FFFEB523 state tex=1214 size=00400040 tex=01010101 blend=00050600 depth=01040102 colour=FFFFFFFF mask=7 scissor=0,0,640,480 fog=0
60 pid=FFFEB523 state tex=1216 size=00400040 tex=01010101 blend=00050600 depth=01040102 colour=FFFFFFFF mask=7 scissor=0,0,640,480 fog=0
61 pid=FFFEB523 state tex=1218 size=00400040 tex=01010101 blend=00050600 depth=01040102 colour=FFFFFFFF mask=7 scissor=0,0,640,480 fog=0
62 pid=FFFEB523 state tex=1225 size=00400040 tex=01010101 blend=00050600 depth=01040102 colour=FFFFFFFF mask=7 scissor=0,0,640,480 fog=0
63 pid=FFFEB523 state tex=1226 size=00400040 tex=01010101 blend=00050600 depth=01040102 colour=FFFFFFFF mask=7 scissor=0,0,640,480 fog=0
64 pid=FFFEB523 state tex=1264 size=00400040 tex=01010101 blend=00050600 depth=01040102 colour=FFFFFFFF mask=7 scissor=0,0,640,480 fog=0
65 pid=FFFEB523 state tex=1269 size=00400040 tex=01010101 blend=00050600 depth=01040102 colour=FFFFFFFF mask=7 scissor=0,0,640,480 fog=0
66 pid=FFFEB523 state tex=1273 size=00200080 tex=01010101 blend=00050600 depth=01040102 colour=FFFFFFFF mask=7 scissor=0,0,640,480 fog=0
67 pid=FFFEB523 state tex=1278 size=00400040 tex=01010101 blend=00050600 depth=01040102 colour=FFFFFFFF mask=7 scissor=0,0,640,480 fog=0
68 pid=FFFEB523 state tex=1281 size=00400040 tex=01010101 blend=00050600 depth=01040102 colour=FFFFFFFF mask=7 scissor=0,0,640,480 fog=0
69 pid=FFFEB523 state tex=1282 size=00400040 tex=01010101 blend=00050600 depth=01040102 colour=FFFFFFFF mask=7 scissor=0,0,640,480 fog=0
70 pid=FFFEB523 state tex=1025 size=00800080 tex=01010101 blend=01010300 depth=01040001 colour=FFFFFFFF mask=7 scissor=0,0,640,480 fog=0
71 pid=FFFEB523 state tex=1026 size=00800080 tex=01010101 blend=01010300 depth=01040001 colour=FFFFFFFF mask=7 scissor=0,0,640,480 fog=0
72 pid=FFFEB523 state tex=1027 size=00800080 tex=01010101 blend=01010300 depth=01040001 colour=FFFFFFFF mask=7 scissor=0,0,640,480 fog=0
73 pid=FFFEB523 state tex=1030 size=00800080 tex=01010101 blend=01010300 depth=01040001 colour=FFFFFFFF mask=7 scissor=0,0,640,480 fog=0
74 pid=FFFEB523 state tex=1376 size=01000080 tex=01040201 blend=00050600 depth=01040102 colour=FF94774B mask=7 scissor=0,0,640,480 fog=0
75 pid=FFFEB523 state tex=1380 size=01000080 tex=01040201 blend=00050600 depth=01040102 colour=FF463827 mask=7 scissor=0,0,640,480 fog=0
76 pid=FFFEB523 state tex=1382 size=00800020 tex=01040201 blend=00050600 depth=01040102 colour=FF6F562E mask=7 scissor=0,0,640,480 fog=0
77 pid=FFFEB523 state tex=1384 size=00800020 tex=01010200 blend=00050600 depth=01040102 colour=FF4D4231 mask=7 scissor=0,0,640,480 fog=0
78 pid=FFFEB523 state tex=1389 size=01000080 tex=01040201 blend=00050600 depth=01040102 colour=FF5F5343 mask=7 scissor=0,0,640,480 fog=0
79 pid=FFFEB523 state tex=1390 size=00800040 tex=01040201 blend=00050600 depth=01040102 colour=FF7F6F57 mask=7 scissor=0,0,640,480 fog=0
80 pid=FFFEB523 state tex=1391 size=00400040 tex=01010200 blend=00050600 depth=01040102 colour=FF968569 mask=7 scissor=0,0,640,480 fog=0
81 pid=FFFEB523 state tex=1393 size=00800040 tex=01040201 blend=00050600 depth=01040102 colour=FFFFFFE8 mask=7 scissor=0,0,640,480 fog=0
82 pid=FFFEB523 state tex=1396 size=00800040 tex=01040201 blend=00050600 depth=01040102 colour=FF9C8964 mask=7 scissor=0,0,640,480 fog=0
83 pid=FFFEB523 state tex=1401 size=01000080 tex=01040201 blend=00050600 depth=01040102 colour=FFFFFFED mask=7 scissor=0,0,640,480 fog=0
84 pid=FFFEB523 state tex=1409 size=01000080 tex=01040201 blend=00050600 depth=01040102 colour=FF4D4137 mask=7 scissor=0,0,640,480 fog=0
85 pid=FFFEB523 state tex=1152 size=01000100 tex=01040101 blend=00050601 depth=00040101 colour=FFFFFFFF mask=7 scissor=0,0,640,480 fog=0
86 pid=FFFEB523 refused tex=1152 size=01000100 tex=02040101 blend=00050601 depth=00040101 colour=FFFFFFFF mask=7 scissor=0,0,640,480 fog=0
87 pid=FFFEB523 draw result=4 triangles=18 submitted=0
88 pid=FFFEB523   v0 sx=439E0000 sy=436C0000 sz=3F000000 rhw=3F800000 tu=3F70028F tv=3823D70A
89 pid=FFFEB523   v1 sx=43A20000 sy=436C0000 sz=3F000000 rhw=3F800000 tu=3F77FD71 tv=3823D70A
90 pid=FFFEB523   v2 sx=43A20000 sy=43740002 sz=3F000000 rhw=3F800000 tu=3F77FD71 tv=3CFFAE14
91 pid=FFFEB523 draw result=4 triangles=18 submitted=0
92 pid=FFFEB523   v0 sx=439E0000 sy=436C0000 sz=3F000000 rhw=3F800000 tu=3F70028F tv=3823D70A
93 pid=FFFEB523   v1 sx=43A20000 sy=436C0000 sz=3F000000 rhw=3F800000 tu=3F77FD71 tv=3823D70A
94 pid=FFFEB523   v2 sx=43A20000 sy=43740002 sz=3F000000 rhw=3F800000 tu=3F77FD71 tv=3CFFAE14
95 pid=FFFEB523 draw result=4 triangles=18 submitted=0
96 pid=FFFEB523   v0 sx=439E0000 sy=436C0000 sz=3F000000 rhw=3F800000 tu=3F70028F tv=3823D70A
97 pid=FFFEB523   v1 sx=43A20000 sy=436C0000 sz=3F000000 rhw=3F800000 tu=3F77FD71 tv=3823D70A
98 pid=FFFEB523   v2 sx=43A20000 sy=43740002 sz=3F000000 rhw=3F800000 tu=3F77FD71 tv=3CFFAE14
99 pid=FFFEB523 draw result=4 triangles=18 submitted=0
100 pid=FFFEB523   v0 sx=439E0000 sy=436C0000 sz=3F000000 rhw=3F800000 tu=3F70028F tv=3823D70A
101 pid=FFFEB523   v1 sx=43A20000 sy=436C0000 sz=3F000000 rhw=3F800000 tu=3F77FD71 tv=3823D70A
102 pid=FFFEB523   v2 sx=43A20000 sy=43740002 sz=3F000000 rhw=3F800000 tu=3F77FD71 tv=3CFFAE14
103 pid=FFFEB523 draw result=4 triangles=18 submitted=0
104 pid=FFFEB523   v0 sx=439E0000 sy=436C0000 sz=3F000000 rhw=3F800000 tu=3F70028F tv=3823D70A
105 pid=FFFEB523   v1 sx=43A20000 sy=436C0000 sz=3F000000 rhw=3F800000 tu=3F77FD71 tv=3823D70A
106 pid=FFFEB523   v2 sx=43A20000 sy=43740002 sz=3F000000 rhw=3F800000 tu=3F77FD71 tv=3CFFAE14
107 pid=FFFEB523 draw result=4 triangles=18 submitted=0
108 pid=FFFEB523   v0 sx=439E0000 sy=436C0000 sz=3F000000 rhw=3F800000 tu=3F70028F tv=3823D70A
109 pid=FFFEB523   v1 sx=43A20000 sy=436C0000 sz=3F000000 rhw=3F800000 tu=3F77FD71 tv=3823D70A
110 pid=FFFEB523   v2 sx=43A20000 sy=43740002 sz=3F000000 rhw=3F800000 tu=3F77FD71 tv=3CFFAE14
111 pid=FFFEB523 state tex=1267 size=00400020 tex=01010101 blend=00050600 depth=01040102 colour=FFFFFFFF mask=7 scissor=0,0,640,480 fog=0
112 pid=FFFEB523 state tex=1268 size=00400040 tex=01010101 blend=00050600 depth=01040102 colour=FFFFFFFF mask=7 scissor=0,0,640,480 fog=0
113 pid=FFFEB523 state tex=1266 size=00400020 tex=01010101 blend=00050600 depth=01040102 colour=FFFFFFFF mask=7 scissor=0,0,640,480 fog=0
114 pid=FFFEB523 state tex=1024 size=00800080 tex=01010101 blend=01010300 depth=01040001 colour=FFFFFFFF mask=7 scissor=0,0,640,480 fog=0
115 pid=FFFEB523 state tex=1381 size=01000080 tex=01040201 blend=00050600 depth=01040102 colour=FF9C8D54 mask=7 scissor=0,0,640,480 fog=0
116 pid=FFFEB523 state tex=1342 size=00800040 tex=01010200 blend=01050600 depth=01040002 colour=AA6D6153 mask=7 scissor=0,0,640,480 fog=0
117 pid=FFFEB523 state tex=1153 size=00080008 tex=01040202 blend=01050600 depth=01040002 colour=FF730700 mask=7 scissor=0,0,640,480 fog=0
118 pid=FFFEB523 refused tex=1153 size=00080008 tex=02040202 blend=01050600 depth=01040002 colour=D4730700 mask=7 scissor=0,0,640,480 fog=0
119 pid=FFFEB523 time interval-ms=10001 swaps=34 present-ms=173 draw-ms=8069 upload-ms=116
120 pid=FFFEB523 tsc frames=34 wall-ms=10001 vertex-ms=433 flush-in-vertex-ms=17 flush-other-ms=8197 bind-ms=4 iface-ms=8069 beginend-ms=4468 swap-ms=174 vertices=291559 flushes=2640 draws=2767 sink-ms=4454 sink-prep-ms=60 sinks=34175
121 pid=FFFEB523 sink begin-ms=26 flush-ms=4372 copy-ms=13 prep-texture-ms=32 prep-state-ms=13 prep-same-ms=13
122 pid=FFFEB523 hwno hwtex-ms=124 iface-cpu-ms=0 not-cpu=0 square-side=0 too-big=0 format=0 no-object=0 no-record=0 table-full=0 unusable=0 backoff=0 make-failed=0 square-alloc=0 upload=0
123 pid=FFFEB523 prim transform-ms=58 inside-ms=46 window-ms=87 assemble-ms=173 history-ms=20 fast=83142 clipped=41187 culled=48478
124 pid=FFFEB523 paths batches/triangles untextured=0/0 hw=2514/96041 cpu=0/0 cpu-nonsquare=0/0 hw-refused=127/6196
125 pid=FFFEB523 counters hwtex live=46 creates=46 create-failed=0 evictions=0 uploads=51 upload-kb=1334 squared=0 alpha-dropped=0 stubs=0 failed r4=127 r7=0 r8=0 other=0
126 pid=FFFEB523 state tex=1153 size=00000000 tex=00000000 blend=01050600 depth=00040100 colour=33FF0000 mask=7 scissor=0,0,640,480 fog=0
127 pid=FFFEB523 state tex=1361 size=01000080 tex=01040201 blend=00050600 depth=01040102 colour=FFA99362 mask=7 scissor=0,0,640,480 fog=0
128 pid=FFFEB523 time interval-ms=10002 swaps=36 present-ms=184 draw-ms=8061 upload-ms=57
129 pid=FFFEB523 tsc frames=36 wall-ms=10002 vertex-ms=478 flush-in-vertex-ms=16 flush-other-ms=8119 bind-ms=7 iface-ms=8061 beginend-ms=4648 swap-ms=185 vertices=337944 flushes=2863 draws=2995 sink-ms=4629 sink-prep-ms=65 sinks=37217
130 pid=FFFEB523 sink begin-ms=30 flush-ms=4540 copy-ms=14 prep-texture-ms=35 prep-state-ms=14 prep-same-ms=14
131 pid=FFFEB523 hwno hwtex-ms=61 iface-cpu-ms=0 not-cpu=19 square-side=0 too-big=0 format=0 no-object=0 no-record=0 table-full=0 unusable=0 backoff=0 make-failed=0 square-alloc=0 upload=0
132 pid=FFFEB523 prim transform-ms=68 inside-ms=52 window-ms=93 assemble-ms=185 history-ms=23 fast=90653 clipped=55076 culled=53571
133 pid=FFFEB523 paths batches/triangles untextured=19/95 hw=5226/200022 cpu=0/0 cpu-nonsquare=0/0 hw-refused=259/12233
134 pid=FFFEB523 counters hwtex live=50 creates=50 create-failed=0 evictions=0 uploads=72 upload-kb=1993 squared=0 alpha-dropped=0 stubs=0 failed r4=259 r7=0 r8=0 other=0
135 pid=FFFEB523 time interval-ms=10019 swaps=33 present-ms=170 draw-ms=8021 upload-ms=75
136 pid=FFFEB523 tsc frames=33 wall-ms=10019 vertex-ms=559 flush-in-vertex-ms=35 flush-other-ms=8096 bind-ms=5 iface-ms=8021 beginend-ms=5155 swap-ms=170 vertices=394430 flushes=3235 draws=3529 sink-ms=5155 sink-prep-ms=73 sinks=41847
137 pid=FFFEB523 sink begin-ms=31 flush-ms=5054 copy-ms=17 prep-texture-ms=39 prep-state-ms=16 prep-same-ms=15
138 pid=FFFEB523 hwno hwtex-ms=100 iface-cpu-ms=0 not-cpu=16 square-side=0 too-big=0 format=0 no-object=0 no-record=0 table-full=0 unusable=0 backoff=0 make-failed=0 square-alloc=0 upload=0
139 pid=FFFEB523 prim transform-ms=79 inside-ms=61 window-ms=112 assemble-ms=213 history-ms=27 fast=117283 clipped=48183 culled=58080
140 pid=FFFEB523 paths batches/triangles untextured=35/175 hw=8151/317945 cpu=0/0 cpu-nonsquare=0/0 hw-refused=553/28521
141 pid=FFFEB523 counters hwtex live=60 creates=60 create-failed=0 evictions=0 uploads=101 upload-kb=2876 squared=0 alpha-dropped=0 stubs=0 failed r4=553 r7=0 r8=0 other=0
142 pid=FFFEB523 time interval-ms=10000 swaps=40 present-ms=205 draw-ms=8079 upload-ms=146
143 pid=FFFEB523 tsc frames=40 wall-ms=10000 vertex-ms=329 flush-in-vertex-ms=25 flush-other-ms=8213 bind-ms=5 iface-ms=8079 beginend-ms=3517 swap-ms=206 vertices=225296 flushes=1939 draws=2077 sink-ms=3524 sink-prep-ms=35 sinks=19981
144 pid=FFFEB523 sink begin-ms=16 flush-ms=3475 copy-ms=9 prep-texture-ms=19 prep-state-ms=8 prep-same-ms=7
145 pid=FFFEB523 hwno hwtex-ms=150 iface-cpu-ms=0 not-cpu=4 square-side=0 too-big=0 format=0 no-object=0 no-record=0 table-full=0 unusable=0 backoff=0 make-failed=0 square-alloc=0 upload=0
146 pid=FFFEB523 prim transform-ms=45 inside-ms=33 window-ms=51 assemble-ms=148 history-ms=15 fast=53825 clipped=45518 culled=20399
147 pid=FFFEB523 paths batches/triangles untextured=39/195 hw=9948/378522 cpu=0/0 cpu-nonsquare=0/0 hw-refused=691/35221
148 pid=FFFEB523 counters hwtex live=70 creates=70 create-failed=0 evictions=0 uploads=157 upload-kb=4566 squared=0 alpha-dropped=0 stubs=0 failed r4=691 r7=0 r8=0 other=0
149 pid=FFFEB523 time interval-ms=10001 swaps=40 present-ms=205 draw-ms=8145 upload-ms=79
150 pid=FFFEB523 tsc frames=40 wall-ms=10001 vertex-ms=370 flush-in-vertex-ms=53 flush-other-ms=8185 bind-ms=6 iface-ms=8145 beginend-ms=3734 swap-ms=205 vertices=230719 flushes=2246 draws=2537 sink-ms=3770 sink-prep-ms=41 sinks=23709
151 pid=FFFEB523 sink begin-ms=16 flush-ms=3711 copy-ms=11 prep-texture-ms=22 prep-state-ms=9 prep-same-ms=9
152 pid=FFFEB523 hwno hwtex-ms=82 iface-cpu-ms=0 not-cpu=8 square-side=0 too-big=0 format=0 no-object=0 no-record=0 table-full=0 unusable=0 backoff=0 make-failed=0 square-alloc=0 upload=0
153 pid=FFFEB523 prim transform-ms=46 inside-ms=36 window-ms=64 assemble-ms=169 history-ms=15 fast=71840 clipped=27212 culled=22915
154 pid=FFFEB523 paths batches/triangles untextured=47/235 hw=11895/449767 cpu=0/0 cpu-nonsquare=0/0 hw-refused=982/50824
155 pid=FFFEB523 counters hwtex live=72 creates=72 create-failed=0 evictions=0 uploads=185 upload-kb=5504 squared=0 alpha-dropped=0 stubs=0 failed r4=982 r7=0 r8=0 other=0
156 pid=FFFEB523 time interval-ms=10001 swaps=37 present-ms=190 draw-ms=8088 upload-ms=118
157 pid=FFFEB523 tsc frames=37 wall-ms=10001 vertex-ms=437 flush-in-vertex-ms=49 flush-other-ms=8173 bind-ms=6 iface-ms=8088 beginend-ms=3923 swap-ms=191 vertices=286809 flushes=2722 draws=3011 sink-ms=3950 sink-prep-ms=47 sinks=26969
158 pid=FFFEB523 sink begin-ms=20 flush-ms=3883 copy-ms=12 prep-texture-ms=25 prep-state-ms=10 prep-same-ms=10
159 pid=FFFEB523 hwno hwtex-ms=123 iface-cpu-ms=0 not-cpu=18 square-side=0 too-big=0 format=0 no-object=0 no-record=0 table-full=0 unusable=0 backoff=0 make-failed=0 square-alloc=0 upload=0
160 pid=FFFEB523 prim transform-ms=57 inside-ms=44 window-ms=76 assemble-ms=193 history-ms=19 fast=79168 clipped=41315 culled=32338
161 pid=FFFEB523 paths batches/triangles untextured=65/325 hw=14310/530271 cpu=0/0 cpu-nonsquare=0/0 hw-refused=1271/66404
162 pid=FFFEB523 counters hwtex live=86 creates=86 create-failed=0 evictions=0 uploads=235 upload-kb=6819 squared=0 alpha-dropped=0 stubs=0 failed r4=1271 r7=0 r8=0 other=0
163 pid=FFFEB523 refused tex=1155 size=00800080 tex=02040101 blend=00050601 depth=00040101 colour=FFFFFFFF mask=7 scissor=0,0,640,480 fog=0
164 pid=FFFEB523 time interval-ms=10001 swaps=36 present-ms=183 draw-ms=8246 upload-ms=18
165 pid=FFFEB523 tsc frames=36 wall-ms=10001 vertex-ms=411 flush-in-vertex-ms=32 flush-other-ms=8249 bind-ms=7 iface-ms=8246 beginend-ms=4239 swap-ms=183 vertices=279052 flushes=2897 draws=3198 sink-ms=4246 sink-prep-ms=52 sinks=29800
166 pid=FFFEB523 sink begin-ms=22 flush-ms=4173 copy-ms=13 prep-texture-ms=28 prep-state-ms=11 prep-same-ms=11
167 pid=FFFEB523 hwno hwtex-ms=21 iface-cpu-ms=0 not-cpu=3 square-side=0 too-big=0 format=0 no-object=0 no-record=0 table-full=0 unusable=0 backoff=0 make-failed=0 square-alloc=0 upload=0
168 pid=FFFEB523 prim transform-ms=56 inside-ms=44 window-ms=82 assemble-ms=162 history-ms=19 fast=88840 clipped=29939 culled=38055
169 pid=FFFEB523 paths batches/triangles untextured=68/340 hw=16903/617946 cpu=0/0 cpu-nonsquare=0/0 hw-refused=1572/81772
170 pid=FFFEB523 counters hwtex live=87 creates=87 create-failed=0 evictions=0 uploads=242 upload-kb=7043 squared=0 alpha-dropped=0 stubs=0 failed r4=1572 r7=0 r8=0 other=0
171 pid=FFFEB523 hwtex create 00800080 levels=1 hr=8876017C
172 pid=FFFEB523 hwtex create 00800080 levels=1 hr=8876017C
173 pid=FFFEB523 hwtex create 01000080 levels=9 hr=8876017C
174 pid=FFFEB523 hwtex create 01000080 levels=9 hr=8876017C
175 pid=FFFEB523 time interval-ms=10006 swaps=35 present-ms=189 draw-ms=8134 upload-ms=31
176 pid=FFFEB523 tsc frames=35 wall-ms=10006 vertex-ms=325 flush-in-vertex-ms=6 flush-other-ms=8381 bind-ms=65 iface-ms=8134 beginend-ms=5100 swap-ms=189 vertices=225611 flushes=2146 draws=2207 sink-ms=5080 sink-prep-ms=50 sinks=28450
177 pid=FFFEB523 sink begin-ms=22 flush-ms=5011 copy-ms=12 prep-texture-ms=26 prep-state-ms=11 prep-same-ms=10
178 pid=FFFEB523 hwno hwtex-ms=183 iface-cpu-ms=0 not-cpu=5 square-side=0 too-big=0 format=0 no-object=0 no-record=0 table-full=0 unusable=0 backoff=0 make-failed=0 square-alloc=0 upload=0
179 pid=FFFEB523 prim transform-ms=46 inside-ms=35 window-ms=64 assemble-ms=127 history-ms=16 fast=67643 clipped=34096 culled=33522
180 pid=FFFEB523 paths batches/triangles untextured=73/365 hw=18983/699962 cpu=0/0 cpu-nonsquare=0/0 hw-refused=1633/83699
181 pid=FFFEB523 counters hwtex live=90 creates=96 create-failed=4 evictions=4 uploads=252 upload-kb=7415 squared=0 alpha-dropped=0 stubs=0 failed r4=1633 r7=0 r8=0 other=0
182 pid=FFFEB523 time interval-ms=10001 swaps=36 present-ms=184 draw-ms=8199 upload-ms=80
183 pid=FFFEB523 tsc frames=36 wall-ms=10001 vertex-ms=392 flush-in-vertex-ms=30 flush-other-ms=8264 bind-ms=7 iface-ms=8199 beginend-ms=4731 swap-ms=184 vertices=260713 flushes=2446 draws=2708 sink-ms=4739 sink-prep-ms=46 sinks=26581
184 pid=FFFEB523 sink begin-ms=20 flush-ms=4673 copy-ms=12 prep-texture-ms=25 prep-state-ms=10 prep-same-ms=10
185 pid=FFFEB523 hwno hwtex-ms=83 iface-cpu-ms=0 not-cpu=20 square-side=0 too-big=0 format=0 no-object=0 no-record=0 table-full=0 unusable=0 backoff=0 make-failed=0 square-alloc=0 upload=0
186 pid=FFFEB523 prim transform-ms=52 inside-ms=40 window-ms=73 assemble-ms=164 history-ms=17 fast=76288 clipped=36409 culled=32976
187 pid=FFFEB523 paths batches/triangles untextured=93/465 hw=21147/779330 cpu=0/0 cpu-nonsquare=0/0 hw-refused=1895/97601
188 pid=FFFEB523 counters hwtex live=90 creates=96 create-failed=4 evictions=4 uploads=282 upload-kb=8375 squared=0 alpha-dropped=0 stubs=0 failed r4=1895 r7=0 r8=0 other=0
189 pid=FFFEB523 hwtex create 00800040 levels=8 hr=8876017C
190 pid=FFFEB523 hwtex create 01000080 levels=9 hr=8876017C
191 pid=FFFEB523 time interval-ms=10001 swaps=37 present-ms=189 draw-ms=8171 upload-ms=77
192 pid=FFFEB523 tsc frames=37 wall-ms=10001 vertex-ms=371 flush-in-vertex-ms=10 flush-other-ms=8252 bind-ms=5 iface-ms=8170 beginend-ms=4430 swap-ms=190 vertices=263429 flushes=2323 draws=2457 sink-ms=4414 sink-prep-ms=49 sinks=28128
193 pid=FFFEB523 sink begin-ms=21 flush-ms=4347 copy-ms=11 prep-texture-ms=26 prep-state-ms=11 prep-same-ms=10
194 pid=FFFEB523 hwno hwtex-ms=81 iface-cpu-ms=0 not-cpu=14 square-side=0 too-big=0 format=0 no-object=0 no-record=0 table-full=0 unusable=0 backoff=0 make-failed=0 square-alloc=0 upload=0
195 pid=FFFEB523 prim transform-ms=53 inside-ms=39 window-ms=67 assemble-ms=149 history-ms=18 fast=69694 clipped=45544 culled=34063
196 pid=FFFEB523 paths batches/triangles untextured=107/535 hw=23322/860783 cpu=0/0 cpu-nonsquare=0/0 hw-refused=2029/103256
197 pid=FFFEB523 counters hwtex live=95 creates=103 create-failed=6 evictions=6 uploads=310 upload-kb=9229 squared=0 alpha-dropped=0 stubs=0 failed r4=2029 r7=0 r8=0 other=0
198 pid=FFFEB523 hwtex create 00800080 levels=8 hr=8876017C
199 pid=FFFEB523 hwtex create 00800040 levels=8 hr=8876017C
200 pid=FFFEB523 time interval-ms=10002 swaps=36 present-ms=184 draw-ms=8151 upload-ms=94
201 pid=FFFEB523 tsc frames=36 wall-ms=10002 vertex-ms=389 flush-in-vertex-ms=9 flush-other-ms=8251 bind-ms=5 iface-ms=8151 beginend-ms=4960 swap-ms=185 vertices=279593 flushes=2405 draws=2571 sink-ms=4944 sink-prep-ms=50 sinks=28938
202 pid=FFFEB523 sink begin-ms=21 flush-ms=4874 copy-ms=12 prep-texture-ms=27 prep-state-ms=11 prep-same-ms=11
203 pid=FFFEB523 hwno hwtex-ms=99 iface-cpu-ms=0 not-cpu=11 square-side=0 too-big=0 format=0 no-object=0 no-record=0 table-full=0 unusable=0 backoff=0 make-failed=0 square-alloc=0 upload=0
204 pid=FFFEB523 prim transform-ms=56 inside-ms=41 window-ms=69 assemble-ms=156 history-ms=19 fast=71139 clipped=48654 culled=33346
205 pid=FFFEB523 paths batches/triangles untextured=118/590 hw=25550/943610 cpu=0/0 cpu-nonsquare=0/0 hw-refused=2195/110201
206 pid=FFFEB523 counters hwtex live=101 creates=112 create-failed=8 evictions=8 uploads=347 upload-kb=10326 squared=0 alpha-dropped=0 stubs=0 failed r4=2195 r7=0 r8=0 other=0
207 pid=FFFEB523 time interval-ms=10002 swaps=32 present-ms=164 draw-ms=7987 upload-ms=179
208 pid=FFFEB523 tsc frames=32 wall-ms=10002 vertex-ms=514 flush-in-vertex-ms=22 flush-other-ms=8160 bind-ms=5 iface-ms=7987 beginend-ms=4525 swap-ms=164 vertices=372850 flushes=3608 draws=3864 sink-ms=4514 sink-prep-ms=71 sinks=40611
209 pid=FFFEB523 sink begin-ms=29 flush-ms=4415 copy-ms=17 prep-texture-ms=38 prep-state-ms=15 prep-same-ms=15
210 pid=FFFEB523 hwno hwtex-ms=183 iface-cpu-ms=0 not-cpu=0 square-side=0 too-big=0 format=0 no-object=0 no-record=0 table-full=0 unusable=0 backoff=0 make-failed=0 square-alloc=0 upload=0
211 pid=FFFEB523 prim transform-ms=75 inside-ms=58 window-ms=108 assemble-ms=184 history-ms=25 fast=112775 clipped=40173 culled=57556
212 pid=FFFEB523 paths batches/triangles untextured=118/590 hw=28902/1060372 cpu=0/0 cpu-nonsquare=0/0 hw-refused=2451/123985
213 pid=FFFEB523 counters hwtex live=101 creates=114 create-failed=8 evictions=8 uploads=415 upload-kb=12458 squared=0 alpha-dropped=0 stubs=0 failed r4=2451 r7=0 r8=0 other=0
214 pid=FFFEB523 hwtex create 01000080 levels=9 hr=8876017C
215 pid=FFFEB523 hwtex create 01000080 levels=9 hr=8876017C
216 pid=FFFEB523 hwtex create 01000080 levels=9 hr=8876017C
217 pid=FFFEB523 hwtex create 01000080 levels=9 hr=8876017C
218 pid=FFFEB523 hwtex create 01000080 levels=9 hr=8876017C
219 pid=FFFEB523 hwtex create 01000080 levels=9 hr=8876017C
220 pid=FFFEB523 hwtex create 01000080 levels=9 hr=8876017C
221 pid=FFFEB523 hwtex create 01000080 levels=9 hr=8876017C
222 pid=FFFEB523 hwtex create 01000080 levels=9 hr=8876017C
223 pid=FFFEB523 hwtex create 01000080 levels=9 hr=8876017C
224 pid=FFFEB523 time interval-ms=10000 swaps=35 present-ms=178 draw-ms=8151 upload-ms=75
225 pid=FFFEB523 tsc frames=35 wall-ms=10000 vertex-ms=438 flush-in-vertex-ms=39 flush-other-ms=8208 bind-ms=7 iface-ms=8151 beginend-ms=4625 swap-ms=179 vertices=292677 flushes=3334 draws=3608 sink-ms=4639 sink-prep-ms=56 sinks=32406
226 pid=FFFEB523 sink begin-ms=22 flush-ms=4560 copy-ms=14 prep-texture-ms=30 prep-state-ms=12 prep-same-ms=12
227 pid=FFFEB523 hwno hwtex-ms=81 iface-cpu-ms=0 not-cpu=13 square-side=0 too-big=0 format=0 no-object=0 no-record=0 table-full=0 unusable=0 backoff=0 make-failed=0 square-alloc=0 upload=0
228 pid=FFFEB523 prim transform-ms=59 inside-ms=45 window-ms=80 assemble-ms=185 history-ms=20 fast=93361 clipped=36584 culled=32272
229 pid=FFFEB523 paths batches/triangles untextured=131/655 hw=31949/1157840 cpu=0/0 cpu-nonsquare=0/0 hw-refused=2725/137438
230 pid=FFFEB523 counters hwtex live=101 creates=125 create-failed=18 evictions=18 uploads=441 upload-kb=13343 squared=0 alpha-dropped=0 stubs=0 failed r4=2725 r7=0 r8=0 other=0
231 pid=FFFEB523 time interval-ms=10001 swaps=31 present-ms=157 draw-ms=8168 upload-ms=75
232 pid=FFFEB523 tsc frames=31 wall-ms=10001 vertex-ms=497 flush-in-vertex-ms=25 flush-other-ms=8236 bind-ms=7 iface-ms=8168 beginend-ms=4459 swap-ms=158 vertices=350660 flushes=3926 draws=4259 sink-ms=4455 sink-prep-ms=66 sinks=38007
233 pid=FFFEB523 sink begin-ms=26 flush-ms=4362 copy-ms=17 prep-texture-ms=35 prep-state-ms=14 prep-same-ms=14
234 pid=FFFEB523 hwno hwtex-ms=79 iface-cpu-ms=0 not-cpu=5 square-side=0 too-big=0 format=0 no-object=0 no-record=0 table-full=0 unusable=0 backoff=0 make-failed=0 square-alloc=0 upload=0
235 pid=FFFEB523 prim transform-ms=70 inside-ms=55 window-ms=99 assemble-ms=190 history-ms=23 fast=115373 clipped=39769 culled=41518
236 pid=FFFEB523 paths batches/triangles untextured=136/680 hw=35537/1272864 cpu=0/0 cpu-nonsquare=0/0 hw-refused=3058/156261
237 pid=FFFEB523 counters hwtex live=101 creates=125 create-failed=18 evictions=18 uploads=469 upload-kb=14239 squared=0 alpha-dropped=0 stubs=0 failed r4=3058 r7=0 r8=0 other=0
238 pid=FFFEB523 hwtex create 01000080 levels=9 hr=8876017C
239 pid=FFFEB523 hwtex create 01000080 levels=9 hr=8876017C
240 pid=FFFEB523 hwtex create 01000080 levels=9 hr=8876017C
241 pid=FFFEB523 hwtex create 01000080 levels=9 hr=8876017C
242 pid=FFFEB523 hwtex create 01000080 levels=9 hr=8876017C
243 pid=FFFEB523 hwtex create 01000080 levels=9 hr=8876017C
244 pid=FFFEB523 time interval-ms=10000 swaps=29 present-ms=149 draw-ms=8582 upload-ms=48
245 pid=FFFEB523 tsc frames=29 wall-ms=10000 vertex-ms=286 flush-in-vertex-ms=12 flush-other-ms=8633 bind-ms=6 iface-ms=8581 beginend-ms=3528 swap-ms=149 vertices=193644 flushes=2204 draws=2293 sink-ms=3521 sink-prep-ms=39 sinks=22158
246 pid=FFFEB523 sink begin-ms=16 flush-ms=3467 copy-ms=9 prep-texture-ms=20 prep-state-ms=8 prep-same-ms=8
247 pid=FFFEB523 hwno hwtex-ms=53 iface-cpu-ms=0 not-cpu=7 square-side=0 too-big=0 format=0 no-object=0 no-record=0 table-full=0 unusable=0 backoff=0 make-failed=0 square-alloc=0 upload=0
248 pid=FFFEB523 prim transform-ms=39 inside-ms=30 window-ms=50 assemble-ms=121 history-ms=13 fast=56501 clipped=33476 culled=24161
249 pid=FFFEB523 paths batches/triangles untextured=143/715 hw=37645/1340629 cpu=0/0 cpu-nonsquare=0/0 hw-refused=3147/160063
250 pid=FFFEB523 counters hwtex live=101 creates=132 create-failed=24 evictions=24 uploads=484 upload-kb=14772 squared=0 alpha-dropped=0 stubs=0 failed r4=3147 r7=0 r8=0 other=0
251 pid=FFFEB523 hwtex create 01000100 levels=1 hr=8876017C
252 pid=FFFEB523 hwtex create 01000100 levels=1 hr=8876017C
253 pid=FFFEB523 hwtex create 01000100 levels=1 hr=8876017C
254 pid=FFFEB523 hwtex create 01000100 levels=1 hr=8876017C
255 pid=FFFEB523 hwtex create 01000100 levels=1 hr=8876017C
256 pid=FFFEB523 hwtex create 01000100 levels=1 hr=8876017C
257 pid=FFFEB523 hwtex create 01000100 levels=1 hr=8876017C
258 pid=FFFEB523 hwtex create 01000100 levels=1 hr=8876017C
259 pid=FFFEB523 hwtex create 01000100 levels=1 hr=8876017C
260 pid=FFFEB523 hwtex create 01000100 levels=1 hr=8876017C
261 pid=FFFEB523 hwtex create 01000100 levels=1 hr=8876017C
262 pid=FFFEB523 hwtex create 01000100 levels=1 hr=8876017C
263 pid=FFFEB523 hwtex create 01000100 levels=1 hr=8876017C
264 pid=FFFEB523 hwtex create 01000100 levels=1 hr=8876017C
265 pid=FFFEB523 hwtex create 01000100 levels=1 hr=8876017C
266 pid=FFFEB523 hwtex create 01000100 levels=1 hr=8876017C
267 pid=FFFEB523 hwtex create 01000100 levels=1 hr=8876017C
268 pid=FFFEB523 hwtex create 01000100 levels=1 hr=8876017C
269 pid=FFFEB523 hwtex create 01000100 levels=1 hr=8876017C
270 pid=FFFEB523 hwtex create 01000100 levels=1 hr=8876017C
271 pid=FFFEB523 hwtex create 01000100 levels=1 hr=8876017C
272 pid=FFFEB523 hwtex create 01000100 levels=1 hr=8876017C
273 pid=FFFEB523 hwtex create 01000100 levels=1 hr=8876017C
274 pid=FFFEB523 hwtex create 01000100 levels=1 hr=8876017C
275 pid=FFFEB523 hwtex create 01000100 levels=1 hr=8876017C
276 pid=FFFEB523 hwtex create 01000100 levels=1 hr=8876017C
277 pid=FFFEB523 hwtex create 01000100 levels=1 hr=8876017C
278 pid=FFFEB523 hwtex create 01000100 levels=1 hr=8876017C
279 pid=FFFEB523 hwtex create 01000100 levels=1 hr=8876017C
280 pid=FFFEB523 hwtex create 01000100 levels=1 hr=8876017C
281 pid=FFFEB523 hwtex create 01000100 levels=1 hr=8876017C
282 pid=FFFEB523 DrvReleaseContext context=1 -> 1
283 pid=FFFEB523 paths batches/triangles untextured=143/715 hw=38634/1378939 cpu=0/0 cpu-nonsquare=0/0 hw-refused=3321/170269
284 pid=FFFEB523 counters hwtex live=0 creates=165 create-failed=55 evictions=55 uploads=486 upload-kb=14932 squared=0 alpha-dropped=5 stubs=0 failed r4=3321 r7=0 r8=0 other=0
285 pid=FFFEB523 DrvDeleteContext context=1 -> 1
286 pid=FFFEB523 detach slots-called=0 stub-calls=0
