1 pid=FFFDCE01 t=105052 attach instance=00E50000 version=0.13.0 V9XGLIDE build=6d4e6a5-dirty exe=C:\PROGRAM FILES\ELECTRONIC ARTS\NEED FOR SPEED II SE\NFS2SEA.EXE
2 pid=FFFDCE01 t=105052 census detach swaps=0
3 pid=FFFDCE01 t=105052 census   draws: drawn=0 refused=0 culled=0 skipped-textured=0
4 pid=FFFDCE01 t=105052 census   draws: fog-dropped=0 uploads=0
1 pid=FFFDCE01 t=105117 attach instance=018A0000 version=0.13.0 V9XGLIDE build=6d4e6a5-dirty exe=C:\PROGRAM FILES\ELECTRONIC ARTS\NEED FOR SPEED II SE\NFS2SEA.EXE
2 pid=FFFDCE01 t=105117 grGlideInit#1 
3 pid=FFFDCE01 t=105117 grSstQueryHardware#1 config=0056CA84 -> voodoo fb=2MiB tmus=1 tmu0=2MiB
4 pid=FFFDCE01 t=105117 grSstSelect#1 sst=0
5 pid=FFFDCE01 t=105119 device: window=00000338 ours=0
6 pid=FFFDCE01 t=105789 device: describe result=0 engine=3 generation=2
7 pid=FFFDCE01 t=105789 device: target formats=00000002 texture formats=0000001A hw max=1024
8 pid=FFFDCE01 t=105789 device: open 640x480 buffers=2
9 pid=FFFDCE01 t=105789 grSstWinOpen#1 hwnd=00000000 res=7 refresh=0 cformat=0 origin=0 colbuf=2 auxbuf=1 -> 1
10 pid=FFFDCE01 t=105789 grTexMinAddress#1 tmu=0 -> 00000000
11 pid=FFFDCE01 t=105789 grTexCombineFunction#1 tmu=0 func=1
12 pid=FFFDCE01 t=105789 grChromakeyValue#1 color=00000000
13 pid=FFFDCE01 t=105789 grAlphaTestReferenceValue#1 ref=00000010
14 pid=FFFDCE01 t=105789 grTexFilterMode#1 tmu=0 min=1 mag=1
15 pid=FFFDCE01 t=105789 grTexMipMapMode#1 tmu=0 mode=0 lodblend=0
16 pid=FFFDCE01 t=105789 grTexCombine#1 tmu=0 rgb=1,0 alpha=1,0 invert=0,0
17 pid=FFFDCE01 t=105789 grColorCombine#1 func=1 factor=0 local=0 other=2 invert=0
18 pid=FFFDCE01 t=105789 grAlphaCombine#1 func=1 factor=0 local=0 other=2 invert=0
19 pid=FFFDCE01 t=105789 grAlphaBlendFunction#1 rgb=1,5 alpha=0,0
20 pid=FFFDCE01 t=105789 grCullMode#1 mode=00000001
21 pid=FFFDCE01 t=105789 grTexFilterMode#2 tmu=0 min=1 mag=1
22 pid=FFFDCE01 t=105789 grChromakeyMode#1 mode=00000000
23 pid=FFFDCE01 t=105789 grAlphaTestFunction#1 func=00000004
24 pid=FFFDCE01 t=105789 grDitherMode#1 mode=00000002
25 pid=FFFDCE01 t=105789 grDepthBufferMode#1 mode=00000002
26 pid=FFFDCE01 t=105789 grDepthBufferFunction#1 func=00000003
27 pid=FFFDCE01 t=105789 grDepthMask#1 enable=00000001
28 pid=FFFDCE01 t=105789 grFogMode#1 mode=00000000
29 pid=FFFDCE01 t=105789 grFogColorValue#1 color=FFFFFFFF
30 pid=FFFDCE01 t=105789 grTexClampMode#1 tmu=0 s=1 t=1
31 pid=FFFDCE01 t=105789 grGammaCorrectionValue#1 gamma-bits=3F800000
32 pid=FFFDCE01 t=105803 grRenderBuffer#1 buffer=0
33 pid=FFFDCE01 t=105803 grLfbLock#1 type=01 buffer=0 wmode=00 origin=0 pipeline=0 info.size=20 -> 01910000 stride=2048
34 pid=FFFDCE01 t=105803 grLfbUnlock#1 type=01 buffer=0
35 pid=FFFDCE01 t=105804 grRenderBuffer#2 buffer=1
36 pid=FFFDCE01 t=105804 grLfbLock#2 type=01 buffer=1 wmode=00 origin=0 pipeline=0 info.size=20 -> 01910000 stride=2048
37 pid=FFFDCE01 t=105804 grLfbUnlock#2 type=01 buffer=1
38 pid=FFFDCE01 t=107082 grTexMinAddress#2 tmu=0 -> 00000000
39 pid=FFFDCE01 t=107082 grTexCalcMemRequired#1 lodmin=3 lodmax=3 aspect=3 format=10 -> 2048
40 pid=FFFDCE01 t=107082 grTexMaxAddress#1 tmu=0 -> 00200000
41 pid=FFFDCE01 t=107082 grRenderBuffer#3 buffer=1
42 pid=FFFDCE01 t=107082 grBufferClear#1 color=00000000 alpha=00 depth=FFFF
43 pid=FFFDCE01 t=107192 grRenderBuffer#4 buffer=0
44 pid=FFFDCE01 t=107192 grBufferClear#2 color=00000000 alpha=00 depth=FFFF
45 pid=FFFDCE01 t=107288 grChromakeyMode#2 mode=00000000
46 pid=FFFDCE01 t=107289 grBufferClear#3 color=00000000 alpha=00 depth=FFFF
47 pid=FFFDCE01 t=107385 grDepthBufferMode#2 mode=00000002
48 pid=FFFDCE01 t=107385 grDepthBufferFunction#2 func=00000003
49 pid=FFFDCE01 t=107385 grDepthMask#2 enable=00000001
50 pid=FFFDCE01 t=107385 grCullMode#2 mode=00000000
51 pid=FFFDCE01 t=107436 grSstIdle#1 
52 pid=FFFDCE01 t=107436 grRenderBuffer#5 buffer=1
53 pid=FFFDCE01 t=107436 grBufferClear#4 color=00000000 alpha=00 depth=FFFF
54 pid=FFFDCE01 t=107533 grRenderBuffer#6 buffer=0
55 pid=FFFDCE01 t=107533 grLfbLock#3 type=01 buffer=0 wmode=00 origin=0 pipeline=0 info.size=20 -> 01910000 stride=2048
56 pid=FFFDCE01 t=107535 grLfbUnlock#3 type=01 buffer=0
57 pid=FFFDCE01 t=107536 grSstIdle#2 
58 pid=FFFDCE01 t=107536 grRenderBuffer#7 buffer=1
59 pid=FFFDCE01 t=107536 grBufferClear#5 color=00000000 alpha=00 depth=FFFF
60 pid=FFFDCE01 t=107635 grRenderBuffer#8 buffer=0
61 pid=FFFDCE01 t=107635 grLfbLock#4 type=01 buffer=0 wmode=00 origin=0 pipeline=0 info.size=20 -> 01910000 stride=2048
62 pid=FFFDCE01 t=107638 grLfbUnlock#4 type=01 buffer=0
63 pid=FFFDCE01 t=107639 grGammaCorrectionValue#2 gamma-bits=3FC00000
64 pid=FFFDCE01 t=107639 grSstIdle#3 
65 pid=FFFDCE01 t=107639 grRenderBuffer#9 buffer=1
66 pid=FFFDCE01 t=107639 grBufferClear#6 color=00000000 alpha=00 depth=FFFF
67 pid=FFFDCE01 t=107736 grBufferSwap#1 interval=1
68 pid=FFFDCE01 t=107761 capture frame after swap 1
69 pid=FFFDCE01 t=107761 grSstIdle#4 
70 pid=FFFDCE01 t=107761 grRenderBuffer#10 buffer=1
71 pid=FFFDCE01 t=107761 grBufferClear#7 color=00000000 alpha=00 depth=FFFF
72 pid=FFFDCE01 t=107914 grSstIdle#5 
73 pid=FFFDCE01 t=107914 grTexMinAddress#3 tmu=0 -> 00000000
74 pid=FFFDCE01 t=107914 grTexCalcMemRequired#2 lodmin=2 lodmax=2 aspect=3 format=10 -> 8192
75 pid=FFFDCE01 t=107914 grTexMaxAddress#2 tmu=0 -> 00200000
76 pid=FFFDCE01 t=107914 grTexCalcMemRequired#3 lodmin=2 lodmax=2 aspect=3 format=10 -> 8192
77 pid=FFFDCE01 t=107914 grTexMaxAddress#3 tmu=0 -> 00200000
78 pid=FFFDCE01 t=107914 grTexCalcMemRequired#4 lodmin=2 lodmax=2 aspect=3 format=10 -> 8192
79 pid=FFFDCE01 t=107914 grTexMaxAddress#4 tmu=0 -> 00200000
80 pid=FFFDCE01 t=107914 grTexCalcMemRequired#5 lodmin=2 lodmax=2 aspect=3 format=10 -> 8192
81 pid=FFFDCE01 t=107914 grTexMaxAddress#5 tmu=0 -> 00200000
82 pid=FFFDCE01 t=107914 grTexCalcMemRequired#6 lodmin=2 lodmax=2 aspect=3 format=10 -> 8192
83 pid=FFFDCE01 t=107914 grTexMaxAddress#6 tmu=0 -> 00200000
84 pid=FFFDCE01 t=107914 grTexCalcMemRequired#7 lodmin=2 lodmax=2 aspect=3 format=10 -> 8192
85 pid=FFFDCE01 t=107914 grTexMaxAddress#7 tmu=0 -> 00200000
86 pid=FFFDCE01 t=107914 grTexCalcMemRequired#8 lodmin=2 lodmax=2 aspect=3 format=10 -> 8192
87 pid=FFFDCE01 t=107914 grTexMaxAddress#8 tmu=0 -> 00200000
88 pid=FFFDCE01 t=107914 grTexCalcMemRequired#9 lodmin=2 lodmax=2 aspect=3 format=10 -> 8192
89 pid=FFFDCE01 t=107914 grTexMaxAddress#9 tmu=0 -> 00200000
90 pid=FFFDCE01 t=107914 grTexCalcMemRequired#10 lodmin=2 lodmax=2 aspect=3 format=10 -> 8192
91 pid=FFFDCE01 t=107914 grTexMaxAddress#10 tmu=0 -> 00200000
92 pid=FFFDCE01 t=107915 grTexCalcMemRequired#11 lodmin=2 lodmax=2 aspect=3 format=10 -> 8192
93 pid=FFFDCE01 t=107915 grTexMaxAddress#11 tmu=0 -> 00200000
94 pid=FFFDCE01 t=107915 grTexCalcMemRequired#12 lodmin=2 lodmax=2 aspect=3 format=10 -> 8192
95 pid=FFFDCE01 t=107915 grTexMaxAddress#12 tmu=0 -> 00200000
96 pid=FFFDCE01 t=107915 grTexCalcMemRequired#13 lodmin=2 lodmax=2 aspect=3 format=10 -> 8192
97 pid=FFFDCE01 t=107915 grTexMaxAddress#13 tmu=0 -> 00200000
98 pid=FFFDCE01 t=107915 grTexCalcMemRequired#14 lodmin=2 lodmax=2 aspect=3 format=10 -> 8192
99 pid=FFFDCE01 t=107915 grTexMaxAddress#14 tmu=0 -> 00200000
100 pid=FFFDCE01 t=107915 grTexCalcMemRequired#15 lodmin=2 lodmax=2 aspect=3 format=10 -> 8192
101 pid=FFFDCE01 t=107915 grTexMaxAddress#15 tmu=0 -> 00200000
102 pid=FFFDCE01 t=107915 grTexCalcMemRequired#16 lodmin=2 lodmax=2 aspect=3 format=10 -> 8192
103 pid=FFFDCE01 t=107915 grTexMaxAddress#16 tmu=0 -> 00200000
104 pid=FFFDCE01 t=107915 grTexCalcMemRequired#17 lodmin=2 lodmax=2 aspect=3 format=10 -> 8192
105 pid=FFFDCE01 t=107915 grTexMaxAddress#17 tmu=0 -> 00200000
106 pid=FFFDCE01 t=107915 grTexCalcMemRequired#18 lodmin=2 lodmax=2 aspect=3 format=10 -> 8192
107 pid=FFFDCE01 t=107915 grTexMaxAddress#18 tmu=0 -> 00200000
108 pid=FFFDCE01 t=107915 grTexCalcMemRequired#19 lodmin=2 lodmax=2 aspect=3 format=10 -> 8192
109 pid=FFFDCE01 t=107916 grTexMaxAddress#19 tmu=0 -> 00200000
110 pid=FFFDCE01 t=107916 grTexCalcMemRequired#20 lodmin=2 lodmax=2 aspect=3 format=10 -> 8192
111 pid=FFFDCE01 t=107916 grTexMaxAddress#20 tmu=0 -> 00200000
112 pid=FFFDCE01 t=107916 grTexCalcMemRequired#21 lodmin=2 lodmax=2 aspect=3 format=10 -> 8192
113 pid=FFFDCE01 t=107916 grTexMaxAddress#21 tmu=0 -> 00200000
114 pid=FFFDCE01 t=107919 grRenderBuffer#11 buffer=1
115 pid=FFFDCE01 t=107919 grBufferClear#8 color=00000000 alpha=00 depth=FFFF
116 pid=FFFDCE01 t=108014 grTexDownloadMipMap#1 tmu=0 addr=00000000 evenodd=3 lod=2..2 aspect=3 format=10 data=00EFB2B8
117 pid=FFFDCE01 t=108014 grTexSource#1 tmu=0 addr=00000000 evenodd=3 lod=2..2 aspect=3 format=10
118 pid=FFFDCE01 t=108014 grColorCombine#2 func=3 factor=1 local=0 other=1 invert=0
119 pid=FFFDCE01 t=108014 grAlphaCombine#2 func=3 factor=1 local=0 other=1 invert=0
120 pid=FFFDCE01 t=108031 grDrawTriangle#1 swap=1
121 pid=FFFDCE01 t=108031 grDrawTriangle#1   va x=49400100 y=49400100 ooz=00000000 oow=3F800000 rgba=437F0000,437F0000,437F0000,437F0000 st0=00000000,00000000,00000003
122 pid=FFFDCE01 t=108031 grDrawTriangle#1   vb x=49400900 y=49400100 ooz=00000000 oow=3F800000 rgba=437F0000,437F0000,437F0000,437F0000 st0=437F0000,00000000,018A2CAC
123 pid=FFFDCE01 t=108031 grDrawTriangle#1   vc x=49400900 y=49400900 ooz=00000000 oow=3F800000 rgba=437F0000,437F0000,437F0000,437F0000 st0=437F0000,437F0000,00000000
124 pid=FFFDCE01 t=108031 grDrawTriangle#2 swap=1
125 pid=FFFDCE01 t=108031 grDrawTriangle#2   va x=49400100 y=49400100 ooz=00000000 oow=3F800000 rgba=437F0000,437F0000,437F0000,437F0000 st0=00000000,00000000,00000003
126 pid=FFFDCE01 t=108031 grDrawTriangle#2   vb x=49400900 y=49400900 ooz=00000000 oow=3F800000 rgba=437F0000,437F0000,437F0000,437F0000 st0=437F0000,437F0000,00000000
127 pid=FFFDCE01 t=108031 grDrawTriangle#2   vc x=49400100 y=49400900 ooz=00000000 oow=3F800000 rgba=437F0000,437F0000,437F0000,437F0000 st0=00000000,437F0000,018A9330
128 pid=FFFDCE01 t=108044 grTexDownloadMipMap#2 tmu=0 addr=00002000 evenodd=3 lod=2..2 aspect=3 format=10 data=00EFB2B8
129 pid=FFFDCE01 t=108044 grTexSource#2 tmu=0 addr=00002000 evenodd=3 lod=2..2 aspect=3 format=10
130 pid=FFFDCE01 t=108045 grDrawTriangle#3 swap=1
131 pid=FFFDCE01 t=108045 grDrawTriangle#3   va x=49400900 y=49400100 ooz=00000000 oow=3F800000 rgba=437F0000,437F0000,437F0000,437F0000 st0=00000000,00000000,00492558
132 pid=FFFDCE01 t=108045 grDrawTriangle#3   vb x=49401100 y=49400100 ooz=00000000 oow=3F800000 rgba=437F0000,437F0000,437F0000,437F0000 st0=437F0000,00000000,00000000
133 pid=FFFDCE01 t=108045 grDrawTriangle#3   vc x=49401100 y=49400900 ooz=00000000 oow=3F800000 rgba=437F0000,437F0000,437F0000,437F0000 st0=437F0000,437F0000,00000000
134 pid=FFFDCE01 t=108045 grDrawTriangle#4 swap=1
135 pid=FFFDCE01 t=108045 grDrawTriangle#4   va x=49400900 y=49400100 ooz=00000000 oow=3F800000 rgba=437F0000,437F0000,437F0000,437F0000 st0=00000000,00000000,00492558
136 pid=FFFDCE01 t=108045 grDrawTriangle#4   vb x=49401100 y=49400900 ooz=00000000 oow=3F800000 rgba=437F0000,437F0000,437F0000,437F0000 st0=437F0000,437F0000,00000000
137 pid=FFFDCE01 t=108045 grDrawTriangle#4   vc x=49400900 y=49400900 ooz=00000000 oow=3F800000 rgba=437F0000,437F0000,437F0000,437F0000 st0=00000000,437F0000,018A935C
138 pid=FFFDCE01 t=108046 grTexDownloadMipMap#3 tmu=0 addr=00004000 evenodd=3 lod=2..2 aspect=3 format=10 data=00EFB2B8
139 pid=FFFDCE01 t=108046 grTexSource#3 tmu=0 addr=00004000 evenodd=3 lod=2..2 aspect=3 format=10
140 pid=FFFDCE01 t=108046 grDrawTriangle#5 swap=1
141 pid=FFFDCE01 t=108046 grDrawTriangle#5   va x=49401100 y=49400100 ooz=00000000 oow=3F800000 rgba=437F0000,437F0000,437F0000,437F0000 st0=00000000,00000000,00492558
142 pid=FFFDCE01 t=108046 grDrawTriangle#5   vb x=49401900 y=49400100 ooz=00000000 oow=3F800000 rgba=437F0000,437F0000,437F0000,437F0000 st0=437F0000,00000000,00000000
143 pid=FFFDCE01 t=108046 grDrawTriangle#5   vc x=49401900 y=49400900 ooz=00000000 oow=3F800000 rgba=437F0000,437F0000,437F0000,437F0000 st0=437F0000,437F0000,00000000
144 pid=FFFDCE01 t=108046 grDrawTriangle#6 swap=1
145 pid=FFFDCE01 t=108047 grDrawTriangle#6   va x=49401100 y=49400100 ooz=00000000 oow=3F800000 rgba=437F0000,437F0000,437F0000,437F0000 st0=00000000,00000000,00492558
146 pid=FFFDCE01 t=108047 grDrawTriangle#6   vb x=49401900 y=49400900 ooz=00000000 oow=3F800000 rgba=437F0000,437F0000,437F0000,437F0000 st0=437F0000,437F0000,00000000
147 pid=FFFDCE01 t=108047 grDrawTriangle#6   vc x=49401100 y=49400900 ooz=00000000 oow=3F800000 rgba=437F0000,437F0000,437F0000,437F0000 st0=00000000,437F0000,018A9388
148 pid=FFFDCE01 t=108047 grTexDownloadMipMap#4 tmu=0 addr=00006000 evenodd=3 lod=2..2 aspect=3 format=10 data=00EFB2B8
149 pid=FFFDCE01 t=108047 grTexSource#4 tmu=0 addr=00006000 evenodd=3 lod=2..2 aspect=3 format=10
150 pid=FFFDCE01 t=108048 grDrawTriangle#7 swap=1
151 pid=FFFDCE01 t=108048 grDrawTriangle#7   va x=49401900 y=49400100 ooz=00000000 oow=3F800000 rgba=437F0000,437F0000,437F0000,437F0000 st0=00000000,00000000,00492558
152 pid=FFFDCE01 t=108048 grDrawTriangle#7   vb x=49402100 y=49400100 ooz=00000000 oow=3F800000 rgba=437F0000,437F0000,437F0000,437F0000 st0=437F0000,00000000,00000000
153 pid=FFFDCE01 t=108048 grDrawTriangle#7   vc x=49402100 y=49400900 ooz=00000000 oow=3F800000 rgba=437F0000,437F0000,437F0000,437F0000 st0=437F0000,437F0000,00000000
154 pid=FFFDCE01 t=108048 grDrawTriangle#8 swap=1
155 pid=FFFDCE01 t=108048 grDrawTriangle#8   va x=49401900 y=49400100 ooz=00000000 oow=3F800000 rgba=437F0000,437F0000,437F0000,437F0000 st0=00000000,00000000,00492558
156 pid=FFFDCE01 t=108048 grDrawTriangle#8   vb x=49402100 y=49400900 ooz=00000000 oow=3F800000 rgba=437F0000,437F0000,437F0000,437F0000 st0=437F0000,437F0000,00000000
157 pid=FFFDCE01 t=108048 grDrawTriangle#8   vc x=49401900 y=49400900 ooz=00000000 oow=3F800000 rgba=437F0000,437F0000,437F0000,437F0000 st0=00000000,437F0000,018A93B4
158 pid=FFFDCE01 t=108048 grTexDownloadMipMap#5 tmu=0 addr=00008000 evenodd=3 lod=2..2 aspect=3 format=10 data=00EFB2B8
159 pid=FFFDCE01 t=108049 grTexSource#5 tmu=0 addr=00008000 evenodd=3 lod=2..2 aspect=3 format=10
160 pid=FFFDCE01 t=108049 grDrawTriangle#9 swap=1
161 pid=FFFDCE01 t=108049 grDrawTriangle#9   va x=49402100 y=49400100 ooz=00000000 oow=3F800000 rgba=437F0000,437F0000,437F0000,437F0000 st0=00000000,00000000,00492558
162 pid=FFFDCE01 t=108049 grDrawTriangle#9   vb x=494026F0 y=49400100 ooz=00000000 oow=3F800000 rgba=437F0000,437F0000,437F0000,437F0000 st0=433D4200,00000000,00000000
163 pid=FFFDCE01 t=108049 grDrawTriangle#9   vc x=494026F0 y=49400900 ooz=00000000 oow=3F800000 rgba=437F0000,437F0000,437F0000,437F0000 st0=433D4200,437F0000,00000000
164 pid=FFFDCE01 t=108049 grDrawTriangle#10 swap=1
165 pid=FFFDCE01 t=108049 grDrawTriangle#10   va x=49402100 y=49400100 ooz=00000000 oow=3F800000 rgba=437F0000,437F0000,437F0000,437F0000 st0=00000000,00000000,00492558
166 pid=FFFDCE01 t=108049 grDrawTriangle#10   vb x=494026F0 y=49400900 ooz=00000000 oow=3F800000 rgba=437F0000,437F0000,437F0000,437F0000 st0=433D4200,437F0000,00000000
167 pid=FFFDCE01 t=108049 grDrawTriangle#10   vc x=49402100 y=49400900 ooz=00000000 oow=3F800000 rgba=437F0000,437F0000,437F0000,437F0000 st0=00000000,437F0000,018A93E0
168 pid=FFFDCE01 t=108050 grTexDownloadMipMap#6 tmu=0 addr=0000A000 evenodd=3 lod=2..2 aspect=3 format=10 data=00EFB2B8
169 pid=FFFDCE01 t=108050 grTexSource#6 tmu=0 addr=0000A000 evenodd=3 lod=2..2 aspect=3 format=10
170 pid=FFFDCE01 t=108050 grDrawTriangle#11 swap=1
171 pid=FFFDCE01 t=108050 grDrawTriangle#11   va x=49400100 y=49400900 ooz=00000000 oow=3F800000 rgba=437F0000,437F0000,437F0000,437F0000 st0=00000000,00000000,00492558
172 pid=FFFDCE01 t=108052 grDrawTriangle#11   vb x=49400900 y=49400900 ooz=00000000 oow=3F800000 rgba=437F0000,437F0000,437F0000,437F0000 st0=437F0000,00000000,00000000
173 pid=FFFDCE01 t=108052 grDrawTriangle#11   vc x=49400900 y=49401100 ooz=00000000 oow=3F800000 rgba=437F0000,437F0000,437F0000,437F0000 st0=437F0000,437F0000,00000000
174 pid=FFFDCE01 t=108052 grDrawTriangle#12 swap=1
175 pid=FFFDCE01 t=108052 grDrawTriangle#12   va x=49400100 y=49400900 ooz=00000000 oow=3F800000 rgba=437F0000,437F0000,437F0000,437F0000 st0=00000000,00000000,00492558
176 pid=FFFDCE01 t=108052 grDrawTriangle#12   vb x=49400900 y=49401100 ooz=00000000 oow=3F800000 rgba=437F0000,437F0000,437F0000,437F0000 st0=437F0000,437F0000,00000000
177 pid=FFFDCE01 t=108052 grDrawTriangle#12   vc x=49400100 y=49401100 ooz=00000000 oow=3F800000 rgba=437F0000,437F0000,437F0000,437F0000 st0=00000000,437F0000,018A940C
178 pid=FFFDCE01 t=108052 grTexDownloadMipMap#7 tmu=0 addr=0000C000 evenodd=3 lod=2..2 aspect=3 format=10 data=00EFB2B8
179 pid=FFFDCE01 t=108052 grTexSource#7 tmu=0 addr=0000C000 evenodd=3 lod=2..2 aspect=3 format=10
180 pid=FFFDCE01 t=108053 grDrawTriangle#13 swap=1
181 pid=FFFDCE01 t=108053 grDrawTriangle#13   va x=49400900 y=49400900 ooz=00000000 oow=3F800000 rgba=437F0000,437F0000,437F0000,437F0000 st0=00000000,00000000,00492558
182 pid=FFFDCE01 t=108053 grDrawTriangle#13   vb x=49401100 y=49400900 ooz=00000000 oow=3F800000 rgba=437F0000,437F0000,437F0000,437F0000 st0=437F0000,00000000,00000000
183 pid=FFFDCE01 t=108053 grDrawTriangle#13   vc x=49401100 y=49401100 ooz=00000000 oow=3F800000 rgba=437F0000,437F0000,437F0000,437F0000 st0=437F0000,437F0000,00000000
184 pid=FFFDCE01 t=108053 grDrawTriangle#14 swap=1
185 pid=FFFDCE01 t=108053 grDrawTriangle#14   va x=49400900 y=49400900 ooz=00000000 oow=3F800000 rgba=437F0000,437F0000,437F0000,437F0000 st0=00000000,00000000,00492558
186 pid=FFFDCE01 t=108053 grDrawTriangle#14   vb x=49401100 y=49401100 ooz=00000000 oow=3F800000 rgba=437F0000,437F0000,437F0000,437F0000 st0=437F0000,437F0000,00000000
187 pid=FFFDCE01 t=108053 grDrawTriangle#14   vc x=49400900 y=49401100 ooz=00000000 oow=3F800000 rgba=437F0000,437F0000,437F0000,437F0000 st0=00000000,437F0000,018A9438
188 pid=FFFDCE01 t=108053 grTexDownloadMipMap#8 tmu=0 addr=0000E000 evenodd=3 lod=2..2 aspect=3 format=10 data=00EFB2B8
189 pid=FFFDCE01 t=108053 grTexSource#8 tmu=0 addr=0000E000 evenodd=3 lod=2..2 aspect=3 format=10
190 pid=FFFDCE01 t=108053 grDrawTriangle#15 swap=1
191 pid=FFFDCE01 t=108053 grDrawTriangle#15   va x=49401100 y=49400900 ooz=00000000 oow=3F800000 rgba=437F0000,437F0000,437F0000,437F0000 st0=00000000,00000000,00492558
192 pid=FFFDCE01 t=108054 grDrawTriangle#15   vb x=49401900 y=49400900 ooz=00000000 oow=3F800000 rgba=437F0000,437F0000,437F0000,437F0000 st0=437F0000,00000000,00000000
193 pid=FFFDCE01 t=108054 grDrawTriangle#15   vc x=49401900 y=49401100 ooz=00000000 oow=3F800000 rgba=437F0000,437F0000,437F0000,437F0000 st0=437F0000,437F0000,00000000
194 pid=FFFDCE01 t=108054 grDrawTriangle#16 swap=1
195 pid=FFFDCE01 t=108054 grDrawTriangle#16   va x=49401100 y=49400900 ooz=00000000 oow=3F800000 rgba=437F0000,437F0000,437F0000,437F0000 st0=00000000,00000000,00492558
196 pid=FFFDCE01 t=108054 grDrawTriangle#16   vb x=49401900 y=49401100 ooz=00000000 oow=3F800000 rgba=437F0000,437F0000,437F0000,437F0000 st0=437F0000,437F0000,00000000
197 pid=FFFDCE01 t=108054 grDrawTriangle#16   vc x=49401100 y=49401100 ooz=00000000 oow=3F800000 rgba=437F0000,437F0000,437F0000,437F0000 st0=00000000,437F0000,018A9464
198 pid=FFFDCE01 t=108054 grTexDownloadMipMap#9 tmu=0 addr=00010000 evenodd=3 lod=2..2 aspect=3 format=10 data=00EFB2B8
199 pid=FFFDCE01 t=108054 grTexSource#9 tmu=0 addr=00010000 evenodd=3 lod=2..2 aspect=3 format=10
200 pid=FFFDCE01 t=108055 grDrawTriangle#17 swap=1
201 pid=FFFDCE01 t=108055 grDrawTriangle#17   va x=49401900 y=49400900 ooz=00000000 oow=3F800000 rgba=437F0000,437F0000,437F0000,437F0000 st0=00000000,00000000,00492558
202 pid=FFFDCE01 t=108055 grDrawTriangle#17   vb x=49402100 y=49400900 ooz=00000000 oow=3F800000 rgba=437F0000,437F0000,437F0000,437F0000 st0=437F0000,00000000,00000000
203 pid=FFFDCE01 t=108055 grDrawTriangle#17   vc x=49402100 y=49401100 ooz=00000000 oow=3F800000 rgba=437F0000,437F0000,437F0000,437F0000 st0=437F0000,437F0000,00000000
204 pid=FFFDCE01 t=108055 grDrawTriangle#18 swap=1
205 pid=FFFDCE01 t=108055 grDrawTriangle#18   va x=49401900 y=49400900 ooz=00000000 oow=3F800000 rgba=437F0000,437F0000,437F0000,437F0000 st0=00000000,00000000,00492558
206 pid=FFFDCE01 t=108055 grDrawTriangle#18   vb x=49402100 y=49401100 ooz=00000000 oow=3F800000 rgba=437F0000,437F0000,437F0000,437F0000 st0=437F0000,437F0000,00000000
207 pid=FFFDCE01 t=108055 grDrawTriangle#18   vc x=49401900 y=49401100 ooz=00000000 oow=3F800000 rgba=437F0000,437F0000,437F0000,437F0000 st0=00000000,437F0000,018A9490
208 pid=FFFDCE01 t=108056 grTexDownloadMipMap#10 tmu=0 addr=00012000 evenodd=3 lod=2..2 aspect=3 format=10 data=00EFB2B8
209 pid=FFFDCE01 t=108056 grTexSource#10 tmu=0 addr=00012000 evenodd=3 lod=2..2 aspect=3 format=10
210 pid=FFFDCE01 t=108056 grDrawTriangle#19 swap=1
211 pid=FFFDCE01 t=108056 grDrawTriangle#19   va x=49402100 y=49400900 ooz=00000000 oow=3F800000 rgba=437F0000,437F0000,437F0000,437F0000 st0=00000000,00000000,00492558
212 pid=FFFDCE01 t=108056 grDrawTriangle#19   vb x=494026F0 y=49400900 ooz=00000000 oow=3F800000 rgba=437F0000,437F0000,437F0000,437F0000 st0=433D4200,00000000,00000000
213 pid=FFFDCE01 t=108056 grDrawTriangle#19   vc x=494026F0 y=49401100 ooz=00000000 oow=3F800000 rgba=437F0000,437F0000,437F0000,437F0000 st0=433D4200,437F0000,00000000
214 pid=FFFDCE01 t=108056 grDrawTriangle#20 swap=1
215 pid=FFFDCE01 t=108057 grDrawTriangle#20   va x=49402100 y=49400900 ooz=00000000 oow=3F800000 rgba=437F0000,437F0000,437F0000,437F0000 st0=00000000,00000000,00492558
216 pid=FFFDCE01 t=108057 grDrawTriangle#20   vb x=494026F0 y=49401100 ooz=00000000 oow=3F800000 rgba=437F0000,437F0000,437F0000,437F0000 st0=433D4200,437F0000,00000000
217 pid=FFFDCE01 t=108057 grDrawTriangle#20   vc x=49402100 y=49401100 ooz=00000000 oow=3F800000 rgba=437F0000,437F0000,437F0000,437F0000 st0=00000000,437F0000,018A94BC
218 pid=FFFDCE01 t=108057 grTexDownloadMipMap#11 tmu=0 addr=00014000 evenodd=3 lod=2..2 aspect=3 format=10 data=00EFB2B8
219 pid=FFFDCE01 t=108057 grTexSource#11 tmu=0 addr=00014000 evenodd=3 lod=2..2 aspect=3 format=10
220 pid=FFFDCE01 t=108058 grDrawTriangle#21 swap=1
221 pid=FFFDCE01 t=108058 grDrawTriangle#21   va x=49400100 y=49401100 ooz=00000000 oow=3F800000 rgba=437F0000,437F0000,437F0000,437F0000 st0=00000000,00000000,00492558
222 pid=FFFDCE01 t=108058 grDrawTriangle#21   vb x=49400900 y=49401100 ooz=00000000 oow=3F800000 rgba=437F0000,437F0000,437F0000,437F0000 st0=437F0000,00000000,00000000
223 pid=FFFDCE01 t=108058 grDrawTriangle#21   vc x=49400900 y=49401900 ooz=00000000 oow=3F800000 rgba=437F0000,437F0000,437F0000,437F0000 st0=437F0000,437F0000,00000000
224 pid=FFFDCE01 t=108058 grDrawTriangle#22 swap=1
225 pid=FFFDCE01 t=108058 grDrawTriangle#22   va x=49400100 y=49401100 ooz=00000000 oow=3F800000 rgba=437F0000,437F0000,437F0000,437F0000 st0=00000000,00000000,00492558
226 pid=FFFDCE01 t=108058 grDrawTriangle#22   vb x=49400900 y=49401900 ooz=00000000 oow=3F800000 rgba=437F0000,437F0000,437F0000,437F0000 st0=437F0000,437F0000,00000000
227 pid=FFFDCE01 t=108058 grDrawTriangle#22   vc x=49400100 y=49401900 ooz=00000000 oow=3F800000 rgba=437F0000,437F0000,437F0000,437F0000 st0=00000000,437F0000,018A94E8
228 pid=FFFDCE01 t=108058 grTexDownloadMipMap#12 tmu=0 addr=00016000 evenodd=3 lod=2..2 aspect=3 format=10 data=00EFB2B8
229 pid=FFFDCE01 t=108059 grTexSource#12 tmu=0 addr=00016000 evenodd=3 lod=2..2 aspect=3 format=10
230 pid=FFFDCE01 t=108059 grDrawTriangle#23 swap=1
231 pid=FFFDCE01 t=108059 grDrawTriangle#23   va x=49400900 y=49401100 ooz=00000000 oow=3F800000 rgba=437F0000,437F0000,437F0000,437F0000 st0=00000000,00000000,00492558
232 pid=FFFDCE01 t=108059 grDrawTriangle#23   vb x=49401100 y=49401100 ooz=00000000 oow=3F800000 rgba=437F0000,437F0000,437F0000,437F0000 st0=437F0000,00000000,00000000
233 pid=FFFDCE01 t=108059 grDrawTriangle#23   vc x=49401100 y=49401900 ooz=00000000 oow=3F800000 rgba=437F0000,437F0000,437F0000,437F0000 st0=437F0000,437F0000,00000000
234 pid=FFFDCE01 t=108059 grDrawTriangle#24 swap=1
235 pid=FFFDCE01 t=108059 grDrawTriangle#24   va x=49400900 y=49401100 ooz=00000000 oow=3F800000 rgba=437F0000,437F0000,437F0000,437F0000 st0=00000000,00000000,00492558
236 pid=FFFDCE01 t=108059 grDrawTriangle#24   vb x=49401100 y=49401900 ooz=00000000 oow=3F800000 rgba=437F0000,437F0000,437F0000,437F0000 st0=437F0000,437F0000,00000000
237 pid=FFFDCE01 t=108059 grDrawTriangle#24   vc x=49400900 y=49401900 ooz=00000000 oow=3F800000 rgba=437F0000,437F0000,437F0000,437F0000 st0=00000000,437F0000,018A9514
238 pid=FFFDCE01 t=108061 grTexDownloadMipMap#13 tmu=0 addr=00018000 evenodd=3 lod=2..2 aspect=3 format=10 data=00EFB2B8
239 pid=FFFDCE01 t=108061 grTexSource#13 tmu=0 addr=00018000 evenodd=3 lod=2..2 aspect=3 format=10
240 pid=FFFDCE01 t=108061 grDrawTriangle#25 swap=1
241 pid=FFFDCE01 t=108061 grDrawTriangle#25   va x=49401100 y=49401100 ooz=00000000 oow=3F800000 rgba=437F0000,437F0000,437F0000,437F0000 st0=00000000,00000000,00492558
242 pid=FFFDCE01 t=108061 grDrawTriangle#25   vb x=49401900 y=49401100 ooz=00000000 oow=3F800000 rgba=437F0000,437F0000,437F0000,437F0000 st0=437F0000,00000000,00000000
243 pid=FFFDCE01 t=108061 grDrawTriangle#25   vc x=49401900 y=49401900 ooz=00000000 oow=3F800000 rgba=437F0000,437F0000,437F0000,437F0000 st0=437F0000,437F0000,00000000
244 pid=FFFDCE01 t=108061 grDrawTriangle#26 swap=1
245 pid=FFFDCE01 t=108061 grDrawTriangle#26   va x=49401100 y=49401100 ooz=00000000 oow=3F800000 rgba=437F0000,437F0000,437F0000,437F0000 st0=00000000,00000000,00492558
246 pid=FFFDCE01 t=108061 grDrawTriangle#26   vb x=49401900 y=49401900 ooz=00000000 oow=3F800000 rgba=437F0000,437F0000,437F0000,437F0000 st0=437F0000,437F0000,00000000
247 pid=FFFDCE01 t=108061 grDrawTriangle#26   vc x=49401100 y=49401900 ooz=00000000 oow=3F800000 rgba=437F0000,437F0000,437F0000,437F0000 st0=00000000,437F0000,018A9540
248 pid=FFFDCE01 t=108061 grTexDownloadMipMap#14 tmu=0 addr=0001A000 evenodd=3 lod=2..2 aspect=3 format=10 data=00EFB2B8
249 pid=FFFDCE01 t=108061 grTexSource#14 tmu=0 addr=0001A000 evenodd=3 lod=2..2 aspect=3 format=10
250 pid=FFFDCE01 t=108062 grDrawTriangle#27 swap=1
251 pid=FFFDCE01 t=108062 grDrawTriangle#27   va x=49401900 y=49401100 ooz=00000000 oow=3F800000 rgba=437F0000,437F0000,437F0000,437F0000 st0=00000000,00000000,00492558
252 pid=FFFDCE01 t=108062 grDrawTriangle#27   vb x=49402100 y=49401100 ooz=00000000 oow=3F800000 rgba=437F0000,437F0000,437F0000,437F0000 st0=437F0000,00000000,00000000
253 pid=FFFDCE01 t=108062 grDrawTriangle#27   vc x=49402100 y=49401900 ooz=00000000 oow=3F800000 rgba=437F0000,437F0000,437F0000,437F0000 st0=437F0000,437F0000,00000000
254 pid=FFFDCE01 t=108062 grDrawTriangle#28 swap=1
255 pid=FFFDCE01 t=108062 grDrawTriangle#28   va x=49401900 y=49401100 ooz=00000000 oow=3F800000 rgba=437F0000,437F0000,437F0000,437F0000 st0=00000000,00000000,00492558
256 pid=FFFDCE01 t=108062 grDrawTriangle#28   vb x=49402100 y=49401900 ooz=00000000 oow=3F800000 rgba=437F0000,437F0000,437F0000,437F0000 st0=437F0000,437F0000,00000000
257 pid=FFFDCE01 t=108062 grDrawTriangle#28   vc x=49401900 y=49401900 ooz=00000000 oow=3F800000 rgba=437F0000,437F0000,437F0000,437F0000 st0=00000000,437F0000,018A956C
258 pid=FFFDCE01 t=108063 grTexDownloadMipMap#15 tmu=0 addr=0001C000 evenodd=3 lod=2..2 aspect=3 format=10 data=00EFB2B8
259 pid=FFFDCE01 t=108063 grTexSource#15 tmu=0 addr=0001C000 evenodd=3 lod=2..2 aspect=3 format=10
260 pid=FFFDCE01 t=108063 grDrawTriangle#29 swap=1
261 pid=FFFDCE01 t=108063 grDrawTriangle#29   va x=49402100 y=49401100 ooz=00000000 oow=3F800000 rgba=437F0000,437F0000,437F0000,437F0000 st0=00000000,00000000,00492558
262 pid=FFFDCE01 t=108063 grDrawTriangle#29   vb x=494026F0 y=49401100 ooz=00000000 oow=3F800000 rgba=437F0000,437F0000,437F0000,437F0000 st0=433D4200,00000000,00000000
263 pid=FFFDCE01 t=108064 grDrawTriangle#29   vc x=494026F0 y=49401900 ooz=00000000 oow=3F800000 rgba=437F0000,437F0000,437F0000,437F0000 st0=433D4200,437F0000,00000000
264 pid=FFFDCE01 t=108064 grDrawTriangle#30 swap=1
265 pid=FFFDCE01 t=108064 grDrawTriangle#30   va x=49402100 y=49401100 ooz=00000000 oow=3F800000 rgba=437F0000,437F0000,437F0000,437F0000 st0=00000000,00000000,00492558
266 pid=FFFDCE01 t=108064 grDrawTriangle#30   vb x=494026F0 y=49401900 ooz=00000000 oow=3F800000 rgba=437F0000,437F0000,437F0000,437F0000 st0=433D4200,437F0000,00000000
267 pid=FFFDCE01 t=108064 grDrawTriangle#30   vc x=49402100 y=49401900 ooz=00000000 oow=3F800000 rgba=437F0000,437F0000,437F0000,437F0000 st0=00000000,437F0000,018A9598
268 pid=FFFDCE01 t=108064 grTexDownloadMipMap#16 tmu=0 addr=0001E000 evenodd=3 lod=2..2 aspect=3 format=10 data=00EFB2B8
269 pid=FFFDCE01 t=108064 grTexSource#16 tmu=0 addr=0001E000 evenodd=3 lod=2..2 aspect=3 format=10
270 pid=FFFDCE01 t=108065 grDrawTriangle#31 swap=1
271 pid=FFFDCE01 t=108065 grDrawTriangle#31   va x=49400100 y=49401900 ooz=00000000 oow=3F800000 rgba=437F0000,437F0000,437F0000,437F0000 st0=00000000,00000000,00492558
272 pid=FFFDCE01 t=108065 grDrawTriangle#31   vb x=49400900 y=49401900 ooz=00000000 oow=3F800000 rgba=437F0000,437F0000,437F0000,437F0000 st0=437F0000,00000000,00000000
273 pid=FFFDCE01 t=108065 grDrawTriangle#31   vc x=49400900 y=49401CF0 ooz=00000000 oow=3F800000 rgba=437F0000,437F0000,437F0000,437F0000 st0=437F0000,42FB0400,00000000
274 pid=FFFDCE01 t=108065 grDrawTriangle#32 swap=1
275 pid=FFFDCE01 t=108065 grDrawTriangle#32   va x=49400100 y=49401900 ooz=00000000 oow=3F800000 rgba=437F0000,437F0000,437F0000,437F0000 st0=00000000,00000000,00492558
276 pid=FFFDCE01 t=108065 grDrawTriangle#32   vb x=49400900 y=49401CF0 ooz=00000000 oow=3F800000 rgba=437F0000,437F0000,437F0000,437F0000 st0=437F0000,42FB0400,00000000
277 pid=FFFDCE01 t=108065 grDrawTriangle#32   vc x=49400100 y=49401CF0 ooz=00000000 oow=3F800000 rgba=437F0000,437F0000,437F0000,437F0000 st0=00000000,42FB0400,018A95C4
278 pid=FFFDCE01 t=108066 grTexDownloadMipMap#17 tmu=0 addr=00020000 evenodd=3 lod=2..2 aspect=3 format=10 data=00EFB2B8
279 pid=FFFDCE01 t=108066 grTexSource#17 tmu=0 addr=00020000 evenodd=3 lod=2..2 aspect=3 format=10
280 pid=FFFDCE01 t=108066 grDrawTriangle#33 swap=1
281 pid=FFFDCE01 t=108066 grDrawTriangle#33   va x=49400900 y=49401900 ooz=00000000 oow=3F800000 rgba=437F0000,437F0000,437F0000,437F0000 st0=00000000,00000000,00492558
282 pid=FFFDCE01 t=108066 grDrawTriangle#33   vb x=49401100 y=49401900 ooz=00000000 oow=3F800000 rgba=437F0000,437F0000,437F0000,437F0000 st0=437F0000,00000000,00000000
283 pid=FFFDCE01 t=108066 grDrawTriangle#33   vc x=49401100 y=49401CF0 ooz=00000000 oow=3F800000 rgba=437F0000,437F0000,437F0000,437F0000 st0=437F0000,42FB0400,00000000
284 pid=FFFDCE01 t=108066 grDrawTriangle#34 swap=1
285 pid=FFFDCE01 t=108066 grDrawTriangle#34   va x=49400900 y=49401900 ooz=00000000 oow=3F800000 rgba=437F0000,437F0000,437F0000,437F0000 st0=00000000,00000000,00492558
286 pid=FFFDCE01 t=108066 grDrawTriangle#34   vb x=49401100 y=49401CF0 ooz=00000000 oow=3F800000 rgba=437F0000,437F0000,437F0000,437F0000 st0=437F0000,42FB0400,00000000
287 pid=FFFDCE01 t=108067 grDrawTriangle#34   vc x=49400900 y=49401CF0 ooz=00000000 oow=3F800000 rgba=437F0000,437F0000,437F0000,437F0000 st0=00000000,42FB0400,018A95F0
288 pid=FFFDCE01 t=108067 grTexDownloadMipMap#18 tmu=0 addr=00022000 evenodd=3 lod=2..2 aspect=3 format=10 data=00EFB2B8
289 pid=FFFDCE01 t=108067 grTexSource#18 tmu=0 addr=00022000 evenodd=3 lod=2..2 aspect=3 format=10
290 pid=FFFDCE01 t=108067 grDrawTriangle#35 swap=1
291 pid=FFFDCE01 t=108067 grDrawTriangle#35   va x=49401100 y=49401900 ooz=00000000 oow=3F800000 rgba=437F0000,437F0000,437F0000,437F0000 st0=00000000,00000000,00492558
292 pid=FFFDCE01 t=108069 grDrawTriangle#35   vb x=49401900 y=49401900 ooz=00000000 oow=3F800000 rgba=437F0000,437F0000,437F0000,437F0000 st0=437F0000,00000000,00000000
293 pid=FFFDCE01 t=108069 grDrawTriangle#35   vc x=49401900 y=49401CF0 ooz=00000000 oow=3F800000 rgba=437F0000,437F0000,437F0000,437F0000 st0=437F0000,42FB0400,00000000
294 pid=FFFDCE01 t=108069 grDrawTriangle#36 swap=1
295 pid=FFFDCE01 t=108069 grDrawTriangle#36   va x=49401100 y=49401900 ooz=00000000 oow=3F800000 rgba=437F0000,437F0000,437F0000,437F0000 st0=00000000,00000000,00492558
296 pid=FFFDCE01 t=108069 grDrawTriangle#36   vb x=49401900 y=49401CF0 ooz=00000000 oow=3F800000 rgba=437F0000,437F0000,437F0000,437F0000 st0=437F0000,42FB0400,00000000
297 pid=FFFDCE01 t=108069 grDrawTriangle#36   vc x=49401100 y=49401CF0 ooz=00000000 oow=3F800000 rgba=437F0000,437F0000,437F0000,437F0000 st0=00000000,42FB0400,018A961C
298 pid=FFFDCE01 t=108069 grTexDownloadMipMap#19 tmu=0 addr=00024000 evenodd=3 lod=2..2 aspect=3 format=10 data=00EFB2B8
299 pid=FFFDCE01 t=108069 grTexSource#19 tmu=0 addr=00024000 evenodd=3 lod=2..2 aspect=3 format=10
300 pid=FFFDCE01 t=108069 grDrawTriangle#37 swap=1
301 pid=FFFDCE01 t=108069 grDrawTriangle#37   va x=49401900 y=49401900 ooz=00000000 oow=3F800000 rgba=437F0000,437F0000,437F0000,437F0000 st0=00000000,00000000,00492558
302 pid=FFFDCE01 t=108069 grDrawTriangle#37   vb x=49402100 y=49401900 ooz=00000000 oow=3F800000 rgba=437F0000,437F0000,437F0000,437F0000 st0=437F0000,00000000,00000000
303 pid=FFFDCE01 t=108069 grDrawTriangle#37   vc x=49402100 y=49401CF0 ooz=00000000 oow=3F800000 rgba=437F0000,437F0000,437F0000,437F0000 st0=437F0000,42FB0400,00000000
304 pid=FFFDCE01 t=108069 grDrawTriangle#38 swap=1
305 pid=FFFDCE01 t=108069 grDrawTriangle#38   va x=49401900 y=49401900 ooz=00000000 oow=3F800000 rgba=437F0000,437F0000,437F0000,437F0000 st0=00000000,00000000,00492558
306 pid=FFFDCE01 t=108069 grDrawTriangle#38   vb x=49402100 y=49401CF0 ooz=00000000 oow=3F800000 rgba=437F0000,437F0000,437F0000,437F0000 st0=437F0000,42FB0400,00000000
307 pid=FFFDCE01 t=108069 grDrawTriangle#38   vc x=49401900 y=49401CF0 ooz=00000000 oow=3F800000 rgba=437F0000,437F0000,437F0000,437F0000 st0=00000000,42FB0400,018A9648
308 pid=FFFDCE01 t=108070 grTexDownloadMipMap#20 tmu=0 addr=00026000 evenodd=3 lod=2..2 aspect=3 format=10 data=00EFB2B8
309 pid=FFFDCE01 t=108070 grTexSource#20 tmu=0 addr=00026000 evenodd=3 lod=2..2 aspect=3 format=10
310 pid=FFFDCE01 t=108070 grDrawTriangle#39 swap=1
311 pid=FFFDCE01 t=108070 grDrawTriangle#39   va x=49402100 y=49401900 ooz=00000000 oow=3F800000 rgba=437F0000,437F0000,437F0000,437F0000 st0=00000000,00000000,00492558
312 pid=FFFDCE01 t=108070 grDrawTriangle#39   vb x=494026F0 y=49401900 ooz=00000000 oow=3F800000 rgba=437F0000,437F0000,437F0000,437F0000 st0=433D4200,00000000,00000000
313 pid=FFFDCE01 t=108070 grDrawTriangle#39   vc x=494026F0 y=49401CF0 ooz=00000000 oow=3F800000 rgba=437F0000,437F0000,437F0000,437F0000 st0=433D4200,42FB0400,00000000
314 pid=FFFDCE01 t=108071 grDrawTriangle#40 swap=1
315 pid=FFFDCE01 t=108071 grDrawTriangle#40   va x=49402100 y=49401900 ooz=00000000 oow=3F800000 rgba=437F0000,437F0000,437F0000,437F0000 st0=00000000,00000000,00492558
316 pid=FFFDCE01 t=108071 grDrawTriangle#40   vb x=494026F0 y=49401CF0 ooz=00000000 oow=3F800000 rgba=437F0000,437F0000,437F0000,437F0000 st0=433D4200,42FB0400,00000000
317 pid=FFFDCE01 t=108071 grDrawTriangle#40   vc x=49402100 y=49401CF0 ooz=00000000 oow=3F800000 rgba=437F0000,437F0000,437F0000,437F0000 st0=00000000,42FB0400,018A9674
318 pid=FFFDCE01 t=108071 grBufferSwap#2 interval=1
319 pid=FFFDCE01 t=108072 capture frame after swap 2
320 pid=FFFDCE01 t=108074 grRenderBuffer#12 buffer=1
321 pid=FFFDCE01 t=108074 grBufferClear#9 color=00000000 alpha=00 depth=FFFF
322 pid=FFFDCE01 t=108220 grTexDownloadMipMap#21 tmu=0 addr=00000000 evenodd=3 lod=2..2 aspect=3 format=10 data=00EFB2B8
323 pid=FFFDCE01 t=108220 grTexSource#21 tmu=0 addr=00000000 evenodd=3 lod=2..2 aspect=3 format=10
324 pid=FFFDCE01 t=108220 grDrawTriangle#41 swap=2
325 pid=FFFDCE01 t=108220 grDrawTriangle#41   va x=49400100 y=49400100 ooz=00000000 oow=3F800000 rgba=437F0000,437F0000,437F0000,437F0000 st0=00000000,00000000,00492558
326 pid=FFFDCE01 t=108220 grDrawTriangle#41   vb x=49400900 y=49400100 ooz=00000000 oow=3F800000 rgba=437F0000,437F0000,437F0000,437F0000 st0=437F0000,00000000,00000000
327 pid=FFFDCE01 t=108220 grDrawTriangle#41   vc x=49400900 y=49400900 ooz=00000000 oow=3F800000 rgba=437F0000,437F0000,437F0000,437F0000 st0=437F0000,437F0000,00000000
328 pid=FFFDCE01 t=108220 grDrawTriangle#42 swap=2
329 pid=FFFDCE01 t=108220 grDrawTriangle#42   va x=49400100 y=49400100 ooz=00000000 oow=3F800000 rgba=437F0000,437F0000,437F0000,437F0000 st0=00000000,00000000,00492558
330 pid=FFFDCE01 t=108220 grDrawTriangle#42   vb x=49400900 y=49400900 ooz=00000000 oow=3F800000 rgba=437F0000,437F0000,437F0000,437F0000 st0=437F0000,437F0000,00000000
331 pid=FFFDCE01 t=108220 grDrawTriangle#42   vc x=49400100 y=49400900 ooz=00000000 oow=3F800000 rgba=437F0000,437F0000,437F0000,437F0000 st0=00000000,437F0000,018A9330
332 pid=FFFDCE01 t=108220 grTexDownloadMipMap#22 tmu=0 addr=00002000 evenodd=3 lod=2..2 aspect=3 format=10 data=00EFB2B8
333 pid=FFFDCE01 t=108220 grTexSource#22 tmu=0 addr=00002000 evenodd=3 lod=2..2 aspect=3 format=10
334 pid=FFFDCE01 t=108221 grDrawTriangle#43 swap=2
335 pid=FFFDCE01 t=108221 grDrawTriangle#43   va x=49400900 y=49400100 ooz=00000000 oow=3F800000 rgba=437F0000,437F0000,437F0000,437F0000 st0=00000000,00000000,00492558
336 pid=FFFDCE01 t=108221 grDrawTriangle#43   vb x=49401100 y=49400100 ooz=00000000 oow=3F800000 rgba=437F0000,437F0000,437F0000,437F0000 st0=437F0000,00000000,00000000
337 pid=FFFDCE01 t=108221 grDrawTriangle#43   vc x=49401100 y=49400900 ooz=00000000 oow=3F800000 rgba=437F0000,437F0000,437F0000,437F0000 st0=437F0000,437F0000,00000000
338 pid=FFFDCE01 t=108221 grDrawTriangle#44 swap=2
339 pid=FFFDCE01 t=108221 grDrawTriangle#44   va x=49400900 y=49400100 ooz=00000000 oow=3F800000 rgba=437F0000,437F0000,437F0000,437F0000 st0=00000000,00000000,00492558
340 pid=FFFDCE01 t=108221 grDrawTriangle#44   vb x=49401100 y=49400900 ooz=00000000 oow=3F800000 rgba=437F0000,437F0000,437F0000,437F0000 st0=437F0000,437F0000,00000000
341 pid=FFFDCE01 t=108221 grDrawTriangle#44   vc x=49400900 y=49400900 ooz=00000000 oow=3F800000 rgba=437F0000,437F0000,437F0000,437F0000 st0=00000000,437F0000,018A935C
342 pid=FFFDCE01 t=108222 grTexDownloadMipMap#23 tmu=0 addr=00004000 evenodd=3 lod=2..2 aspect=3 format=10 data=00EFB2B8
343 pid=FFFDCE01 t=108222 grTexSource#23 tmu=0 addr=00004000 evenodd=3 lod=2..2 aspect=3 format=10
344 pid=FFFDCE01 t=108222 grDrawTriangle#45 swap=2
345 pid=FFFDCE01 t=108223 grDrawTriangle#45   va x=49401100 y=49400100 ooz=00000000 oow=3F800000 rgba=437F0000,437F0000,437F0000,437F0000 st0=00000000,00000000,00492558
346 pid=FFFDCE01 t=108223 grDrawTriangle#45   vb x=49401900 y=49400100 ooz=00000000 oow=3F800000 rgba=437F0000,437F0000,437F0000,437F0000 st0=437F0000,00000000,00000000
347 pid=FFFDCE01 t=108223 grDrawTriangle#45   vc x=49401900 y=49400900 ooz=00000000 oow=3F800000 rgba=437F0000,437F0000,437F0000,437F0000 st0=437F0000,437F0000,00000000
348 pid=FFFDCE01 t=108223 grDrawTriangle#46 swap=2
349 pid=FFFDCE01 t=108223 grDrawTriangle#46   va x=49401100 y=49400100 ooz=00000000 oow=3F800000 rgba=437F0000,437F0000,437F0000,437F0000 st0=00000000,00000000,00492558
350 pid=FFFDCE01 t=108223 grDrawTriangle#46   vb x=49401900 y=49400900 ooz=00000000 oow=3F800000 rgba=437F0000,437F0000,437F0000,437F0000 st0=437F0000,437F0000,00000000
351 pid=FFFDCE01 t=108223 grDrawTriangle#46   vc x=49401100 y=49400900 ooz=00000000 oow=3F800000 rgba=437F0000,437F0000,437F0000,437F0000 st0=00000000,437F0000,018A9388
352 pid=FFFDCE01 t=108223 grTexDownloadMipMap#24 tmu=0 addr=00006000 evenodd=3 lod=2..2 aspect=3 format=10 data=00EFB2B8
353 pid=FFFDCE01 t=108225 grTexSource#24 tmu=0 addr=00006000 evenodd=3 lod=2..2 aspect=3 format=10
354 pid=FFFDCE01 t=108225 grDrawTriangle#47 swap=2
355 pid=FFFDCE01 t=108225 grDrawTriangle#47   va x=49401900 y=49400100 ooz=00000000 oow=3F800000 rgba=437F0000,437F0000,437F0000,437F0000 st0=00000000,00000000,00492558
356 pid=FFFDCE01 t=108225 grDrawTriangle#47   vb x=49402100 y=49400100 ooz=00000000 oow=3F800000 rgba=437F0000,437F0000,437F0000,437F0000 st0=437F0000,00000000,00000000
357 pid=FFFDCE01 t=108225 grDrawTriangle#47   vc x=49402100 y=49400900 ooz=00000000 oow=3F800000 rgba=437F0000,437F0000,437F0000,437F0000 st0=437F0000,437F0000,00000000
358 pid=FFFDCE01 t=108225 grDrawTriangle#48 swap=2
359 pid=FFFDCE01 t=108225 grDrawTriangle#48   va x=49401900 y=49400100 ooz=00000000 oow=3F800000 rgba=437F0000,437F0000,437F0000,437F0000 st0=00000000,00000000,00492558
360 pid=FFFDCE01 t=108225 grDrawTriangle#48   vb x=49402100 y=49400900 ooz=00000000 oow=3F800000 rgba=437F0000,437F0000,437F0000,437F0000 st0=437F0000,437F0000,00000000
361 pid=FFFDCE01 t=108225 grDrawTriangle#48   vc x=49401900 y=49400900 ooz=00000000 oow=3F800000 rgba=437F0000,437F0000,437F0000,437F0000 st0=00000000,437F0000,018A93B4
362 pid=FFFDCE01 t=108225 grTexDownloadMipMap#25 tmu=0 addr=00008000 evenodd=3 lod=2..2 aspect=3 format=10 data=00EFB2B8
363 pid=FFFDCE01 t=108225 grTexSource#25 tmu=0 addr=00008000 evenodd=3 lod=2..2 aspect=3 format=10
364 pid=FFFDCE01 t=108226 grDrawTriangle#49 swap=2
365 pid=FFFDCE01 t=108226 grDrawTriangle#49   va x=49402100 y=49400100 ooz=00000000 oow=3F800000 rgba=437F0000,437F0000,437F0000,437F0000 st0=00000000,00000000,00492558
366 pid=FFFDCE01 t=108226 grDrawTriangle#49   vb x=494026F0 y=49400100 ooz=00000000 oow=3F800000 rgba=437F0000,437F0000,437F0000,437F0000 st0=433D4200,00000000,00000000
367 pid=FFFDCE01 t=108226 grDrawTriangle#49   vc x=494026F0 y=49400900 ooz=00000000 oow=3F800000 rgba=437F0000,437F0000,437F0000,437F0000 st0=433D4200,437F0000,00000000
368 pid=FFFDCE01 t=108226 grDrawTriangle#50 swap=2
369 pid=FFFDCE01 t=108226 grDrawTriangle#50   va x=49402100 y=49400100 ooz=00000000 oow=3F800000 rgba=437F0000,437F0000,437F0000,437F0000 st0=00000000,00000000,00492558
370 pid=FFFDCE01 t=108226 grDrawTriangle#50   vb x=494026F0 y=49400900 ooz=00000000 oow=3F800000 rgba=437F0000,437F0000,437F0000,437F0000 st0=433D4200,437F0000,00000000
371 pid=FFFDCE01 t=108226 grDrawTriangle#50   vc x=49402100 y=49400900 ooz=00000000 oow=3F800000 rgba=437F0000,437F0000,437F0000,437F0000 st0=00000000,437F0000,018A93E0
372 pid=FFFDCE01 t=108227 grTexDownloadMipMap#26 tmu=0 addr=0000A000 evenodd=3 lod=2..2 aspect=3 format=10 data=00EFB2B8
373 pid=FFFDCE01 t=108227 grTexSource#26 tmu=0 addr=0000A000 evenodd=3 lod=2..2 aspect=3 format=10
374 pid=FFFDCE01 t=108227 grDrawTriangle#51 swap=2
375 pid=FFFDCE01 t=108227 grDrawTriangle#51   va x=49400100 y=49400900 ooz=00000000 oow=3F800000 rgba=437F0000,437F0000,437F0000,437F0000 st0=00000000,00000000,00492558
376 pid=FFFDCE01 t=108227 grDrawTriangle#51   vb x=49400900 y=49400900 ooz=00000000 oow=3F800000 rgba=437F0000,437F0000,437F0000,437F0000 st0=437F0000,00000000,00000000
377 pid=FFFDCE01 t=108227 grDrawTriangle#51   vc x=49400900 y=49401100 ooz=00000000 oow=3F800000 rgba=437F0000,437F0000,437F0000,437F0000 st0=437F0000,437F0000,00000000
378 pid=FFFDCE01 t=108227 grDrawTriangle#52 swap=2
379 pid=FFFDCE01 t=108228 grDrawTriangle#52   va x=49400100 y=49400900 ooz=00000000 oow=3F800000 rgba=437F0000,437F0000,437F0000,437F0000 st0=00000000,00000000,00492558
380 pid=FFFDCE01 t=108228 grDrawTriangle#52   vb x=49400900 y=49401100 ooz=00000000 oow=3F800000 rgba=437F0000,437F0000,437F0000,437F0000 st0=437F0000,437F0000,00000000
381 pid=FFFDCE01 t=108228 grDrawTriangle#52   vc x=49400100 y=49401100 ooz=00000000 oow=3F800000 rgba=437F0000,437F0000,437F0000,437F0000 st0=00000000,437F0000,018A940C
382 pid=FFFDCE01 t=108228 grTexDownloadMipMap#27 tmu=0 addr=0000C000 evenodd=3 lod=2..2 aspect=3 format=10 data=00EFB2B8
383 pid=FFFDCE01 t=108228 grTexSource#27 tmu=0 addr=0000C000 evenodd=3 lod=2..2 aspect=3 format=10
384 pid=FFFDCE01 t=108229 grDrawTriangle#53 swap=2
385 pid=FFFDCE01 t=108229 grDrawTriangle#53   va x=49400900 y=49400900 ooz=00000000 oow=3F800000 rgba=437F0000,437F0000,437F0000,437F0000 st0=00000000,00000000,00492558
386 pid=FFFDCE01 t=108229 grDrawTriangle#53   vb x=49401100 y=49400900 ooz=00000000 oow=3F800000 rgba=437F0000,437F0000,437F0000,437F0000 st0=437F0000,00000000,00000000
387 pid=FFFDCE01 t=108229 grDrawTriangle#53   vc x=49401100 y=49401100 ooz=00000000 oow=3F800000 rgba=437F0000,437F0000,437F0000,437F0000 st0=437F0000,437F0000,00000000
388 pid=FFFDCE01 t=108229 grDrawTriangle#54 swap=2
389 pid=FFFDCE01 t=108229 grDrawTriangle#54   va x=49400900 y=49400900 ooz=00000000 oow=3F800000 rgba=437F0000,437F0000,437F0000,437F0000 st0=00000000,00000000,00492558
390 pid=FFFDCE01 t=108229 grDrawTriangle#54   vb x=49401100 y=49401100 ooz=00000000 oow=3F800000 rgba=437F0000,437F0000,437F0000,437F0000 st0=437F0000,437F0000,00000000
391 pid=FFFDCE01 t=108229 grDrawTriangle#54   vc x=49400900 y=49401100 ooz=00000000 oow=3F800000 rgba=437F0000,437F0000,437F0000,437F0000 st0=00000000,437F0000,018A9438
392 pid=FFFDCE01 t=108230 grTexDownloadMipMap#28 tmu=0 addr=0000E000 evenodd=3 lod=2..2 aspect=3 format=10 data=00EFB2B8
393 pid=FFFDCE01 t=108230 grTexSource#28 tmu=0 addr=0000E000 evenodd=3 lod=2..2 aspect=3 format=10
394 pid=FFFDCE01 t=108230 grDrawTriangle#55 swap=2
395 pid=FFFDCE01 t=108230 grDrawTriangle#55   va x=49401100 y=49400900 ooz=00000000 oow=3F800000 rgba=437F0000,437F0000,437F0000,437F0000 st0=00000000,00000000,00492558
396 pid=FFFDCE01 t=108230 grDrawTriangle#55   vb x=49401900 y=49400900 ooz=00000000 oow=3F800000 rgba=437F0000,437F0000,437F0000,437F0000 st0=437F0000,00000000,00000000
397 pid=FFFDCE01 t=108230 grDrawTriangle#55   vc x=49401900 y=49401100 ooz=00000000 oow=3F800000 rgba=437F0000,437F0000,437F0000,437F0000 st0=437F0000,437F0000,00000000
398 pid=FFFDCE01 t=108231 grDrawTriangle#56 swap=2
399 pid=FFFDCE01 t=108231 grDrawTriangle#56   va x=49401100 y=49400900 ooz=00000000 oow=3F800000 rgba=437F0000,437F0000,437F0000,437F0000 st0=00000000,00000000,00492558
400 pid=FFFDCE01 t=108231 grDrawTriangle#56   vb x=49401900 y=49401100 ooz=00000000 oow=3F800000 rgba=437F0000,437F0000,437F0000,437F0000 st0=437F0000,437F0000,00000000
401 pid=FFFDCE01 t=108231 grDrawTriangle#56   vc x=49401100 y=49401100 ooz=00000000 oow=3F800000 rgba=437F0000,437F0000,437F0000,437F0000 st0=00000000,437F0000,018A9464
402 pid=FFFDCE01 t=108231 grTexDownloadMipMap#29 tmu=0 addr=00010000 evenodd=3 lod=2..2 aspect=3 format=10 data=00EFB2B8
403 pid=FFFDCE01 t=108231 grTexSource#29 tmu=0 addr=00010000 evenodd=3 lod=2..2 aspect=3 format=10
404 pid=FFFDCE01 t=108233 grDrawTriangle#57 swap=2
405 pid=FFFDCE01 t=108233 grDrawTriangle#57   va x=49401900 y=49400900 ooz=00000000 oow=3F800000 rgba=437F0000,437F0000,437F0000,437F0000 st0=00000000,00000000,00492558
406 pid=FFFDCE01 t=108233 grDrawTriangle#57   vb x=49402100 y=49400900 ooz=00000000 oow=3F800000 rgba=437F0000,437F0000,437F0000,437F0000 st0=437F0000,00000000,00000000
407 pid=FFFDCE01 t=108233 grDrawTriangle#57   vc x=49402100 y=49401100 ooz=00000000 oow=3F800000 rgba=437F0000,437F0000,437F0000,437F0000 st0=437F0000,437F0000,00000000
408 pid=FFFDCE01 t=108233 grDrawTriangle#58 swap=2
409 pid=FFFDCE01 t=108233 grDrawTriangle#58   va x=49401900 y=49400900 ooz=00000000 oow=3F800000 rgba=437F0000,437F0000,437F0000,437F0000 st0=00000000,00000000,00492558
410 pid=FFFDCE01 t=108233 grDrawTriangle#58   vb x=49402100 y=49401100 ooz=00000000 oow=3F800000 rgba=437F0000,437F0000,437F0000,437F0000 st0=437F0000,437F0000,00000000
411 pid=FFFDCE01 t=108233 grDrawTriangle#58   vc x=49401900 y=49401100 ooz=00000000 oow=3F800000 rgba=437F0000,437F0000,437F0000,437F0000 st0=00000000,437F0000,018A9490
412 pid=FFFDCE01 t=108233 grTexDownloadMipMap#30 tmu=0 addr=00012000 evenodd=3 lod=2..2 aspect=3 format=10 data=00EFB2B8
413 pid=FFFDCE01 t=108233 grTexSource#30 tmu=0 addr=00012000 evenodd=3 lod=2..2 aspect=3 format=10
414 pid=FFFDCE01 t=108233 grDrawTriangle#59 swap=2
415 pid=FFFDCE01 t=108233 grDrawTriangle#59   va x=49402100 y=49400900 ooz=00000000 oow=3F800000 rgba=437F0000,437F0000,437F0000,437F0000 st0=00000000,00000000,00492558
416 pid=FFFDCE01 t=108234 grDrawTriangle#59   vb x=494026F0 y=49400900 ooz=00000000 oow=3F800000 rgba=437F0000,437F0000,437F0000,437F0000 st0=433D4200,00000000,00000000
417 pid=FFFDCE01 t=108234 grDrawTriangle#59   vc x=494026F0 y=49401100 ooz=00000000 oow=3F800000 rgba=437F0000,437F0000,437F0000,437F0000 st0=433D4200,437F0000,00000000
418 pid=FFFDCE01 t=108234 grDrawTriangle#60 swap=2
419 pid=FFFDCE01 t=108234 grDrawTriangle#60   va x=49402100 y=49400900 ooz=00000000 oow=3F800000 rgba=437F0000,437F0000,437F0000,437F0000 st0=00000000,00000000,00492558
420 pid=FFFDCE01 t=108234 grDrawTriangle#60   vb x=494026F0 y=49401100 ooz=00000000 oow=3F800000 rgba=437F0000,437F0000,437F0000,437F0000 st0=433D4200,437F0000,00000000
421 pid=FFFDCE01 t=108234 grDrawTriangle#60   vc x=49402100 y=49401100 ooz=00000000 oow=3F800000 rgba=437F0000,437F0000,437F0000,437F0000 st0=00000000,437F0000,018A94BC
422 pid=FFFDCE01 t=108234 grTexDownloadMipMap#31 tmu=0 addr=00014000 evenodd=3 lod=2..2 aspect=3 format=10 data=00EFB2B8
423 pid=FFFDCE01 t=108234 grTexSource#31 tmu=0 addr=00014000 evenodd=3 lod=2..2 aspect=3 format=10
424 pid=FFFDCE01 t=108235 grDrawTriangle#61 swap=2
425 pid=FFFDCE01 t=108235 grDrawTriangle#61   va x=49400100 y=49401100 ooz=00000000 oow=3F800000 rgba=437F0000,437F0000,437F0000,437F0000 st0=00000000,00000000,00492558
426 pid=FFFDCE01 t=108235 grDrawTriangle#61   vb x=49400900 y=49401100 ooz=00000000 oow=3F800000 rgba=437F0000,437F0000,437F0000,437F0000 st0=437F0000,00000000,00000000
427 pid=FFFDCE01 t=108235 grDrawTriangle#61   vc x=49400900 y=49401900 ooz=00000000 oow=3F800000 rgba=437F0000,437F0000,437F0000,437F0000 st0=437F0000,437F0000,00000000
428 pid=FFFDCE01 t=108235 grDrawTriangle#62 swap=2
429 pid=FFFDCE01 t=108235 grDrawTriangle#62   va x=49400100 y=49401100 ooz=00000000 oow=3F800000 rgba=437F0000,437F0000,437F0000,437F0000 st0=00000000,00000000,00492558
430 pid=FFFDCE01 t=108235 grDrawTriangle#62   vb x=49400900 y=49401900 ooz=00000000 oow=3F800000 rgba=437F0000,437F0000,437F0000,437F0000 st0=437F0000,437F0000,00000000
431 pid=FFFDCE01 t=108235 grDrawTriangle#62   vc x=49400100 y=49401900 ooz=00000000 oow=3F800000 rgba=437F0000,437F0000,437F0000,437F0000 st0=00000000,437F0000,018A94E8
432 pid=FFFDCE01 t=108236 grTexDownloadMipMap#32 tmu=0 addr=00016000 evenodd=3 lod=2..2 aspect=3 format=10 data=00EFB2B8
433 pid=FFFDCE01 t=108236 grTexSource#32 tmu=0 addr=00016000 evenodd=3 lod=2..2 aspect=3 format=10
434 pid=FFFDCE01 t=108237 grDrawTriangle#63 swap=2
435 pid=FFFDCE01 t=108237 grDrawTriangle#63   va x=49400900 y=49401100 ooz=00000000 oow=3F800000 rgba=437F0000,437F0000,437F0000,437F0000 st0=00000000,00000000,00492558
436 pid=FFFDCE01 t=108237 grDrawTriangle#63   vb x=49401100 y=49401100 ooz=00000000 oow=3F800000 rgba=437F0000,437F0000,437F0000,437F0000 st0=437F0000,00000000,00000000
437 pid=FFFDCE01 t=108237 grDrawTriangle#63   vc x=49401100 y=49401900 ooz=00000000 oow=3F800000 rgba=437F0000,437F0000,437F0000,437F0000 st0=437F0000,437F0000,00000000
438 pid=FFFDCE01 t=108237 grDrawTriangle#64 swap=2
439 pid=FFFDCE01 t=108237 grDrawTriangle#64   va x=49400900 y=49401100 ooz=00000000 oow=3F800000 rgba=437F0000,437F0000,437F0000,437F0000 st0=00000000,00000000,00492558
440 pid=FFFDCE01 t=108237 grDrawTriangle#64   vb x=49401100 y=49401900 ooz=00000000 oow=3F800000 rgba=437F0000,437F0000,437F0000,437F0000 st0=437F0000,437F0000,00000000
441 pid=FFFDCE01 t=108237 grDrawTriangle#64   vc x=49400900 y=49401900 ooz=00000000 oow=3F800000 rgba=437F0000,437F0000,437F0000,437F0000 st0=00000000,437F0000,018A9514
442 pid=FFFDCE01 t=108238 grTexDownloadMipMap#33 tmu=0 addr=00018000 evenodd=3 lod=2..2 aspect=3 format=10 data=00EFB2B8
443 pid=FFFDCE01 t=108238 grTexSource#33 tmu=0 addr=00018000 evenodd=3 lod=2..2 aspect=3 format=10
444 pid=FFFDCE01 t=108238 grDrawTriangle#65 swap=2
445 pid=FFFDCE01 t=108238 grDrawTriangle#65   va x=49401100 y=49401100 ooz=00000000 oow=3F800000 rgba=437F0000,437F0000,437F0000,437F0000 st0=00000000,00000000,00492558
446 pid=FFFDCE01 t=108238 grDrawTriangle#65   vb x=49401900 y=49401100 ooz=00000000 oow=3F800000 rgba=437F0000,437F0000,437F0000,437F0000 st0=437F0000,00000000,00000000
447 pid=FFFDCE01 t=108238 grDrawTriangle#65   vc x=49401900 y=49401900 ooz=00000000 oow=3F800000 rgba=437F0000,437F0000,437F0000,437F0000 st0=437F0000,437F0000,00000000
448 pid=FFFDCE01 t=108238 grDrawTriangle#66 swap=2
449 pid=FFFDCE01 t=108238 grDrawTriangle#66   va x=49401100 y=49401100 ooz=00000000 oow=3F800000 rgba=437F0000,437F0000,437F0000,437F0000 st0=00000000,00000000,00492558
450 pid=FFFDCE01 t=108238 grDrawTriangle#66   vb x=49401900 y=49401900 ooz=00000000 oow=3F800000 rgba=437F0000,437F0000,437F0000,437F0000 st0=437F0000,437F0000,00000000
451 pid=FFFDCE01 t=108239 grDrawTriangle#66   vc x=49401100 y=49401900 ooz=00000000 oow=3F800000 rgba=437F0000,437F0000,437F0000,437F0000 st0=00000000,437F0000,018A9540
452 pid=FFFDCE01 t=108239 grTexDownloadMipMap#34 tmu=0 addr=0001A000 evenodd=3 lod=2..2 aspect=3 format=10 data=00EFB2B8
453 pid=FFFDCE01 t=108239 grTexSource#34 tmu=0 addr=0001A000 evenodd=3 lod=2..2 aspect=3 format=10
454 pid=FFFDCE01 t=108241 grDrawTriangle#67 swap=2
455 pid=FFFDCE01 t=108241 grDrawTriangle#67   va x=49401900 y=49401100 ooz=00000000 oow=3F800000 rgba=437F0000,437F0000,437F0000,437F0000 st0=00000000,00000000,00492558
456 pid=FFFDCE01 t=108241 grDrawTriangle#67   vb x=49402100 y=49401100 ooz=00000000 oow=3F800000 rgba=437F0000,437F0000,437F0000,437F0000 st0=437F0000,00000000,00000000
457 pid=FFFDCE01 t=108241 grDrawTriangle#67   vc x=49402100 y=49401900 ooz=00000000 oow=3F800000 rgba=437F0000,437F0000,437F0000,437F0000 st0=437F0000,437F0000,00000000
458 pid=FFFDCE01 t=108241 grDrawTriangle#68 swap=2
459 pid=FFFDCE01 t=108241 grDrawTriangle#68   va x=49401900 y=49401100 ooz=00000000 oow=3F800000 rgba=437F0000,437F0000,437F0000,437F0000 st0=00000000,00000000,00492558
460 pid=FFFDCE01 t=108241 grDrawTriangle#68   vb x=49402100 y=49401900 ooz=00000000 oow=3F800000 rgba=437F0000,437F0000,437F0000,437F0000 st0=437F0000,437F0000,00000000
461 pid=FFFDCE01 t=108241 grDrawTriangle#68   vc x=49401900 y=49401900 ooz=00000000 oow=3F800000 rgba=437F0000,437F0000,437F0000,437F0000 st0=00000000,437F0000,018A956C
462 pid=FFFDCE01 t=108241 grTexDownloadMipMap#35 tmu=0 addr=0001C000 evenodd=3 lod=2..2 aspect=3 format=10 data=00EFB2B8
463 pid=FFFDCE01 t=108241 grTexSource#35 tmu=0 addr=0001C000 evenodd=3 lod=2..2 aspect=3 format=10
464 pid=FFFDCE01 t=108241 grDrawTriangle#69 swap=2
465 pid=FFFDCE01 t=108241 grDrawTriangle#69   va x=49402100 y=49401100 ooz=00000000 oow=3F800000 rgba=437F0000,437F0000,437F0000,437F0000 st0=00000000,00000000,00492558
466 pid=FFFDCE01 t=108241 grDrawTriangle#69   vb x=494026F0 y=49401100 ooz=00000000 oow=3F800000 rgba=437F0000,437F0000,437F0000,437F0000 st0=433D4200,00000000,00000000
467 pid=FFFDCE01 t=108241 grDrawTriangle#69   vc x=494026F0 y=49401900 ooz=00000000 oow=3F800000 rgba=437F0000,437F0000,437F0000,437F0000 st0=433D4200,437F0000,00000000
468 pid=FFFDCE01 t=108241 grDrawTriangle#70 swap=2
469 pid=FFFDCE01 t=108242 grDrawTriangle#70   va x=49402100 y=49401100 ooz=00000000 oow=3F800000 rgba=437F0000,437F0000,437F0000,437F0000 st0=00000000,00000000,00492558
470 pid=FFFDCE01 t=108242 grDrawTriangle#70   vb x=494026F0 y=49401900 ooz=00000000 oow=3F800000 rgba=437F0000,437F0000,437F0000,437F0000 st0=433D4200,437F0000,00000000
471 pid=FFFDCE01 t=108242 grDrawTriangle#70   vc x=49402100 y=49401900 ooz=00000000 oow=3F800000 rgba=437F0000,437F0000,437F0000,437F0000 st0=00000000,437F0000,018A9598
472 pid=FFFDCE01 t=108242 grTexDownloadMipMap#36 tmu=0 addr=0001E000 evenodd=3 lod=2..2 aspect=3 format=10 data=00EFB2B8
473 pid=FFFDCE01 t=108242 grTexSource#36 tmu=0 addr=0001E000 evenodd=3 lod=2..2 aspect=3 format=10
474 pid=FFFDCE01 t=108243 grDrawTriangle#71 swap=2
475 pid=FFFDCE01 t=108243 grDrawTriangle#71   va x=49400100 y=49401900 ooz=00000000 oow=3F800000 rgba=437F0000,437F0000,437F0000,437F0000 st0=00000000,00000000,00492558
476 pid=FFFDCE01 t=108243 grDrawTriangle#71   vb x=49400900 y=49401900 ooz=00000000 oow=3F800000 rgba=437F0000,437F0000,437F0000,437F0000 st0=437F0000,00000000,00000000
477 pid=FFFDCE01 t=108243 grDrawTriangle#71   vc x=49400900 y=49401CF0 ooz=00000000 oow=3F800000 rgba=437F0000,437F0000,437F0000,437F0000 st0=437F0000,42FB0400,00000000
478 pid=FFFDCE01 t=108243 grDrawTriangle#72 swap=2
479 pid=FFFDCE01 t=108243 grDrawTriangle#72   va x=49400100 y=49401900 ooz=00000000 oow=3F800000 rgba=437F0000,437F0000,437F0000,437F0000 st0=00000000,00000000,00492558
480 pid=FFFDCE01 t=108243 grDrawTriangle#72   vb x=49400900 y=49401CF0 ooz=00000000 oow=3F800000 rgba=437F0000,437F0000,437F0000,437F0000 st0=437F0000,42FB0400,00000000
481 pid=FFFDCE01 t=108243 grDrawTriangle#72   vc x=49400100 y=49401CF0 ooz=00000000 oow=3F800000 rgba=437F0000,437F0000,437F0000,437F0000 st0=00000000,42FB0400,018A95C4
482 pid=FFFDCE01 t=108244 grTexDownloadMipMap#37 tmu=0 addr=00020000 evenodd=3 lod=2..2 aspect=3 format=10 data=00EFB2B8
483 pid=FFFDCE01 t=108244 grTexSource#37 tmu=0 addr=00020000 evenodd=3 lod=2..2 aspect=3 format=10
484 pid=FFFDCE01 t=108244 grDrawTriangle#73 swap=2
485 pid=FFFDCE01 t=108244 grDrawTriangle#73   va x=49400900 y=49401900 ooz=00000000 oow=3F800000 rgba=437F0000,437F0000,437F0000,437F0000 st0=00000000,00000000,00492558
486 pid=FFFDCE01 t=108244 grDrawTriangle#73   vb x=49401100 y=49401900 ooz=00000000 oow=3F800000 rgba=437F0000,437F0000,437F0000,437F0000 st0=437F0000,00000000,00000000
487 pid=FFFDCE01 t=108244 grDrawTriangle#73   vc x=49401100 y=49401CF0 ooz=00000000 oow=3F800000 rgba=437F0000,437F0000,437F0000,437F0000 st0=437F0000,42FB0400,00000000
488 pid=FFFDCE01 t=108244 grDrawTriangle#74 swap=2
489 pid=FFFDCE01 t=108244 grDrawTriangle#74   va x=49400900 y=49401900 ooz=00000000 oow=3F800000 rgba=437F0000,437F0000,437F0000,437F0000 st0=00000000,00000000,00492558
490 pid=FFFDCE01 t=108245 grDrawTriangle#74   vb x=49401100 y=49401CF0 ooz=00000000 oow=3F800000 rgba=437F0000,437F0000,437F0000,437F0000 st0=437F0000,42FB0400,00000000
491 pid=FFFDCE01 t=108245 grDrawTriangle#74   vc x=49400900 y=49401CF0 ooz=00000000 oow=3F800000 rgba=437F0000,437F0000,437F0000,437F0000 st0=00000000,42FB0400,018A95F0
492 pid=FFFDCE01 t=108245 grTexDownloadMipMap#38 tmu=0 addr=00022000 evenodd=3 lod=2..2 aspect=3 format=10 data=00EFB2B8
493 pid=FFFDCE01 t=108245 grTexSource#38 tmu=0 addr=00022000 evenodd=3 lod=2..2 aspect=3 format=10
494 pid=FFFDCE01 t=108246 grDrawTriangle#75 swap=2
495 pid=FFFDCE01 t=108246 grDrawTriangle#75   va x=49401100 y=49401900 ooz=00000000 oow=3F800000 rgba=437F0000,437F0000,437F0000,437F0000 st0=00000000,00000000,00492558
496 pid=FFFDCE01 t=108246 grDrawTriangle#75   vb x=49401900 y=49401900 ooz=00000000 oow=3F800000 rgba=437F0000,437F0000,437F0000,437F0000 st0=437F0000,00000000,00000000
497 pid=FFFDCE01 t=108246 grDrawTriangle#75   vc x=49401900 y=49401CF0 ooz=00000000 oow=3F800000 rgba=437F0000,437F0000,437F0000,437F0000 st0=437F0000,42FB0400,00000000
498 pid=FFFDCE01 t=108246 grDrawTriangle#76 swap=2
499 pid=FFFDCE01 t=108246 grDrawTriangle#76   va x=49401100 y=49401900 ooz=00000000 oow=3F800000 rgba=437F0000,437F0000,437F0000,437F0000 st0=00000000,00000000,00492558
500 pid=FFFDCE01 t=108246 grDrawTriangle#76   vb x=49401900 y=49401CF0 ooz=00000000 oow=3F800000 rgba=437F0000,437F0000,437F0000,437F0000 st0=437F0000,42FB0400,00000000
501 pid=FFFDCE01 t=108246 grDrawTriangle#76   vc x=49401100 y=49401CF0 ooz=00000000 oow=3F800000 rgba=437F0000,437F0000,437F0000,437F0000 st0=00000000,42FB0400,018A961C
502 pid=FFFDCE01 t=108246 grTexDownloadMipMap#39 tmu=0 addr=00024000 evenodd=3 lod=2..2 aspect=3 format=10 data=00EFB2B8
503 pid=FFFDCE01 t=108247 grTexSource#39 tmu=0 addr=00024000 evenodd=3 lod=2..2 aspect=3 format=10
504 pid=FFFDCE01 t=108247 grDrawTriangle#77 swap=2
505 pid=FFFDCE01 t=108247 grDrawTriangle#77   va x=49401900 y=49401900 ooz=00000000 oow=3F800000 rgba=437F0000,437F0000,437F0000,437F0000 st0=00000000,00000000,00492558
506 pid=FFFDCE01 t=108247 grDrawTriangle#77   vb x=49402100 y=49401900 ooz=00000000 oow=3F800000 rgba=437F0000,437F0000,437F0000,437F0000 st0=437F0000,00000000,00000000
507 pid=FFFDCE01 t=108247 grDrawTriangle#77   vc x=49402100 y=49401CF0 ooz=00000000 oow=3F800000 rgba=437F0000,437F0000,437F0000,437F0000 st0=437F0000,42FB0400,00000000
508 pid=FFFDCE01 t=108247 grDrawTriangle#78 swap=2
509 pid=FFFDCE01 t=108247 grDrawTriangle#78   va x=49401900 y=49401900 ooz=00000000 oow=3F800000 rgba=437F0000,437F0000,437F0000,437F0000 st0=00000000,00000000,00492558
510 pid=FFFDCE01 t=108247 grDrawTriangle#78   vb x=49402100 y=49401CF0 ooz=00000000 oow=3F800000 rgba=437F0000,437F0000,437F0000,437F0000 st0=437F0000,42FB0400,00000000
511 pid=FFFDCE01 t=108247 grDrawTriangle#78   vc x=49401900 y=49401CF0 ooz=00000000 oow=3F800000 rgba=437F0000,437F0000,437F0000,437F0000 st0=00000000,42FB0400,018A9648
512 pid=FFFDCE01 t=108249 grTexDownloadMipMap#40 tmu=0 addr=00026000 evenodd=3 lod=2..2 aspect=3 format=10 data=00EFB2B8
513 pid=FFFDCE01 t=108249 grTexSource#40 tmu=0 addr=00026000 evenodd=3 lod=2..2 aspect=3 format=10
514 pid=FFFDCE01 t=108249 grDrawTriangle#79 swap=2
515 pid=FFFDCE01 t=108249 grDrawTriangle#79   va x=49402100 y=49401900 ooz=00000000 oow=3F800000 rgba=437F0000,437F0000,437F0000,437F0000 st0=00000000,00000000,00492558
516 pid=FFFDCE01 t=108249 grDrawTriangle#79   vb x=494026F0 y=49401900 ooz=00000000 oow=3F800000 rgba=437F0000,437F0000,437F0000,437F0000 st0=433D4200,00000000,00000000
517 pid=FFFDCE01 t=108249 grDrawTriangle#79   vc x=494026F0 y=49401CF0 ooz=00000000 oow=3F800000 rgba=437F0000,437F0000,437F0000,437F0000 st0=433D4200,42FB0400,00000000
518 pid=FFFDCE01 t=108249 grDrawTriangle#80 swap=2
519 pid=FFFDCE01 t=108249 grDrawTriangle#80   va x=49402100 y=49401900 ooz=00000000 oow=3F800000 rgba=437F0000,437F0000,437F0000,437F0000 st0=00000000,00000000,00492558
520 pid=FFFDCE01 t=108249 grDrawTriangle#80   vb x=494026F0 y=49401CF0 ooz=00000000 oow=3F800000 rgba=437F0000,437F0000,437F0000,437F0000 st0=433D4200,42FB0400,00000000
521 pid=FFFDCE01 t=108249 grDrawTriangle#80   vc x=49402100 y=49401CF0 ooz=00000000 oow=3F800000 rgba=437F0000,437F0000,437F0000,437F0000 st0=00000000,42FB0400,018A9674
522 pid=FFFDCE01 t=108249 grBufferSwap#3 interval=1
523 pid=FFFDCE01 t=108255 grRenderBuffer#13 buffer=1
524 pid=FFFDCE01 t=108255 grBufferClear#10 color=00000000 alpha=00 depth=FFFF
525 pid=FFFDCE01 t=108352 grTexDownloadMipMap#41 tmu=0 addr=00000000 evenodd=3 lod=2..2 aspect=3 format=10 data=00EFB2B8
526 pid=FFFDCE01 t=108352 grTexSource#41 tmu=0 addr=00000000 evenodd=3 lod=2..2 aspect=3 format=10
527 pid=FFFDCE01 t=108352 grTexDownloadMipMap#42 tmu=0 addr=00002000 evenodd=3 lod=2..2 aspect=3 format=10 data=00EFB2B8
528 pid=FFFDCE01 t=108352 grTexSource#42 tmu=0 addr=00002000 evenodd=3 lod=2..2 aspect=3 format=10
529 pid=FFFDCE01 t=108353 grTexDownloadMipMap#43 tmu=0 addr=00004000 evenodd=3 lod=2..2 aspect=3 format=10 data=00EFB2B8
530 pid=FFFDCE01 t=108353 grTexSource#43 tmu=0 addr=00004000 evenodd=3 lod=2..2 aspect=3 format=10
531 pid=FFFDCE01 t=108354 grTexDownloadMipMap#44 tmu=0 addr=00006000 evenodd=3 lod=2..2 aspect=3 format=10 data=00EFB2B8
532 pid=FFFDCE01 t=108354 grTexSource#44 tmu=0 addr=00006000 evenodd=3 lod=2..2 aspect=3 format=10
533 pid=FFFDCE01 t=108355 grTexDownloadMipMap#45 tmu=0 addr=00008000 evenodd=3 lod=2..2 aspect=3 format=10 data=00EFB2B8
534 pid=FFFDCE01 t=108355 grTexSource#45 tmu=0 addr=00008000 evenodd=3 lod=2..2 aspect=3 format=10
535 pid=FFFDCE01 t=108357 grTexDownloadMipMap#46 tmu=0 addr=0000A000 evenodd=3 lod=2..2 aspect=3 format=10 data=00EFB2B8
536 pid=FFFDCE01 t=108357 grTexSource#46 tmu=0 addr=0000A000 evenodd=3 lod=2..2 aspect=3 format=10
537 pid=FFFDCE01 t=108357 grTexDownloadMipMap#47 tmu=0 addr=0000C000 evenodd=3 lod=2..2 aspect=3 format=10 data=00EFB2B8
538 pid=FFFDCE01 t=108357 grTexSource#47 tmu=0 addr=0000C000 evenodd=3 lod=2..2 aspect=3 format=10
539 pid=FFFDCE01 t=108358 grTexDownloadMipMap#48 tmu=0 addr=0000E000 evenodd=3 lod=2..2 aspect=3 format=10 data=00EFB2B8
540 pid=FFFDCE01 t=108358 grTexSource#48 tmu=0 addr=0000E000 evenodd=3 lod=2..2 aspect=3 format=10
541 pid=FFFDCE01 t=108359 grTexDownloadMipMap#49 tmu=0 addr=00010000 evenodd=3 lod=2..2 aspect=3 format=10 data=00EFB2B8
542 pid=FFFDCE01 t=108359 grTexSource#49 tmu=0 addr=00010000 evenodd=3 lod=2..2 aspect=3 format=10
543 pid=FFFDCE01 t=108360 grTexDownloadMipMap#50 tmu=0 addr=00012000 evenodd=3 lod=2..2 aspect=3 format=10 data=00EFB2B8
544 pid=FFFDCE01 t=108360 grTexSource#50 tmu=0 addr=00012000 evenodd=3 lod=2..2 aspect=3 format=10
545 pid=FFFDCE01 t=108361 grTexDownloadMipMap#51 tmu=0 addr=00014000 evenodd=3 lod=2..2 aspect=3 format=10 data=00EFB2B8
546 pid=FFFDCE01 t=108361 grTexSource#51 tmu=0 addr=00014000 evenodd=3 lod=2..2 aspect=3 format=10
547 pid=FFFDCE01 t=108362 grTexDownloadMipMap#52 tmu=0 addr=00016000 evenodd=3 lod=2..2 aspect=3 format=10 data=00EFB2B8
548 pid=FFFDCE01 t=108362 grTexSource#52 tmu=0 addr=00016000 evenodd=3 lod=2..2 aspect=3 format=10
549 pid=FFFDCE01 t=108363 grTexDownloadMipMap#53 tmu=0 addr=00018000 evenodd=3 lod=2..2 aspect=3 format=10 data=00EFB2B8
550 pid=FFFDCE01 t=108363 grTexSource#53 tmu=0 addr=00018000 evenodd=3 lod=2..2 aspect=3 format=10
551 pid=FFFDCE01 t=108365 grTexDownloadMipMap#54 tmu=0 addr=0001A000 evenodd=3 lod=2..2 aspect=3 format=10 data=00EFB2B8
552 pid=FFFDCE01 t=108365 grTexSource#54 tmu=0 addr=0001A000 evenodd=3 lod=2..2 aspect=3 format=10
553 pid=FFFDCE01 t=108365 grTexDownloadMipMap#55 tmu=0 addr=0001C000 evenodd=3 lod=2..2 aspect=3 format=10 data=00EFB2B8
554 pid=FFFDCE01 t=108365 grTexSource#55 tmu=0 addr=0001C000 evenodd=3 lod=2..2 aspect=3 format=10
555 pid=FFFDCE01 t=108366 grTexDownloadMipMap#56 tmu=0 addr=0001E000 evenodd=3 lod=2..2 aspect=3 format=10 data=00EFB2B8
556 pid=FFFDCE01 t=108366 grTexSource#56 tmu=0 addr=0001E000 evenodd=3 lod=2..2 aspect=3 format=10
557 pid=FFFDCE01 t=108367 grTexDownloadMipMap#57 tmu=0 addr=00020000 evenodd=3 lod=2..2 aspect=3 format=10 data=00EFB2B8
558 pid=FFFDCE01 t=108367 grTexSource#57 tmu=0 addr=00020000 evenodd=3 lod=2..2 aspect=3 format=10
559 pid=FFFDCE01 t=108368 grTexDownloadMipMap#58 tmu=0 addr=00022000 evenodd=3 lod=2..2 aspect=3 format=10 data=00EFB2B8
560 pid=FFFDCE01 t=108368 grTexSource#58 tmu=0 addr=00022000 evenodd=3 lod=2..2 aspect=3 format=10
561 pid=FFFDCE01 t=108369 grTexDownloadMipMap#59 tmu=0 addr=00024000 evenodd=3 lod=2..2 aspect=3 format=10 data=00EFB2B8
562 pid=FFFDCE01 t=108369 grTexSource#59 tmu=0 addr=00024000 evenodd=3 lod=2..2 aspect=3 format=10
563 pid=FFFDCE01 t=108370 grTexDownloadMipMap#60 tmu=0 addr=00026000 evenodd=3 lod=2..2 aspect=3 format=10 data=00EFB2B8
564 pid=FFFDCE01 t=108370 grTexSource#60 tmu=0 addr=00026000 evenodd=3 lod=2..2 aspect=3 format=10
565 pid=FFFDCE01 t=108370 grBufferSwap#4 interval=1
566 pid=FFFDCE01 t=108485 grBufferSwap#5 interval=1
567 pid=FFFDCE01 t=108598 grBufferSwap#6 interval=1
568 pid=FFFDCE01 t=108712 grBufferSwap#7 interval=1
569 pid=FFFDCE01 t=108827 grBufferSwap#8 interval=1
570 pid=FFFDCE01 t=108940 grBufferSwap#9 interval=1
571 pid=FFFDCE01 t=109053 grBufferSwap#10 interval=1
572 pid=FFFDCE01 t=109167 grBufferSwap#11 interval=1
573 pid=FFFDCE01 t=109282 grBufferSwap#12 interval=1
574 pid=FFFDCE01 t=109395 grBufferSwap#13 interval=1
575 pid=FFFDCE01 t=109509 grBufferSwap#14 interval=1
576 pid=FFFDCE01 t=109624 grBufferSwap#15 interval=1
577 pid=FFFDCE01 t=109737 grBufferSwap#16 interval=1
578 pid=FFFDCE01 t=109851 grBufferSwap#17 interval=1
579 pid=FFFDCE01 t=109965 grBufferSwap#18 interval=1
580 pid=FFFDCE01 t=110079 grBufferSwap#19 interval=1
581 pid=FFFDCE01 t=110194 grBufferSwap#20 interval=1
582 pid=FFFDCE01 t=110307 grBufferSwap#21 interval=1
583 pid=FFFDCE01 t=110421 grBufferSwap#22 interval=1
584 pid=FFFDCE01 t=110535 grBufferSwap#23 interval=1
585 pid=FFFDCE01 t=110648 grBufferSwap#24 interval=1
586 pid=FFFDCE01 t=120171 census periodic swaps=108
587 pid=FFFDCE01 t=120171 census   draws: drawn=4280 refused=0 culled=0 skipped-textured=0
588 pid=FFFDCE01 t=120171 census   draws: fog-dropped=0 uploads=2140
589 pid=FFFDCE01 t=120172 census   grAlphaBlendFunction calls=1 lines=1
590 pid=FFFDCE01 t=120172 census   grAlphaCombine calls=2 lines=2
591 pid=FFFDCE01 t=120172 census   grAlphaTestFunction calls=1 lines=1
592 pid=FFFDCE01 t=120172 census   grAlphaTestReferenceValue calls=1 lines=1
593 pid=FFFDCE01 t=120172 census   grBufferClear calls=114 lines=10
594 pid=FFFDCE01 t=120172 census   grBufferSwap calls=108 lines=24
595 pid=FFFDCE01 t=120172 census   grChromakeyMode calls=2 lines=2
596 pid=FFFDCE01 t=120172 census   grChromakeyValue calls=1 lines=1
597 pid=FFFDCE01 t=120172 census   grColorCombine calls=2 lines=2
598 pid=FFFDCE01 t=120172 census   grCullMode calls=2 lines=2
599 pid=FFFDCE01 t=120172 census   grDepthBufferFunction calls=2 lines=2
600 pid=FFFDCE01 t=120172 census   grDepthBufferMode calls=2 lines=2
601 pid=FFFDCE01 t=120172 census   grDepthMask calls=2 lines=2
602 pid=FFFDCE01 t=120172 census   grDitherMode calls=1 lines=1
603 pid=FFFDCE01 t=120172 census   grDrawTriangle calls=4280 lines=320
604 pid=FFFDCE01 t=120172 census   grFogColorValue calls=1 lines=1
605 pid=FFFDCE01 t=120172 census   grFogMode calls=1 lines=1
606 pid=FFFDCE01 t=120172 census   grGammaCorrectionValue calls=2 lines=2
607 pid=FFFDCE01 t=120173 census   grGlideInit calls=1 lines=1
608 pid=FFFDCE01 t=120173 census   grLfbLock calls=4 lines=4
609 pid=FFFDCE01 t=120173 census   grLfbUnlock calls=4 lines=4
610 pid=FFFDCE01 t=120173 census   grRenderBuffer calls=117 lines=13
611 pid=FFFDCE01 t=120173 census   grSstIdle calls=5 lines=5
612 pid=FFFDCE01 t=120173 census   grSstQueryHardware calls=1 lines=1
613 pid=FFFDCE01 t=120173 census   grSstSelect calls=1 lines=1
614 pid=FFFDCE01 t=120173 census   grSstWinOpen calls=1 lines=1
615 pid=FFFDCE01 t=120173 census   grTexCalcMemRequired calls=21 lines=21
616 pid=FFFDCE01 t=120173 census   grTexClampMode calls=1 lines=1
617 pid=FFFDCE01 t=120173 census   grTexCombine calls=1 lines=1
618 pid=FFFDCE01 t=120173 census   grTexCombineFunction calls=1 lines=1
619 pid=FFFDCE01 t=120173 census   grTexDownloadMipMap calls=2140 lines=60
620 pid=FFFDCE01 t=120173 census   grTexFilterMode calls=2 lines=2
621 pid=FFFDCE01 t=120173 census   grTexMaxAddress calls=21 lines=21
622 pid=FFFDCE01 t=120173 census   grTexMinAddress calls=3 lines=3
623 pid=FFFDCE01 t=120173 census   grTexMipMapMode calls=1 lines=1
624 pid=FFFDCE01 t=120174 census   grTexSource calls=2140 lines=60
625 pid=FFFDCE01 t=130441 grSstIdle#6 
626 pid=FFFDCE01 t=130441 grTexMinAddress#4 tmu=0 -> 00000000
627 pid=FFFDCE01 t=130442 grSstIdle#7 
628 pid=FFFDCE01 t=130540 grTexCalcMemRequired#22 lodmin=3 lodmax=3 aspect=3 format=10 -> 2048
629 pid=FFFDCE01 t=130540 grTexMaxAddress#22 tmu=0 -> 00200000
630 pid=FFFDCE01 t=130540 grSstIdle#8 
631 pid=FFFDCE01 t=130636 grGammaCorrectionValue#3 gamma-bits=3FC00000
632 pid=FFFDCE01 t=130727 grSstIdle#9 
633 pid=FFFDCE01 t=130837 grTexDownloadMipMap#3941 tmu=0 addr=00000000 evenodd=3 lod=3..3 aspect=3 format=10 data=017C97A8
634 pid=FFFDCE01 t=130837 grTexSource#3941 tmu=0 addr=00000000 evenodd=3 lod=3..3 aspect=3 format=10
635 pid=FFFDCE01 t=135041 grTexCalcMemRequired#24 lodmin=3 lodmax=3 aspect=3 format=11 -> 2048
636 pid=FFFDCE01 t=135041 grTexCalcMemRequired#624 lodmin=0 lodmax=0 aspect=3 format=12 -> 131072
637 pid=FFFDCE01 t=135058 grTexDownloadMipMap#4241 tmu=0 addr=0012C800 evenodd=3 lod=0..0 aspect=3 format=12 data=013EEAF0
638 pid=FFFDCE01 t=135062 grTexDownloadMipMap#4242 tmu=0 addr=0014C800 evenodd=3 lod=0..0 aspect=3 format=12 data=013EEAF0
639 pid=FFFDCE01 t=135062 grTexCalcMemRequired#627 lodmin=3 lodmax=3 aspect=3 format=12 -> 2048
640 pid=FFFDCE01 t=135062 grTexCalcMemRequired#727 lodmin=1 lodmax=1 aspect=3 format=11 -> 32768
641 pid=FFFDCE01 t=135062 grCullMode#3 mode=00000000
642 pid=FFFDCE01 t=135063 grTexDownloadMipMap#4243 tmu=0 addr=001EE800 evenodd=3 lod=3..3 aspect=3 format=12 data=013AFAF0
643 pid=FFFDCE01 t=135069 grTexDownloadMipMap#4244 tmu=0 addr=00001000 evenodd=3 lod=3..3 aspect=3 format=11 data=017C97A8
644 pid=FFFDCE01 t=135070 grTexDownloadMipMap#4245 tmu=0 addr=00002000 evenodd=3 lod=3..3 aspect=3 format=11 data=017C97A8
645 pid=FFFDCE01 t=135070 grTexDownloadMipMap#4246 tmu=0 addr=00003000 evenodd=3 lod=3..3 aspect=3 format=11 data=017C97A8
646 pid=FFFDCE01 t=135070 grTexDownloadMipMap#4247 tmu=0 addr=00004000 evenodd=3 lod=3..3 aspect=3 format=11 data=017C97A8
647 pid=FFFDCE01 t=135071 grTexDownloadMipMap#4248 tmu=0 addr=00005000 evenodd=3 lod=3..3 aspect=3 format=11 data=017C97A8
648 pid=FFFDCE01 t=135071 grTexDownloadMipMap#4249 tmu=0 addr=00006000 evenodd=3 lod=3..3 aspect=3 format=11 data=017C97A8
649 pid=FFFDCE01 t=135071 grTexDownloadMipMap#4250 tmu=0 addr=00007000 evenodd=3 lod=3..3 aspect=3 format=11 data=017C97A8
650 pid=FFFDCE01 t=135071 grTexDownloadMipMap#4251 tmu=0 addr=00008000 evenodd=3 lod=3..3 aspect=3 format=11 data=017C97A8
651 pid=FFFDCE01 t=135072 grTexDownloadMipMap#4252 tmu=0 addr=00009000 evenodd=3 lod=3..3 aspect=3 format=11 data=017C97A8
652 pid=FFFDCE01 t=135072 grTexDownloadMipMap#4253 tmu=0 addr=0000A000 evenodd=3 lod=3..3 aspect=3 format=11 data=017C97A8
653 pid=FFFDCE01 t=135072 grTexDownloadMipMap#4254 tmu=0 addr=0000B000 evenodd=3 lod=3..3 aspect=3 format=11 data=017C97A8
654 pid=FFFDCE01 t=135073 grTexDownloadMipMap#4255 tmu=0 addr=0000C000 evenodd=3 lod=3..3 aspect=3 format=11 data=017C97A8
655 pid=FFFDCE01 t=135073 grTexDownloadMipMap#4256 tmu=0 addr=0000D000 evenodd=3 lod=3..3 aspect=3 format=11 data=017C97A8
656 pid=FFFDCE01 t=135073 grTexDownloadMipMap#4257 tmu=0 addr=0000E000 evenodd=3 lod=3..3 aspect=3 format=11 data=017C97A8
657 pid=FFFDCE01 t=135074 grTexDownloadMipMap#4258 tmu=0 addr=0000F000 evenodd=3 lod=3..3 aspect=3 format=11 data=017C97A8
658 pid=FFFDCE01 t=135074 grTexDownloadMipMap#4259 tmu=0 addr=00010000 evenodd=3 lod=3..3 aspect=3 format=11 data=017C97A8
659 pid=FFFDCE01 t=135074 grTexDownloadMipMap#4260 tmu=0 addr=00011000 evenodd=3 lod=3..3 aspect=3 format=11 data=017C97A8
660 pid=FFFDCE01 t=135074 grTexDownloadMipMap#4261 tmu=0 addr=00012000 evenodd=3 lod=3..3 aspect=3 format=11 data=017C97A8
661 pid=FFFDCE01 t=135075 grTexDownloadMipMap#4262 tmu=0 addr=00013000 evenodd=3 lod=3..3 aspect=3 format=11 data=017C97A8
662 pid=FFFDCE01 t=135075 grTexDownloadMipMap#4263 tmu=0 addr=00014000 evenodd=3 lod=3..3 aspect=3 format=11 data=017C97A8
663 pid=FFFDCE01 t=135075 grTexDownloadMipMap#4264 tmu=0 addr=00015000 evenodd=3 lod=3..3 aspect=3 format=11 data=017C97A8
664 pid=FFFDCE01 t=135077 grTexDownloadMipMap#4265 tmu=0 addr=00016000 evenodd=3 lod=3..3 aspect=3 format=11 data=017C97A8
665 pid=FFFDCE01 t=135077 grTexDownloadMipMap#4266 tmu=0 addr=00017000 evenodd=3 lod=3..3 aspect=3 format=11 data=017C97A8
666 pid=FFFDCE01 t=135077 grTexDownloadMipMap#4267 tmu=0 addr=00018000 evenodd=3 lod=3..3 aspect=3 format=11 data=017C97A8
667 pid=FFFDCE01 t=135077 grTexDownloadMipMap#4268 tmu=0 addr=00019000 evenodd=3 lod=3..3 aspect=3 format=11 data=017C97A8
668 pid=FFFDCE01 t=135077 grTexDownloadMipMap#4269 tmu=0 addr=0001A000 evenodd=3 lod=3..3 aspect=3 format=11 data=017C97A8
669 pid=FFFDCE01 t=135077 grTexDownloadMipMap#4270 tmu=0 addr=0001B000 evenodd=3 lod=3..3 aspect=3 format=11 data=017C97A8
670 pid=FFFDCE01 t=135078 grTexDownloadMipMap#4271 tmu=0 addr=0001C000 evenodd=3 lod=3..3 aspect=3 format=11 data=017C97A8
671 pid=FFFDCE01 t=135078 grTexDownloadMipMap#4272 tmu=0 addr=0001D000 evenodd=3 lod=3..3 aspect=3 format=11 data=017C97A8
672 pid=FFFDCE01 t=135078 grTexDownloadMipMap#4273 tmu=0 addr=0001E000 evenodd=3 lod=3..3 aspect=3 format=11 data=017C97A8
673 pid=FFFDCE01 t=135078 grTexDownloadMipMap#4274 tmu=0 addr=0001F000 evenodd=3 lod=3..3 aspect=3 format=11 data=017C97A8
674 pid=FFFDCE01 t=135079 grTexDownloadMipMap#4275 tmu=0 addr=00020000 evenodd=3 lod=3..3 aspect=3 format=11 data=017C97A8
675 pid=FFFDCE01 t=135079 grTexDownloadMipMap#4276 tmu=0 addr=00021000 evenodd=3 lod=3..3 aspect=3 format=11 data=017C97A8
676 pid=FFFDCE01 t=135079 grTexDownloadMipMap#4277 tmu=0 addr=00022000 evenodd=3 lod=3..3 aspect=3 format=11 data=017C97A8
677 pid=FFFDCE01 t=135080 grTexDownloadMipMap#4278 tmu=0 addr=00023000 evenodd=3 lod=3..3 aspect=3 format=11 data=017C97A8
678 pid=FFFDCE01 t=135080 grTexDownloadMipMap#4279 tmu=0 addr=00024000 evenodd=3 lod=3..3 aspect=3 format=11 data=017C97A8
679 pid=FFFDCE01 t=135080 grTexDownloadMipMap#4280 tmu=0 addr=00025000 evenodd=3 lod=3..3 aspect=3 format=11 data=017C97A8
680 pid=FFFDCE01 t=135081 grTexDownloadMipMap#4281 tmu=0 addr=00026000 evenodd=3 lod=3..3 aspect=3 format=11 data=017C97A8
681 pid=FFFDCE01 t=135081 grTexDownloadMipMap#4282 tmu=0 addr=00027000 evenodd=3 lod=3..3 aspect=3 format=11 data=017C97A8
682 pid=FFFDCE01 t=135081 grTexDownloadMipMap#4283 tmu=0 addr=00028000 evenodd=3 lod=3..3 aspect=3 format=11 data=017C97A8
683 pid=FFFDCE01 t=135081 grTexDownloadMipMap#4284 tmu=0 addr=00029000 evenodd=3 lod=3..3 aspect=3 format=11 data=017C97A8
684 pid=FFFDCE01 t=135082 grTexDownloadMipMap#4285 tmu=0 addr=0002A000 evenodd=3 lod=3..3 aspect=3 format=11 data=017C97A8
685 pid=FFFDCE01 t=135082 grTexDownloadMipMap#4286 tmu=0 addr=0002B000 evenodd=3 lod=3..3 aspect=3 format=11 data=017C97A8
686 pid=FFFDCE01 t=135082 grTexDownloadMipMap#4287 tmu=0 addr=0002C000 evenodd=3 lod=3..3 aspect=3 format=11 data=017C97A8
687 pid=FFFDCE01 t=135082 grTexDownloadMipMap#4288 tmu=0 addr=0002D000 evenodd=3 lod=3..3 aspect=3 format=11 data=017C97A8
688 pid=FFFDCE01 t=135083 grTexDownloadMipMap#4289 tmu=0 addr=0002E000 evenodd=3 lod=3..3 aspect=3 format=11 data=017C97A8
689 pid=FFFDCE01 t=135083 grTexDownloadMipMap#4290 tmu=0 addr=0002F000 evenodd=3 lod=3..3 aspect=3 format=11 data=017C97A8
690 pid=FFFDCE01 t=135083 grTexDownloadMipMap#4291 tmu=0 addr=00030000 evenodd=3 lod=3..3 aspect=3 format=11 data=017C97A8
691 pid=FFFDCE01 t=135083 grTexDownloadMipMap#4292 tmu=0 addr=00031000 evenodd=3 lod=3..3 aspect=3 format=11 data=017C97A8
692 pid=FFFDCE01 t=135085 grTexDownloadMipMap#4293 tmu=0 addr=00032000 evenodd=3 lod=3..3 aspect=3 format=11 data=017C97A8
693 pid=FFFDCE01 t=135085 grTexDownloadMipMap#4294 tmu=0 addr=00033000 evenodd=3 lod=3..3 aspect=3 format=11 data=017C97A8
694 pid=FFFDCE01 t=135085 grTexDownloadMipMap#4295 tmu=0 addr=00034000 evenodd=3 lod=3..3 aspect=3 format=11 data=017C97A8
695 pid=FFFDCE01 t=135085 grTexDownloadMipMap#4296 tmu=0 addr=00035000 evenodd=3 lod=3..3 aspect=3 format=11 data=017C97A8
696 pid=FFFDCE01 t=135085 grTexDownloadMipMap#4297 tmu=0 addr=00036000 evenodd=3 lod=3..3 aspect=3 format=11 data=017C97A8
697 pid=FFFDCE01 t=135085 grTexDownloadMipMap#4298 tmu=0 addr=00037000 evenodd=3 lod=3..3 aspect=3 format=11 data=017C97A8
698 pid=FFFDCE01 t=135085 grTexDownloadMipMap#4299 tmu=0 addr=00038000 evenodd=3 lod=3..3 aspect=3 format=11 data=017C97A8
699 pid=FFFDCE01 t=135085 grTexDownloadMipMap#4300 tmu=0 addr=00039000 evenodd=3 lod=3..3 aspect=3 format=11 data=017C97A8
700 pid=FFFDCE01 t=135086 grTexDownloadMipMap#4301 tmu=0 addr=0003A000 evenodd=3 lod=3..3 aspect=3 format=11 data=017C97A8
701 pid=FFFDCE01 t=135086 grTexDownloadMipMap#4302 tmu=0 addr=0003B000 evenodd=3 lod=3..3 aspect=3 format=11 data=017C97A8
702 pid=FFFDCE01 t=135086 grTexDownloadMipMap#4303 tmu=0 addr=0003C000 evenodd=3 lod=3..3 aspect=3 format=11 data=017C97A8
703 pid=FFFDCE01 t=135086 grTexDownloadMipMap#4304 tmu=0 addr=0003D000 evenodd=3 lod=3..3 aspect=3 format=11 data=017C97A8
704 pid=FFFDCE01 t=135087 grTexDownloadMipMap#4305 tmu=0 addr=0003E000 evenodd=3 lod=3..3 aspect=3 format=11 data=017C97A8
705 pid=FFFDCE01 t=135087 grTexDownloadMipMap#4306 tmu=0 addr=0003F000 evenodd=3 lod=3..3 aspect=3 format=11 data=017C97A8
706 pid=FFFDCE01 t=135087 grTexDownloadMipMap#4307 tmu=0 addr=00040000 evenodd=3 lod=3..3 aspect=3 format=11 data=017C97A8
707 pid=FFFDCE01 t=135087 grTexDownloadMipMap#4308 tmu=0 addr=00041000 evenodd=3 lod=3..3 aspect=3 format=11 data=017C97A8
708 pid=FFFDCE01 t=135088 grTexDownloadMipMap#4309 tmu=0 addr=00042000 evenodd=3 lod=3..3 aspect=3 format=11 data=017C97A8
709 pid=FFFDCE01 t=135088 grTexDownloadMipMap#4310 tmu=0 addr=00043000 evenodd=3 lod=3..3 aspect=3 format=11 data=017C97A8
710 pid=FFFDCE01 t=135088 grTexDownloadMipMap#4311 tmu=0 addr=00044000 evenodd=3 lod=3..3 aspect=3 format=11 data=017C97A8
711 pid=FFFDCE01 t=135088 grTexDownloadMipMap#4312 tmu=0 addr=00045000 evenodd=3 lod=3..3 aspect=3 format=11 data=017C97A8
712 pid=FFFDCE01 t=135089 grTexDownloadMipMap#4313 tmu=0 addr=00046000 evenodd=3 lod=3..3 aspect=3 format=11 data=017C97A8
713 pid=FFFDCE01 t=135089 grTexDownloadMipMap#4314 tmu=0 addr=00047000 evenodd=3 lod=3..3 aspect=3 format=11 data=017C97A8
714 pid=FFFDCE01 t=135089 grTexDownloadMipMap#4315 tmu=0 addr=00048000 evenodd=3 lod=3..3 aspect=3 format=11 data=017C97A8
715 pid=FFFDCE01 t=135089 grTexDownloadMipMap#4316 tmu=0 addr=00049000 evenodd=3 lod=3..3 aspect=3 format=11 data=017C97A8
716 pid=FFFDCE01 t=135090 grTexDownloadMipMap#4317 tmu=0 addr=0004A000 evenodd=3 lod=3..3 aspect=3 format=11 data=017C97A8
717 pid=FFFDCE01 t=135090 grTexDownloadMipMap#4318 tmu=0 addr=0004B000 evenodd=3 lod=3..3 aspect=3 format=11 data=017C97A8
718 pid=FFFDCE01 t=135090 grTexDownloadMipMap#4319 tmu=0 addr=0004C000 evenodd=3 lod=3..3 aspect=3 format=11 data=017C97A8
719 pid=FFFDCE01 t=135090 grTexDownloadMipMap#4320 tmu=0 addr=0004D000 evenodd=3 lod=3..3 aspect=3 format=11 data=017C97A8
720 pid=FFFDCE01 t=135092 grTexDownloadMipMap#4321 tmu=0 addr=0004E000 evenodd=3 lod=3..3 aspect=3 format=11 data=017C97A8
721 pid=FFFDCE01 t=135092 grTexDownloadMipMap#4322 tmu=0 addr=0004F000 evenodd=3 lod=3..3 aspect=3 format=11 data=017C97A8
722 pid=FFFDCE01 t=135092 grTexDownloadMipMap#4323 tmu=0 addr=00050000 evenodd=3 lod=3..3 aspect=3 format=11 data=017C97A8
723 pid=FFFDCE01 t=135092 grTexDownloadMipMap#4324 tmu=0 addr=00051000 evenodd=3 lod=3..3 aspect=3 format=11 data=017C97A8
724 pid=FFFDCE01 t=135092 grTexDownloadMipMap#4325 tmu=0 addr=00052000 evenodd=3 lod=3..3 aspect=3 format=11 data=017C97A8
725 pid=FFFDCE01 t=135092 grTexDownloadMipMap#4326 tmu=0 addr=00053000 evenodd=3 lod=3..3 aspect=3 format=11 data=017C97A8
726 pid=FFFDCE01 t=135092 grTexDownloadMipMap#4327 tmu=0 addr=00054000 evenodd=3 lod=3..3 aspect=3 format=11 data=017C97A8
727 pid=FFFDCE01 t=135093 grTexDownloadMipMap#4328 tmu=0 addr=00055000 evenodd=3 lod=3..3 aspect=3 format=11 data=017C97A8
728 pid=FFFDCE01 t=135093 grTexDownloadMipMap#4329 tmu=0 addr=00056000 evenodd=3 lod=3..3 aspect=3 format=11 data=017C97A8
729 pid=FFFDCE01 t=135093 grTexDownloadMipMap#4330 tmu=0 addr=00057000 evenodd=3 lod=3..3 aspect=3 format=11 data=017C97A8
730 pid=FFFDCE01 t=135093 grTexDownloadMipMap#4331 tmu=0 addr=00058000 evenodd=3 lod=3..3 aspect=3 format=11 data=017C97A8
731 pid=FFFDCE01 t=135094 grTexDownloadMipMap#4332 tmu=0 addr=00059000 evenodd=3 lod=3..3 aspect=3 format=11 data=017C97A8
732 pid=FFFDCE01 t=135094 grTexDownloadMipMap#4333 tmu=0 addr=0005A000 evenodd=3 lod=3..3 aspect=3 format=11 data=017C97A8
733 pid=FFFDCE01 t=135094 grTexDownloadMipMap#4334 tmu=0 addr=0005B000 evenodd=3 lod=3..3 aspect=3 format=11 data=017C97A8
734 pid=FFFDCE01 t=135094 grTexDownloadMipMap#4335 tmu=0 addr=0005C000 evenodd=3 lod=3..3 aspect=3 format=11 data=017C97A8
735 pid=FFFDCE01 t=135095 grTexDownloadMipMap#4336 tmu=0 addr=0005D000 evenodd=3 lod=3..3 aspect=3 format=11 data=017C97A8
736 pid=FFFDCE01 t=135095 grTexDownloadMipMap#4337 tmu=0 addr=0005E000 evenodd=3 lod=3..3 aspect=3 format=11 data=017C97A8
737 pid=FFFDCE01 t=135095 grTexDownloadMipMap#4338 tmu=0 addr=0005F000 evenodd=3 lod=3..3 aspect=3 format=11 data=017C97A8
738 pid=FFFDCE01 t=135095 grTexDownloadMipMap#4339 tmu=0 addr=00060000 evenodd=3 lod=3..3 aspect=3 format=11 data=017C97A8
739 pid=FFFDCE01 t=135096 grTexDownloadMipMap#4340 tmu=0 addr=00061000 evenodd=3 lod=3..3 aspect=3 format=11 data=017C97A8
740 pid=FFFDCE01 t=135096 grTexDownloadMipMap#4341 tmu=0 addr=00062000 evenodd=3 lod=3..3 aspect=3 format=11 data=017C97A8
741 pid=FFFDCE01 t=135096 grTexDownloadMipMap#4342 tmu=0 addr=00063000 evenodd=3 lod=3..3 aspect=3 format=11 data=017C97A8
742 pid=FFFDCE01 t=135096 grTexDownloadMipMap#4343 tmu=0 addr=00064000 evenodd=3 lod=3..3 aspect=3 format=11 data=017C97A8
743 pid=FFFDCE01 t=135097 grTexDownloadMipMap#4344 tmu=0 addr=00065000 evenodd=3 lod=3..3 aspect=3 format=11 data=017C97A8
744 pid=FFFDCE01 t=135097 grTexDownloadMipMap#4345 tmu=0 addr=00066000 evenodd=3 lod=3..3 aspect=3 format=11 data=017C97A8
745 pid=FFFDCE01 t=135097 grTexDownloadMipMap#4346 tmu=0 addr=00067000 evenodd=3 lod=3..3 aspect=3 format=11 data=017C97A8
746 pid=FFFDCE01 t=135097 grTexDownloadMipMap#4347 tmu=0 addr=00068000 evenodd=3 lod=3..3 aspect=3 format=11 data=017C97A8
747 pid=FFFDCE01 t=135099 grTexDownloadMipMap#4348 tmu=0 addr=00069000 evenodd=3 lod=3..3 aspect=3 format=11 data=017C97A8
748 pid=FFFDCE01 t=135099 grTexDownloadMipMap#4349 tmu=0 addr=0006A000 evenodd=3 lod=3..3 aspect=3 format=11 data=017C97A8
749 pid=FFFDCE01 t=135099 grTexDownloadMipMap#4350 tmu=0 addr=0006B000 evenodd=3 lod=3..3 aspect=3 format=11 data=017C97A8
750 pid=FFFDCE01 t=135099 grTexDownloadMipMap#4351 tmu=0 addr=0006C000 evenodd=3 lod=3..3 aspect=3 format=11 data=017C97A8
751 pid=FFFDCE01 t=135099 grTexDownloadMipMap#4352 tmu=0 addr=0006D000 evenodd=3 lod=3..3 aspect=3 format=11 data=017C97A8
752 pid=FFFDCE01 t=135099 grTexDownloadMipMap#4353 tmu=0 addr=0006E000 evenodd=3 lod=3..3 aspect=3 format=11 data=017C97A8
753 pid=FFFDCE01 t=135099 grTexDownloadMipMap#4354 tmu=0 addr=0006F000 evenodd=3 lod=3..3 aspect=3 format=11 data=017C97A8
754 pid=FFFDCE01 t=135099 grTexDownloadMipMap#4355 tmu=0 addr=00070000 evenodd=3 lod=3..3 aspect=3 format=11 data=017C97A8
755 pid=FFFDCE01 t=135100 grTexDownloadMipMap#4356 tmu=0 addr=00071000 evenodd=3 lod=3..3 aspect=3 format=11 data=017C97A8
756 pid=FFFDCE01 t=135100 grTexDownloadMipMap#4357 tmu=0 addr=00072000 evenodd=3 lod=3..3 aspect=3 format=11 data=017C97A8
757 pid=FFFDCE01 t=135100 grTexDownloadMipMap#4358 tmu=0 addr=00073000 evenodd=3 lod=3..3 aspect=3 format=11 data=017C97A8
758 pid=FFFDCE01 t=135100 grTexDownloadMipMap#4359 tmu=0 addr=00074000 evenodd=3 lod=3..3 aspect=3 format=11 data=017C97A8
759 pid=FFFDCE01 t=135101 grTexDownloadMipMap#4360 tmu=0 addr=00075000 evenodd=3 lod=3..3 aspect=3 format=11 data=017C97A8
760 pid=FFFDCE01 t=135101 grTexDownloadMipMap#4361 tmu=0 addr=00076000 evenodd=3 lod=3..3 aspect=3 format=11 data=017C97A8
761 pid=FFFDCE01 t=135101 grTexDownloadMipMap#4362 tmu=0 addr=00077000 evenodd=3 lod=3..3 aspect=3 format=11 data=017C97A8
762 pid=FFFDCE01 t=135101 grTexDownloadMipMap#4363 tmu=0 addr=00078000 evenodd=3 lod=3..3 aspect=3 format=11 data=017C97A8
763 pid=FFFDCE01 t=135102 grTexDownloadMipMap#4364 tmu=0 addr=00079000 evenodd=3 lod=3..3 aspect=3 format=11 data=017C97A8
764 pid=FFFDCE01 t=135102 grTexDownloadMipMap#4365 tmu=0 addr=0007A000 evenodd=3 lod=3..3 aspect=3 format=11 data=017C97A8
765 pid=FFFDCE01 t=135102 grTexDownloadMipMap#4366 tmu=0 addr=0007B000 evenodd=3 lod=3..3 aspect=3 format=11 data=017C97A8
766 pid=FFFDCE01 t=135102 grTexDownloadMipMap#4367 tmu=0 addr=0007C000 evenodd=3 lod=3..3 aspect=3 format=11 data=017C97A8
767 pid=FFFDCE01 t=135103 grTexDownloadMipMap#4368 tmu=0 addr=0007D000 evenodd=3 lod=3..3 aspect=3 format=11 data=017C97A8
768 pid=FFFDCE01 t=135103 grTexDownloadMipMap#4369 tmu=0 addr=0007E000 evenodd=3 lod=3..3 aspect=3 format=11 data=017C97A8
769 pid=FFFDCE01 t=135103 grTexDownloadMipMap#4370 tmu=0 addr=0007F000 evenodd=3 lod=3..3 aspect=3 format=11 data=017C97A8
770 pid=FFFDCE01 t=135103 grTexDownloadMipMap#4371 tmu=0 addr=00080000 evenodd=3 lod=3..3 aspect=3 format=11 data=017C97A8
771 pid=FFFDCE01 t=135104 grTexDownloadMipMap#4372 tmu=0 addr=00081000 evenodd=3 lod=3..3 aspect=3 format=11 data=017C97A8
772 pid=FFFDCE01 t=135104 grTexDownloadMipMap#4373 tmu=0 addr=00082000 evenodd=3 lod=3..3 aspect=3 format=11 data=017C97A8
773 pid=FFFDCE01 t=135104 grTexDownloadMipMap#4374 tmu=0 addr=00083000 evenodd=3 lod=3..3 aspect=3 format=11 data=017C97A8
774 pid=FFFDCE01 t=135105 grTexDownloadMipMap#4375 tmu=0 addr=00084000 evenodd=3 lod=3..3 aspect=3 format=11 data=017C97A8
775 pid=FFFDCE01 t=135105 grTexDownloadMipMap#4376 tmu=0 addr=00085000 evenodd=3 lod=3..3 aspect=3 format=11 data=017C97A8
776 pid=FFFDCE01 t=135105 grTexDownloadMipMap#4377 tmu=0 addr=00086000 evenodd=3 lod=3..3 aspect=3 format=11 data=017C97A8
777 pid=FFFDCE01 t=135105 grTexDownloadMipMap#4378 tmu=0 addr=00087000 evenodd=3 lod=3..3 aspect=3 format=11 data=017C97A8
778 pid=FFFDCE01 t=135106 grTexDownloadMipMap#4379 tmu=0 addr=00088000 evenodd=3 lod=3..3 aspect=3 format=11 data=017C97A8
779 pid=FFFDCE01 t=135106 grTexDownloadMipMap#4380 tmu=0 addr=00089000 evenodd=3 lod=3..3 aspect=3 format=11 data=017C97A8
780 pid=FFFDCE01 t=135106 grTexDownloadMipMap#4381 tmu=0 addr=0008A000 evenodd=3 lod=3..3 aspect=3 format=11 data=017C97A8
781 pid=FFFDCE01 t=135106 grTexDownloadMipMap#4382 tmu=0 addr=0008B000 evenodd=3 lod=3..3 aspect=3 format=11 data=017C97A8
782 pid=FFFDCE01 t=135108 grTexDownloadMipMap#4383 tmu=0 addr=0008C000 evenodd=3 lod=3..3 aspect=3 format=11 data=017C97A8
783 pid=FFFDCE01 t=135108 grTexDownloadMipMap#4384 tmu=0 addr=0008D000 evenodd=3 lod=3..3 aspect=3 format=11 data=017C97A8
784 pid=FFFDCE01 t=135108 grTexDownloadMipMap#4385 tmu=0 addr=0008E000 evenodd=3 lod=3..3 aspect=3 format=11 data=017C97A8
785 pid=FFFDCE01 t=135108 grTexDownloadMipMap#4386 tmu=0 addr=0008F000 evenodd=3 lod=3..3 aspect=3 format=11 data=017C97A8
786 pid=FFFDCE01 t=135108 grTexDownloadMipMap#4387 tmu=0 addr=00090000 evenodd=3 lod=3..3 aspect=3 format=11 data=017C97A8
787 pid=FFFDCE01 t=135108 grTexDownloadMipMap#4388 tmu=0 addr=00091000 evenodd=3 lod=3..3 aspect=3 format=11 data=017C97A8
788 pid=FFFDCE01 t=135108 grTexDownloadMipMap#4389 tmu=0 addr=00092000 evenodd=3 lod=3..3 aspect=3 format=11 data=017C97A8
789 pid=FFFDCE01 t=135108 grTexDownloadMipMap#4390 tmu=0 addr=00093000 evenodd=3 lod=3..3 aspect=3 format=11 data=017C97A8
790 pid=FFFDCE01 t=135109 grTexDownloadMipMap#4391 tmu=0 addr=00094000 evenodd=3 lod=3..3 aspect=3 format=11 data=017C97A8
791 pid=FFFDCE01 t=135109 grTexDownloadMipMap#4392 tmu=0 addr=00095000 evenodd=3 lod=3..3 aspect=3 format=11 data=017C97A8
792 pid=FFFDCE01 t=135109 grTexDownloadMipMap#4393 tmu=0 addr=00096000 evenodd=3 lod=3..3 aspect=3 format=11 data=017C97A8
793 pid=FFFDCE01 t=135109 grTexDownloadMipMap#4394 tmu=0 addr=00097000 evenodd=3 lod=3..3 aspect=3 format=11 data=017C97A8
794 pid=FFFDCE01 t=135110 grTexDownloadMipMap#4395 tmu=0 addr=00098000 evenodd=3 lod=3..3 aspect=3 format=11 data=017C97A8
795 pid=FFFDCE01 t=135110 grTexDownloadMipMap#4396 tmu=0 addr=00099000 evenodd=3 lod=3..3 aspect=3 format=11 data=017C97A8
796 pid=FFFDCE01 t=135110 grTexDownloadMipMap#4397 tmu=0 addr=0009A000 evenodd=3 lod=3..3 aspect=3 format=11 data=017C97A8
797 pid=FFFDCE01 t=135110 grTexDownloadMipMap#4398 tmu=0 addr=0009B000 evenodd=3 lod=3..3 aspect=3 format=11 data=017C97A8
798 pid=FFFDCE01 t=135111 grTexDownloadMipMap#4399 tmu=0 addr=0009C000 evenodd=3 lod=3..3 aspect=3 format=11 data=017C97A8
799 pid=FFFDCE01 t=135111 grTexDownloadMipMap#4400 tmu=0 addr=0009D000 evenodd=3 lod=3..3 aspect=3 format=11 data=017C97A8
800 pid=FFFDCE01 t=135111 grTexDownloadMipMap#4401 tmu=0 addr=0009E000 evenodd=3 lod=3..3 aspect=3 format=11 data=017C97A8
801 pid=FFFDCE01 t=135111 grTexDownloadMipMap#4402 tmu=0 addr=0009F000 evenodd=3 lod=3..3 aspect=3 format=11 data=017C97A8
802 pid=FFFDCE01 t=135112 grTexDownloadMipMap#4403 tmu=0 addr=000A0000 evenodd=3 lod=3..3 aspect=3 format=11 data=017C97A8
803 pid=FFFDCE01 t=135112 grTexDownloadMipMap#4404 tmu=0 addr=000A1000 evenodd=3 lod=3..3 aspect=3 format=11 data=017C97A8
804 pid=FFFDCE01 t=135112 grTexDownloadMipMap#4405 tmu=0 addr=000A2000 evenodd=3 lod=3..3 aspect=3 format=11 data=017C97A8
805 pid=FFFDCE01 t=135112 grTexDownloadMipMap#4406 tmu=0 addr=000A3000 evenodd=3 lod=3..3 aspect=3 format=11 data=017C97A8
806 pid=FFFDCE01 t=135113 grTexDownloadMipMap#4407 tmu=0 addr=000A4000 evenodd=3 lod=3..3 aspect=3 format=11 data=017C97A8
807 pid=FFFDCE01 t=135113 grTexDownloadMipMap#4408 tmu=0 addr=000A5000 evenodd=3 lod=3..3 aspect=3 format=11 data=017C97A8
808 pid=FFFDCE01 t=135113 grTexDownloadMipMap#4409 tmu=0 addr=000A6000 evenodd=3 lod=3..3 aspect=3 format=11 data=017C97A8
809 pid=FFFDCE01 t=135113 grTexDownloadMipMap#4410 tmu=0 addr=000A7000 evenodd=3 lod=3..3 aspect=3 format=11 data=017C97A8
810 pid=FFFDCE01 t=135114 grTexDownloadMipMap#4411 tmu=0 addr=000A8000 evenodd=3 lod=3..3 aspect=3 format=11 data=017C97A8
811 pid=FFFDCE01 t=135114 grTexDownloadMipMap#4412 tmu=0 addr=000A9000 evenodd=3 lod=3..3 aspect=3 format=11 data=017C97A8
812 pid=FFFDCE01 t=135114 grTexDownloadMipMap#4413 tmu=0 addr=000AA000 evenodd=3 lod=3..3 aspect=3 format=11 data=017C97A8
813 pid=FFFDCE01 t=135114 grTexDownloadMipMap#4414 tmu=0 addr=000AB000 evenodd=3 lod=3..3 aspect=3 format=11 data=017C97A8
814 pid=FFFDCE01 t=135116 grTexDownloadMipMap#4415 tmu=0 addr=000AC000 evenodd=3 lod=3..3 aspect=3 format=11 data=017C97A8
815 pid=FFFDCE01 t=135116 grTexDownloadMipMap#4416 tmu=0 addr=000AD000 evenodd=3 lod=3..3 aspect=3 format=11 data=017C97A8
816 pid=FFFDCE01 t=135116 grTexDownloadMipMap#4417 tmu=0 addr=000AE000 evenodd=3 lod=3..3 aspect=3 format=11 data=017C97A8
817 pid=FFFDCE01 t=135116 grTexDownloadMipMap#4418 tmu=0 addr=000AF000 evenodd=3 lod=3..3 aspect=3 format=11 data=017C97A8
818 pid=FFFDCE01 t=135117 grTexDownloadMipMap#4419 tmu=0 addr=000B0000 evenodd=3 lod=3..3 aspect=3 format=11 data=017C97A8
819 pid=FFFDCE01 t=135117 grTexDownloadMipMap#4420 tmu=0 addr=000B1000 evenodd=3 lod=3..3 aspect=3 format=11 data=017C97A8
820 pid=FFFDCE01 t=135117 grTexDownloadMipMap#4421 tmu=0 addr=000B2000 evenodd=3 lod=3..3 aspect=3 format=11 data=017C97A8
821 pid=FFFDCE01 t=135117 grTexDownloadMipMap#4422 tmu=0 addr=000B3000 evenodd=3 lod=3..3 aspect=3 format=11 data=017C97A8
822 pid=FFFDCE01 t=135117 grTexDownloadMipMap#4423 tmu=0 addr=000B4000 evenodd=3 lod=3..3 aspect=3 format=11 data=017C97A8
823 pid=FFFDCE01 t=135117 grTexDownloadMipMap#4424 tmu=0 addr=000B5000 evenodd=3 lod=3..3 aspect=3 format=11 data=017C97A8
824 pid=FFFDCE01 t=135117 grTexDownloadMipMap#4425 tmu=0 addr=000B6000 evenodd=3 lod=3..3 aspect=3 format=11 data=017C97A8
825 pid=FFFDCE01 t=135118 grTexDownloadMipMap#4426 tmu=0 addr=000B7000 evenodd=3 lod=3..3 aspect=3 format=11 data=017C97A8
826 pid=FFFDCE01 t=135118 grTexDownloadMipMap#4427 tmu=0 addr=000B8000 evenodd=3 lod=3..3 aspect=3 format=11 data=017C97A8
827 pid=FFFDCE01 t=135118 grTexDownloadMipMap#4428 tmu=0 addr=000B9000 evenodd=3 lod=3..3 aspect=3 format=11 data=017C97A8
828 pid=FFFDCE01 t=135118 grTexDownloadMipMap#4429 tmu=0 addr=000BA000 evenodd=3 lod=3..3 aspect=3 format=11 data=017C97A8
829 pid=FFFDCE01 t=135119 grTexDownloadMipMap#4430 tmu=0 addr=000BB000 evenodd=3 lod=3..3 aspect=3 format=11 data=017C97A8
830 pid=FFFDCE01 t=135119 grTexDownloadMipMap#4431 tmu=0 addr=000BC000 evenodd=3 lod=3..3 aspect=3 format=11 data=017C97A8
831 pid=FFFDCE01 t=135119 grTexDownloadMipMap#4432 tmu=0 addr=000BD000 evenodd=3 lod=3..3 aspect=3 format=11 data=017C97A8
832 pid=FFFDCE01 t=135119 grTexDownloadMipMap#4433 tmu=0 addr=000BE000 evenodd=3 lod=3..3 aspect=3 format=11 data=017C97A8
833 pid=FFFDCE01 t=135120 grTexDownloadMipMap#4434 tmu=0 addr=000BF000 evenodd=3 lod=3..3 aspect=3 format=11 data=017C97A8
834 pid=FFFDCE01 t=135120 grTexDownloadMipMap#4435 tmu=0 addr=000C0000 evenodd=3 lod=3..3 aspect=3 format=11 data=017C97A8
835 pid=FFFDCE01 t=135120 grTexDownloadMipMap#4436 tmu=0 addr=000C1000 evenodd=3 lod=3..3 aspect=3 format=11 data=017C97A8
836 pid=FFFDCE01 t=135120 grTexDownloadMipMap#4437 tmu=0 addr=000C2000 evenodd=3 lod=3..3 aspect=3 format=11 data=017C97A8
837 pid=FFFDCE01 t=135121 grTexDownloadMipMap#4438 tmu=0 addr=000C3000 evenodd=3 lod=3..3 aspect=3 format=11 data=017C97A8
838 pid=FFFDCE01 t=135121 grTexDownloadMipMap#4439 tmu=0 addr=000C4000 evenodd=3 lod=3..3 aspect=3 format=11 data=017C97A8
839 pid=FFFDCE01 t=135121 grTexDownloadMipMap#4440 tmu=0 addr=000C5000 evenodd=3 lod=3..3 aspect=3 format=11 data=017C97A8
840 pid=FFFDCE01 t=135123 grTexDownloadMipMap#4441 tmu=0 addr=000C6000 evenodd=3 lod=3..3 aspect=3 format=11 data=017C97A8
841 pid=FFFDCE01 t=135123 grTexDownloadMipMap#4442 tmu=0 addr=000C7000 evenodd=3 lod=3..3 aspect=3 format=11 data=017C97A8
842 pid=FFFDCE01 t=135123 grTexDownloadMipMap#4443 tmu=0 addr=000C8000 evenodd=3 lod=3..3 aspect=3 format=11 data=017C97A8
843 pid=FFFDCE01 t=135123 grTexDownloadMipMap#4444 tmu=0 addr=000C9000 evenodd=3 lod=3..3 aspect=3 format=11 data=017C97A8
844 pid=FFFDCE01 t=135123 grTexDownloadMipMap#4445 tmu=0 addr=000CA000 evenodd=3 lod=3..3 aspect=3 format=11 data=017C97A8
845 pid=FFFDCE01 t=135123 grTexDownloadMipMap#4446 tmu=0 addr=000CB000 evenodd=3 lod=3..3 aspect=3 format=11 data=017C97A8
846 pid=FFFDCE01 t=135123 grTexDownloadMipMap#4447 tmu=0 addr=000CC000 evenodd=3 lod=3..3 aspect=3 format=11 data=017C97A8
847 pid=FFFDCE01 t=135123 grTexDownloadMipMap#4448 tmu=0 addr=000CD000 evenodd=3 lod=3..3 aspect=3 format=11 data=017C97A8
848 pid=FFFDCE01 t=135124 grTexDownloadMipMap#4449 tmu=0 addr=000CE000 evenodd=3 lod=3..3 aspect=3 format=11 data=017C97A8
849 pid=FFFDCE01 t=135124 grTexDownloadMipMap#4450 tmu=0 addr=000CF000 evenodd=3 lod=3..3 aspect=3 format=11 data=017C97A8
850 pid=FFFDCE01 t=135124 grTexDownloadMipMap#4451 tmu=0 addr=000D0000 evenodd=3 lod=3..3 aspect=3 format=11 data=017C97A8
851 pid=FFFDCE01 t=135124 grTexDownloadMipMap#4452 tmu=0 addr=000D1000 evenodd=3 lod=3..3 aspect=3 format=11 data=017C97A8
852 pid=FFFDCE01 t=135125 grTexDownloadMipMap#4453 tmu=0 addr=000D2000 evenodd=3 lod=3..3 aspect=3 format=11 data=017C97A8
853 pid=FFFDCE01 t=135125 grTexDownloadMipMap#4454 tmu=0 addr=000D3000 evenodd=3 lod=3..3 aspect=3 format=11 data=017C97A8
854 pid=FFFDCE01 t=135125 grTexDownloadMipMap#4455 tmu=0 addr=000D4000 evenodd=3 lod=3..3 aspect=3 format=11 data=017C97A8
855 pid=FFFDCE01 t=135125 grTexDownloadMipMap#4456 tmu=0 addr=000D5000 evenodd=3 lod=3..3 aspect=3 format=11 data=017C97A8
856 pid=FFFDCE01 t=135126 grTexDownloadMipMap#4457 tmu=0 addr=000D6000 evenodd=3 lod=3..3 aspect=3 format=11 data=017C97A8
857 pid=FFFDCE01 t=135126 grTexDownloadMipMap#4458 tmu=0 addr=000D7000 evenodd=3 lod=3..3 aspect=3 format=11 data=017C97A8
858 pid=FFFDCE01 t=135126 grTexDownloadMipMap#4459 tmu=0 addr=000D8000 evenodd=3 lod=3..3 aspect=3 format=11 data=017C97A8
859 pid=FFFDCE01 t=135126 grTexDownloadMipMap#4460 tmu=0 addr=000D9000 evenodd=3 lod=3..3 aspect=3 format=11 data=017C97A8
860 pid=FFFDCE01 t=135127 grTexDownloadMipMap#4461 tmu=0 addr=000DA000 evenodd=3 lod=3..3 aspect=3 format=11 data=017C97A8
861 pid=FFFDCE01 t=135127 grTexDownloadMipMap#4462 tmu=0 addr=000DB000 evenodd=3 lod=3..3 aspect=3 format=11 data=017C97A8
862 pid=FFFDCE01 t=135127 grTexDownloadMipMap#4463 tmu=0 addr=000DC000 evenodd=3 lod=3..3 aspect=3 format=11 data=017C97A8
863 pid=FFFDCE01 t=135127 grTexDownloadMipMap#4464 tmu=0 addr=000DD000 evenodd=3 lod=3..3 aspect=3 format=11 data=017C97A8
864 pid=FFFDCE01 t=135128 grTexDownloadMipMap#4465 tmu=0 addr=000DE000 evenodd=3 lod=3..3 aspect=3 format=11 data=017C97A8
865 pid=FFFDCE01 t=135128 grTexDownloadMipMap#4466 tmu=0 addr=000DF000 evenodd=3 lod=3..3 aspect=3 format=11 data=017C97A8
866 pid=FFFDCE01 t=135128 grTexDownloadMipMap#4467 tmu=0 addr=000E0000 evenodd=3 lod=3..3 aspect=3 format=11 data=017C97A8
867 pid=FFFDCE01 t=135128 grTexDownloadMipMap#4468 tmu=0 addr=000E1000 evenodd=3 lod=3..3 aspect=3 format=11 data=017C97A8
868 pid=FFFDCE01 t=135130 grTexDownloadMipMap#4469 tmu=0 addr=000E2000 evenodd=3 lod=3..3 aspect=3 format=11 data=017C97A8
869 pid=FFFDCE01 t=135130 grTexDownloadMipMap#4470 tmu=0 addr=000E3000 evenodd=3 lod=3..3 aspect=3 format=11 data=017C97A8
870 pid=FFFDCE01 t=135130 grTexDownloadMipMap#4471 tmu=0 addr=000E4000 evenodd=3 lod=3..3 aspect=3 format=11 data=017C97A8
871 pid=FFFDCE01 t=135130 grTexDownloadMipMap#4472 tmu=0 addr=000E5000 evenodd=3 lod=3..3 aspect=3 format=11 data=017C97A8
872 pid=FFFDCE01 t=135130 grTexDownloadMipMap#4473 tmu=0 addr=000E6000 evenodd=3 lod=3..3 aspect=3 format=11 data=017C97A8
873 pid=FFFDCE01 t=135130 grTexDownloadMipMap#4474 tmu=0 addr=000E7000 evenodd=3 lod=3..3 aspect=3 format=11 data=017C97A8
874 pid=FFFDCE01 t=135130 grTexDownloadMipMap#4475 tmu=0 addr=000E8000 evenodd=3 lod=3..3 aspect=3 format=11 data=017C97A8
875 pid=FFFDCE01 t=135131 grTexDownloadMipMap#4476 tmu=0 addr=000E9000 evenodd=3 lod=3..3 aspect=3 format=11 data=017C97A8
876 pid=FFFDCE01 t=135131 grTexDownloadMipMap#4477 tmu=0 addr=000EA000 evenodd=3 lod=3..3 aspect=3 format=11 data=017C97A8
877 pid=FFFDCE01 t=135131 grTexDownloadMipMap#4478 tmu=0 addr=000EB000 evenodd=3 lod=3..3 aspect=3 format=11 data=017C97A8
878 pid=FFFDCE01 t=135131 grTexDownloadMipMap#4479 tmu=0 addr=000EC000 evenodd=3 lod=3..3 aspect=3 format=11 data=017C97A8
879 pid=FFFDCE01 t=135132 grTexDownloadMipMap#4480 tmu=0 addr=000ED000 evenodd=3 lod=3..3 aspect=3 format=11 data=017C97A8
880 pid=FFFDCE01 t=135132 grTexDownloadMipMap#4481 tmu=0 addr=000EE000 evenodd=3 lod=3..3 aspect=3 format=11 data=017C97A8
881 pid=FFFDCE01 t=135132 grTexDownloadMipMap#4482 tmu=0 addr=000EF000 evenodd=3 lod=3..3 aspect=3 format=11 data=017C97A8
882 pid=FFFDCE01 t=135132 grTexDownloadMipMap#4483 tmu=0 addr=000F0000 evenodd=3 lod=3..3 aspect=3 format=11 data=017C97A8
883 pid=FFFDCE01 t=135133 grTexDownloadMipMap#4484 tmu=0 addr=000F1000 evenodd=3 lod=3..3 aspect=3 format=11 data=017C97A8
884 pid=FFFDCE01 t=135133 grTexDownloadMipMap#4485 tmu=0 addr=000F2000 evenodd=3 lod=3..3 aspect=3 format=11 data=017C97A8
885 pid=FFFDCE01 t=135133 grTexDownloadMipMap#4486 tmu=0 addr=000F3000 evenodd=3 lod=3..3 aspect=3 format=11 data=017C97A8
886 pid=FFFDCE01 t=135133 grTexDownloadMipMap#4487 tmu=0 addr=000F4000 evenodd=3 lod=3..3 aspect=3 format=11 data=017C97A8
887 pid=FFFDCE01 t=135134 grTexDownloadMipMap#4488 tmu=0 addr=000F5000 evenodd=3 lod=3..3 aspect=3 format=11 data=017C97A8
888 pid=FFFDCE01 t=135134 grTexDownloadMipMap#4489 tmu=0 addr=000F6000 evenodd=3 lod=3..3 aspect=3 format=11 data=017C97A8
889 pid=FFFDCE01 t=135134 grTexDownloadMipMap#4490 tmu=0 addr=000F7000 evenodd=3 lod=3..3 aspect=3 format=11 data=017C97A8
890 pid=FFFDCE01 t=135134 grTexDownloadMipMap#4491 tmu=0 addr=000F8000 evenodd=3 lod=3..3 aspect=3 format=11 data=017C97A8
891 pid=FFFDCE01 t=135135 grTexDownloadMipMap#4492 tmu=0 addr=000F9000 evenodd=3 lod=3..3 aspect=3 format=11 data=017C97A8
892 pid=FFFDCE01 t=135135 grTexDownloadMipMap#4493 tmu=0 addr=000FA000 evenodd=3 lod=3..3 aspect=3 format=11 data=017C97A8
893 pid=FFFDCE01 t=135135 grTexDownloadMipMap#4494 tmu=0 addr=000FB000 evenodd=3 lod=3..3 aspect=3 format=11 data=017C97A8
894 pid=FFFDCE01 t=135135 grTexDownloadMipMap#4495 tmu=0 addr=000FC000 evenodd=3 lod=3..3 aspect=3 format=11 data=017C97A8
895 pid=FFFDCE01 t=135136 grTexDownloadMipMap#4496 tmu=0 addr=000FD000 evenodd=3 lod=3..3 aspect=3 format=11 data=017C97A8
896 pid=FFFDCE01 t=135136 grTexDownloadMipMap#4497 tmu=0 addr=000FE000 evenodd=3 lod=3..3 aspect=3 format=11 data=017C97A8
897 pid=FFFDCE01 t=135136 grTexDownloadMipMap#4498 tmu=0 addr=000FF000 evenodd=3 lod=3..3 aspect=3 format=11 data=017C97A8
898 pid=FFFDCE01 t=135136 grTexDownloadMipMap#4499 tmu=0 addr=00100000 evenodd=3 lod=3..3 aspect=3 format=11 data=017C97A8
899 pid=FFFDCE01 t=135137 grTexDownloadMipMap#4500 tmu=0 addr=00101000 evenodd=3 lod=3..3 aspect=3 format=11 data=017C97A8
900 pid=FFFDCE01 t=135137 grTexDownloadMipMap#4501 tmu=0 addr=00102000 evenodd=3 lod=3..3 aspect=3 format=11 data=017C97A8
901 pid=FFFDCE01 t=135137 grTexDownloadMipMap#4502 tmu=0 addr=00103000 evenodd=3 lod=3..3 aspect=3 format=11 data=017C97A8
902 pid=FFFDCE01 t=135139 grTexDownloadMipMap#4503 tmu=0 addr=00104000 evenodd=3 lod=3..3 aspect=3 format=11 data=017C97A8
903 pid=FFFDCE01 t=135139 grTexDownloadMipMap#4504 tmu=0 addr=00105000 evenodd=3 lod=3..3 aspect=3 format=11 data=017C97A8
904 pid=FFFDCE01 t=135139 grTexDownloadMipMap#4505 tmu=0 addr=00106000 evenodd=3 lod=3..3 aspect=3 format=11 data=017C97A8
905 pid=FFFDCE01 t=135139 grTexDownloadMipMap#4506 tmu=0 addr=00107000 evenodd=3 lod=3..3 aspect=3 format=11 data=017C97A8
906 pid=FFFDCE01 t=135139 grTexDownloadMipMap#4507 tmu=0 addr=00108000 evenodd=3 lod=3..3 aspect=3 format=11 data=017C97A8
907 pid=FFFDCE01 t=135139 grTexDownloadMipMap#4508 tmu=0 addr=00109000 evenodd=3 lod=3..3 aspect=3 format=11 data=017C97A8
908 pid=FFFDCE01 t=135139 grTexDownloadMipMap#4509 tmu=0 addr=0010A000 evenodd=3 lod=3..3 aspect=3 format=11 data=017C97A8
909 pid=FFFDCE01 t=135139 grTexDownloadMipMap#4510 tmu=0 addr=0010B000 evenodd=3 lod=3..3 aspect=3 format=11 data=017C97A8
910 pid=FFFDCE01 t=135140 grTexDownloadMipMap#4511 tmu=0 addr=0010C000 evenodd=3 lod=3..3 aspect=3 format=11 data=017C97A8
911 pid=FFFDCE01 t=135140 grTexDownloadMipMap#4512 tmu=0 addr=0010D000 evenodd=3 lod=3..3 aspect=3 format=11 data=017C97A8
912 pid=FFFDCE01 t=135140 grTexDownloadMipMap#4513 tmu=0 addr=0010E000 evenodd=3 lod=3..3 aspect=3 format=11 data=017C97A8
913 pid=FFFDCE01 t=135140 grTexDownloadMipMap#4514 tmu=0 addr=0010F000 evenodd=3 lod=3..3 aspect=3 format=11 data=017C97A8
914 pid=FFFDCE01 t=135141 grTexDownloadMipMap#4515 tmu=0 addr=00110000 evenodd=3 lod=3..3 aspect=3 format=11 data=017C97A8
915 pid=FFFDCE01 t=135141 grTexDownloadMipMap#4516 tmu=0 addr=00111000 evenodd=3 lod=3..3 aspect=3 format=11 data=017C97A8
916 pid=FFFDCE01 t=135141 grTexDownloadMipMap#4517 tmu=0 addr=00112000 evenodd=3 lod=3..3 aspect=3 format=11 data=017C97A8
917 pid=FFFDCE01 t=135141 grTexDownloadMipMap#4518 tmu=0 addr=00113000 evenodd=3 lod=3..3 aspect=3 format=11 data=017C97A8
918 pid=FFFDCE01 t=135142 grTexDownloadMipMap#4519 tmu=0 addr=00114000 evenodd=3 lod=3..3 aspect=3 format=11 data=017C97A8
919 pid=FFFDCE01 t=135142 grTexDownloadMipMap#4520 tmu=0 addr=00115000 evenodd=3 lod=3..3 aspect=3 format=11 data=017C97A8
920 pid=FFFDCE01 t=135142 grTexDownloadMipMap#4521 tmu=0 addr=00116000 evenodd=3 lod=3..3 aspect=3 format=11 data=017C97A8
921 pid=FFFDCE01 t=135142 grTexDownloadMipMap#4522 tmu=0 addr=00117000 evenodd=3 lod=3..3 aspect=3 format=11 data=017C97A8
922 pid=FFFDCE01 t=135143 grTexDownloadMipMap#4523 tmu=0 addr=00118000 evenodd=3 lod=3..3 aspect=3 format=11 data=017C97A8
923 pid=FFFDCE01 t=135143 grTexDownloadMipMap#4524 tmu=0 addr=00119000 evenodd=3 lod=3..3 aspect=3 format=11 data=017C97A8
924 pid=FFFDCE01 t=135143 grTexDownloadMipMap#4525 tmu=0 addr=0011A000 evenodd=3 lod=3..3 aspect=3 format=11 data=017C97A8
925 pid=FFFDCE01 t=135144 grTexDownloadMipMap#4526 tmu=0 addr=0011B000 evenodd=3 lod=3..3 aspect=3 format=11 data=017C97A8
926 pid=FFFDCE01 t=135144 grTexDownloadMipMap#4527 tmu=0 addr=0011C000 evenodd=3 lod=3..3 aspect=3 format=11 data=017C97A8
927 pid=FFFDCE01 t=135144 grTexDownloadMipMap#4528 tmu=0 addr=0011D000 evenodd=3 lod=3..3 aspect=3 format=11 data=017C97A8
928 pid=FFFDCE01 t=135144 grTexDownloadMipMap#4529 tmu=0 addr=0011E000 evenodd=3 lod=3..3 aspect=3 format=11 data=017C97A8
929 pid=FFFDCE01 t=135145 grTexDownloadMipMap#4530 tmu=0 addr=0011F000 evenodd=3 lod=3..3 aspect=3 format=11 data=017C97A8
930 pid=FFFDCE01 t=135145 grTexDownloadMipMap#4531 tmu=0 addr=00120000 evenodd=3 lod=3..3 aspect=3 format=11 data=017C97A8
931 pid=FFFDCE01 t=135145 grTexDownloadMipMap#4532 tmu=0 addr=00121000 evenodd=3 lod=3..3 aspect=3 format=11 data=017C97A8
932 pid=FFFDCE01 t=135145 grTexDownloadMipMap#4533 tmu=0 addr=00122000 evenodd=3 lod=3..3 aspect=3 format=11 data=017C97A8
933 pid=FFFDCE01 t=135147 grTexDownloadMipMap#4534 tmu=0 addr=00123000 evenodd=3 lod=3..3 aspect=3 format=11 data=017C97A8
934 pid=FFFDCE01 t=135147 grTexDownloadMipMap#4535 tmu=0 addr=00124000 evenodd=3 lod=3..3 aspect=3 format=11 data=017C97A8
935 pid=FFFDCE01 t=135147 grTexDownloadMipMap#4536 tmu=0 addr=00125000 evenodd=3 lod=3..3 aspect=3 format=11 data=017C97A8
936 pid=FFFDCE01 t=135147 grTexDownloadMipMap#4537 tmu=0 addr=00126000 evenodd=3 lod=3..3 aspect=3 format=11 data=017C97A8
937 pid=FFFDCE01 t=135147 grTexDownloadMipMap#4538 tmu=0 addr=00127000 evenodd=3 lod=3..3 aspect=3 format=11 data=017C97A8
938 pid=FFFDCE01 t=135147 grTexDownloadMipMap#4539 tmu=0 addr=00128000 evenodd=3 lod=3..3 aspect=3 format=11 data=017C97A8
939 pid=FFFDCE01 t=135147 grTexDownloadMipMap#4540 tmu=0 addr=00129000 evenodd=3 lod=3..3 aspect=3 format=11 data=017C97A8
940 pid=FFFDCE01 t=135147 grTexDownloadMipMap#4541 tmu=0 addr=0012A000 evenodd=3 lod=3..3 aspect=3 format=11 data=017C97A8
941 pid=FFFDCE01 t=135148 grTexDownloadMipMap#4542 tmu=0 addr=0012B000 evenodd=3 lod=3..3 aspect=3 format=11 data=017C97A8
942 pid=FFFDCE01 t=135148 grTexDownloadMipMap#4543 tmu=0 addr=0012C000 evenodd=3 lod=3..3 aspect=3 format=11 data=017C97A8
943 pid=FFFDCE01 t=135149 grTexDownloadMipMap#4544 tmu=0 addr=00000800 evenodd=3 lod=3..3 aspect=3 format=11 data=017C97A8
944 pid=FFFDCE01 t=135149 grTexDownloadMipMap#4545 tmu=0 addr=00001800 evenodd=3 lod=3..3 aspect=3 format=11 data=017C97A8
945 pid=FFFDCE01 t=135150 grTexDownloadMipMap#4546 tmu=0 addr=00002800 evenodd=3 lod=3..3 aspect=3 format=11 data=017C97A8
946 pid=FFFDCE01 t=135150 grTexDownloadMipMap#4547 tmu=0 addr=00003800 evenodd=3 lod=3..3 aspect=3 format=11 data=017C97A8
947 pid=FFFDCE01 t=135150 grTexDownloadMipMap#4548 tmu=0 addr=00004800 evenodd=3 lod=3..3 aspect=3 format=11 data=017C97A8
948 pid=FFFDCE01 t=135150 grTexDownloadMipMap#4549 tmu=0 addr=00005800 evenodd=3 lod=3..3 aspect=3 format=11 data=017C97A8
949 pid=FFFDCE01 t=135151 grTexDownloadMipMap#4550 tmu=0 addr=00006800 evenodd=3 lod=3..3 aspect=3 format=11 data=017C97A8
950 pid=FFFDCE01 t=135151 grTexDownloadMipMap#4551 tmu=0 addr=00007800 evenodd=3 lod=3..3 aspect=3 format=11 data=017C97A8
951 pid=FFFDCE01 t=135151 grTexDownloadMipMap#4552 tmu=0 addr=00008800 evenodd=3 lod=3..3 aspect=3 format=11 data=017C97A8
952 pid=FFFDCE01 t=135151 grTexDownloadMipMap#4553 tmu=0 addr=00009800 evenodd=3 lod=3..3 aspect=3 format=11 data=017C97A8
953 pid=FFFDCE01 t=135152 grTexDownloadMipMap#4554 tmu=0 addr=0000A800 evenodd=3 lod=3..3 aspect=3 format=11 data=017C97A8
954 pid=FFFDCE01 t=135152 grTexDownloadMipMap#4555 tmu=0 addr=0000B800 evenodd=3 lod=3..3 aspect=3 format=11 data=017C97A8
955 pid=FFFDCE01 t=135152 grTexDownloadMipMap#4556 tmu=0 addr=0000C800 evenodd=3 lod=3..3 aspect=3 format=11 data=017C97A8
956 pid=FFFDCE01 t=135153 grTexDownloadMipMap#4557 tmu=0 addr=0000D800 evenodd=3 lod=3..3 aspect=3 format=11 data=017C97A8
957 pid=FFFDCE01 t=135153 grTexDownloadMipMap#4558 tmu=0 addr=0000E800 evenodd=3 lod=3..3 aspect=3 format=11 data=017C97A8
958 pid=FFFDCE01 t=135153 grTexDownloadMipMap#4559 tmu=0 addr=0000F800 evenodd=3 lod=3..3 aspect=3 format=11 data=017C97A8
959 pid=FFFDCE01 t=135153 grTexDownloadMipMap#4560 tmu=0 addr=00010800 evenodd=3 lod=3..3 aspect=3 format=11 data=017C97A8
960 pid=FFFDCE01 t=135155 grTexDownloadMipMap#4561 tmu=0 addr=00011800 evenodd=3 lod=3..3 aspect=3 format=11 data=017C97A8
961 pid=FFFDCE01 t=135155 grTexDownloadMipMap#4562 tmu=0 addr=00012800 evenodd=3 lod=3..3 aspect=3 format=11 data=017C97A8
962 pid=FFFDCE01 t=135155 grTexDownloadMipMap#4563 tmu=0 addr=00013800 evenodd=3 lod=3..3 aspect=3 format=11 data=017C97A8
963 pid=FFFDCE01 t=135155 grTexDownloadMipMap#4564 tmu=0 addr=00014800 evenodd=3 lod=3..3 aspect=3 format=11 data=017C97A8
964 pid=FFFDCE01 t=135155 grTexDownloadMipMap#4565 tmu=0 addr=00015800 evenodd=3 lod=3..3 aspect=3 format=11 data=017C97A8
965 pid=FFFDCE01 t=135155 grTexDownloadMipMap#4566 tmu=0 addr=00016800 evenodd=3 lod=3..3 aspect=3 format=11 data=017C97A8
966 pid=FFFDCE01 t=135155 grTexDownloadMipMap#4567 tmu=0 addr=00017800 evenodd=3 lod=3..3 aspect=3 format=11 data=017C97A8
967 pid=FFFDCE01 t=135155 grTexDownloadMipMap#4568 tmu=0 addr=00018800 evenodd=3 lod=3..3 aspect=3 format=11 data=017C97A8
968 pid=FFFDCE01 t=135156 grTexDownloadMipMap#4569 tmu=0 addr=00019800 evenodd=3 lod=3..3 aspect=3 format=11 data=017C97A8
969 pid=FFFDCE01 t=135157 grTexDownloadMipMap#4570 tmu=0 addr=0001A800 evenodd=3 lod=3..3 aspect=3 format=11 data=017C97A8
970 pid=FFFDCE01 t=135157 grTexDownloadMipMap#4571 tmu=0 addr=0001B800 evenodd=3 lod=3..3 aspect=3 format=11 data=017C97A8
971 pid=FFFDCE01 t=135157 grTexDownloadMipMap#4572 tmu=0 addr=0001C800 evenodd=3 lod=3..3 aspect=3 format=11 data=017C97A8
972 pid=FFFDCE01 t=135157 grTexDownloadMipMap#4573 tmu=0 addr=0001D800 evenodd=3 lod=3..3 aspect=3 format=11 data=017C97A8
973 pid=FFFDCE01 t=135157 grTexDownloadMipMap#4574 tmu=0 addr=0001E800 evenodd=3 lod=3..3 aspect=3 format=11 data=017C97A8
974 pid=FFFDCE01 t=135157 grTexDownloadMipMap#4575 tmu=0 addr=0001F800 evenodd=3 lod=3..3 aspect=3 format=11 data=017C97A8
975 pid=FFFDCE01 t=135158 grTexDownloadMipMap#4576 tmu=0 addr=00020800 evenodd=3 lod=3..3 aspect=3 format=11 data=017C97A8
976 pid=FFFDCE01 t=135158 grTexDownloadMipMap#4577 tmu=0 addr=00021800 evenodd=3 lod=3..3 aspect=3 format=11 data=017C97A8
977 pid=FFFDCE01 t=135158 grTexDownloadMipMap#4578 tmu=0 addr=00022800 evenodd=3 lod=3..3 aspect=3 format=11 data=017C97A8
978 pid=FFFDCE01 t=135158 grTexDownloadMipMap#4579 tmu=0 addr=00023800 evenodd=3 lod=3..3 aspect=3 format=11 data=017C97A8
979 pid=FFFDCE01 t=135159 grTexDownloadMipMap#4580 tmu=0 addr=00024800 evenodd=3 lod=3..3 aspect=3 format=11 data=017C97A8
980 pid=FFFDCE01 t=135159 grTexDownloadMipMap#4581 tmu=0 addr=00025800 evenodd=3 lod=3..3 aspect=3 format=11 data=017C97A8
981 pid=FFFDCE01 t=135159 grTexDownloadMipMap#4582 tmu=0 addr=00026800 evenodd=3 lod=3..3 aspect=3 format=11 data=017C97A8
982 pid=FFFDCE01 t=135159 grTexDownloadMipMap#4583 tmu=0 addr=00027800 evenodd=3 lod=3..3 aspect=3 format=11 data=017C97A8
983 pid=FFFDCE01 t=135160 grTexDownloadMipMap#4584 tmu=0 addr=00028800 evenodd=3 lod=3..3 aspect=3 format=11 data=017C97A8
984 pid=FFFDCE01 t=135160 grTexDownloadMipMap#4585 tmu=0 addr=00029800 evenodd=3 lod=3..3 aspect=3 format=11 data=017C97A8
985 pid=FFFDCE01 t=135160 grTexDownloadMipMap#4586 tmu=0 addr=0002A800 evenodd=3 lod=3..3 aspect=3 format=11 data=017C97A8
986 pid=FFFDCE01 t=135160 grTexDownloadMipMap#4587 tmu=0 addr=0002B800 evenodd=3 lod=3..3 aspect=3 format=11 data=017C97A8
987 pid=FFFDCE01 t=135162 grTexDownloadMipMap#4588 tmu=0 addr=0002C800 evenodd=3 lod=3..3 aspect=3 format=11 data=017C97A8
988 pid=FFFDCE01 t=135162 grTexDownloadMipMap#4589 tmu=0 addr=0002D800 evenodd=3 lod=3..3 aspect=3 format=11 data=017C97A8
989 pid=FFFDCE01 t=135162 grTexDownloadMipMap#4590 tmu=0 addr=0002E800 evenodd=3 lod=3..3 aspect=3 format=11 data=017C97A8
990 pid=FFFDCE01 t=135162 grTexDownloadMipMap#4591 tmu=0 addr=0002F800 evenodd=3 lod=3..3 aspect=3 format=11 data=017C97A8
991 pid=FFFDCE01 t=135162 grTexDownloadMipMap#4592 tmu=0 addr=00030800 evenodd=3 lod=3..3 aspect=3 format=11 data=017C97A8
992 pid=FFFDCE01 t=135162 grTexDownloadMipMap#4593 tmu=0 addr=00031800 evenodd=3 lod=3..3 aspect=3 format=11 data=017C97A8
993 pid=FFFDCE01 t=135162 grTexDownloadMipMap#4594 tmu=0 addr=00032800 evenodd=3 lod=3..3 aspect=3 format=11 data=017C97A8
994 pid=FFFDCE01 t=135163 grTexDownloadMipMap#4595 tmu=0 addr=00033800 evenodd=3 lod=3..3 aspect=3 format=11 data=017C97A8
995 pid=FFFDCE01 t=135163 grTexDownloadMipMap#4596 tmu=0 addr=00034800 evenodd=3 lod=3..3 aspect=3 format=11 data=017C97A8
996 pid=FFFDCE01 t=135163 grTexDownloadMipMap#4597 tmu=0 addr=00035800 evenodd=3 lod=3..3 aspect=3 format=11 data=017C97A8
997 pid=FFFDCE01 t=135163 grTexDownloadMipMap#4598 tmu=0 addr=00036800 evenodd=3 lod=3..3 aspect=3 format=11 data=017C97A8
998 pid=FFFDCE01 t=135164 grTexDownloadMipMap#4599 tmu=0 addr=00037800 evenodd=3 lod=3..3 aspect=3 format=11 data=017C97A8
999 pid=FFFDCE01 t=135164 grTexDownloadMipMap#4600 tmu=0 addr=00038800 evenodd=3 lod=3..3 aspect=3 format=11 data=017C97A8
1000 pid=FFFDCE01 t=135164 grTexDownloadMipMap#4601 tmu=0 addr=00039800 evenodd=3 lod=3..3 aspect=3 format=11 data=017C97A8
1001 pid=FFFDCE01 t=135164 grTexDownloadMipMap#4602 tmu=0 addr=0003A800 evenodd=3 lod=3..3 aspect=3 format=11 data=017C97A8
1002 pid=FFFDCE01 t=135165 grTexDownloadMipMap#4603 tmu=0 addr=0003B800 evenodd=3 lod=3..3 aspect=3 format=11 data=017C97A8
1003 pid=FFFDCE01 t=135165 grTexDownloadMipMap#4604 tmu=0 addr=0003C800 evenodd=3 lod=3..3 aspect=3 format=11 data=017C97A8
1004 pid=FFFDCE01 t=135165 grTexDownloadMipMap#4605 tmu=0 addr=0003D800 evenodd=3 lod=3..3 aspect=3 format=11 data=017C97A8
1005 pid=FFFDCE01 t=135165 grTexDownloadMipMap#4606 tmu=0 addr=0003E800 evenodd=3 lod=3..3 aspect=3 format=11 data=017C97A8
1006 pid=FFFDCE01 t=135166 grTexDownloadMipMap#4607 tmu=0 addr=0003F800 evenodd=3 lod=3..3 aspect=3 format=11 data=017C97A8
1007 pid=FFFDCE01 t=135166 grTexDownloadMipMap#4608 tmu=0 addr=00040800 evenodd=3 lod=3..3 aspect=3 format=11 data=017C97A8
1008 pid=FFFDCE01 t=135166 grTexDownloadMipMap#4609 tmu=0 addr=00041800 evenodd=3 lod=3..3 aspect=3 format=11 data=017C97A8
1009 pid=FFFDCE01 t=135166 grTexDownloadMipMap#4610 tmu=0 addr=00042800 evenodd=3 lod=3..3 aspect=3 format=11 data=017C97A8
1010 pid=FFFDCE01 t=135167 grTexDownloadMipMap#4611 tmu=0 addr=00043800 evenodd=3 lod=3..3 aspect=3 format=11 data=017C97A8
1011 pid=FFFDCE01 t=135167 grTexDownloadMipMap#4612 tmu=0 addr=00044800 evenodd=3 lod=3..3 aspect=3 format=11 data=017C97A8
1012 pid=FFFDCE01 t=135167 grTexDownloadMipMap#4613 tmu=0 addr=00045800 evenodd=3 lod=3..3 aspect=3 format=11 data=017C97A8
1013 pid=FFFDCE01 t=135167 grTexDownloadMipMap#4614 tmu=0 addr=00046800 evenodd=3 lod=3..3 aspect=3 format=11 data=017C97A8
1014 pid=FFFDCE01 t=135169 grTexDownloadMipMap#4615 tmu=0 addr=00047800 evenodd=3 lod=3..3 aspect=3 format=11 data=017C97A8
1015 pid=FFFDCE01 t=135169 grTexDownloadMipMap#4616 tmu=0 addr=00048800 evenodd=3 lod=3..3 aspect=3 format=11 data=017C97A8
1016 pid=FFFDCE01 t=135169 grTexDownloadMipMap#4617 tmu=0 addr=00049800 evenodd=3 lod=3..3 aspect=3 format=11 data=017C97A8
1017 pid=FFFDCE01 t=135169 grTexDownloadMipMap#4618 tmu=0 addr=0004A800 evenodd=3 lod=3..3 aspect=3 format=11 data=017C97A8
1018 pid=FFFDCE01 t=135169 grTexDownloadMipMap#4619 tmu=0 addr=0004B800 evenodd=3 lod=3..3 aspect=3 format=11 data=017C97A8
1019 pid=FFFDCE01 t=135169 grTexDownloadMipMap#4620 tmu=0 addr=0004C800 evenodd=3 lod=3..3 aspect=3 format=11 data=017C97A8
1020 pid=FFFDCE01 t=135169 grTexDownloadMipMap#4621 tmu=0 addr=0004D800 evenodd=3 lod=3..3 aspect=3 format=11 data=017C97A8
1021 pid=FFFDCE01 t=135170 grTexDownloadMipMap#4622 tmu=0 addr=0004E800 evenodd=3 lod=3..3 aspect=3 format=11 data=017C97A8
1022 pid=FFFDCE01 t=135170 grTexDownloadMipMap#4623 tmu=0 addr=0004F800 evenodd=3 lod=3..3 aspect=3 format=11 data=017C97A8
1023 pid=FFFDCE01 t=135170 grTexDownloadMipMap#4624 tmu=0 addr=00050800 evenodd=3 lod=3..3 aspect=3 format=11 data=017C97A8
1024 pid=FFFDCE01 t=135170 grTexDownloadMipMap#4625 tmu=0 addr=00051800 evenodd=3 lod=3..3 aspect=3 format=11 data=017C97A8
1025 pid=FFFDCE01 t=135171 grTexDownloadMipMap#4626 tmu=0 addr=00052800 evenodd=3 lod=3..3 aspect=3 format=11 data=017C97A8
1026 pid=FFFDCE01 t=135171 grTexDownloadMipMap#4627 tmu=0 addr=00053800 evenodd=3 lod=3..3 aspect=3 format=11 data=017C97A8
1027 pid=FFFDCE01 t=135171 grTexDownloadMipMap#4628 tmu=0 addr=00054800 evenodd=3 lod=3..3 aspect=3 format=11 data=017C97A8
1028 pid=FFFDCE01 t=135172 grTexDownloadMipMap#4629 tmu=0 addr=00055800 evenodd=3 lod=3..3 aspect=3 format=11 data=017C97A8
1029 pid=FFFDCE01 t=135172 grTexDownloadMipMap#4630 tmu=0 addr=00056800 evenodd=3 lod=3..3 aspect=3 format=11 data=017C97A8
1030 pid=FFFDCE01 t=135172 grTexDownloadMipMap#4631 tmu=0 addr=00057800 evenodd=3 lod=3..3 aspect=3 format=11 data=017C97A8
1031 pid=FFFDCE01 t=135172 grTexDownloadMipMap#4632 tmu=0 addr=00058800 evenodd=3 lod=3..3 aspect=3 format=11 data=017C97A8
1032 pid=FFFDCE01 t=135173 grTexDownloadMipMap#4633 tmu=0 addr=00059800 evenodd=3 lod=3..3 aspect=3 format=11 data=017C97A8
1033 pid=FFFDCE01 t=135173 grTexDownloadMipMap#4634 tmu=0 addr=0005A800 evenodd=3 lod=3..3 aspect=3 format=11 data=017C97A8
1034 pid=FFFDCE01 t=135173 grTexDownloadMipMap#4635 tmu=0 addr=0005B800 evenodd=3 lod=3..3 aspect=3 format=11 data=017C97A8
1035 pid=FFFDCE01 t=135173 grTexDownloadMipMap#4636 tmu=0 addr=0005C800 evenodd=3 lod=3..3 aspect=3 format=11 data=017C97A8
1036 pid=FFFDCE01 t=135174 grTexDownloadMipMap#4637 tmu=0 addr=0005D800 evenodd=3 lod=3..3 aspect=3 format=11 data=017C97A8
1037 pid=FFFDCE01 t=135174 grTexDownloadMipMap#4638 tmu=0 addr=0005E800 evenodd=3 lod=3..3 aspect=3 format=11 data=017C97A8
1038 pid=FFFDCE01 t=135174 grTexDownloadMipMap#4639 tmu=0 addr=0005F800 evenodd=3 lod=3..3 aspect=3 format=11 data=017C97A8
1039 pid=FFFDCE01 t=135174 grTexDownloadMipMap#4640 tmu=0 addr=00060800 evenodd=3 lod=3..3 aspect=3 format=11 data=017C97A8
1040 pid=FFFDCE01 t=135175 grTexDownloadMipMap#4641 tmu=0 addr=00061800 evenodd=3 lod=3..3 aspect=3 format=11 data=017C97A8
1041 pid=FFFDCE01 t=135175 grTexDownloadMipMap#4642 tmu=0 addr=00062800 evenodd=3 lod=3..3 aspect=3 format=11 data=017C97A8
1042 pid=FFFDCE01 t=135175 grTexDownloadMipMap#4643 tmu=0 addr=00063800 evenodd=3 lod=3..3 aspect=3 format=11 data=017C97A8
1043 pid=FFFDCE01 t=135175 grTexDownloadMipMap#4644 tmu=0 addr=00064800 evenodd=3 lod=3..3 aspect=3 format=11 data=017C97A8
1044 pid=FFFDCE01 t=135177 grTexDownloadMipMap#4645 tmu=0 addr=00065800 evenodd=3 lod=3..3 aspect=3 format=11 data=017C97A8
1045 pid=FFFDCE01 t=135177 grTexDownloadMipMap#4646 tmu=0 addr=00066800 evenodd=3 lod=3..3 aspect=3 format=11 data=017C97A8
1046 pid=FFFDCE01 t=135177 grTexDownloadMipMap#4647 tmu=0 addr=00067800 evenodd=3 lod=3..3 aspect=3 format=11 data=017C97A8
1047 pid=FFFDCE01 t=135177 grTexDownloadMipMap#4648 tmu=0 addr=00068800 evenodd=3 lod=3..3 aspect=3 format=11 data=017C97A8
1048 pid=FFFDCE01 t=135177 grTexDownloadMipMap#4649 tmu=0 addr=00069800 evenodd=3 lod=3..3 aspect=3 format=11 data=017C97A8
1049 pid=FFFDCE01 t=135177 grTexDownloadMipMap#4650 tmu=0 addr=0006A800 evenodd=3 lod=3..3 aspect=3 format=11 data=017C97A8
1050 pid=FFFDCE01 t=135177 grTexDownloadMipMap#4651 tmu=0 addr=0006B800 evenodd=3 lod=3..3 aspect=3 format=11 data=017C97A8
1051 pid=FFFDCE01 t=135178 grTexDownloadMipMap#4652 tmu=0 addr=0006C800 evenodd=3 lod=3..3 aspect=3 format=11 data=017C97A8
1052 pid=FFFDCE01 t=135178 grTexDownloadMipMap#4653 tmu=0 addr=0006D800 evenodd=3 lod=3..3 aspect=3 format=11 data=017C97A8
1053 pid=FFFDCE01 t=135178 grTexDownloadMipMap#4654 tmu=0 addr=0006E800 evenodd=3 lod=3..3 aspect=3 format=11 data=017C97A8
1054 pid=FFFDCE01 t=135178 grTexDownloadMipMap#4655 tmu=0 addr=0006F800 evenodd=3 lod=3..3 aspect=3 format=11 data=017C97A8
1055 pid=FFFDCE01 t=135179 grTexDownloadMipMap#4656 tmu=0 addr=00070800 evenodd=3 lod=3..3 aspect=3 format=11 data=017C97A8
1056 pid=FFFDCE01 t=135179 grTexDownloadMipMap#4657 tmu=0 addr=00071800 evenodd=3 lod=3..3 aspect=3 format=11 data=017C97A8
1057 pid=FFFDCE01 t=135179 grTexDownloadMipMap#4658 tmu=0 addr=00072800 evenodd=3 lod=3..3 aspect=3 format=11 data=017C97A8
1058 pid=FFFDCE01 t=135179 grTexDownloadMipMap#4659 tmu=0 addr=00073800 evenodd=3 lod=3..3 aspect=3 format=11 data=017C97A8
1059 pid=FFFDCE01 t=135180 grTexDownloadMipMap#4660 tmu=0 addr=00074800 evenodd=3 lod=3..3 aspect=3 format=11 data=017C97A8
1060 pid=FFFDCE01 t=135180 grTexDownloadMipMap#4661 tmu=0 addr=00075800 evenodd=3 lod=3..3 aspect=3 format=11 data=017C97A8
1061 pid=FFFDCE01 t=135180 grTexDownloadMipMap#4662 tmu=0 addr=00076800 evenodd=3 lod=3..3 aspect=3 format=11 data=017C97A8
1062 pid=FFFDCE01 t=135180 grTexDownloadMipMap#4663 tmu=0 addr=00077800 evenodd=3 lod=3..3 aspect=3 format=11 data=017C97A8
1063 pid=FFFDCE01 t=135181 grTexDownloadMipMap#4664 tmu=0 addr=00078800 evenodd=3 lod=3..3 aspect=3 format=11 data=017C97A8
1064 pid=FFFDCE01 t=135181 grTexDownloadMipMap#4665 tmu=0 addr=00079800 evenodd=3 lod=3..3 aspect=3 format=11 data=017C97A8
1065 pid=FFFDCE01 t=135181 grTexDownloadMipMap#4666 tmu=0 addr=0007A800 evenodd=3 lod=3..3 aspect=3 format=11 data=017C97A8
1066 pid=FFFDCE01 t=135181 grTexDownloadMipMap#4667 tmu=0 addr=0007B800 evenodd=3 lod=3..3 aspect=3 format=11 data=017C97A8
1067 pid=FFFDCE01 t=135182 grTexDownloadMipMap#4668 tmu=0 addr=0007C800 evenodd=3 lod=3..3 aspect=3 format=11 data=017C97A8
1068 pid=FFFDCE01 t=135182 grTexDownloadMipMap#4669 tmu=0 addr=0007D800 evenodd=3 lod=3..3 aspect=3 format=11 data=017C97A8
1069 pid=FFFDCE01 t=135182 grTexDownloadMipMap#4670 tmu=0 addr=0007E800 evenodd=3 lod=3..3 aspect=3 format=11 data=017C97A8
1070 pid=FFFDCE01 t=135183 grTexDownloadMipMap#4671 tmu=0 addr=0007F800 evenodd=3 lod=3..3 aspect=3 format=11 data=017C97A8
1071 pid=FFFDCE01 t=135183 grTexDownloadMipMap#4672 tmu=0 addr=00080800 evenodd=3 lod=3..3 aspect=3 format=11 data=017C97A8
1072 pid=FFFDCE01 t=135183 grTexDownloadMipMap#4673 tmu=0 addr=00081800 evenodd=3 lod=3..3 aspect=3 format=11 data=017C97A8
1073 pid=FFFDCE01 t=135183 grTexDownloadMipMap#4674 tmu=0 addr=00082800 evenodd=3 lod=3..3 aspect=3 format=11 data=017C97A8
1074 pid=FFFDCE01 t=135185 grTexDownloadMipMap#4675 tmu=0 addr=00083800 evenodd=3 lod=3..3 aspect=3 format=11 data=017C97A8
1075 pid=FFFDCE01 t=135185 grTexDownloadMipMap#4676 tmu=0 addr=00084800 evenodd=3 lod=3..3 aspect=3 format=11 data=017C97A8
1076 pid=FFFDCE01 t=135185 grTexDownloadMipMap#4677 tmu=0 addr=00085800 evenodd=3 lod=3..3 aspect=3 format=11 data=017C97A8
1077 pid=FFFDCE01 t=135185 grTexDownloadMipMap#4678 tmu=0 addr=00086800 evenodd=3 lod=3..3 aspect=3 format=11 data=017C97A8
1078 pid=FFFDCE01 t=135185 grTexDownloadMipMap#4679 tmu=0 addr=00087800 evenodd=3 lod=3..3 aspect=3 format=11 data=017C97A8
1079 pid=FFFDCE01 t=135185 grTexDownloadMipMap#4680 tmu=0 addr=00088800 evenodd=3 lod=3..3 aspect=3 format=11 data=017C97A8
1080 pid=FFFDCE01 t=135185 grTexDownloadMipMap#4681 tmu=0 addr=00089800 evenodd=3 lod=3..3 aspect=3 format=11 data=017C97A8
1081 pid=FFFDCE01 t=135185 grTexDownloadMipMap#4682 tmu=0 addr=0008A800 evenodd=3 lod=3..3 aspect=3 format=11 data=017C97A8
1082 pid=FFFDCE01 t=135186 grTexDownloadMipMap#4683 tmu=0 addr=0008B800 evenodd=3 lod=3..3 aspect=3 format=11 data=017C97A8
1083 pid=FFFDCE01 t=135186 grTexDownloadMipMap#4684 tmu=0 addr=0008C800 evenodd=3 lod=3..3 aspect=3 format=11 data=017C97A8
1084 pid=FFFDCE01 t=135186 grTexDownloadMipMap#4685 tmu=0 addr=0008D800 evenodd=3 lod=3..3 aspect=3 format=11 data=017C97A8
1085 pid=FFFDCE01 t=135187 grTexDownloadMipMap#4686 tmu=0 addr=0008E800 evenodd=3 lod=3..3 aspect=3 format=11 data=017C97A8
1086 pid=FFFDCE01 t=135187 grTexDownloadMipMap#4687 tmu=0 addr=0008F800 evenodd=3 lod=3..3 aspect=3 format=11 data=017C97A8
1087 pid=FFFDCE01 t=135187 grTexDownloadMipMap#4688 tmu=0 addr=00090800 evenodd=3 lod=3..3 aspect=3 format=11 data=017C97A8
1088 pid=FFFDCE01 t=135187 grTexDownloadMipMap#4689 tmu=0 addr=00091800 evenodd=3 lod=3..3 aspect=3 format=11 data=017C97A8
1089 pid=FFFDCE01 t=135188 grTexDownloadMipMap#4690 tmu=0 addr=00092800 evenodd=3 lod=3..3 aspect=3 format=11 data=017C97A8
1090 pid=FFFDCE01 t=135188 grTexDownloadMipMap#4691 tmu=0 addr=00093800 evenodd=3 lod=3..3 aspect=3 format=11 data=017C97A8
1091 pid=FFFDCE01 t=135188 grTexDownloadMipMap#4692 tmu=0 addr=00094800 evenodd=3 lod=3..3 aspect=3 format=11 data=017C97A8
1092 pid=FFFDCE01 t=135188 grTexDownloadMipMap#4693 tmu=0 addr=00095800 evenodd=3 lod=3..3 aspect=3 format=11 data=017C97A8
1093 pid=FFFDCE01 t=135189 grTexDownloadMipMap#4694 tmu=0 addr=00096800 evenodd=3 lod=3..3 aspect=3 format=11 data=017C97A8
1094 pid=FFFDCE01 t=135189 grTexDownloadMipMap#4695 tmu=0 addr=00097800 evenodd=3 lod=3..3 aspect=3 format=11 data=017C97A8
1095 pid=FFFDCE01 t=135189 grTexDownloadMipMap#4696 tmu=0 addr=00098800 evenodd=3 lod=3..3 aspect=3 format=11 data=017C97A8
1096 pid=FFFDCE01 t=135189 grTexDownloadMipMap#4697 tmu=0 addr=00099800 evenodd=3 lod=3..3 aspect=3 format=11 data=017C97A8
1097 pid=FFFDCE01 t=135190 grTexDownloadMipMap#4698 tmu=0 addr=0009A800 evenodd=3 lod=3..3 aspect=3 format=11 data=017C97A8
1098 pid=FFFDCE01 t=135190 grTexDownloadMipMap#4699 tmu=0 addr=0009B800 evenodd=3 lod=3..3 aspect=3 format=11 data=017C97A8
1099 pid=FFFDCE01 t=135190 grTexDownloadMipMap#4700 tmu=0 addr=0009C800 evenodd=3 lod=3..3 aspect=3 format=11 data=017C97A8
1100 pid=FFFDCE01 t=135190 grTexDownloadMipMap#4701 tmu=0 addr=0009D800 evenodd=3 lod=3..3 aspect=3 format=11 data=017C97A8
1101 pid=FFFDCE01 t=135191 grTexDownloadMipMap#4702 tmu=0 addr=0009E800 evenodd=3 lod=3..3 aspect=3 format=11 data=017C97A8
1102 pid=FFFDCE01 t=135191 grTexDownloadMipMap#4703 tmu=0 addr=0009F800 evenodd=3 lod=3..3 aspect=3 format=11 data=017C97A8
1103 pid=FFFDCE01 t=135191 grTexDownloadMipMap#4704 tmu=0 addr=000A0800 evenodd=3 lod=3..3 aspect=3 format=11 data=017C97A8
1104 pid=FFFDCE01 t=135191 grTexDownloadMipMap#4705 tmu=0 addr=000A1800 evenodd=3 lod=3..3 aspect=3 format=11 data=017C97A8
1105 pid=FFFDCE01 t=135193 grTexDownloadMipMap#4706 tmu=0 addr=000A2800 evenodd=3 lod=3..3 aspect=3 format=11 data=017C97A8
1106 pid=FFFDCE01 t=135193 grTexDownloadMipMap#4707 tmu=0 addr=000A3800 evenodd=3 lod=3..3 aspect=3 format=11 data=017C97A8
1107 pid=FFFDCE01 t=135193 grTexDownloadMipMap#4708 tmu=0 addr=000A4800 evenodd=3 lod=3..3 aspect=3 format=11 data=017C97A8
1108 pid=FFFDCE01 t=135193 grTexDownloadMipMap#4709 tmu=0 addr=000A5800 evenodd=3 lod=3..3 aspect=3 format=11 data=017C97A8
1109 pid=FFFDCE01 t=135193 grTexDownloadMipMap#4710 tmu=0 addr=000A6800 evenodd=3 lod=3..3 aspect=3 format=11 data=017C97A8
1110 pid=FFFDCE01 t=135193 grTexDownloadMipMap#4711 tmu=0 addr=000A7800 evenodd=3 lod=3..3 aspect=3 format=11 data=017C97A8
1111 pid=FFFDCE01 t=135193 grTexDownloadMipMap#4712 tmu=0 addr=000A8800 evenodd=3 lod=3..3 aspect=3 format=11 data=017C97A8
1112 pid=FFFDCE01 t=135194 grTexDownloadMipMap#4713 tmu=0 addr=000A9800 evenodd=3 lod=3..3 aspect=3 format=11 data=017C97A8
1113 pid=FFFDCE01 t=135194 grTexDownloadMipMap#4714 tmu=0 addr=000AA800 evenodd=3 lod=3..3 aspect=3 format=11 data=017C97A8
1114 pid=FFFDCE01 t=135194 grTexDownloadMipMap#4715 tmu=0 addr=000AB800 evenodd=3 lod=3..3 aspect=3 format=11 data=017C97A8
1115 pid=FFFDCE01 t=135195 grTexDownloadMipMap#4716 tmu=0 addr=000AC800 evenodd=3 lod=3..3 aspect=3 format=11 data=017C97A8
1116 pid=FFFDCE01 t=135195 grTexDownloadMipMap#4717 tmu=0 addr=000AD800 evenodd=3 lod=3..3 aspect=3 format=11 data=017C97A8
1117 pid=FFFDCE01 t=135195 grTexDownloadMipMap#4718 tmu=0 addr=000AE800 evenodd=3 lod=3..3 aspect=3 format=11 data=017C97A8
1118 pid=FFFDCE01 t=135196 grTexDownloadMipMap#4719 tmu=0 addr=000AF800 evenodd=3 lod=3..3 aspect=3 format=11 data=017C97A8
1119 pid=FFFDCE01 t=135196 grTexDownloadMipMap#4720 tmu=0 addr=000B0800 evenodd=3 lod=3..3 aspect=3 format=11 data=017C97A8
1120 pid=FFFDCE01 t=135196 grTexDownloadMipMap#4721 tmu=0 addr=000B1800 evenodd=3 lod=3..3 aspect=3 format=11 data=017C97A8
1121 pid=FFFDCE01 t=135196 grTexDownloadMipMap#4722 tmu=0 addr=000B2800 evenodd=3 lod=3..3 aspect=3 format=11 data=017C97A8
1122 pid=FFFDCE01 t=135196 grTexDownloadMipMap#4723 tmu=0 addr=000B3800 evenodd=3 lod=3..3 aspect=3 format=11 data=017C97A8
1123 pid=FFFDCE01 t=135197 grTexDownloadMipMap#4724 tmu=0 addr=000B4800 evenodd=3 lod=3..3 aspect=3 format=11 data=017C97A8
1124 pid=FFFDCE01 t=135197 grTexDownloadMipMap#4725 tmu=0 addr=000B5800 evenodd=3 lod=3..3 aspect=3 format=11 data=017C97A8
1125 pid=FFFDCE01 t=135197 grTexDownloadMipMap#4726 tmu=0 addr=000B6800 evenodd=3 lod=3..3 aspect=3 format=11 data=017C97A8
1126 pid=FFFDCE01 t=135198 grTexDownloadMipMap#4727 tmu=0 addr=000B7800 evenodd=3 lod=3..3 aspect=3 format=11 data=017C97A8
1127 pid=FFFDCE01 t=135198 grTexDownloadMipMap#4728 tmu=0 addr=000B8800 evenodd=3 lod=3..3 aspect=3 format=11 data=017C97A8
1128 pid=FFFDCE01 t=135198 grTexDownloadMipMap#4729 tmu=0 addr=000B9800 evenodd=3 lod=3..3 aspect=3 format=11 data=017C97A8
1129 pid=FFFDCE01 t=135198 grTexDownloadMipMap#4730 tmu=0 addr=000BA800 evenodd=3 lod=3..3 aspect=3 format=11 data=017C97A8
1130 pid=FFFDCE01 t=135199 grTexDownloadMipMap#4731 tmu=0 addr=000BB800 evenodd=3 lod=3..3 aspect=3 format=11 data=017C97A8
1131 pid=FFFDCE01 t=135199 grTexDownloadMipMap#4732 tmu=0 addr=000BC800 evenodd=3 lod=3..3 aspect=3 format=11 data=017C97A8
1132 pid=FFFDCE01 t=135199 grTexDownloadMipMap#4733 tmu=0 addr=000BD800 evenodd=3 lod=3..3 aspect=3 format=11 data=017C97A8
1133 pid=FFFDCE01 t=135199 grTexDownloadMipMap#4734 tmu=0 addr=000BE800 evenodd=3 lod=3..3 aspect=3 format=11 data=017C97A8
1134 pid=FFFDCE01 t=135200 grTexDownloadMipMap#4735 tmu=0 addr=000BF800 evenodd=3 lod=3..3 aspect=3 format=11 data=017C97A8
1135 pid=FFFDCE01 t=135200 grTexDownloadMipMap#4736 tmu=0 addr=000C0800 evenodd=3 lod=3..3 aspect=3 format=11 data=017C97A8
1136 pid=FFFDCE01 t=135200 grTexDownloadMipMap#4737 tmu=0 addr=000C1800 evenodd=3 lod=3..3 aspect=3 format=11 data=017C97A8
1137 pid=FFFDCE01 t=135200 grTexDownloadMipMap#4738 tmu=0 addr=000C2800 evenodd=3 lod=3..3 aspect=3 format=11 data=017C97A8
1138 pid=FFFDCE01 t=135202 grTexDownloadMipMap#4739 tmu=0 addr=000C3800 evenodd=3 lod=3..3 aspect=3 format=11 data=017C97A8
1139 pid=FFFDCE01 t=135202 grTexDownloadMipMap#4740 tmu=0 addr=000C4800 evenodd=3 lod=3..3 aspect=3 format=11 data=017C97A8
1140 pid=FFFDCE01 t=135202 grTexDownloadMipMap#4741 tmu=0 addr=000C5800 evenodd=3 lod=3..3 aspect=3 format=11 data=017C97A8
1141 pid=FFFDCE01 t=135202 grTexDownloadMipMap#4742 tmu=0 addr=000C6800 evenodd=3 lod=3..3 aspect=3 format=11 data=017C97A8
1142 pid=FFFDCE01 t=135202 grTexDownloadMipMap#4743 tmu=0 addr=000C7800 evenodd=3 lod=3..3 aspect=3 format=11 data=017C97A8
1143 pid=FFFDCE01 t=135202 grTexDownloadMipMap#4744 tmu=0 addr=000C8800 evenodd=3 lod=3..3 aspect=3 format=11 data=017C97A8
1144 pid=FFFDCE01 t=135202 grTexDownloadMipMap#4745 tmu=0 addr=000C9800 evenodd=3 lod=3..3 aspect=3 format=11 data=017C97A8
1145 pid=FFFDCE01 t=135203 grTexDownloadMipMap#4746 tmu=0 addr=000CA800 evenodd=3 lod=3..3 aspect=3 format=11 data=017C97A8
1146 pid=FFFDCE01 t=135203 grTexDownloadMipMap#4747 tmu=0 addr=000CB800 evenodd=3 lod=3..3 aspect=3 format=11 data=017C97A8
1147 pid=FFFDCE01 t=135203 grTexDownloadMipMap#4748 tmu=0 addr=000CC800 evenodd=3 lod=3..3 aspect=3 format=11 data=017C97A8
1148 pid=FFFDCE01 t=135203 grTexDownloadMipMap#4749 tmu=0 addr=000CD800 evenodd=3 lod=3..3 aspect=3 format=11 data=017C97A8
1149 pid=FFFDCE01 t=135204 grTexDownloadMipMap#4750 tmu=0 addr=000CE800 evenodd=3 lod=3..3 aspect=3 format=11 data=017C97A8
1150 pid=FFFDCE01 t=135204 grTexDownloadMipMap#4751 tmu=0 addr=000CF800 evenodd=3 lod=3..3 aspect=3 format=11 data=017C97A8
1151 pid=FFFDCE01 t=135204 grTexDownloadMipMap#4752 tmu=0 addr=000D0800 evenodd=3 lod=3..3 aspect=3 format=11 data=017C97A8
1152 pid=FFFDCE01 t=135204 grTexDownloadMipMap#4753 tmu=0 addr=000D1800 evenodd=3 lod=3..3 aspect=3 format=11 data=017C97A8
1153 pid=FFFDCE01 t=135205 grTexDownloadMipMap#4754 tmu=0 addr=000D2800 evenodd=3 lod=3..3 aspect=3 format=11 data=017C97A8
1154 pid=FFFDCE01 t=135205 grTexDownloadMipMap#4755 tmu=0 addr=000D3800 evenodd=3 lod=3..3 aspect=3 format=11 data=017C97A8
1155 pid=FFFDCE01 t=135205 grTexDownloadMipMap#4756 tmu=0 addr=000D4800 evenodd=3 lod=3..3 aspect=3 format=11 data=017C97A8
1156 pid=FFFDCE01 t=135205 grTexDownloadMipMap#4757 tmu=0 addr=000D5800 evenodd=3 lod=3..3 aspect=3 format=11 data=017C97A8
1157 pid=FFFDCE01 t=135206 grTexDownloadMipMap#4758 tmu=0 addr=000D6800 evenodd=3 lod=3..3 aspect=3 format=11 data=017C97A8
1158 pid=FFFDCE01 t=135206 grTexDownloadMipMap#4759 tmu=0 addr=000D7800 evenodd=3 lod=3..3 aspect=3 format=11 data=017C97A8
1159 pid=FFFDCE01 t=135206 grTexDownloadMipMap#4760 tmu=0 addr=000D8800 evenodd=3 lod=3..3 aspect=3 format=11 data=017C97A8
1160 pid=FFFDCE01 t=135206 grTexDownloadMipMap#4761 tmu=0 addr=000D9800 evenodd=3 lod=3..3 aspect=3 format=11 data=017C97A8
1161 pid=FFFDCE01 t=135207 grTexDownloadMipMap#4762 tmu=0 addr=000DA800 evenodd=3 lod=3..3 aspect=3 format=11 data=017C97A8
1162 pid=FFFDCE01 t=135207 grTexDownloadMipMap#4763 tmu=0 addr=000DB800 evenodd=3 lod=3..3 aspect=3 format=11 data=017C97A8
1163 pid=FFFDCE01 t=135207 grTexDownloadMipMap#4764 tmu=0 addr=000DC800 evenodd=3 lod=3..3 aspect=3 format=11 data=017C97A8
1164 pid=FFFDCE01 t=135208 grTexDownloadMipMap#4765 tmu=0 addr=000DD800 evenodd=3 lod=3..3 aspect=3 format=11 data=017C97A8
1165 pid=FFFDCE01 t=135208 grTexDownloadMipMap#4766 tmu=0 addr=000DE800 evenodd=3 lod=3..3 aspect=3 format=11 data=017C97A8
1166 pid=FFFDCE01 t=135208 grTexDownloadMipMap#4767 tmu=0 addr=000DF800 evenodd=3 lod=3..3 aspect=3 format=11 data=017C97A8
1167 pid=FFFDCE01 t=135208 grTexDownloadMipMap#4768 tmu=0 addr=000E0800 evenodd=3 lod=3..3 aspect=3 format=11 data=017C97A8
1168 pid=FFFDCE01 t=135210 grTexDownloadMipMap#4769 tmu=0 addr=000E1800 evenodd=3 lod=3..3 aspect=3 format=11 data=017C97A8
1169 pid=FFFDCE01 t=135210 grTexDownloadMipMap#4770 tmu=0 addr=000E2800 evenodd=3 lod=3..3 aspect=3 format=11 data=017C97A8
1170 pid=FFFDCE01 t=135210 grTexDownloadMipMap#4771 tmu=0 addr=000E3800 evenodd=3 lod=3..3 aspect=3 format=11 data=017C97A8
1171 pid=FFFDCE01 t=135210 grTexDownloadMipMap#4772 tmu=0 addr=000E4800 evenodd=3 lod=3..3 aspect=3 format=11 data=017C97A8
1172 pid=FFFDCE01 t=135210 grTexDownloadMipMap#4773 tmu=0 addr=000E5800 evenodd=3 lod=3..3 aspect=3 format=11 data=017C97A8
1173 pid=FFFDCE01 t=135210 grTexDownloadMipMap#4774 tmu=0 addr=000E6800 evenodd=3 lod=3..3 aspect=3 format=11 data=017C97A8
1174 pid=FFFDCE01 t=135210 grTexDownloadMipMap#4775 tmu=0 addr=000E7800 evenodd=3 lod=3..3 aspect=3 format=11 data=017C97A8
1175 pid=FFFDCE01 t=135210 grTexDownloadMipMap#4776 tmu=0 addr=000E8800 evenodd=3 lod=3..3 aspect=3 format=11 data=017C97A8
1176 pid=FFFDCE01 t=135211 grTexDownloadMipMap#4777 tmu=0 addr=000E9800 evenodd=3 lod=3..3 aspect=3 format=11 data=017C97A8
1177 pid=FFFDCE01 t=135211 grTexDownloadMipMap#4778 tmu=0 addr=000EA800 evenodd=3 lod=3..3 aspect=3 format=11 data=017C97A8
1178 pid=FFFDCE01 t=135211 grTexDownloadMipMap#4779 tmu=0 addr=000EB800 evenodd=3 lod=3..3 aspect=3 format=11 data=017C97A8
1179 pid=FFFDCE01 t=135212 grTexDownloadMipMap#4780 tmu=0 addr=000EC800 evenodd=3 lod=3..3 aspect=3 format=11 data=017C97A8
1180 pid=FFFDCE01 t=135212 grTexDownloadMipMap#4781 tmu=0 addr=000ED800 evenodd=3 lod=3..3 aspect=3 format=11 data=017C97A8
1181 pid=FFFDCE01 t=135212 grTexDownloadMipMap#4782 tmu=0 addr=000EE800 evenodd=3 lod=3..3 aspect=3 format=11 data=017C97A8
1182 pid=FFFDCE01 t=135212 grTexDownloadMipMap#4783 tmu=0 addr=000EF800 evenodd=3 lod=3..3 aspect=3 format=11 data=017C97A8
1183 pid=FFFDCE01 t=135213 grTexDownloadMipMap#4784 tmu=0 addr=000F0800 evenodd=3 lod=3..3 aspect=3 format=11 data=017C97A8
1184 pid=FFFDCE01 t=135213 grTexDownloadMipMap#4785 tmu=0 addr=000F1800 evenodd=3 lod=3..3 aspect=3 format=11 data=017C97A8
1185 pid=FFFDCE01 t=135213 grTexDownloadMipMap#4786 tmu=0 addr=000F2800 evenodd=3 lod=3..3 aspect=3 format=11 data=017C97A8
1186 pid=FFFDCE01 t=135213 grTexDownloadMipMap#4787 tmu=0 addr=000F3800 evenodd=3 lod=3..3 aspect=3 format=11 data=017C97A8
1187 pid=FFFDCE01 t=135214 grTexDownloadMipMap#4788 tmu=0 addr=000F4800 evenodd=3 lod=3..3 aspect=3 format=11 data=017C97A8
1188 pid=FFFDCE01 t=135214 grTexDownloadMipMap#4789 tmu=0 addr=000F5800 evenodd=3 lod=3..3 aspect=3 format=11 data=017C97A8
1189 pid=FFFDCE01 t=135214 grTexDownloadMipMap#4790 tmu=0 addr=000F6800 evenodd=3 lod=3..3 aspect=3 format=11 data=017C97A8
1190 pid=FFFDCE01 t=135214 grTexDownloadMipMap#4791 tmu=0 addr=000F7800 evenodd=3 lod=3..3 aspect=3 format=11 data=017C97A8
1191 pid=FFFDCE01 t=135216 grTexDownloadMipMap#4792 tmu=0 addr=000F8800 evenodd=3 lod=3..3 aspect=3 format=11 data=017C97A8
1192 pid=FFFDCE01 t=135216 grTexDownloadMipMap#4793 tmu=0 addr=000F9800 evenodd=3 lod=3..3 aspect=3 format=11 data=017C97A8
1193 pid=FFFDCE01 t=135216 grTexDownloadMipMap#4794 tmu=0 addr=000FA800 evenodd=3 lod=3..3 aspect=3 format=11 data=017C97A8
1194 pid=FFFDCE01 t=135216 grTexDownloadMipMap#4795 tmu=0 addr=000FB800 evenodd=3 lod=3..3 aspect=3 format=11 data=017C97A8
1195 pid=FFFDCE01 t=135216 grTexDownloadMipMap#4796 tmu=0 addr=000FC800 evenodd=3 lod=3..3 aspect=3 format=11 data=017C97A8
1196 pid=FFFDCE01 t=135216 grTexDownloadMipMap#4797 tmu=0 addr=000FD800 evenodd=3 lod=3..3 aspect=3 format=11 data=017C97A8
1197 pid=FFFDCE01 t=135216 grTexDownloadMipMap#4798 tmu=0 addr=000FE800 evenodd=3 lod=3..3 aspect=3 format=11 data=017C97A8
1198 pid=FFFDCE01 t=135217 grTexDownloadMipMap#4799 tmu=0 addr=000FF800 evenodd=3 lod=3..3 aspect=3 format=11 data=017C97A8
1199 pid=FFFDCE01 t=135217 grTexDownloadMipMap#4800 tmu=0 addr=00100800 evenodd=3 lod=3..3 aspect=3 format=11 data=017C97A8
1200 pid=FFFDCE01 t=135217 grTexDownloadMipMap#4801 tmu=0 addr=00101800 evenodd=3 lod=3..3 aspect=3 format=11 data=017C97A8
1201 pid=FFFDCE01 t=135217 grTexDownloadMipMap#4802 tmu=0 addr=00102800 evenodd=3 lod=3..3 aspect=3 format=11 data=017C97A8
1202 pid=FFFDCE01 t=135218 grTexDownloadMipMap#4803 tmu=0 addr=00103800 evenodd=3 lod=3..3 aspect=3 format=11 data=017C97A8
1203 pid=FFFDCE01 t=135218 grTexDownloadMipMap#4804 tmu=0 addr=00104800 evenodd=3 lod=3..3 aspect=3 format=11 data=017C97A8
1204 pid=FFFDCE01 t=135218 grTexDownloadMipMap#4805 tmu=0 addr=00105800 evenodd=3 lod=3..3 aspect=3 format=11 data=017C97A8
1205 pid=FFFDCE01 t=135218 grTexDownloadMipMap#4806 tmu=0 addr=00106800 evenodd=3 lod=3..3 aspect=3 format=11 data=017C97A8
1206 pid=FFFDCE01 t=135219 grTexDownloadMipMap#4807 tmu=0 addr=00107800 evenodd=3 lod=3..3 aspect=3 format=11 data=017C97A8
1207 pid=FFFDCE01 t=135219 grTexDownloadMipMap#4808 tmu=0 addr=00108800 evenodd=3 lod=3..3 aspect=3 format=11 data=017C97A8
1208 pid=FFFDCE01 t=135219 grTexDownloadMipMap#4809 tmu=0 addr=00109800 evenodd=3 lod=3..3 aspect=3 format=11 data=017C97A8
1209 pid=FFFDCE01 t=135220 grTexDownloadMipMap#4810 tmu=0 addr=0010A800 evenodd=3 lod=3..3 aspect=3 format=11 data=017C97A8
1210 pid=FFFDCE01 t=135220 grTexDownloadMipMap#4811 tmu=0 addr=0010B800 evenodd=3 lod=3..3 aspect=3 format=11 data=017C97A8
1211 pid=FFFDCE01 t=135220 grTexDownloadMipMap#4812 tmu=0 addr=0010C800 evenodd=3 lod=3..3 aspect=3 format=11 data=017C97A8
1212 pid=FFFDCE01 t=135220 grTexDownloadMipMap#4813 tmu=0 addr=0010D800 evenodd=3 lod=3..3 aspect=3 format=11 data=017C97A8
1213 pid=FFFDCE01 t=135221 grTexDownloadMipMap#4814 tmu=0 addr=0010E800 evenodd=3 lod=3..3 aspect=3 format=11 data=017C97A8
1214 pid=FFFDCE01 t=135221 grTexDownloadMipMap#4815 tmu=0 addr=0010F800 evenodd=3 lod=3..3 aspect=3 format=11 data=017C97A8
1215 pid=FFFDCE01 t=135221 grTexDownloadMipMap#4816 tmu=0 addr=00110800 evenodd=3 lod=3..3 aspect=3 format=11 data=017C97A8
1216 pid=FFFDCE01 t=135221 grTexDownloadMipMap#4817 tmu=0 addr=00111800 evenodd=3 lod=3..3 aspect=3 format=11 data=017C97A8
1217 pid=FFFDCE01 t=135222 grTexDownloadMipMap#4818 tmu=0 addr=00112800 evenodd=3 lod=3..3 aspect=3 format=11 data=017C97A8
1218 pid=FFFDCE01 t=135222 grTexDownloadMipMap#4819 tmu=0 addr=00113800 evenodd=3 lod=3..3 aspect=3 format=11 data=017C97A8
1219 pid=FFFDCE01 t=135222 grTexDownloadMipMap#4820 tmu=0 addr=00114800 evenodd=3 lod=3..3 aspect=3 format=11 data=017C97A8
1220 pid=FFFDCE01 t=135222 grTexDownloadMipMap#4821 tmu=0 addr=00115800 evenodd=3 lod=3..3 aspect=3 format=11 data=017C97A8
1221 pid=FFFDCE01 t=135223 grTexDownloadMipMap#4822 tmu=0 addr=00116800 evenodd=3 lod=3..3 aspect=3 format=11 data=017C97A8
1222 pid=FFFDCE01 t=135223 grTexDownloadMipMap#4823 tmu=0 addr=00117800 evenodd=3 lod=3..3 aspect=3 format=11 data=017C97A8
1223 pid=FFFDCE01 t=135223 grTexDownloadMipMap#4824 tmu=0 addr=00118800 evenodd=3 lod=3..3 aspect=3 format=11 data=017C97A8
1224 pid=FFFDCE01 t=135223 grTexDownloadMipMap#4825 tmu=0 addr=00119800 evenodd=3 lod=3..3 aspect=3 format=11 data=017C97A8
1225 pid=FFFDCE01 t=135225 grTexDownloadMipMap#4826 tmu=0 addr=0011A800 evenodd=3 lod=3..3 aspect=3 format=11 data=017C97A8
1226 pid=FFFDCE01 t=135225 grTexDownloadMipMap#4827 tmu=0 addr=0011B800 evenodd=3 lod=3..3 aspect=3 format=11 data=017C97A8
1227 pid=FFFDCE01 t=135225 grTexDownloadMipMap#4828 tmu=0 addr=0011C800 evenodd=3 lod=3..3 aspect=3 format=11 data=017C97A8
1228 pid=FFFDCE01 t=135225 grTexDownloadMipMap#4829 tmu=0 addr=0011D800 evenodd=3 lod=3..3 aspect=3 format=11 data=017C97A8
1229 pid=FFFDCE01 t=135225 grTexDownloadMipMap#4830 tmu=0 addr=0011E800 evenodd=3 lod=3..3 aspect=3 format=11 data=017C97A8
1230 pid=FFFDCE01 t=135225 grTexDownloadMipMap#4831 tmu=0 addr=0011F800 evenodd=3 lod=3..3 aspect=3 format=11 data=017C97A8
1231 pid=FFFDCE01 t=135225 grTexDownloadMipMap#4832 tmu=0 addr=00120800 evenodd=3 lod=3..3 aspect=3 format=11 data=017C97A8
1232 pid=FFFDCE01 t=135226 grTexDownloadMipMap#4833 tmu=0 addr=00121800 evenodd=3 lod=3..3 aspect=3 format=11 data=017C97A8
1233 pid=FFFDCE01 t=135226 grTexDownloadMipMap#4834 tmu=0 addr=00122800 evenodd=3 lod=3..3 aspect=3 format=11 data=017C97A8
1234 pid=FFFDCE01 t=135226 grTexDownloadMipMap#4835 tmu=0 addr=00123800 evenodd=3 lod=3..3 aspect=3 format=11 data=017C97A8
1235 pid=FFFDCE01 t=135226 grTexDownloadMipMap#4836 tmu=0 addr=00124800 evenodd=3 lod=3..3 aspect=3 format=11 data=017C97A8
1236 pid=FFFDCE01 t=135227 grTexDownloadMipMap#4837 tmu=0 addr=00125800 evenodd=3 lod=3..3 aspect=3 format=11 data=017C97A8
1237 pid=FFFDCE01 t=135227 grTexDownloadMipMap#4838 tmu=0 addr=00126800 evenodd=3 lod=3..3 aspect=3 format=11 data=017C97A8
1238 pid=FFFDCE01 t=135227 grTexDownloadMipMap#4839 tmu=0 addr=00127800 evenodd=3 lod=3..3 aspect=3 format=11 data=017C97A8
1239 pid=FFFDCE01 t=135227 grTexDownloadMipMap#4840 tmu=0 addr=00128800 evenodd=3 lod=3..3 aspect=3 format=11 data=017C97A8
1240 pid=FFFDCE01 t=135228 grTexDownloadMipMap#4841 tmu=0 addr=00129800 evenodd=3 lod=3..3 aspect=3 format=11 data=017C97A8
1241 pid=FFFDCE01 t=135228 grTexDownloadMipMap#4842 tmu=0 addr=0012A800 evenodd=3 lod=3..3 aspect=3 format=11 data=017C97A8
1242 pid=FFFDCE01 t=135228 grTexDownloadMipMap#4843 tmu=0 addr=0012B800 evenodd=3 lod=3..3 aspect=3 format=11 data=017C97A8
1243 pid=FFFDCE01 t=135229 grSstIdle#10 
1244 pid=FFFDCE01 t=135426 census periodic swaps=201
1245 pid=FFFDCE01 t=135426 census   draws: drawn=9080 refused=0 culled=0 skipped-textured=0
1246 pid=FFFDCE01 t=135426 census   draws: fog-dropped=0 uploads=4540
1247 pid=FFFDCE01 t=135426 census   grAlphaBlendFunction calls=1 lines=1
1248 pid=FFFDCE01 t=135426 census   grAlphaCombine calls=2 lines=2
1249 pid=FFFDCE01 t=135426 census   grAlphaTestFunction calls=1 lines=1
1250 pid=FFFDCE01 t=135426 census   grAlphaTestReferenceValue calls=1 lines=1
1251 pid=FFFDCE01 t=135426 census   grBufferClear calls=208 lines=10
1252 pid=FFFDCE01 t=135426 census   grBufferSwap calls=201 lines=24
1253 pid=FFFDCE01 t=135426 census   grChromakeyMode calls=2 lines=2
1254 pid=FFFDCE01 t=135428 census   grChromakeyValue calls=1 lines=1
1255 pid=FFFDCE01 t=135428 census   grColorCombine calls=2 lines=2
1256 pid=FFFDCE01 t=135428 census   grCullMode calls=3 lines=3
1257 pid=FFFDCE01 t=135428 census   grDepthBufferFunction calls=2 lines=2
1258 pid=FFFDCE01 t=135428 census   grDepthBufferMode calls=2 lines=2
1259 pid=FFFDCE01 t=135428 census   grDepthMask calls=2 lines=2
1260 pid=FFFDCE01 t=135428 census   grDitherMode calls=1 lines=1
1261 pid=FFFDCE01 t=135428 census   grDrawTriangle calls=9080 lines=320
1262 pid=FFFDCE01 t=135428 census   grFogColorValue calls=1 lines=1
1263 pid=FFFDCE01 t=135428 census   grFogMode calls=1 lines=1
1264 pid=FFFDCE01 t=135428 census   grGammaCorrectionValue calls=3 lines=3
1265 pid=FFFDCE01 t=135428 census   grGlideInit calls=1 lines=1
1266 pid=FFFDCE01 t=135428 census   grLfbLock calls=4 lines=4
1267 pid=FFFDCE01 t=135428 census   grLfbUnlock calls=4 lines=4
1268 pid=FFFDCE01 t=135428 census   grRenderBuffer calls=211 lines=13
1269 pid=FFFDCE01 t=135428 census   grSstIdle calls=10 lines=10
1270 pid=FFFDCE01 t=135428 census   grSstQueryHardware calls=1 lines=1
1271 pid=FFFDCE01 t=135428 census   grSstSelect calls=1 lines=1
1272 pid=FFFDCE01 t=135428 census   grSstWinOpen calls=1 lines=1
1273 pid=FFFDCE01 t=135428 census   grTexCalcMemRequired calls=733 lines=26
1274 pid=FFFDCE01 t=135428 census   grTexClampMode calls=1 lines=1
1275 pid=FFFDCE01 t=135428 census   grTexCombine calls=1 lines=1
1276 pid=FFFDCE01 t=135428 census   grTexCombineFunction calls=1 lines=1
1277 pid=FFFDCE01 t=135428 census   grTexDownloadMipMap calls=5143 lines=664
1278 pid=FFFDCE01 t=135428 census   grTexFilterMode calls=2 lines=2
1279 pid=FFFDCE01 t=135428 census   grTexMaxAddress calls=733 lines=22
1280 pid=FFFDCE01 t=135428 census   grTexMinAddress calls=6 lines=4
1281 pid=FFFDCE01 t=135428 census   grTexMipMapMode calls=1 lines=1
1282 pid=FFFDCE01 t=135428 census   grTexSource calls=4540 lines=61
1283 pid=FFFDCE01 t=135428 grSstIdle#11 
1284 pid=FFFDCE01 t=135693 grTexSource#4541 tmu=0 addr=00000800 evenodd=3 lod=3..3 aspect=3 format=11
1285 pid=FFFDCE01 t=135693 grTexSource#4542 tmu=0 addr=00001800 evenodd=3 lod=3..3 aspect=3 format=11
1286 pid=FFFDCE01 t=135693 grTexSource#4543 tmu=0 addr=00002800 evenodd=3 lod=3..3 aspect=3 format=11
1287 pid=FFFDCE01 t=135693 grTexSource#4544 tmu=0 addr=00003800 evenodd=3 lod=3..3 aspect=3 format=11
1288 pid=FFFDCE01 t=135693 grTexSource#4545 tmu=0 addr=00004800 evenodd=3 lod=3..3 aspect=3 format=11
1289 pid=FFFDCE01 t=135693 grTexSource#4546 tmu=0 addr=00005800 evenodd=3 lod=3..3 aspect=3 format=11
1290 pid=FFFDCE01 t=135693 grTexSource#4547 tmu=0 addr=00006800 evenodd=3 lod=3..3 aspect=3 format=11
1291 pid=FFFDCE01 t=135694 grTexSource#4548 tmu=0 addr=00007800 evenodd=3 lod=3..3 aspect=3 format=11
1292 pid=FFFDCE01 t=135694 grTexSource#4549 tmu=0 addr=00008800 evenodd=3 lod=3..3 aspect=3 format=11
1293 pid=FFFDCE01 t=135694 grTexSource#4550 tmu=0 addr=00009800 evenodd=3 lod=3..3 aspect=3 format=11
1294 pid=FFFDCE01 t=135694 grTexSource#4551 tmu=0 addr=0000A800 evenodd=3 lod=3..3 aspect=3 format=11
1295 pid=FFFDCE01 t=135694 grTexSource#4552 tmu=0 addr=0000B800 evenodd=3 lod=3..3 aspect=3 format=11
1296 pid=FFFDCE01 t=135695 grTexSource#4553 tmu=0 addr=0000C800 evenodd=3 lod=3..3 aspect=3 format=11
1297 pid=FFFDCE01 t=135695 grTexSource#4554 tmu=0 addr=0000D800 evenodd=3 lod=3..3 aspect=3 format=11
1298 pid=FFFDCE01 t=135695 grTexSource#4555 tmu=0 addr=0000E800 evenodd=3 lod=3..3 aspect=3 format=11
1299 pid=FFFDCE01 t=135695 grTexSource#4556 tmu=0 addr=0000F800 evenodd=3 lod=3..3 aspect=3 format=11
1300 pid=FFFDCE01 t=135696 grTexSource#4557 tmu=0 addr=00010800 evenodd=3 lod=3..3 aspect=3 format=11
1301 pid=FFFDCE01 t=135696 grTexSource#4558 tmu=0 addr=00011800 evenodd=3 lod=3..3 aspect=3 format=11
1302 pid=FFFDCE01 t=135696 grTexSource#4559 tmu=0 addr=00012800 evenodd=3 lod=3..3 aspect=3 format=11
1303 pid=FFFDCE01 t=135696 grTexSource#4560 tmu=0 addr=00013800 evenodd=3 lod=3..3 aspect=3 format=11
1304 pid=FFFDCE01 t=135697 grTexSource#4561 tmu=0 addr=00014800 evenodd=3 lod=3..3 aspect=3 format=11
1305 pid=FFFDCE01 t=135697 grTexSource#4562 tmu=0 addr=00015800 evenodd=3 lod=3..3 aspect=3 format=11
1306 pid=FFFDCE01 t=135697 grTexSource#4563 tmu=0 addr=00016800 evenodd=3 lod=3..3 aspect=3 format=11
1307 pid=FFFDCE01 t=135697 grTexSource#4564 tmu=0 addr=00017800 evenodd=3 lod=3..3 aspect=3 format=11
1308 pid=FFFDCE01 t=135697 grTexSource#4565 tmu=0 addr=00018800 evenodd=3 lod=3..3 aspect=3 format=11
1309 pid=FFFDCE01 t=135698 grTexSource#4566 tmu=0 addr=00019800 evenodd=3 lod=3..3 aspect=3 format=11
1310 pid=FFFDCE01 t=135698 grTexSource#4567 tmu=0 addr=0001A800 evenodd=3 lod=3..3 aspect=3 format=11
1311 pid=FFFDCE01 t=135698 grTexSource#4568 tmu=0 addr=0001B800 evenodd=3 lod=3..3 aspect=3 format=11
1312 pid=FFFDCE01 t=135698 grTexSource#4569 tmu=0 addr=0001C800 evenodd=3 lod=3..3 aspect=3 format=11
1313 pid=FFFDCE01 t=135699 grTexSource#4570 tmu=0 addr=0001D800 evenodd=3 lod=3..3 aspect=3 format=11
1314 pid=FFFDCE01 t=135699 grTexSource#4571 tmu=0 addr=0001E800 evenodd=3 lod=3..3 aspect=3 format=11
1315 pid=FFFDCE01 t=135699 grTexSource#4572 tmu=0 addr=0001F800 evenodd=3 lod=3..3 aspect=3 format=11
1316 pid=FFFDCE01 t=135699 grTexSource#4573 tmu=0 addr=00020800 evenodd=3 lod=3..3 aspect=3 format=11
1317 pid=FFFDCE01 t=135699 grTexSource#4574 tmu=0 addr=00021800 evenodd=3 lod=3..3 aspect=3 format=11
1318 pid=FFFDCE01 t=135701 grTexSource#4575 tmu=0 addr=00022800 evenodd=3 lod=3..3 aspect=3 format=11
1319 pid=FFFDCE01 t=135701 grTexSource#4576 tmu=0 addr=00023800 evenodd=3 lod=3..3 aspect=3 format=11
1320 pid=FFFDCE01 t=135701 grTexSource#4577 tmu=0 addr=00024800 evenodd=3 lod=3..3 aspect=3 format=11
1321 pid=FFFDCE01 t=135701 grTexSource#4578 tmu=0 addr=00025800 evenodd=3 lod=3..3 aspect=3 format=11
1322 pid=FFFDCE01 t=135701 grTexSource#4579 tmu=0 addr=00026800 evenodd=3 lod=3..3 aspect=3 format=11
1323 pid=FFFDCE01 t=135701 grTexSource#4580 tmu=0 addr=00027800 evenodd=3 lod=3..3 aspect=3 format=11
1324 pid=FFFDCE01 t=135701 grTexSource#4581 tmu=0 addr=00028800 evenodd=3 lod=3..3 aspect=3 format=11
1325 pid=FFFDCE01 t=135701 grTexSource#4582 tmu=0 addr=00029800 evenodd=3 lod=3..3 aspect=3 format=11
1326 pid=FFFDCE01 t=135702 grTexSource#4583 tmu=0 addr=0002A800 evenodd=3 lod=3..3 aspect=3 format=11
1327 pid=FFFDCE01 t=135702 grTexSource#4584 tmu=0 addr=0002B800 evenodd=3 lod=3..3 aspect=3 format=11
1328 pid=FFFDCE01 t=135702 grTexSource#4585 tmu=0 addr=0002C800 evenodd=3 lod=3..3 aspect=3 format=11
1329 pid=FFFDCE01 t=135702 grTexSource#4586 tmu=0 addr=0002D800 evenodd=3 lod=3..3 aspect=3 format=11
1330 pid=FFFDCE01 t=135702 grTexSource#4587 tmu=0 addr=0002E800 evenodd=3 lod=3..3 aspect=3 format=11
1331 pid=FFFDCE01 t=135703 grTexSource#4588 tmu=0 addr=0002F800 evenodd=3 lod=3..3 aspect=3 format=11
1332 pid=FFFDCE01 t=135703 grTexSource#4589 tmu=0 addr=00030800 evenodd=3 lod=3..3 aspect=3 format=11
1333 pid=FFFDCE01 t=135703 grTexSource#4590 tmu=0 addr=00031800 evenodd=3 lod=3..3 aspect=3 format=11
1334 pid=FFFDCE01 t=135703 grTexSource#4591 tmu=0 addr=00032800 evenodd=3 lod=3..3 aspect=3 format=11
1335 pid=FFFDCE01 t=135704 grTexSource#4592 tmu=0 addr=00033800 evenodd=3 lod=3..3 aspect=3 format=11
1336 pid=FFFDCE01 t=135704 grTexSource#4593 tmu=0 addr=00034800 evenodd=3 lod=3..3 aspect=3 format=11
1337 pid=FFFDCE01 t=135704 grTexSource#4594 tmu=0 addr=00035800 evenodd=3 lod=3..3 aspect=3 format=11
1338 pid=FFFDCE01 t=135704 grTexSource#4595 tmu=0 addr=00036800 evenodd=3 lod=3..3 aspect=3 format=11
1339 pid=FFFDCE01 t=135704 grTexSource#4596 tmu=0 addr=00037800 evenodd=3 lod=3..3 aspect=3 format=11
1340 pid=FFFDCE01 t=135705 grTexSource#4597 tmu=0 addr=00038800 evenodd=3 lod=3..3 aspect=3 format=11
1341 pid=FFFDCE01 t=135705 grTexSource#4598 tmu=0 addr=00039800 evenodd=3 lod=3..3 aspect=3 format=11
1342 pid=FFFDCE01 t=135705 grTexSource#4599 tmu=0 addr=0003A800 evenodd=3 lod=3..3 aspect=3 format=11
1343 pid=FFFDCE01 t=135705 grTexSource#4600 tmu=0 addr=0003B800 evenodd=3 lod=3..3 aspect=3 format=11
1344 pid=FFFDCE01 t=135706 grTexSource#4601 tmu=0 addr=0003C800 evenodd=3 lod=3..3 aspect=3 format=11
1345 pid=FFFDCE01 t=135706 grTexSource#4602 tmu=0 addr=0003D800 evenodd=3 lod=3..3 aspect=3 format=11
1346 pid=FFFDCE01 t=135706 grTexSource#4603 tmu=0 addr=0003E800 evenodd=3 lod=3..3 aspect=3 format=11
1347 pid=FFFDCE01 t=135706 grTexSource#4604 tmu=0 addr=0003F800 evenodd=3 lod=3..3 aspect=3 format=11
1348 pid=FFFDCE01 t=135707 grTexSource#4605 tmu=0 addr=00040800 evenodd=3 lod=3..3 aspect=3 format=11
1349 pid=FFFDCE01 t=135707 grTexSource#4606 tmu=0 addr=00041800 evenodd=3 lod=3..3 aspect=3 format=11
1350 pid=FFFDCE01 t=135707 grTexSource#4607 tmu=0 addr=00042800 evenodd=3 lod=3..3 aspect=3 format=11
1351 pid=FFFDCE01 t=135707 grTexSource#4608 tmu=0 addr=00043800 evenodd=3 lod=3..3 aspect=3 format=11
1352 pid=FFFDCE01 t=135707 grTexSource#4609 tmu=0 addr=00044800 evenodd=3 lod=3..3 aspect=3 format=11
1353 pid=FFFDCE01 t=135709 grTexSource#4610 tmu=0 addr=00045800 evenodd=3 lod=3..3 aspect=3 format=11
1354 pid=FFFDCE01 t=135709 grTexSource#4611 tmu=0 addr=00046800 evenodd=3 lod=3..3 aspect=3 format=11
1355 pid=FFFDCE01 t=135709 grTexSource#4612 tmu=0 addr=00047800 evenodd=3 lod=3..3 aspect=3 format=11
1356 pid=FFFDCE01 t=135709 grTexSource#4613 tmu=0 addr=00048800 evenodd=3 lod=3..3 aspect=3 format=11
1357 pid=FFFDCE01 t=135709 grTexSource#4614 tmu=0 addr=00049800 evenodd=3 lod=3..3 aspect=3 format=11
1358 pid=FFFDCE01 t=135709 grTexSource#4615 tmu=0 addr=0004A800 evenodd=3 lod=3..3 aspect=3 format=11
1359 pid=FFFDCE01 t=135709 grTexSource#4616 tmu=0 addr=0004B800 evenodd=3 lod=3..3 aspect=3 format=11
1360 pid=FFFDCE01 t=135709 grTexSource#4617 tmu=0 addr=0004C800 evenodd=3 lod=3..3 aspect=3 format=11
1361 pid=FFFDCE01 t=135710 grTexSource#4618 tmu=0 addr=0004D800 evenodd=3 lod=3..3 aspect=3 format=11
1362 pid=FFFDCE01 t=135710 grTexSource#4619 tmu=0 addr=0004E800 evenodd=3 lod=3..3 aspect=3 format=11
1363 pid=FFFDCE01 t=135710 grTexSource#4620 tmu=0 addr=0004F800 evenodd=3 lod=3..3 aspect=3 format=11
1364 pid=FFFDCE01 t=135710 grTexSource#4621 tmu=0 addr=00050800 evenodd=3 lod=3..3 aspect=3 format=11
1365 pid=FFFDCE01 t=135710 grTexSource#4622 tmu=0 addr=00051800 evenodd=3 lod=3..3 aspect=3 format=11
1366 pid=FFFDCE01 t=135711 grTexSource#4623 tmu=0 addr=00052800 evenodd=3 lod=3..3 aspect=3 format=11
1367 pid=FFFDCE01 t=135711 grTexSource#4624 tmu=0 addr=00053800 evenodd=3 lod=3..3 aspect=3 format=11
1368 pid=FFFDCE01 t=135711 grTexSource#4625 tmu=0 addr=00054800 evenodd=3 lod=3..3 aspect=3 format=11
1369 pid=FFFDCE01 t=135711 grTexSource#4626 tmu=0 addr=00055800 evenodd=3 lod=3..3 aspect=3 format=11
1370 pid=FFFDCE01 t=135712 grTexSource#4627 tmu=0 addr=00056800 evenodd=3 lod=3..3 aspect=3 format=11
1371 pid=FFFDCE01 t=135712 grTexSource#4628 tmu=0 addr=00057800 evenodd=3 lod=3..3 aspect=3 format=11
1372 pid=FFFDCE01 t=135712 grTexSource#4629 tmu=0 addr=00058800 evenodd=3 lod=3..3 aspect=3 format=11
1373 pid=FFFDCE01 t=135712 grTexSource#4630 tmu=0 addr=00059800 evenodd=3 lod=3..3 aspect=3 format=11
1374 pid=FFFDCE01 t=135713 grTexSource#4631 tmu=0 addr=0005A800 evenodd=3 lod=3..3 aspect=3 format=11
1375 pid=FFFDCE01 t=135713 grTexSource#4632 tmu=0 addr=0005B800 evenodd=3 lod=3..3 aspect=3 format=11
1376 pid=FFFDCE01 t=135713 grTexSource#4633 tmu=0 addr=0005C800 evenodd=3 lod=3..3 aspect=3 format=11
1377 pid=FFFDCE01 t=135713 grTexSource#4634 tmu=0 addr=0005D800 evenodd=3 lod=3..3 aspect=3 format=11
1378 pid=FFFDCE01 t=135713 grTexSource#4635 tmu=0 addr=0005E800 evenodd=3 lod=3..3 aspect=3 format=11
1379 pid=FFFDCE01 t=135714 grTexSource#4636 tmu=0 addr=0005F800 evenodd=3 lod=3..3 aspect=3 format=11
1380 pid=FFFDCE01 t=135714 grTexSource#4637 tmu=0 addr=00060800 evenodd=3 lod=3..3 aspect=3 format=11
1381 pid=FFFDCE01 t=135714 grTexSource#4638 tmu=0 addr=00061800 evenodd=3 lod=3..3 aspect=3 format=11
1382 pid=FFFDCE01 t=135714 grTexSource#4639 tmu=0 addr=00062800 evenodd=3 lod=3..3 aspect=3 format=11
1383 pid=FFFDCE01 t=135716 grTexSource#4640 tmu=0 addr=00063800 evenodd=3 lod=3..3 aspect=3 format=11
1384 pid=FFFDCE01 t=135716 grTexSource#4641 tmu=0 addr=00064800 evenodd=3 lod=3..3 aspect=3 format=11
1385 pid=FFFDCE01 t=135716 grTexSource#4642 tmu=0 addr=00065800 evenodd=3 lod=3..3 aspect=3 format=11
1386 pid=FFFDCE01 t=135716 grTexSource#4643 tmu=0 addr=00066800 evenodd=3 lod=3..3 aspect=3 format=11
1387 pid=FFFDCE01 t=135716 grTexSource#4644 tmu=0 addr=00067800 evenodd=3 lod=3..3 aspect=3 format=11
1388 pid=FFFDCE01 t=135716 grTexSource#4645 tmu=0 addr=00068800 evenodd=3 lod=3..3 aspect=3 format=11
1389 pid=FFFDCE01 t=135716 grTexSource#4646 tmu=0 addr=00069800 evenodd=3 lod=3..3 aspect=3 format=11
1390 pid=FFFDCE01 t=135716 grTexSource#4647 tmu=0 addr=0006A800 evenodd=3 lod=3..3 aspect=3 format=11
1391 pid=FFFDCE01 t=135717 grTexSource#4648 tmu=0 addr=0006B800 evenodd=3 lod=3..3 aspect=3 format=11
1392 pid=FFFDCE01 t=135717 grTexSource#4649 tmu=0 addr=0006C800 evenodd=3 lod=3..3 aspect=3 format=11
1393 pid=FFFDCE01 t=135717 grTexSource#4650 tmu=0 addr=0006D800 evenodd=3 lod=3..3 aspect=3 format=11
1394 pid=FFFDCE01 t=135717 grTexSource#4651 tmu=0 addr=0006E800 evenodd=3 lod=3..3 aspect=3 format=11
1395 pid=FFFDCE01 t=135718 grTexSource#4652 tmu=0 addr=0006F800 evenodd=3 lod=3..3 aspect=3 format=11
1396 pid=FFFDCE01 t=135718 grTexSource#4653 tmu=0 addr=00070800 evenodd=3 lod=3..3 aspect=3 format=11
1397 pid=FFFDCE01 t=135718 grTexSource#4654 tmu=0 addr=00071800 evenodd=3 lod=3..3 aspect=3 format=11
1398 pid=FFFDCE01 t=135718 grTexSource#4655 tmu=0 addr=00072800 evenodd=3 lod=3..3 aspect=3 format=11
1399 pid=FFFDCE01 t=135718 grTexSource#4656 tmu=0 addr=00073800 evenodd=3 lod=3..3 aspect=3 format=11
1400 pid=FFFDCE01 t=135719 grTexSource#4657 tmu=0 addr=00074800 evenodd=3 lod=3..3 aspect=3 format=11
1401 pid=FFFDCE01 t=135719 grTexSource#4658 tmu=0 addr=00075800 evenodd=3 lod=3..3 aspect=3 format=11
1402 pid=FFFDCE01 t=135719 grTexSource#4659 tmu=0 addr=00076800 evenodd=3 lod=3..3 aspect=3 format=11
1403 pid=FFFDCE01 t=135719 grTexSource#4660 tmu=0 addr=00077800 evenodd=3 lod=3..3 aspect=3 format=11
1404 pid=FFFDCE01 t=135720 grTexSource#4661 tmu=0 addr=00078800 evenodd=3 lod=3..3 aspect=3 format=11
1405 pid=FFFDCE01 t=135720 grTexSource#4662 tmu=0 addr=00079800 evenodd=3 lod=3..3 aspect=3 format=11
1406 pid=FFFDCE01 t=135720 grTexSource#4663 tmu=0 addr=0007A800 evenodd=3 lod=3..3 aspect=3 format=11
1407 pid=FFFDCE01 t=135720 grTexSource#4664 tmu=0 addr=0007B800 evenodd=3 lod=3..3 aspect=3 format=11
1408 pid=FFFDCE01 t=135721 grTexSource#4665 tmu=0 addr=0007C800 evenodd=3 lod=3..3 aspect=3 format=11
1409 pid=FFFDCE01 t=135721 grTexSource#4666 tmu=0 addr=0007D800 evenodd=3 lod=3..3 aspect=3 format=11
1410 pid=FFFDCE01 t=135721 grTexSource#4667 tmu=0 addr=0007E800 evenodd=3 lod=3..3 aspect=3 format=11
1411 pid=FFFDCE01 t=135721 grTexSource#4668 tmu=0 addr=0007F800 evenodd=3 lod=3..3 aspect=3 format=11
1412 pid=FFFDCE01 t=135721 grTexSource#4669 tmu=0 addr=00080800 evenodd=3 lod=3..3 aspect=3 format=11
1413 pid=FFFDCE01 t=135722 grTexSource#4670 tmu=0 addr=00081800 evenodd=3 lod=3..3 aspect=3 format=11
1414 pid=FFFDCE01 t=135722 grTexSource#4671 tmu=0 addr=00082800 evenodd=3 lod=3..3 aspect=3 format=11
1415 pid=FFFDCE01 t=135722 grTexSource#4672 tmu=0 addr=00083800 evenodd=3 lod=3..3 aspect=3 format=11
1416 pid=FFFDCE01 t=135722 grTexSource#4673 tmu=0 addr=00084800 evenodd=3 lod=3..3 aspect=3 format=11
1417 pid=FFFDCE01 t=135724 grTexSource#4674 tmu=0 addr=00085800 evenodd=3 lod=3..3 aspect=3 format=11
1418 pid=FFFDCE01 t=135724 grTexSource#4675 tmu=0 addr=00086800 evenodd=3 lod=3..3 aspect=3 format=11
1419 pid=FFFDCE01 t=135724 grTexSource#4676 tmu=0 addr=00087800 evenodd=3 lod=3..3 aspect=3 format=11
1420 pid=FFFDCE01 t=135724 grTexSource#4677 tmu=0 addr=00088800 evenodd=3 lod=3..3 aspect=3 format=11
1421 pid=FFFDCE01 t=135724 grTexSource#4678 tmu=0 addr=00089800 evenodd=3 lod=3..3 aspect=3 format=11
1422 pid=FFFDCE01 t=135724 grTexSource#4679 tmu=0 addr=0008A800 evenodd=3 lod=3..3 aspect=3 format=11
1423 pid=FFFDCE01 t=135724 grTexSource#4680 tmu=0 addr=0008B800 evenodd=3 lod=3..3 aspect=3 format=11
1424 pid=FFFDCE01 t=135724 grTexSource#4681 tmu=0 addr=0008C800 evenodd=3 lod=3..3 aspect=3 format=11
1425 pid=FFFDCE01 t=135725 grTexSource#4682 tmu=0 addr=0008D800 evenodd=3 lod=3..3 aspect=3 format=11
1426 pid=FFFDCE01 t=135725 grTexSource#4683 tmu=0 addr=0008E800 evenodd=3 lod=3..3 aspect=3 format=11
1427 pid=FFFDCE01 t=135725 grTexSource#4684 tmu=0 addr=0008F800 evenodd=3 lod=3..3 aspect=3 format=11
1428 pid=FFFDCE01 t=135725 grTexSource#4685 tmu=0 addr=00090800 evenodd=3 lod=3..3 aspect=3 format=11
1429 pid=FFFDCE01 t=135726 grTexSource#4686 tmu=0 addr=00091800 evenodd=3 lod=3..3 aspect=3 format=11
1430 pid=FFFDCE01 t=135726 grTexSource#4687 tmu=0 addr=00092800 evenodd=3 lod=3..3 aspect=3 format=11
1431 pid=FFFDCE01 t=135726 grTexSource#4688 tmu=0 addr=00093800 evenodd=3 lod=3..3 aspect=3 format=11
1432 pid=FFFDCE01 t=135726 grTexSource#4689 tmu=0 addr=00094800 evenodd=3 lod=3..3 aspect=3 format=11
1433 pid=FFFDCE01 t=135726 grTexSource#4690 tmu=0 addr=00095800 evenodd=3 lod=3..3 aspect=3 format=11
1434 pid=FFFDCE01 t=135727 grTexSource#4691 tmu=0 addr=00096800 evenodd=3 lod=3..3 aspect=3 format=11
1435 pid=FFFDCE01 t=135727 grTexSource#4692 tmu=0 addr=00097800 evenodd=3 lod=3..3 aspect=3 format=11
1436 pid=FFFDCE01 t=135727 grTexSource#4693 tmu=0 addr=00098800 evenodd=3 lod=3..3 aspect=3 format=11
1437 pid=FFFDCE01 t=135727 grTexSource#4694 tmu=0 addr=00099800 evenodd=3 lod=3..3 aspect=3 format=11
1438 pid=FFFDCE01 t=135728 grTexSource#4695 tmu=0 addr=0009A800 evenodd=3 lod=3..3 aspect=3 format=11
1439 pid=FFFDCE01 t=135728 grTexSource#4696 tmu=0 addr=0009B800 evenodd=3 lod=3..3 aspect=3 format=11
1440 pid=FFFDCE01 t=135728 grTexSource#4697 tmu=0 addr=0009C800 evenodd=3 lod=3..3 aspect=3 format=11
1441 pid=FFFDCE01 t=135728 grTexSource#4698 tmu=0 addr=0009D800 evenodd=3 lod=3..3 aspect=3 format=11
1442 pid=FFFDCE01 t=135729 grTexSource#4699 tmu=0 addr=0009E800 evenodd=3 lod=3..3 aspect=3 format=11
1443 pid=FFFDCE01 t=135729 grTexSource#4700 tmu=0 addr=0009F800 evenodd=3 lod=3..3 aspect=3 format=11
1444 pid=FFFDCE01 t=135729 grTexSource#4701 tmu=0 addr=000A0800 evenodd=3 lod=3..3 aspect=3 format=11
1445 pid=FFFDCE01 t=135729 grTexSource#4702 tmu=0 addr=000A1800 evenodd=3 lod=3..3 aspect=3 format=11
1446 pid=FFFDCE01 t=135729 grTexSource#4703 tmu=0 addr=000A2800 evenodd=3 lod=3..3 aspect=3 format=11
1447 pid=FFFDCE01 t=135730 grTexSource#4704 tmu=0 addr=000A3800 evenodd=3 lod=3..3 aspect=3 format=11
1448 pid=FFFDCE01 t=135730 grTexSource#4705 tmu=0 addr=000A4800 evenodd=3 lod=3..3 aspect=3 format=11
1449 pid=FFFDCE01 t=135730 grTexSource#4706 tmu=0 addr=000A5800 evenodd=3 lod=3..3 aspect=3 format=11
1450 pid=FFFDCE01 t=135730 grTexSource#4707 tmu=0 addr=000A6800 evenodd=3 lod=3..3 aspect=3 format=11
1451 pid=FFFDCE01 t=135732 grTexSource#4708 tmu=0 addr=000A7800 evenodd=3 lod=3..3 aspect=3 format=11
1452 pid=FFFDCE01 t=135732 grTexSource#4709 tmu=0 addr=000A8800 evenodd=3 lod=3..3 aspect=3 format=11
1453 pid=FFFDCE01 t=135732 grTexSource#4710 tmu=0 addr=000A9800 evenodd=3 lod=3..3 aspect=3 format=11
1454 pid=FFFDCE01 t=135732 grTexSource#4711 tmu=0 addr=000AA800 evenodd=3 lod=3..3 aspect=3 format=11
1455 pid=FFFDCE01 t=135732 grTexSource#4712 tmu=0 addr=000AB800 evenodd=3 lod=3..3 aspect=3 format=11
1456 pid=FFFDCE01 t=135732 grTexSource#4713 tmu=0 addr=000AC800 evenodd=3 lod=3..3 aspect=3 format=11
1457 pid=FFFDCE01 t=135732 grTexSource#4714 tmu=0 addr=000AD800 evenodd=3 lod=3..3 aspect=3 format=11
1458 pid=FFFDCE01 t=135732 grTexSource#4715 tmu=0 addr=000AE800 evenodd=3 lod=3..3 aspect=3 format=11
1459 pid=FFFDCE01 t=135733 grTexSource#4716 tmu=0 addr=000AF800 evenodd=3 lod=3..3 aspect=3 format=11
1460 pid=FFFDCE01 t=135733 grTexSource#4717 tmu=0 addr=000B0800 evenodd=3 lod=3..3 aspect=3 format=11
1461 pid=FFFDCE01 t=135733 grTexSource#4718 tmu=0 addr=000B1800 evenodd=3 lod=3..3 aspect=3 format=11
1462 pid=FFFDCE01 t=135733 grTexSource#4719 tmu=0 addr=000B2800 evenodd=3 lod=3..3 aspect=3 format=11
1463 pid=FFFDCE01 t=135733 grTexSource#4720 tmu=0 addr=000B3800 evenodd=3 lod=3..3 aspect=3 format=11
1464 pid=FFFDCE01 t=135734 grTexSource#4721 tmu=0 addr=000B4800 evenodd=3 lod=3..3 aspect=3 format=11
1465 pid=FFFDCE01 t=135734 grTexSource#4722 tmu=0 addr=000B5800 evenodd=3 lod=3..3 aspect=3 format=11
1466 pid=FFFDCE01 t=135734 grTexSource#4723 tmu=0 addr=000B6800 evenodd=3 lod=3..3 aspect=3 format=11
1467 pid=FFFDCE01 t=135734 grTexSource#4724 tmu=0 addr=000B7800 evenodd=3 lod=3..3 aspect=3 format=11
1468 pid=FFFDCE01 t=135735 grTexSource#4725 tmu=0 addr=000B8800 evenodd=3 lod=3..3 aspect=3 format=11
1469 pid=FFFDCE01 t=135735 grTexSource#4726 tmu=0 addr=000B9800 evenodd=3 lod=3..3 aspect=3 format=11
1470 pid=FFFDCE01 t=135735 grTexSource#4727 tmu=0 addr=000BA800 evenodd=3 lod=3..3 aspect=3 format=11
1471 pid=FFFDCE01 t=135735 grTexSource#4728 tmu=0 addr=000BB800 evenodd=3 lod=3..3 aspect=3 format=11
1472 pid=FFFDCE01 t=135736 grTexSource#4729 tmu=0 addr=000BC800 evenodd=3 lod=3..3 aspect=3 format=11
1473 pid=FFFDCE01 t=135736 grTexSource#4730 tmu=0 addr=000BD800 evenodd=3 lod=3..3 aspect=3 format=11
1474 pid=FFFDCE01 t=135736 grTexSource#4731 tmu=0 addr=000BE800 evenodd=3 lod=3..3 aspect=3 format=11
1475 pid=FFFDCE01 t=135736 grTexSource#4732 tmu=0 addr=000BF800 evenodd=3 lod=3..3 aspect=3 format=11
1476 pid=FFFDCE01 t=135737 grTexSource#4733 tmu=0 addr=000C0800 evenodd=3 lod=3..3 aspect=3 format=11
1477 pid=FFFDCE01 t=135737 grTexSource#4734 tmu=0 addr=000C1800 evenodd=3 lod=3..3 aspect=3 format=11
1478 pid=FFFDCE01 t=135737 grTexSource#4735 tmu=0 addr=000C2800 evenodd=3 lod=3..3 aspect=3 format=11
1479 pid=FFFDCE01 t=135737 grTexSource#4736 tmu=0 addr=000C3800 evenodd=3 lod=3..3 aspect=3 format=11
1480 pid=FFFDCE01 t=135737 grTexSource#4737 tmu=0 addr=000C4800 evenodd=3 lod=3..3 aspect=3 format=11
1481 pid=FFFDCE01 t=135738 grTexSource#4738 tmu=0 addr=000C5800 evenodd=3 lod=3..3 aspect=3 format=11
1482 pid=FFFDCE01 t=135738 grTexSource#4739 tmu=0 addr=000C6800 evenodd=3 lod=3..3 aspect=3 format=11
1483 pid=FFFDCE01 t=135738 grTexSource#4740 tmu=0 addr=000C7800 evenodd=3 lod=3..3 aspect=3 format=11
1484 pid=FFFDCE01 t=135738 grTexSource#4741 tmu=0 addr=000C8800 evenodd=3 lod=3..3 aspect=3 format=11
1485 pid=FFFDCE01 t=135740 grTexSource#4742 tmu=0 addr=000C9800 evenodd=3 lod=3..3 aspect=3 format=11
1486 pid=FFFDCE01 t=135740 grTexSource#4743 tmu=0 addr=000CA800 evenodd=3 lod=3..3 aspect=3 format=11
1487 pid=FFFDCE01 t=135740 grTexSource#4744 tmu=0 addr=000CB800 evenodd=3 lod=3..3 aspect=3 format=11
1488 pid=FFFDCE01 t=135740 grTexSource#4745 tmu=0 addr=000CC800 evenodd=3 lod=3..3 aspect=3 format=11
1489 pid=FFFDCE01 t=135740 grTexSource#4746 tmu=0 addr=000CD800 evenodd=3 lod=3..3 aspect=3 format=11
1490 pid=FFFDCE01 t=135740 grTexSource#4747 tmu=0 addr=000CE800 evenodd=3 lod=3..3 aspect=3 format=11
1491 pid=FFFDCE01 t=135740 grTexSource#4748 tmu=0 addr=000CF800 evenodd=3 lod=3..3 aspect=3 format=11
1492 pid=FFFDCE01 t=135740 grTexSource#4749 tmu=0 addr=000D0800 evenodd=3 lod=3..3 aspect=3 format=11
1493 pid=FFFDCE01 t=135741 grTexSource#4750 tmu=0 addr=000D1800 evenodd=3 lod=3..3 aspect=3 format=11
1494 pid=FFFDCE01 t=135741 grTexSource#4751 tmu=0 addr=000D2800 evenodd=3 lod=3..3 aspect=3 format=11
1495 pid=FFFDCE01 t=135741 grTexSource#4752 tmu=0 addr=000D3800 evenodd=3 lod=3..3 aspect=3 format=11
1496 pid=FFFDCE01 t=135741 grTexSource#4753 tmu=0 addr=000D4800 evenodd=3 lod=3..3 aspect=3 format=11
1497 pid=FFFDCE01 t=135742 grTexSource#4754 tmu=0 addr=000D5800 evenodd=3 lod=3..3 aspect=3 format=11
1498 pid=FFFDCE01 t=135742 grTexSource#4755 tmu=0 addr=000D6800 evenodd=3 lod=3..3 aspect=3 format=11
1499 pid=FFFDCE01 t=135742 grTexSource#4756 tmu=0 addr=000D7800 evenodd=3 lod=3..3 aspect=3 format=11
1500 pid=FFFDCE01 t=135742 grTexSource#4757 tmu=0 addr=000D8800 evenodd=3 lod=3..3 aspect=3 format=11
1501 pid=FFFDCE01 t=135742 grTexSource#4758 tmu=0 addr=000D9800 evenodd=3 lod=3..3 aspect=3 format=11
1502 pid=FFFDCE01 t=135743 grTexSource#4759 tmu=0 addr=000DA800 evenodd=3 lod=3..3 aspect=3 format=11
1503 pid=FFFDCE01 t=135743 grTexSource#4760 tmu=0 addr=000DB800 evenodd=3 lod=3..3 aspect=3 format=11
1504 pid=FFFDCE01 t=135743 grTexSource#4761 tmu=0 addr=000DC800 evenodd=3 lod=3..3 aspect=3 format=11
1505 pid=FFFDCE01 t=135743 grTexSource#4762 tmu=0 addr=000DD800 evenodd=3 lod=3..3 aspect=3 format=11
1506 pid=FFFDCE01 t=135744 grTexSource#4763 tmu=0 addr=000DE800 evenodd=3 lod=3..3 aspect=3 format=11
1507 pid=FFFDCE01 t=135744 grTexSource#4764 tmu=0 addr=000DF800 evenodd=3 lod=3..3 aspect=3 format=11
1508 pid=FFFDCE01 t=135744 grTexSource#4765 tmu=0 addr=000E0800 evenodd=3 lod=3..3 aspect=3 format=11
1509 pid=FFFDCE01 t=135744 grTexSource#4766 tmu=0 addr=000E1800 evenodd=3 lod=3..3 aspect=3 format=11
1510 pid=FFFDCE01 t=135745 grTexSource#4767 tmu=0 addr=000E2800 evenodd=3 lod=3..3 aspect=3 format=11
1511 pid=FFFDCE01 t=135745 grTexSource#4768 tmu=0 addr=000E3800 evenodd=3 lod=3..3 aspect=3 format=11
1512 pid=FFFDCE01 t=135745 grTexSource#4769 tmu=0 addr=000E4800 evenodd=3 lod=3..3 aspect=3 format=11
1513 pid=FFFDCE01 t=135745 grTexSource#4770 tmu=0 addr=000E5800 evenodd=3 lod=3..3 aspect=3 format=11
1514 pid=FFFDCE01 t=135746 grTexSource#4771 tmu=0 addr=000E6800 evenodd=3 lod=3..3 aspect=3 format=11
1515 pid=FFFDCE01 t=135746 grTexSource#4772 tmu=0 addr=000E7800 evenodd=3 lod=3..3 aspect=3 format=11
1516 pid=FFFDCE01 t=135746 grTexSource#4773 tmu=0 addr=000E8800 evenodd=3 lod=3..3 aspect=3 format=11
1517 pid=FFFDCE01 t=135746 grTexSource#4774 tmu=0 addr=000E9800 evenodd=3 lod=3..3 aspect=3 format=11
1518 pid=FFFDCE01 t=135748 grTexSource#4775 tmu=0 addr=000EA800 evenodd=3 lod=3..3 aspect=3 format=11
1519 pid=FFFDCE01 t=135748 grTexSource#4776 tmu=0 addr=000EB800 evenodd=3 lod=3..3 aspect=3 format=11
1520 pid=FFFDCE01 t=135748 grTexSource#4777 tmu=0 addr=000EC800 evenodd=3 lod=3..3 aspect=3 format=11
1521 pid=FFFDCE01 t=135748 grTexSource#4778 tmu=0 addr=000ED800 evenodd=3 lod=3..3 aspect=3 format=11
1522 pid=FFFDCE01 t=135748 grTexSource#4779 tmu=0 addr=000EE800 evenodd=3 lod=3..3 aspect=3 format=11
1523 pid=FFFDCE01 t=135748 grTexSource#4780 tmu=0 addr=000EF800 evenodd=3 lod=3..3 aspect=3 format=11
1524 pid=FFFDCE01 t=135748 grTexSource#4781 tmu=0 addr=000F0800 evenodd=3 lod=3..3 aspect=3 format=11
1525 pid=FFFDCE01 t=135748 grTexSource#4782 tmu=0 addr=000F1800 evenodd=3 lod=3..3 aspect=3 format=11
1526 pid=FFFDCE01 t=135748 grTexSource#4783 tmu=0 addr=000F2800 evenodd=3 lod=3..3 aspect=3 format=11
1527 pid=FFFDCE01 t=135749 grTexSource#4784 tmu=0 addr=000F3800 evenodd=3 lod=3..3 aspect=3 format=11
1528 pid=FFFDCE01 t=135749 grTexSource#4785 tmu=0 addr=000F4800 evenodd=3 lod=3..3 aspect=3 format=11
1529 pid=FFFDCE01 t=135749 grTexSource#4786 tmu=0 addr=000F5800 evenodd=3 lod=3..3 aspect=3 format=11
1530 pid=FFFDCE01 t=135749 grTexSource#4787 tmu=0 addr=000F6800 evenodd=3 lod=3..3 aspect=3 format=11
1531 pid=FFFDCE01 t=135750 grTexSource#4788 tmu=0 addr=000F7800 evenodd=3 lod=3..3 aspect=3 format=11
1532 pid=FFFDCE01 t=135750 grTexSource#4789 tmu=0 addr=000F8800 evenodd=3 lod=3..3 aspect=3 format=11
1533 pid=FFFDCE01 t=135750 grTexSource#4790 tmu=0 addr=000F9800 evenodd=3 lod=3..3 aspect=3 format=11
1534 pid=FFFDCE01 t=135750 grTexSource#4791 tmu=0 addr=000FA800 evenodd=3 lod=3..3 aspect=3 format=11
1535 pid=FFFDCE01 t=135751 grTexSource#4792 tmu=0 addr=000FB800 evenodd=3 lod=3..3 aspect=3 format=11
1536 pid=FFFDCE01 t=135751 grTexSource#4793 tmu=0 addr=000FC800 evenodd=3 lod=3..3 aspect=3 format=11
1537 pid=FFFDCE01 t=135751 grTexSource#4794 tmu=0 addr=000FD800 evenodd=3 lod=3..3 aspect=3 format=11
1538 pid=FFFDCE01 t=135751 grTexSource#4795 tmu=0 addr=000FE800 evenodd=3 lod=3..3 aspect=3 format=11
1539 pid=FFFDCE01 t=135752 grTexSource#4796 tmu=0 addr=000FF800 evenodd=3 lod=3..3 aspect=3 format=11
1540 pid=FFFDCE01 t=135752 grTexSource#4797 tmu=0 addr=00100800 evenodd=3 lod=3..3 aspect=3 format=11
1541 pid=FFFDCE01 t=135752 grTexSource#4798 tmu=0 addr=00101800 evenodd=3 lod=3..3 aspect=3 format=11
1542 pid=FFFDCE01 t=135752 grTexSource#4799 tmu=0 addr=00102800 evenodd=3 lod=3..3 aspect=3 format=11
1543 pid=FFFDCE01 t=135753 grTexSource#4800 tmu=0 addr=00103800 evenodd=3 lod=3..3 aspect=3 format=11
1544 pid=FFFDCE01 t=135753 grTexSource#4801 tmu=0 addr=00104800 evenodd=3 lod=3..3 aspect=3 format=11
1545 pid=FFFDCE01 t=135753 grTexSource#4802 tmu=0 addr=00105800 evenodd=3 lod=3..3 aspect=3 format=11
1546 pid=FFFDCE01 t=135753 grTexSource#4803 tmu=0 addr=00106800 evenodd=3 lod=3..3 aspect=3 format=11
1547 pid=FFFDCE01 t=135753 grTexSource#4804 tmu=0 addr=00107800 evenodd=3 lod=3..3 aspect=3 format=11
1548 pid=FFFDCE01 t=135755 grTexSource#4805 tmu=0 addr=00108800 evenodd=3 lod=3..3 aspect=3 format=11
1549 pid=FFFDCE01 t=135755 grTexSource#4806 tmu=0 addr=00109800 evenodd=3 lod=3..3 aspect=3 format=11
1550 pid=FFFDCE01 t=135755 grTexSource#4807 tmu=0 addr=0010A800 evenodd=3 lod=3..3 aspect=3 format=11
1551 pid=FFFDCE01 t=135755 grTexSource#4808 tmu=0 addr=0010B800 evenodd=3 lod=3..3 aspect=3 format=11
1552 pid=FFFDCE01 t=135755 grTexSource#4809 tmu=0 addr=0010C800 evenodd=3 lod=3..3 aspect=3 format=11
1553 pid=FFFDCE01 t=135755 grTexSource#4810 tmu=0 addr=0010D800 evenodd=3 lod=3..3 aspect=3 format=11
1554 pid=FFFDCE01 t=135755 grTexSource#4811 tmu=0 addr=0010E800 evenodd=3 lod=3..3 aspect=3 format=11
1555 pid=FFFDCE01 t=135756 grTexSource#4812 tmu=0 addr=0010F800 evenodd=3 lod=3..3 aspect=3 format=11
1556 pid=FFFDCE01 t=135757 grTexSource#4813 tmu=0 addr=00110800 evenodd=3 lod=3..3 aspect=3 format=11
1557 pid=FFFDCE01 t=135757 grTexSource#4814 tmu=0 addr=00111800 evenodd=3 lod=3..3 aspect=3 format=11
1558 pid=FFFDCE01 t=135757 grTexSource#4815 tmu=0 addr=00112800 evenodd=3 lod=3..3 aspect=3 format=11
1559 pid=FFFDCE01 t=135757 grTexSource#4816 tmu=0 addr=00113800 evenodd=3 lod=3..3 aspect=3 format=11
1560 pid=FFFDCE01 t=135757 grTexSource#4817 tmu=0 addr=00114800 evenodd=3 lod=3..3 aspect=3 format=11
1561 pid=FFFDCE01 t=135757 grTexSource#4818 tmu=0 addr=00115800 evenodd=3 lod=3..3 aspect=3 format=11
1562 pid=FFFDCE01 t=135757 grTexSource#4819 tmu=0 addr=00116800 evenodd=3 lod=3..3 aspect=3 format=11
1563 pid=FFFDCE01 t=135757 grTexSource#4820 tmu=0 addr=00117800 evenodd=3 lod=3..3 aspect=3 format=11
1564 pid=FFFDCE01 t=135758 grTexSource#4821 tmu=0 addr=00118800 evenodd=3 lod=3..3 aspect=3 format=11
1565 pid=FFFDCE01 t=135758 grTexSource#4822 tmu=0 addr=00119800 evenodd=3 lod=3..3 aspect=3 format=11
1566 pid=FFFDCE01 t=135758 grTexSource#4823 tmu=0 addr=0011A800 evenodd=3 lod=3..3 aspect=3 format=11
1567 pid=FFFDCE01 t=135758 grTexSource#4824 tmu=0 addr=0011B800 evenodd=3 lod=3..3 aspect=3 format=11
1568 pid=FFFDCE01 t=135759 grTexSource#4825 tmu=0 addr=0011C800 evenodd=3 lod=3..3 aspect=3 format=11
1569 pid=FFFDCE01 t=135759 grTexSource#4826 tmu=0 addr=0011D800 evenodd=3 lod=3..3 aspect=3 format=11
1570 pid=FFFDCE01 t=135759 grTexSource#4827 tmu=0 addr=0011E800 evenodd=3 lod=3..3 aspect=3 format=11
1571 pid=FFFDCE01 t=135759 grTexSource#4828 tmu=0 addr=0011F800 evenodd=3 lod=3..3 aspect=3 format=11
1572 pid=FFFDCE01 t=135760 grTexSource#4829 tmu=0 addr=00120800 evenodd=3 lod=3..3 aspect=3 format=11
1573 pid=FFFDCE01 t=135760 grTexSource#4830 tmu=0 addr=00121800 evenodd=3 lod=3..3 aspect=3 format=11
1574 pid=FFFDCE01 t=135760 grTexSource#4831 tmu=0 addr=00122800 evenodd=3 lod=3..3 aspect=3 format=11
1575 pid=FFFDCE01 t=135760 grTexSource#4832 tmu=0 addr=00123800 evenodd=3 lod=3..3 aspect=3 format=11
1576 pid=FFFDCE01 t=135761 grTexSource#4833 tmu=0 addr=00124800 evenodd=3 lod=3..3 aspect=3 format=11
1577 pid=FFFDCE01 t=135761 grTexSource#4834 tmu=0 addr=00125800 evenodd=3 lod=3..3 aspect=3 format=11
1578 pid=FFFDCE01 t=135761 grTexSource#4835 tmu=0 addr=00126800 evenodd=3 lod=3..3 aspect=3 format=11
1579 pid=FFFDCE01 t=135761 grTexSource#4836 tmu=0 addr=00127800 evenodd=3 lod=3..3 aspect=3 format=11
1580 pid=FFFDCE01 t=135763 grTexSource#4837 tmu=0 addr=00128800 evenodd=3 lod=3..3 aspect=3 format=11
1581 pid=FFFDCE01 t=135763 grTexSource#4838 tmu=0 addr=00129800 evenodd=3 lod=3..3 aspect=3 format=11
1582 pid=FFFDCE01 t=135763 grTexSource#4839 tmu=0 addr=0012A800 evenodd=3 lod=3..3 aspect=3 format=11
1583 pid=FFFDCE01 t=135763 grTexSource#4840 tmu=0 addr=0012B800 evenodd=3 lod=3..3 aspect=3 format=11
1584 pid=FFFDCE01 t=139205 grTexSource#14441 tmu=0 addr=00001000 evenodd=3 lod=3..3 aspect=3 format=11
1585 pid=FFFDCE01 t=139206 grTexSource#14442 tmu=0 addr=00002000 evenodd=3 lod=3..3 aspect=3 format=11
1586 pid=FFFDCE01 t=139206 grTexSource#14443 tmu=0 addr=00003000 evenodd=3 lod=3..3 aspect=3 format=11
1587 pid=FFFDCE01 t=139206 grTexSource#14444 tmu=0 addr=00004000 evenodd=3 lod=3..3 aspect=3 format=11
1588 pid=FFFDCE01 t=139206 grTexSource#14445 tmu=0 addr=00005000 evenodd=3 lod=3..3 aspect=3 format=11
1589 pid=FFFDCE01 t=139207 grTexSource#14446 tmu=0 addr=00006000 evenodd=3 lod=3..3 aspect=3 format=11
1590 pid=FFFDCE01 t=139207 grTexSource#14447 tmu=0 addr=00007000 evenodd=3 lod=3..3 aspect=3 format=11
1591 pid=FFFDCE01 t=139207 grTexSource#14448 tmu=0 addr=00008000 evenodd=3 lod=3..3 aspect=3 format=11
1592 pid=FFFDCE01 t=139207 grTexSource#14449 tmu=0 addr=00009000 evenodd=3 lod=3..3 aspect=3 format=11
1593 pid=FFFDCE01 t=139209 grTexSource#14450 tmu=0 addr=0000A000 evenodd=3 lod=3..3 aspect=3 format=11
1594 pid=FFFDCE01 t=139209 grTexSource#14451 tmu=0 addr=0000B000 evenodd=3 lod=3..3 aspect=3 format=11
1595 pid=FFFDCE01 t=139209 grTexSource#14452 tmu=0 addr=0000C000 evenodd=3 lod=3..3 aspect=3 format=11
1596 pid=FFFDCE01 t=139209 grTexSource#14453 tmu=0 addr=0000D000 evenodd=3 lod=3..3 aspect=3 format=11
1597 pid=FFFDCE01 t=139209 grTexSource#14454 tmu=0 addr=0000E000 evenodd=3 lod=3..3 aspect=3 format=11
1598 pid=FFFDCE01 t=139209 grTexSource#14455 tmu=0 addr=0000F000 evenodd=3 lod=3..3 aspect=3 format=11
1599 pid=FFFDCE01 t=139209 grTexSource#14456 tmu=0 addr=00010000 evenodd=3 lod=3..3 aspect=3 format=11
1600 pid=FFFDCE01 t=139209 grTexSource#14457 tmu=0 addr=00011000 evenodd=3 lod=3..3 aspect=3 format=11
1601 pid=FFFDCE01 t=139210 grTexSource#14458 tmu=0 addr=00012000 evenodd=3 lod=3..3 aspect=3 format=11
1602 pid=FFFDCE01 t=139210 grTexSource#14459 tmu=0 addr=00013000 evenodd=3 lod=3..3 aspect=3 format=11
1603 pid=FFFDCE01 t=139210 grTexSource#14460 tmu=0 addr=00014000 evenodd=3 lod=3..3 aspect=3 format=11
1604 pid=FFFDCE01 t=139210 grTexSource#14461 tmu=0 addr=00015000 evenodd=3 lod=3..3 aspect=3 format=11
1605 pid=FFFDCE01 t=139211 grTexSource#14462 tmu=0 addr=00016000 evenodd=3 lod=3..3 aspect=3 format=11
1606 pid=FFFDCE01 t=139211 grTexSource#14463 tmu=0 addr=00017000 evenodd=3 lod=3..3 aspect=3 format=11
1607 pid=FFFDCE01 t=139211 grTexSource#14464 tmu=0 addr=00018000 evenodd=3 lod=3..3 aspect=3 format=11
1608 pid=FFFDCE01 t=139211 grTexSource#14465 tmu=0 addr=00019000 evenodd=3 lod=3..3 aspect=3 format=11
1609 pid=FFFDCE01 t=139212 grTexSource#14466 tmu=0 addr=0001A000 evenodd=3 lod=3..3 aspect=3 format=11
1610 pid=FFFDCE01 t=139212 grTexSource#14467 tmu=0 addr=0001B000 evenodd=3 lod=3..3 aspect=3 format=11
1611 pid=FFFDCE01 t=139212 grTexSource#14468 tmu=0 addr=0001C000 evenodd=3 lod=3..3 aspect=3 format=11
1612 pid=FFFDCE01 t=139212 grTexSource#14469 tmu=0 addr=0001D000 evenodd=3 lod=3..3 aspect=3 format=11
1613 pid=FFFDCE01 t=139213 grTexSource#14470 tmu=0 addr=0001E000 evenodd=3 lod=3..3 aspect=3 format=11
1614 pid=FFFDCE01 t=139213 grTexSource#14471 tmu=0 addr=0001F000 evenodd=3 lod=3..3 aspect=3 format=11
1615 pid=FFFDCE01 t=139213 grTexSource#14472 tmu=0 addr=00020000 evenodd=3 lod=3..3 aspect=3 format=11
1616 pid=FFFDCE01 t=139213 grTexSource#14473 tmu=0 addr=00021000 evenodd=3 lod=3..3 aspect=3 format=11
1617 pid=FFFDCE01 t=139214 grTexSource#14474 tmu=0 addr=00022000 evenodd=3 lod=3..3 aspect=3 format=11
1618 pid=FFFDCE01 t=139214 grTexSource#14475 tmu=0 addr=00023000 evenodd=3 lod=3..3 aspect=3 format=11
1619 pid=FFFDCE01 t=139214 grTexSource#14476 tmu=0 addr=00024000 evenodd=3 lod=3..3 aspect=3 format=11
1620 pid=FFFDCE01 t=139214 grTexSource#14477 tmu=0 addr=00025000 evenodd=3 lod=3..3 aspect=3 format=11
1621 pid=FFFDCE01 t=139215 grTexSource#14478 tmu=0 addr=00026000 evenodd=3 lod=3..3 aspect=3 format=11
1622 pid=FFFDCE01 t=139215 grTexSource#14479 tmu=0 addr=00027000 evenodd=3 lod=3..3 aspect=3 format=11
1623 pid=FFFDCE01 t=139215 grTexSource#14480 tmu=0 addr=00028000 evenodd=3 lod=3..3 aspect=3 format=11
1624 pid=FFFDCE01 t=139215 grTexSource#14481 tmu=0 addr=00029000 evenodd=3 lod=3..3 aspect=3 format=11
1625 pid=FFFDCE01 t=139217 grTexSource#14482 tmu=0 addr=0002A000 evenodd=3 lod=3..3 aspect=3 format=11
1626 pid=FFFDCE01 t=139217 grTexSource#14483 tmu=0 addr=0002B000 evenodd=3 lod=3..3 aspect=3 format=11
1627 pid=FFFDCE01 t=139217 grTexSource#14484 tmu=0 addr=0002C000 evenodd=3 lod=3..3 aspect=3 format=11
1628 pid=FFFDCE01 t=139217 grTexSource#14485 tmu=0 addr=0002D000 evenodd=3 lod=3..3 aspect=3 format=11
1629 pid=FFFDCE01 t=139217 grTexSource#14486 tmu=0 addr=0002E000 evenodd=3 lod=3..3 aspect=3 format=11
1630 pid=FFFDCE01 t=139217 grTexSource#14487 tmu=0 addr=0002F000 evenodd=3 lod=3..3 aspect=3 format=11
1631 pid=FFFDCE01 t=139217 grTexSource#14488 tmu=0 addr=00030000 evenodd=3 lod=3..3 aspect=3 format=11
1632 pid=FFFDCE01 t=139218 grTexSource#14489 tmu=0 addr=00031000 evenodd=3 lod=3..3 aspect=3 format=11
1633 pid=FFFDCE01 t=139218 grTexSource#14490 tmu=0 addr=00032000 evenodd=3 lod=3..3 aspect=3 format=11
1634 pid=FFFDCE01 t=139218 grTexSource#14491 tmu=0 addr=00033000 evenodd=3 lod=3..3 aspect=3 format=11
1635 pid=FFFDCE01 t=139218 grTexSource#14492 tmu=0 addr=00034000 evenodd=3 lod=3..3 aspect=3 format=11
1636 pid=FFFDCE01 t=139219 grTexSource#14493 tmu=0 addr=00035000 evenodd=3 lod=3..3 aspect=3 format=11
1637 pid=FFFDCE01 t=139219 grTexSource#14494 tmu=0 addr=00036000 evenodd=3 lod=3..3 aspect=3 format=11
1638 pid=FFFDCE01 t=139219 grTexSource#14495 tmu=0 addr=00037000 evenodd=3 lod=3..3 aspect=3 format=11
1639 pid=FFFDCE01 t=139219 grTexSource#14496 tmu=0 addr=00038000 evenodd=3 lod=3..3 aspect=3 format=11
1640 pid=FFFDCE01 t=139219 grTexSource#14497 tmu=0 addr=00039000 evenodd=3 lod=3..3 aspect=3 format=11
1641 pid=FFFDCE01 t=139220 grTexSource#14498 tmu=0 addr=0003A000 evenodd=3 lod=3..3 aspect=3 format=11
1642 pid=FFFDCE01 t=139220 grTexSource#14499 tmu=0 addr=0003B000 evenodd=3 lod=3..3 aspect=3 format=11
1643 pid=FFFDCE01 t=139220 grTexSource#14500 tmu=0 addr=0003C000 evenodd=3 lod=3..3 aspect=3 format=11
1644 pid=FFFDCE01 t=139221 grTexSource#14501 tmu=0 addr=0003D000 evenodd=3 lod=3..3 aspect=3 format=11
1645 pid=FFFDCE01 t=139221 grTexSource#14502 tmu=0 addr=0003E000 evenodd=3 lod=3..3 aspect=3 format=11
1646 pid=FFFDCE01 t=139221 grTexSource#14503 tmu=0 addr=0003F000 evenodd=3 lod=3..3 aspect=3 format=11
1647 pid=FFFDCE01 t=139221 grTexSource#14504 tmu=0 addr=00040000 evenodd=3 lod=3..3 aspect=3 format=11
1648 pid=FFFDCE01 t=139222 grTexSource#14505 tmu=0 addr=00041000 evenodd=3 lod=3..3 aspect=3 format=11
1649 pid=FFFDCE01 t=139222 grTexSource#14506 tmu=0 addr=00042000 evenodd=3 lod=3..3 aspect=3 format=11
1650 pid=FFFDCE01 t=139222 grTexSource#14507 tmu=0 addr=00043000 evenodd=3 lod=3..3 aspect=3 format=11
1651 pid=FFFDCE01 t=139222 grTexSource#14508 tmu=0 addr=00044000 evenodd=3 lod=3..3 aspect=3 format=11
1652 pid=FFFDCE01 t=139224 grTexSource#14509 tmu=0 addr=00045000 evenodd=3 lod=3..3 aspect=3 format=11
1653 pid=FFFDCE01 t=139224 grTexSource#14510 tmu=0 addr=00046000 evenodd=3 lod=3..3 aspect=3 format=11
1654 pid=FFFDCE01 t=139224 grTexSource#14511 tmu=0 addr=00047000 evenodd=3 lod=3..3 aspect=3 format=11
1655 pid=FFFDCE01 t=139224 grTexSource#14512 tmu=0 addr=00048000 evenodd=3 lod=3..3 aspect=3 format=11
1656 pid=FFFDCE01 t=139224 grTexSource#14513 tmu=0 addr=00049000 evenodd=3 lod=3..3 aspect=3 format=11
1657 pid=FFFDCE01 t=139224 grTexSource#14514 tmu=0 addr=0004A000 evenodd=3 lod=3..3 aspect=3 format=11
1658 pid=FFFDCE01 t=139224 grTexSource#14515 tmu=0 addr=0004B000 evenodd=3 lod=3..3 aspect=3 format=11
1659 pid=FFFDCE01 t=139224 grTexSource#14516 tmu=0 addr=0004C000 evenodd=3 lod=3..3 aspect=3 format=11
1660 pid=FFFDCE01 t=139225 grTexSource#14517 tmu=0 addr=0004D000 evenodd=3 lod=3..3 aspect=3 format=11
1661 pid=FFFDCE01 t=139225 grTexSource#14518 tmu=0 addr=0004E000 evenodd=3 lod=3..3 aspect=3 format=11
1662 pid=FFFDCE01 t=139225 grTexSource#14519 tmu=0 addr=0004F000 evenodd=3 lod=3..3 aspect=3 format=11
1663 pid=FFFDCE01 t=139225 grTexSource#14520 tmu=0 addr=00050000 evenodd=3 lod=3..3 aspect=3 format=11
1664 pid=FFFDCE01 t=139226 grTexSource#14521 tmu=0 addr=00051000 evenodd=3 lod=3..3 aspect=3 format=11
1665 pid=FFFDCE01 t=139226 grTexSource#14522 tmu=0 addr=00052000 evenodd=3 lod=3..3 aspect=3 format=11
1666 pid=FFFDCE01 t=139227 grTexSource#14523 tmu=0 addr=00053000 evenodd=3 lod=3..3 aspect=3 format=11
1667 pid=FFFDCE01 t=139227 grTexSource#14524 tmu=0 addr=00054000 evenodd=3 lod=3..3 aspect=3 format=11
1668 pid=FFFDCE01 t=139227 grTexSource#14525 tmu=0 addr=00055000 evenodd=3 lod=3..3 aspect=3 format=11
1669 pid=FFFDCE01 t=139227 grTexSource#14526 tmu=0 addr=00056000 evenodd=3 lod=3..3 aspect=3 format=11
1670 pid=FFFDCE01 t=139227 grTexSource#14527 tmu=0 addr=00057000 evenodd=3 lod=3..3 aspect=3 format=11
1671 pid=FFFDCE01 t=139227 grTexSource#14528 tmu=0 addr=00058000 evenodd=3 lod=3..3 aspect=3 format=11
1672 pid=FFFDCE01 t=139228 grTexSource#14529 tmu=0 addr=00059000 evenodd=3 lod=3..3 aspect=3 format=11
1673 pid=FFFDCE01 t=139228 grTexSource#14530 tmu=0 addr=0005A000 evenodd=3 lod=3..3 aspect=3 format=11
1674 pid=FFFDCE01 t=139228 grTexSource#14531 tmu=0 addr=0005B000 evenodd=3 lod=3..3 aspect=3 format=11
1675 pid=FFFDCE01 t=139228 grTexSource#14532 tmu=0 addr=0005C000 evenodd=3 lod=3..3 aspect=3 format=11
1676 pid=FFFDCE01 t=139229 grTexSource#14533 tmu=0 addr=0005D000 evenodd=3 lod=3..3 aspect=3 format=11
1677 pid=FFFDCE01 t=139229 grTexSource#14534 tmu=0 addr=0005E000 evenodd=3 lod=3..3 aspect=3 format=11
1678 pid=FFFDCE01 t=139229 grTexSource#14535 tmu=0 addr=0005F000 evenodd=3 lod=3..3 aspect=3 format=11
1679 pid=FFFDCE01 t=139230 grTexSource#14536 tmu=0 addr=00060000 evenodd=3 lod=3..3 aspect=3 format=11
1680 pid=FFFDCE01 t=139230 grTexSource#14537 tmu=0 addr=00061000 evenodd=3 lod=3..3 aspect=3 format=11
1681 pid=FFFDCE01 t=139230 grTexSource#14538 tmu=0 addr=00062000 evenodd=3 lod=3..3 aspect=3 format=11
1682 pid=FFFDCE01 t=139230 grTexSource#14539 tmu=0 addr=00063000 evenodd=3 lod=3..3 aspect=3 format=11
1683 pid=FFFDCE01 t=139232 grTexSource#14540 tmu=0 addr=00064000 evenodd=3 lod=3..3 aspect=3 format=11
1684 pid=FFFDCE01 t=139232 grTexSource#14541 tmu=0 addr=00065000 evenodd=3 lod=3..3 aspect=3 format=11
1685 pid=FFFDCE01 t=139232 grTexSource#14542 tmu=0 addr=00066000 evenodd=3 lod=3..3 aspect=3 format=11
1686 pid=FFFDCE01 t=139232 grTexSource#14543 tmu=0 addr=00067000 evenodd=3 lod=3..3 aspect=3 format=11
1687 pid=FFFDCE01 t=139232 grTexSource#14544 tmu=0 addr=00068000 evenodd=3 lod=3..3 aspect=3 format=11
1688 pid=FFFDCE01 t=139232 grTexSource#14545 tmu=0 addr=00069000 evenodd=3 lod=3..3 aspect=3 format=11
1689 pid=FFFDCE01 t=139232 grTexSource#14546 tmu=0 addr=0006A000 evenodd=3 lod=3..3 aspect=3 format=11
1690 pid=FFFDCE01 t=139232 grTexSource#14547 tmu=0 addr=0006B000 evenodd=3 lod=3..3 aspect=3 format=11
1691 pid=FFFDCE01 t=139233 grTexSource#14548 tmu=0 addr=0006C000 evenodd=3 lod=3..3 aspect=3 format=11
1692 pid=FFFDCE01 t=139233 grTexSource#14549 tmu=0 addr=0006D000 evenodd=3 lod=3..3 aspect=3 format=11
1693 pid=FFFDCE01 t=139233 grTexSource#14550 tmu=0 addr=0006E000 evenodd=3 lod=3..3 aspect=3 format=11
1694 pid=FFFDCE01 t=139233 grTexSource#14551 tmu=0 addr=0006F000 evenodd=3 lod=3..3 aspect=3 format=11
1695 pid=FFFDCE01 t=139234 grTexSource#14552 tmu=0 addr=00070000 evenodd=3 lod=3..3 aspect=3 format=11
1696 pid=FFFDCE01 t=139234 grTexSource#14553 tmu=0 addr=00071000 evenodd=3 lod=3..3 aspect=3 format=11
1697 pid=FFFDCE01 t=139234 grTexSource#14554 tmu=0 addr=00072000 evenodd=3 lod=3..3 aspect=3 format=11
1698 pid=FFFDCE01 t=139235 grTexSource#14555 tmu=0 addr=00073000 evenodd=3 lod=3..3 aspect=3 format=11
1699 pid=FFFDCE01 t=139235 grTexSource#14556 tmu=0 addr=00074000 evenodd=3 lod=3..3 aspect=3 format=11
1700 pid=FFFDCE01 t=139235 grTexSource#14557 tmu=0 addr=00075000 evenodd=3 lod=3..3 aspect=3 format=11
1701 pid=FFFDCE01 t=139235 grTexSource#14558 tmu=0 addr=00076000 evenodd=3 lod=3..3 aspect=3 format=11
1702 pid=FFFDCE01 t=139236 grTexSource#14559 tmu=0 addr=00077000 evenodd=3 lod=3..3 aspect=3 format=11
1703 pid=FFFDCE01 t=139236 grTexSource#14560 tmu=0 addr=00078000 evenodd=3 lod=3..3 aspect=3 format=11
1704 pid=FFFDCE01 t=139236 grTexSource#14561 tmu=0 addr=00079000 evenodd=3 lod=3..3 aspect=3 format=11
1705 pid=FFFDCE01 t=139236 grTexSource#14562 tmu=0 addr=0007A000 evenodd=3 lod=3..3 aspect=3 format=11
1706 pid=FFFDCE01 t=139237 grTexSource#14563 tmu=0 addr=0007B000 evenodd=3 lod=3..3 aspect=3 format=11
1707 pid=FFFDCE01 t=139237 grTexSource#14564 tmu=0 addr=0007C000 evenodd=3 lod=3..3 aspect=3 format=11
1708 pid=FFFDCE01 t=139237 grTexSource#14565 tmu=0 addr=0007D000 evenodd=3 lod=3..3 aspect=3 format=11
1709 pid=FFFDCE01 t=139237 grTexSource#14566 tmu=0 addr=0007E000 evenodd=3 lod=3..3 aspect=3 format=11
1710 pid=FFFDCE01 t=139238 grTexSource#14567 tmu=0 addr=0007F000 evenodd=3 lod=3..3 aspect=3 format=11
1711 pid=FFFDCE01 t=139238 grTexSource#14568 tmu=0 addr=00080000 evenodd=3 lod=3..3 aspect=3 format=11
1712 pid=FFFDCE01 t=139238 grTexSource#14569 tmu=0 addr=00081000 evenodd=3 lod=3..3 aspect=3 format=11
1713 pid=FFFDCE01 t=139238 grTexSource#14570 tmu=0 addr=00082000 evenodd=3 lod=3..3 aspect=3 format=11
1714 pid=FFFDCE01 t=139239 grTexSource#14571 tmu=0 addr=00083000 evenodd=3 lod=3..3 aspect=3 format=11
1715 pid=FFFDCE01 t=139239 grTexSource#14572 tmu=0 addr=00084000 evenodd=3 lod=3..3 aspect=3 format=11
1716 pid=FFFDCE01 t=139239 grTexSource#14573 tmu=0 addr=00085000 evenodd=3 lod=3..3 aspect=3 format=11
1717 pid=FFFDCE01 t=139239 grTexSource#14574 tmu=0 addr=00086000 evenodd=3 lod=3..3 aspect=3 format=11
1718 pid=FFFDCE01 t=139241 grTexSource#14575 tmu=0 addr=00087000 evenodd=3 lod=3..3 aspect=3 format=11
1719 pid=FFFDCE01 t=139241 grTexSource#14576 tmu=0 addr=00088000 evenodd=3 lod=3..3 aspect=3 format=11
1720 pid=FFFDCE01 t=139241 grTexSource#14577 tmu=0 addr=00089000 evenodd=3 lod=3..3 aspect=3 format=11
1721 pid=FFFDCE01 t=139241 grTexSource#14578 tmu=0 addr=0008A000 evenodd=3 lod=3..3 aspect=3 format=11
1722 pid=FFFDCE01 t=139241 grTexSource#14579 tmu=0 addr=0008B000 evenodd=3 lod=3..3 aspect=3 format=11
1723 pid=FFFDCE01 t=139241 grTexSource#14580 tmu=0 addr=0008C000 evenodd=3 lod=3..3 aspect=3 format=11
1724 pid=FFFDCE01 t=139241 grTexSource#14581 tmu=0 addr=0008D000 evenodd=3 lod=3..3 aspect=3 format=11
1725 pid=FFFDCE01 t=139242 grTexSource#14582 tmu=0 addr=0008E000 evenodd=3 lod=3..3 aspect=3 format=11
1726 pid=FFFDCE01 t=139242 grTexSource#14583 tmu=0 addr=0008F000 evenodd=3 lod=3..3 aspect=3 format=11
1727 pid=FFFDCE01 t=139242 grTexSource#14584 tmu=0 addr=00090000 evenodd=3 lod=3..3 aspect=3 format=11
1728 pid=FFFDCE01 t=139242 grTexSource#14585 tmu=0 addr=00091000 evenodd=3 lod=3..3 aspect=3 format=11
1729 pid=FFFDCE01 t=139243 grTexSource#14586 tmu=0 addr=00092000 evenodd=3 lod=3..3 aspect=3 format=11
1730 pid=FFFDCE01 t=139243 grTexSource#14587 tmu=0 addr=00093000 evenodd=3 lod=3..3 aspect=3 format=11
1731 pid=FFFDCE01 t=139243 grTexSource#14588 tmu=0 addr=00094000 evenodd=3 lod=3..3 aspect=3 format=11
1732 pid=FFFDCE01 t=139243 grTexSource#14589 tmu=0 addr=00095000 evenodd=3 lod=3..3 aspect=3 format=11
1733 pid=FFFDCE01 t=139244 grTexSource#14590 tmu=0 addr=00096000 evenodd=3 lod=3..3 aspect=3 format=11
1734 pid=FFFDCE01 t=139244 grTexSource#14591 tmu=0 addr=00097000 evenodd=3 lod=3..3 aspect=3 format=11
1735 pid=FFFDCE01 t=139244 grTexSource#14592 tmu=0 addr=00098000 evenodd=3 lod=3..3 aspect=3 format=11
1736 pid=FFFDCE01 t=139245 grTexSource#14593 tmu=0 addr=00099000 evenodd=3 lod=3..3 aspect=3 format=11
1737 pid=FFFDCE01 t=139245 grTexSource#14594 tmu=0 addr=0009A000 evenodd=3 lod=3..3 aspect=3 format=11
1738 pid=FFFDCE01 t=139245 grTexSource#14595 tmu=0 addr=0009B000 evenodd=3 lod=3..3 aspect=3 format=11
1739 pid=FFFDCE01 t=139245 grTexSource#14596 tmu=0 addr=0009C000 evenodd=3 lod=3..3 aspect=3 format=11
1740 pid=FFFDCE01 t=139246 grTexSource#14597 tmu=0 addr=0009D000 evenodd=3 lod=3..3 aspect=3 format=11
1741 pid=FFFDCE01 t=139246 grTexSource#14598 tmu=0 addr=0009E000 evenodd=3 lod=3..3 aspect=3 format=11
1742 pid=FFFDCE01 t=139246 grTexSource#14599 tmu=0 addr=0009F000 evenodd=3 lod=3..3 aspect=3 format=11
1743 pid=FFFDCE01 t=139246 grTexSource#14600 tmu=0 addr=000A0000 evenodd=3 lod=3..3 aspect=3 format=11
1744 pid=FFFDCE01 t=139248 grTexSource#14601 tmu=0 addr=000A1000 evenodd=3 lod=3..3 aspect=3 format=11
1745 pid=FFFDCE01 t=139248 grTexSource#14602 tmu=0 addr=000A2000 evenodd=3 lod=3..3 aspect=3 format=11
1746 pid=FFFDCE01 t=139248 grTexSource#14603 tmu=0 addr=000A3000 evenodd=3 lod=3..3 aspect=3 format=11
1747 pid=FFFDCE01 t=139248 grTexSource#14604 tmu=0 addr=000A4000 evenodd=3 lod=3..3 aspect=3 format=11
1748 pid=FFFDCE01 t=139248 grTexSource#14605 tmu=0 addr=000A5000 evenodd=3 lod=3..3 aspect=3 format=11
1749 pid=FFFDCE01 t=139248 grTexSource#14606 tmu=0 addr=000A6000 evenodd=3 lod=3..3 aspect=3 format=11
1750 pid=FFFDCE01 t=139248 grTexSource#14607 tmu=0 addr=000A7000 evenodd=3 lod=3..3 aspect=3 format=11
1751 pid=FFFDCE01 t=139249 grTexSource#14608 tmu=0 addr=000A8000 evenodd=3 lod=3..3 aspect=3 format=11
1752 pid=FFFDCE01 t=139249 grTexSource#14609 tmu=0 addr=000A9000 evenodd=3 lod=3..3 aspect=3 format=11
1753 pid=FFFDCE01 t=139249 grTexSource#14610 tmu=0 addr=000AA000 evenodd=3 lod=3..3 aspect=3 format=11
1754 pid=FFFDCE01 t=139249 grTexSource#14611 tmu=0 addr=000AB000 evenodd=3 lod=3..3 aspect=3 format=11
1755 pid=FFFDCE01 t=139250 grTexSource#14612 tmu=0 addr=000AC000 evenodd=3 lod=3..3 aspect=3 format=11
1756 pid=FFFDCE01 t=139250 grTexSource#14613 tmu=0 addr=000AD000 evenodd=3 lod=3..3 aspect=3 format=11
1757 pid=FFFDCE01 t=139250 grTexSource#14614 tmu=0 addr=000AE000 evenodd=3 lod=3..3 aspect=3 format=11
1758 pid=FFFDCE01 t=139250 grTexSource#14615 tmu=0 addr=000AF000 evenodd=3 lod=3..3 aspect=3 format=11
1759 pid=FFFDCE01 t=139251 grTexSource#14616 tmu=0 addr=000B0000 evenodd=3 lod=3..3 aspect=3 format=11
1760 pid=FFFDCE01 t=139251 grTexSource#14617 tmu=0 addr=000B1000 evenodd=3 lod=3..3 aspect=3 format=11
1761 pid=FFFDCE01 t=139251 grTexSource#14618 tmu=0 addr=000B2000 evenodd=3 lod=3..3 aspect=3 format=11
1762 pid=FFFDCE01 t=139251 grTexSource#14619 tmu=0 addr=000B3000 evenodd=3 lod=3..3 aspect=3 format=11
1763 pid=FFFDCE01 t=139252 grTexSource#14620 tmu=0 addr=000B4000 evenodd=3 lod=3..3 aspect=3 format=11
1764 pid=FFFDCE01 t=139252 grTexSource#14621 tmu=0 addr=000B5000 evenodd=3 lod=3..3 aspect=3 format=11
1765 pid=FFFDCE01 t=139252 grTexSource#14622 tmu=0 addr=000B6000 evenodd=3 lod=3..3 aspect=3 format=11
1766 pid=FFFDCE01 t=139253 grTexSource#14623 tmu=0 addr=000B7000 evenodd=3 lod=3..3 aspect=3 format=11
1767 pid=FFFDCE01 t=139253 grTexSource#14624 tmu=0 addr=000B8000 evenodd=3 lod=3..3 aspect=3 format=11
1768 pid=FFFDCE01 t=139253 grTexSource#14625 tmu=0 addr=000B9000 evenodd=3 lod=3..3 aspect=3 format=11
1769 pid=FFFDCE01 t=139253 grTexSource#14626 tmu=0 addr=000BA000 evenodd=3 lod=3..3 aspect=3 format=11
1770 pid=FFFDCE01 t=139255 grTexSource#14627 tmu=0 addr=000BB000 evenodd=3 lod=3..3 aspect=3 format=11
1771 pid=FFFDCE01 t=139255 grTexSource#14628 tmu=0 addr=000BC000 evenodd=3 lod=3..3 aspect=3 format=11
1772 pid=FFFDCE01 t=139255 grTexSource#14629 tmu=0 addr=000BD000 evenodd=3 lod=3..3 aspect=3 format=11
1773 pid=FFFDCE01 t=139255 grTexSource#14630 tmu=0 addr=000BE000 evenodd=3 lod=3..3 aspect=3 format=11
1774 pid=FFFDCE01 t=139255 grTexSource#14631 tmu=0 addr=000BF000 evenodd=3 lod=3..3 aspect=3 format=11
1775 pid=FFFDCE01 t=139255 grTexSource#14632 tmu=0 addr=000C0000 evenodd=3 lod=3..3 aspect=3 format=11
1776 pid=FFFDCE01 t=139255 grTexSource#14633 tmu=0 addr=000C1000 evenodd=3 lod=3..3 aspect=3 format=11
1777 pid=FFFDCE01 t=139256 grTexSource#14634 tmu=0 addr=000C2000 evenodd=3 lod=3..3 aspect=3 format=11
1778 pid=FFFDCE01 t=139256 grTexSource#14635 tmu=0 addr=000C3000 evenodd=3 lod=3..3 aspect=3 format=11
1779 pid=FFFDCE01 t=139256 grTexSource#14636 tmu=0 addr=000C4000 evenodd=3 lod=3..3 aspect=3 format=11
1780 pid=FFFDCE01 t=139256 grTexSource#14637 tmu=0 addr=000C5000 evenodd=3 lod=3..3 aspect=3 format=11
1781 pid=FFFDCE01 t=139257 grTexSource#14638 tmu=0 addr=000C6000 evenodd=3 lod=3..3 aspect=3 format=11
1782 pid=FFFDCE01 t=139257 grTexSource#14639 tmu=0 addr=000C7000 evenodd=3 lod=3..3 aspect=3 format=11
1783 pid=FFFDCE01 t=139257 grTexSource#14640 tmu=0 addr=000C8000 evenodd=3 lod=3..3 aspect=3 format=11
1784 pid=FFFDCE01 t=139257 grTexSource#14641 tmu=0 addr=000C9000 evenodd=3 lod=3..3 aspect=3 format=11
1785 pid=FFFDCE01 t=139258 grTexSource#14642 tmu=0 addr=000CA000 evenodd=3 lod=3..3 aspect=3 format=11
1786 pid=FFFDCE01 t=139258 grTexSource#14643 tmu=0 addr=000CB000 evenodd=3 lod=3..3 aspect=3 format=11
1787 pid=FFFDCE01 t=139258 grTexSource#14644 tmu=0 addr=000CC000 evenodd=3 lod=3..3 aspect=3 format=11
1788 pid=FFFDCE01 t=139258 grTexSource#14645 tmu=0 addr=000CD000 evenodd=3 lod=3..3 aspect=3 format=11
1789 pid=FFFDCE01 t=139259 grTexSource#14646 tmu=0 addr=000CE000 evenodd=3 lod=3..3 aspect=3 format=11
1790 pid=FFFDCE01 t=139259 grTexSource#14647 tmu=0 addr=000CF000 evenodd=3 lod=3..3 aspect=3 format=11
1791 pid=FFFDCE01 t=139259 grTexSource#14648 tmu=0 addr=000D0000 evenodd=3 lod=3..3 aspect=3 format=11
1792 pid=FFFDCE01 t=139260 grTexSource#14649 tmu=0 addr=000D1000 evenodd=3 lod=3..3 aspect=3 format=11
1793 pid=FFFDCE01 t=139260 grTexSource#14650 tmu=0 addr=000D2000 evenodd=3 lod=3..3 aspect=3 format=11
1794 pid=FFFDCE01 t=139260 grTexSource#14651 tmu=0 addr=000D3000 evenodd=3 lod=3..3 aspect=3 format=11
1795 pid=FFFDCE01 t=139260 grTexSource#14652 tmu=0 addr=000D4000 evenodd=3 lod=3..3 aspect=3 format=11
1796 pid=FFFDCE01 t=139262 grTexSource#14653 tmu=0 addr=000D5000 evenodd=3 lod=3..3 aspect=3 format=11
1797 pid=FFFDCE01 t=139262 grTexSource#14654 tmu=0 addr=000D6000 evenodd=3 lod=3..3 aspect=3 format=11
1798 pid=FFFDCE01 t=139262 grTexSource#14655 tmu=0 addr=000D7000 evenodd=3 lod=3..3 aspect=3 format=11
1799 pid=FFFDCE01 t=139262 grTexSource#14656 tmu=0 addr=000D8000 evenodd=3 lod=3..3 aspect=3 format=11
1800 pid=FFFDCE01 t=139262 grTexSource#14657 tmu=0 addr=000D9000 evenodd=3 lod=3..3 aspect=3 format=11
1801 pid=FFFDCE01 t=139262 grTexSource#14658 tmu=0 addr=000DA000 evenodd=3 lod=3..3 aspect=3 format=11
1802 pid=FFFDCE01 t=139262 grTexSource#14659 tmu=0 addr=000DB000 evenodd=3 lod=3..3 aspect=3 format=11
1803 pid=FFFDCE01 t=139263 grTexSource#14660 tmu=0 addr=000DC000 evenodd=3 lod=3..3 aspect=3 format=11
1804 pid=FFFDCE01 t=139263 grTexSource#14661 tmu=0 addr=000DD000 evenodd=3 lod=3..3 aspect=3 format=11
1805 pid=FFFDCE01 t=139263 grTexSource#14662 tmu=0 addr=000DE000 evenodd=3 lod=3..3 aspect=3 format=11
1806 pid=FFFDCE01 t=139264 grTexSource#14663 tmu=0 addr=000DF000 evenodd=3 lod=3..3 aspect=3 format=11
1807 pid=FFFDCE01 t=139264 grTexSource#14664 tmu=0 addr=000E0000 evenodd=3 lod=3..3 aspect=3 format=11
1808 pid=FFFDCE01 t=139264 grTexSource#14665 tmu=0 addr=000E1000 evenodd=3 lod=3..3 aspect=3 format=11
1809 pid=FFFDCE01 t=139264 grTexSource#14666 tmu=0 addr=000E2000 evenodd=3 lod=3..3 aspect=3 format=11
1810 pid=FFFDCE01 t=139265 grTexSource#14667 tmu=0 addr=000E3000 evenodd=3 lod=3..3 aspect=3 format=11
1811 pid=FFFDCE01 t=139265 grTexSource#14668 tmu=0 addr=000E4000 evenodd=3 lod=3..3 aspect=3 format=11
1812 pid=FFFDCE01 t=139265 grTexSource#14669 tmu=0 addr=000E5000 evenodd=3 lod=3..3 aspect=3 format=11
1813 pid=FFFDCE01 t=139265 grTexSource#14670 tmu=0 addr=000E6000 evenodd=3 lod=3..3 aspect=3 format=11
1814 pid=FFFDCE01 t=139266 grTexSource#14671 tmu=0 addr=000E7000 evenodd=3 lod=3..3 aspect=3 format=11
1815 pid=FFFDCE01 t=139266 grTexSource#14672 tmu=0 addr=000E8000 evenodd=3 lod=3..3 aspect=3 format=11
1816 pid=FFFDCE01 t=139267 grTexSource#14673 tmu=0 addr=000E9000 evenodd=3 lod=3..3 aspect=3 format=11
1817 pid=FFFDCE01 t=139267 grTexSource#14674 tmu=0 addr=000EA000 evenodd=3 lod=3..3 aspect=3 format=11
1818 pid=FFFDCE01 t=139267 grTexSource#14675 tmu=0 addr=000EB000 evenodd=3 lod=3..3 aspect=3 format=11
1819 pid=FFFDCE01 t=139267 grTexSource#14676 tmu=0 addr=000EC000 evenodd=3 lod=3..3 aspect=3 format=11
1820 pid=FFFDCE01 t=139267 grTexSource#14677 tmu=0 addr=000ED000 evenodd=3 lod=3..3 aspect=3 format=11
1821 pid=FFFDCE01 t=139268 grTexSource#14678 tmu=0 addr=000EE000 evenodd=3 lod=3..3 aspect=3 format=11
1822 pid=FFFDCE01 t=139268 grTexSource#14679 tmu=0 addr=000EF000 evenodd=3 lod=3..3 aspect=3 format=11
1823 pid=FFFDCE01 t=139268 grTexSource#14680 tmu=0 addr=000F0000 evenodd=3 lod=3..3 aspect=3 format=11
1824 pid=FFFDCE01 t=139268 grTexSource#14681 tmu=0 addr=000F1000 evenodd=3 lod=3..3 aspect=3 format=11
1825 pid=FFFDCE01 t=139269 grTexSource#14682 tmu=0 addr=000F2000 evenodd=3 lod=3..3 aspect=3 format=11
1826 pid=FFFDCE01 t=139269 grTexSource#14683 tmu=0 addr=000F3000 evenodd=3 lod=3..3 aspect=3 format=11
1827 pid=FFFDCE01 t=139269 grTexSource#14684 tmu=0 addr=000F4000 evenodd=3 lod=3..3 aspect=3 format=11
1828 pid=FFFDCE01 t=139269 grTexSource#14685 tmu=0 addr=000F5000 evenodd=3 lod=3..3 aspect=3 format=11
1829 pid=FFFDCE01 t=139271 grTexSource#14686 tmu=0 addr=000F6000 evenodd=3 lod=3..3 aspect=3 format=11
1830 pid=FFFDCE01 t=139271 grTexSource#14687 tmu=0 addr=000F7000 evenodd=3 lod=3..3 aspect=3 format=11
1831 pid=FFFDCE01 t=139271 grTexSource#14688 tmu=0 addr=000F8000 evenodd=3 lod=3..3 aspect=3 format=11
1832 pid=FFFDCE01 t=139271 grTexSource#14689 tmu=0 addr=000F9000 evenodd=3 lod=3..3 aspect=3 format=11
1833 pid=FFFDCE01 t=139271 grTexSource#14690 tmu=0 addr=000FA000 evenodd=3 lod=3..3 aspect=3 format=11
1834 pid=FFFDCE01 t=139271 grTexSource#14691 tmu=0 addr=000FB000 evenodd=3 lod=3..3 aspect=3 format=11
1835 pid=FFFDCE01 t=139271 grTexSource#14692 tmu=0 addr=000FC000 evenodd=3 lod=3..3 aspect=3 format=11
1836 pid=FFFDCE01 t=139272 grTexSource#14693 tmu=0 addr=000FD000 evenodd=3 lod=3..3 aspect=3 format=11
1837 pid=FFFDCE01 t=139272 grTexSource#14694 tmu=0 addr=000FE000 evenodd=3 lod=3..3 aspect=3 format=11
1838 pid=FFFDCE01 t=139272 grTexSource#14695 tmu=0 addr=000FF000 evenodd=3 lod=3..3 aspect=3 format=11
1839 pid=FFFDCE01 t=139273 grTexSource#14696 tmu=0 addr=00100000 evenodd=3 lod=3..3 aspect=3 format=11
1840 pid=FFFDCE01 t=139273 grTexSource#14697 tmu=0 addr=00101000 evenodd=3 lod=3..3 aspect=3 format=11
1841 pid=FFFDCE01 t=139273 grTexSource#14698 tmu=0 addr=00102000 evenodd=3 lod=3..3 aspect=3 format=11
1842 pid=FFFDCE01 t=139273 grTexSource#14699 tmu=0 addr=00103000 evenodd=3 lod=3..3 aspect=3 format=11
1843 pid=FFFDCE01 t=139274 grTexSource#14700 tmu=0 addr=00104000 evenodd=3 lod=3..3 aspect=3 format=11
1844 pid=FFFDCE01 t=139274 grTexSource#14701 tmu=0 addr=00105000 evenodd=3 lod=3..3 aspect=3 format=11
1845 pid=FFFDCE01 t=139274 grTexSource#14702 tmu=0 addr=00106000 evenodd=3 lod=3..3 aspect=3 format=11
1846 pid=FFFDCE01 t=139274 grTexSource#14703 tmu=0 addr=00107000 evenodd=3 lod=3..3 aspect=3 format=11
1847 pid=FFFDCE01 t=139275 grTexSource#14704 tmu=0 addr=00108000 evenodd=3 lod=3..3 aspect=3 format=11
1848 pid=FFFDCE01 t=139275 grTexSource#14705 tmu=0 addr=00109000 evenodd=3 lod=3..3 aspect=3 format=11
1849 pid=FFFDCE01 t=139275 grTexSource#14706 tmu=0 addr=0010A000 evenodd=3 lod=3..3 aspect=3 format=11
1850 pid=FFFDCE01 t=139276 grTexSource#14707 tmu=0 addr=0010B000 evenodd=3 lod=3..3 aspect=3 format=11
1851 pid=FFFDCE01 t=139276 grTexSource#14708 tmu=0 addr=0010C000 evenodd=3 lod=3..3 aspect=3 format=11
1852 pid=FFFDCE01 t=139276 grTexSource#14709 tmu=0 addr=0010D000 evenodd=3 lod=3..3 aspect=3 format=11
1853 pid=FFFDCE01 t=139276 grTexSource#14710 tmu=0 addr=0010E000 evenodd=3 lod=3..3 aspect=3 format=11
1854 pid=FFFDCE01 t=139277 grTexSource#14711 tmu=0 addr=0010F000 evenodd=3 lod=3..3 aspect=3 format=11
1855 pid=FFFDCE01 t=139277 grTexSource#14712 tmu=0 addr=00110000 evenodd=3 lod=3..3 aspect=3 format=11
1856 pid=FFFDCE01 t=139277 grTexSource#14713 tmu=0 addr=00111000 evenodd=3 lod=3..3 aspect=3 format=11
1857 pid=FFFDCE01 t=139277 grTexSource#14714 tmu=0 addr=00112000 evenodd=3 lod=3..3 aspect=3 format=11
1858 pid=FFFDCE01 t=139279 grTexSource#14715 tmu=0 addr=00113000 evenodd=3 lod=3..3 aspect=3 format=11
1859 pid=FFFDCE01 t=139279 grTexSource#14716 tmu=0 addr=00114000 evenodd=3 lod=3..3 aspect=3 format=11
1860 pid=FFFDCE01 t=139279 grTexSource#14717 tmu=0 addr=00115000 evenodd=3 lod=3..3 aspect=3 format=11
1861 pid=FFFDCE01 t=139279 grTexSource#14718 tmu=0 addr=00116000 evenodd=3 lod=3..3 aspect=3 format=11
1862 pid=FFFDCE01 t=139279 grTexSource#14719 tmu=0 addr=00117000 evenodd=3 lod=3..3 aspect=3 format=11
1863 pid=FFFDCE01 t=139279 grTexSource#14720 tmu=0 addr=00118000 evenodd=3 lod=3..3 aspect=3 format=11
1864 pid=FFFDCE01 t=139279 grTexSource#14721 tmu=0 addr=00119000 evenodd=3 lod=3..3 aspect=3 format=11
1865 pid=FFFDCE01 t=139280 grTexSource#14722 tmu=0 addr=0011A000 evenodd=3 lod=3..3 aspect=3 format=11
1866 pid=FFFDCE01 t=139280 grTexSource#14723 tmu=0 addr=0011B000 evenodd=3 lod=3..3 aspect=3 format=11
1867 pid=FFFDCE01 t=139280 grTexSource#14724 tmu=0 addr=0011C000 evenodd=3 lod=3..3 aspect=3 format=11
1868 pid=FFFDCE01 t=139281 grTexSource#14725 tmu=0 addr=0011D000 evenodd=3 lod=3..3 aspect=3 format=11
1869 pid=FFFDCE01 t=139281 grTexSource#14726 tmu=0 addr=0011E000 evenodd=3 lod=3..3 aspect=3 format=11
1870 pid=FFFDCE01 t=139281 grTexSource#14727 tmu=0 addr=0011F000 evenodd=3 lod=3..3 aspect=3 format=11
1871 pid=FFFDCE01 t=139281 grTexSource#14728 tmu=0 addr=00120000 evenodd=3 lod=3..3 aspect=3 format=11
1872 pid=FFFDCE01 t=139282 grTexSource#14729 tmu=0 addr=00121000 evenodd=3 lod=3..3 aspect=3 format=11
1873 pid=FFFDCE01 t=139282 grTexSource#14730 tmu=0 addr=00122000 evenodd=3 lod=3..3 aspect=3 format=11
1874 pid=FFFDCE01 t=139282 grTexSource#14731 tmu=0 addr=00123000 evenodd=3 lod=3..3 aspect=3 format=11
1875 pid=FFFDCE01 t=139282 grTexSource#14732 tmu=0 addr=00124000 evenodd=3 lod=3..3 aspect=3 format=11
1876 pid=FFFDCE01 t=139283 grTexSource#14733 tmu=0 addr=00125000 evenodd=3 lod=3..3 aspect=3 format=11
1877 pid=FFFDCE01 t=139283 grTexSource#14734 tmu=0 addr=00126000 evenodd=3 lod=3..3 aspect=3 format=11
1878 pid=FFFDCE01 t=139283 grTexSource#14735 tmu=0 addr=00127000 evenodd=3 lod=3..3 aspect=3 format=11
1879 pid=FFFDCE01 t=139284 grTexSource#14736 tmu=0 addr=00128000 evenodd=3 lod=3..3 aspect=3 format=11
1880 pid=FFFDCE01 t=139284 grTexSource#14737 tmu=0 addr=00129000 evenodd=3 lod=3..3 aspect=3 format=11
1881 pid=FFFDCE01 t=139284 grTexSource#14738 tmu=0 addr=0012A000 evenodd=3 lod=3..3 aspect=3 format=11
1882 pid=FFFDCE01 t=139284 grTexSource#14739 tmu=0 addr=0012B000 evenodd=3 lod=3..3 aspect=3 format=11
1883 pid=FFFDCE01 t=139285 grTexSource#14740 tmu=0 addr=0012C000 evenodd=3 lod=3..3 aspect=3 format=11
1884 pid=FFFDCE01 t=142283 grTexDownloadMipMap#6044 tmu=0 addr=001BE800 evenodd=3 lod=1..1 aspect=3 format=11 data=01400928
1885 pid=FFFDCE01 t=142284 grTexDownloadMipMap#6045 tmu=0 addr=001C6800 evenodd=3 lod=1..1 aspect=3 format=11 data=01400928
1886 pid=FFFDCE01 t=142285 grTexDownloadMipMap#6046 tmu=0 addr=001CE800 evenodd=3 lod=1..1 aspect=3 format=11 data=01400928
1887 pid=FFFDCE01 t=142285 grTexDownloadMipMap#6047 tmu=0 addr=001D6800 evenodd=3 lod=1..1 aspect=3 format=11 data=01400928
1888 pid=FFFDCE01 t=142287 grTexDownloadMipMap#6048 tmu=0 addr=001E6800 evenodd=3 lod=1..1 aspect=3 format=11 data=01400928
1889 pid=FFFDCE01 t=142429 grTexSource#30341 tmu=0 addr=0012C800 evenodd=3 lod=0..0 aspect=3 format=12
1890 pid=FFFDCE01 t=142482 grTexSource#30445 tmu=0 addr=001BE800 evenodd=3 lod=1..1 aspect=3 format=11
1891 pid=FFFDCE01 t=142484 grTexSource#30446 tmu=0 addr=001C6800 evenodd=3 lod=1..1 aspect=3 format=11
1892 pid=FFFDCE01 t=142485 grTexSource#30447 tmu=0 addr=001CE800 evenodd=3 lod=1..1 aspect=3 format=11
1893 pid=FFFDCE01 t=142487 grTexSource#30448 tmu=0 addr=001D6800 evenodd=3 lod=1..1 aspect=3 format=11
1894 pid=FFFDCE01 t=142488 grTexSource#30449 tmu=0 addr=001E6800 evenodd=3 lod=1..1 aspect=3 format=11
1895 pid=FFFDCE01 t=142490 grTexSource#30450 tmu=0 addr=001EE800 evenodd=3 lod=3..3 aspect=3 format=12
1896 pid=FFFDCE01 t=142491 grSstIdle#12 
1897 pid=FFFDCE01 t=142597 grSstIdle#13 
1898 pid=FFFDCE01 t=142706 grSstIdle#14 
1899 pid=FFFDCE01 t=142814 grSstIdle#15 
1900 pid=FFFDCE01 t=142921 grSstIdle#16 
1901 pid=FFFDCE01 t=143028 grSstIdle#17 
1902 pid=FFFDCE01 t=143136 grSstIdle#18 
1903 pid=FFFDCE01 t=143242 grSstIdle#19 
1904 pid=FFFDCE01 t=143353 grSstIdle#20 
1905 pid=FFFDCE01 t=143460 grSstIdle#21 
1906 pid=FFFDCE01 t=143568 grSstIdle#22 
1907 pid=FFFDCE01 t=143675 grSstIdle#23 
1908 pid=FFFDCE01 t=143782 grSstIdle#24 
1909 pid=FFFDCE01 t=150472 census periodic swaps=334
1910 pid=FFFDCE01 t=150472 census   draws: drawn=120834 refused=0 culled=0 skipped-textured=0
1911 pid=FFFDCE01 t=150474 census   draws: fog-dropped=0 uploads=5447
1912 pid=FFFDCE01 t=150474 census   grAlphaBlendFunction calls=1 lines=1
1913 pid=FFFDCE01 t=150474 census   grAlphaCombine calls=2 lines=2
1914 pid=FFFDCE01 t=150474 census   grAlphaTestFunction calls=1 lines=1
1915 pid=FFFDCE01 t=150474 census   grAlphaTestReferenceValue calls=1 lines=1
1916 pid=FFFDCE01 t=150474 census   grBufferClear calls=342 lines=10
1917 pid=FFFDCE01 t=150474 census   grBufferSwap calls=334 lines=24
1918 pid=FFFDCE01 t=150474 census   grChromakeyMode calls=2 lines=2
1919 pid=FFFDCE01 t=150474 census   grChromakeyValue calls=1 lines=1
1920 pid=FFFDCE01 t=150474 census   grColorCombine calls=2 lines=2
1921 pid=FFFDCE01 t=150474 census   grCullMode calls=3 lines=3
1922 pid=FFFDCE01 t=150474 census   grDepthBufferFunction calls=2 lines=2
1923 pid=FFFDCE01 t=150474 census   grDepthBufferMode calls=2 lines=2
1924 pid=FFFDCE01 t=150474 census   grDepthMask calls=2 lines=2
1925 pid=FFFDCE01 t=150474 census   grDitherMode calls=1 lines=1
1926 pid=FFFDCE01 t=150474 census   grDrawTriangle calls=120760 lines=320
1927 pid=FFFDCE01 t=150474 census   grFogColorValue calls=1 lines=1
1928 pid=FFFDCE01 t=150474 census   grFogMode calls=1 lines=1
1929 pid=FFFDCE01 t=150474 census   grGammaCorrectionValue calls=3 lines=3
1930 pid=FFFDCE01 t=150474 census   grGlideInit calls=1 lines=1
1931 pid=FFFDCE01 t=150474 census   grLfbLock calls=4 lines=4
1932 pid=FFFDCE01 t=150474 census   grLfbUnlock calls=4 lines=4
1933 pid=FFFDCE01 t=150474 census   grRenderBuffer calls=345 lines=13
1934 pid=FFFDCE01 t=150474 census   grSstIdle calls=84 lines=24
1935 pid=FFFDCE01 t=150474 census   grSstQueryHardware calls=1 lines=1
1936 pid=FFFDCE01 t=150474 census   grSstSelect calls=1 lines=1
1937 pid=FFFDCE01 t=150474 census   grSstWinOpen calls=1 lines=1
1938 pid=FFFDCE01 t=150474 census   grTexCalcMemRequired calls=733 lines=26
1939 pid=FFFDCE01 t=150474 census   grTexClampMode calls=1 lines=1
1940 pid=FFFDCE01 t=150474 census   grTexCombine calls=1 lines=1
1941 pid=FFFDCE01 t=150474 census   grTexCombineFunction calls=1 lines=1
1942 pid=FFFDCE01 t=150474 census   grTexDownloadMipMap calls=6048 lines=669
1943 pid=FFFDCE01 t=150475 census   grTexFilterMode calls=2 lines=2
1944 pid=FFFDCE01 t=150475 census   grTexMaxAddress calls=733 lines=22
1945 pid=FFFDCE01 t=150475 census   grTexMinAddress calls=6 lines=4
1946 pid=FFFDCE01 t=150475 census   grTexMipMapMode calls=1 lines=1
1947 pid=FFFDCE01 t=150475 census   grTexSource calls=60380 lines=668
1948 pid=FFFDCE01 t=165537 census periodic swaps=412
1949 pid=FFFDCE01 t=165537 census   draws: drawn=184872 refused=0 culled=0 skipped-textured=0
1950 pid=FFFDCE01 t=165537 census   draws: fog-dropped=0 uploads=18867
1951 pid=FFFDCE01 t=165537 census   grAlphaBlendFunction calls=1 lines=1
1952 pid=FFFDCE01 t=165537 census   grAlphaCombine calls=2 lines=2
1953 pid=FFFDCE01 t=165537 census   grAlphaTestFunction calls=1 lines=1
1954 pid=FFFDCE01 t=165537 census   grAlphaTestReferenceValue calls=1 lines=1
1955 pid=FFFDCE01 t=165537 census   grBufferClear calls=420 lines=10
1956 pid=FFFDCE01 t=165537 census   grBufferSwap calls=412 lines=24
1957 pid=FFFDCE01 t=165537 census   grChromakeyMode calls=2 lines=2
1958 pid=FFFDCE01 t=165537 census   grChromakeyValue calls=1 lines=1
1959 pid=FFFDCE01 t=165537 census   grColorCombine calls=2 lines=2
1960 pid=FFFDCE01 t=165537 census   grCullMode calls=3 lines=3
1961 pid=FFFDCE01 t=165537 census   grDepthBufferFunction calls=2 lines=2
1962 pid=FFFDCE01 t=165537 census   grDepthBufferMode calls=2 lines=2
1963 pid=FFFDCE01 t=165537 census   grDepthMask calls=2 lines=2
1964 pid=FFFDCE01 t=165537 census   grDitherMode calls=1 lines=1
1965 pid=FFFDCE01 t=165537 census   grDrawTriangle calls=184720 lines=320
1966 pid=FFFDCE01 t=165537 census   grFogColorValue calls=1 lines=1
1967 pid=FFFDCE01 t=165537 census   grFogMode calls=1 lines=1
1968 pid=FFFDCE01 t=165537 census   grGammaCorrectionValue calls=3 lines=3
1969 pid=FFFDCE01 t=165537 census   grGlideInit calls=1 lines=1
1970 pid=FFFDCE01 t=165537 census   grLfbLock calls=4 lines=4
1971 pid=FFFDCE01 t=165537 census   grLfbUnlock calls=4 lines=4
1972 pid=FFFDCE01 t=165537 census   grRenderBuffer calls=423 lines=13
1973 pid=FFFDCE01 t=165537 census   grSstIdle calls=162 lines=24
1974 pid=FFFDCE01 t=165538 census   grSstQueryHardware calls=1 lines=1
1975 pid=FFFDCE01 t=165538 census   grSstSelect calls=1 lines=1
1976 pid=FFFDCE01 t=165538 census   grSstWinOpen calls=1 lines=1
1977 pid=FFFDCE01 t=165538 census   grTexCalcMemRequired calls=733 lines=26
1978 pid=FFFDCE01 t=165538 census   grTexClampMode calls=1 lines=1
1979 pid=FFFDCE01 t=165538 census   grTexCombine calls=1 lines=1
1980 pid=FFFDCE01 t=165538 census   grTexCombineFunction calls=1 lines=1
1981 pid=FFFDCE01 t=165538 census   grTexDownloadMipMap calls=32668 lines=669
1982 pid=FFFDCE01 t=165538 census   grTexFilterMode calls=2 lines=2
1983 pid=FFFDCE01 t=165538 census   grTexMaxAddress calls=733 lines=22
1984 pid=FFFDCE01 t=165538 census   grTexMinAddress calls=6 lines=4
1985 pid=FFFDCE01 t=165538 census   grTexMipMapMode calls=1 lines=1
1986 pid=FFFDCE01 t=165538 census   grTexSource calls=92360 lines=668
1987 pid=FFFDCE01 t=167704 grTexCalcMemRequired#734 lodmin=2 lodmax=2 aspect=3 format=10 -> 8192
1988 pid=FFFDCE01 t=180591 census periodic swaps=523
1989 pid=FFFDCE01 t=180591 census   draws: drawn=212596 refused=0 culled=0 skipped-textured=0
1990 pid=FFFDCE01 t=180591 census   draws: fog-dropped=0 uploads=24744
1991 pid=FFFDCE01 t=180591 census   grAlphaBlendFunction calls=1 lines=1
1992 pid=FFFDCE01 t=180591 census   grAlphaCombine calls=2 lines=2
1993 pid=FFFDCE01 t=180591 census   grAlphaTestFunction calls=1 lines=1
1994 pid=FFFDCE01 t=180591 census   grAlphaTestReferenceValue calls=1 lines=1
1995 pid=FFFDCE01 t=180591 census   grBufferClear calls=533 lines=10
1996 pid=FFFDCE01 t=180591 census   grBufferSwap calls=523 lines=24
1997 pid=FFFDCE01 t=180591 census   grChromakeyMode calls=2 lines=2
1998 pid=FFFDCE01 t=180591 census   grChromakeyValue calls=1 lines=1
1999 pid=FFFDCE01 t=180591 census   grColorCombine calls=2 lines=2
2000 pid=FFFDCE01 t=180591 census   grCullMode calls=4 lines=3
2001 pid=FFFDCE01 t=180591 census   grDepthBufferFunction calls=2 lines=2
2002 pid=FFFDCE01 t=180591 census   grDepthBufferMode calls=2 lines=2
2003 pid=FFFDCE01 t=180591 census   grDepthMask calls=2 lines=2
2004 pid=FFFDCE01 t=180591 census   grDitherMode calls=1 lines=1
2005 pid=FFFDCE01 t=180592 census   grDrawTriangle calls=212416 lines=320
2006 pid=FFFDCE01 t=180592 census   grFogColorValue calls=1 lines=1
2007 pid=FFFDCE01 t=180592 census   grFogMode calls=1 lines=1
2008 pid=FFFDCE01 t=180592 census   grGammaCorrectionValue calls=4 lines=3
2009 pid=FFFDCE01 t=180592 census   grGlideInit calls=1 lines=1
2010 pid=FFFDCE01 t=180592 census   grLfbLock calls=4 lines=4
2011 pid=FFFDCE01 t=180592 census   grLfbUnlock calls=4 lines=4
2012 pid=FFFDCE01 t=180592 census   grRenderBuffer calls=536 lines=13
2013 pid=FFFDCE01 t=180592 census   grSstIdle calls=194 lines=24
2014 pid=FFFDCE01 t=180592 census   grSstQueryHardware calls=1 lines=1
2015 pid=FFFDCE01 t=180592 census   grSstSelect calls=1 lines=1
2016 pid=FFFDCE01 t=180592 census   grSstWinOpen calls=1 lines=1
2017 pid=FFFDCE01 t=180592 census   grTexCalcMemRequired calls=1465 lines=27
2018 pid=FFFDCE01 t=180592 census   grTexClampMode calls=1 lines=1
2019 pid=FFFDCE01 t=180592 census   grTexCombine calls=1 lines=1
2020 pid=FFFDCE01 t=180592 census   grTexCombineFunction calls=1 lines=1
2021 pid=FFFDCE01 t=180592 census   grTexDownloadMipMap calls=42446 lines=669
2022 pid=FFFDCE01 t=180593 census   grTexFilterMode calls=2 lines=2
2023 pid=FFFDCE01 t=180593 census   grTexMaxAddress calls=1465 lines=22
2024 pid=FFFDCE01 t=180593 census   grTexMinAddress calls=10 lines=4
2025 pid=FFFDCE01 t=180593 census   grTexMipMapMode calls=1 lines=1
2026 pid=FFFDCE01 t=180593 census   grTexSource calls=106208 lines=668
2027 pid=FFFDCE01 t=182092 grTexDownloadMipMap#42447 tmu=0 addr=0018C800 evenodd=3 lod=3..3 aspect=3 format=12 data=013ED300
2028 pid=FFFDCE01 t=182092 grTexDownloadMipMap#42448 tmu=0 addr=0018D800 evenodd=3 lod=3..3 aspect=3 format=12 data=013ED300
2029 pid=FFFDCE01 t=182093 grTexDownloadMipMap#42449 tmu=0 addr=0018E800 evenodd=3 lod=3..3 aspect=3 format=12 data=013ED300
2030 pid=FFFDCE01 t=182093 grTexDownloadMipMap#42450 tmu=0 addr=0018F800 evenodd=3 lod=3..3 aspect=3 format=12 data=013ED300
2031 pid=FFFDCE01 t=182093 grTexDownloadMipMap#42451 tmu=0 addr=00190800 evenodd=3 lod=3..3 aspect=3 format=12 data=013ED300
2032 pid=FFFDCE01 t=182094 grTexDownloadMipMap#42452 tmu=0 addr=00191800 evenodd=3 lod=3..3 aspect=3 format=12 data=013ED300
2033 pid=FFFDCE01 t=182094 grTexDownloadMipMap#42453 tmu=0 addr=00192800 evenodd=3 lod=3..3 aspect=3 format=12 data=013ED300
2034 pid=FFFDCE01 t=182094 grTexDownloadMipMap#42454 tmu=0 addr=00193800 evenodd=3 lod=3..3 aspect=3 format=12 data=013ED300
2035 pid=FFFDCE01 t=182094 grTexDownloadMipMap#42455 tmu=0 addr=00194800 evenodd=3 lod=3..3 aspect=3 format=12 data=013ED300
2036 pid=FFFDCE01 t=182095 grTexDownloadMipMap#42456 tmu=0 addr=00195800 evenodd=3 lod=3..3 aspect=3 format=12 data=013ED300
2037 pid=FFFDCE01 t=182095 grTexDownloadMipMap#42457 tmu=0 addr=00196800 evenodd=3 lod=3..3 aspect=3 format=12 data=013ED300
2038 pid=FFFDCE01 t=182095 grTexDownloadMipMap#42458 tmu=0 addr=00197800 evenodd=3 lod=3..3 aspect=3 format=12 data=013ED300
2039 pid=FFFDCE01 t=182096 grTexDownloadMipMap#42459 tmu=0 addr=00198800 evenodd=3 lod=3..3 aspect=3 format=12 data=013ED300
2040 pid=FFFDCE01 t=182096 grTexDownloadMipMap#42460 tmu=0 addr=00199800 evenodd=3 lod=3..3 aspect=3 format=12 data=013ED300
2041 pid=FFFDCE01 t=182096 grTexDownloadMipMap#42461 tmu=0 addr=0019A800 evenodd=3 lod=3..3 aspect=3 format=12 data=013ED300
2042 pid=FFFDCE01 t=182096 grTexDownloadMipMap#42462 tmu=0 addr=0019B800 evenodd=3 lod=3..3 aspect=3 format=12 data=013ED300
2043 pid=FFFDCE01 t=182097 grTexDownloadMipMap#42463 tmu=0 addr=0019C800 evenodd=3 lod=3..3 aspect=3 format=12 data=013ED300
2044 pid=FFFDCE01 t=182097 grTexDownloadMipMap#42464 tmu=0 addr=0019D800 evenodd=3 lod=3..3 aspect=3 format=12 data=013ED300
2045 pid=FFFDCE01 t=182097 grTexDownloadMipMap#42465 tmu=0 addr=0019E800 evenodd=3 lod=3..3 aspect=3 format=12 data=013ED300
2046 pid=FFFDCE01 t=182099 grTexDownloadMipMap#42466 tmu=0 addr=0019F800 evenodd=3 lod=3..3 aspect=3 format=12 data=013ED300
2047 pid=FFFDCE01 t=182099 grTexDownloadMipMap#42467 tmu=0 addr=001A0800 evenodd=3 lod=3..3 aspect=3 format=12 data=013ED300
2048 pid=FFFDCE01 t=182099 grTexDownloadMipMap#42468 tmu=0 addr=001A1800 evenodd=3 lod=3..3 aspect=3 format=12 data=013ED300
2049 pid=FFFDCE01 t=182099 grTexDownloadMipMap#42469 tmu=0 addr=001A2800 evenodd=3 lod=3..3 aspect=3 format=12 data=013ED300
2050 pid=FFFDCE01 t=182099 grTexDownloadMipMap#42470 tmu=0 addr=001A3800 evenodd=3 lod=3..3 aspect=3 format=12 data=013ED300
2051 pid=FFFDCE01 t=182099 grTexDownloadMipMap#42471 tmu=0 addr=001A4800 evenodd=3 lod=3..3 aspect=3 format=12 data=013ED300
2052 pid=FFFDCE01 t=182100 grTexDownloadMipMap#42472 tmu=0 addr=001A5800 evenodd=3 lod=3..3 aspect=3 format=12 data=013ED300
2053 pid=FFFDCE01 t=182100 grTexDownloadMipMap#42473 tmu=0 addr=001A6800 evenodd=3 lod=3..3 aspect=3 format=12 data=013ED300
2054 pid=FFFDCE01 t=182100 grTexDownloadMipMap#42474 tmu=0 addr=001A7800 evenodd=3 lod=3..3 aspect=3 format=12 data=013ED300
2055 pid=FFFDCE01 t=182100 grTexDownloadMipMap#42475 tmu=0 addr=001A8800 evenodd=3 lod=3..3 aspect=3 format=12 data=013ED300
2056 pid=FFFDCE01 t=182101 grTexDownloadMipMap#42476 tmu=0 addr=001A9800 evenodd=3 lod=3..3 aspect=3 format=12 data=013ED300
2057 pid=FFFDCE01 t=182101 grTexDownloadMipMap#42477 tmu=0 addr=001AA800 evenodd=3 lod=3..3 aspect=3 format=12 data=013ED300
2058 pid=FFFDCE01 t=182101 grTexDownloadMipMap#42478 tmu=0 addr=001AB800 evenodd=3 lod=3..3 aspect=3 format=12 data=013ED300
2059 pid=FFFDCE01 t=182102 grTexDownloadMipMap#42479 tmu=0 addr=001AC800 evenodd=3 lod=3..3 aspect=3 format=12 data=013ED300
2060 pid=FFFDCE01 t=182102 grTexDownloadMipMap#42480 tmu=0 addr=001AD800 evenodd=3 lod=3..3 aspect=3 format=12 data=013ED300
2061 pid=FFFDCE01 t=182102 grTexDownloadMipMap#42481 tmu=0 addr=001AE800 evenodd=3 lod=3..3 aspect=3 format=12 data=013ED300
2062 pid=FFFDCE01 t=182102 grTexDownloadMipMap#42482 tmu=0 addr=001AF800 evenodd=3 lod=3..3 aspect=3 format=12 data=013ED300
2063 pid=FFFDCE01 t=182103 grTexDownloadMipMap#42483 tmu=0 addr=001B0800 evenodd=3 lod=3..3 aspect=3 format=12 data=013ED300
2064 pid=FFFDCE01 t=182103 grTexDownloadMipMap#42484 tmu=0 addr=001B1800 evenodd=3 lod=3..3 aspect=3 format=12 data=013ED300
2065 pid=FFFDCE01 t=182104 grTexDownloadMipMap#42485 tmu=0 addr=001B2800 evenodd=3 lod=3..3 aspect=3 format=12 data=013ED300
2066 pid=FFFDCE01 t=182104 grTexDownloadMipMap#42486 tmu=0 addr=001B3800 evenodd=3 lod=3..3 aspect=3 format=12 data=013ED300
2067 pid=FFFDCE01 t=182104 grTexDownloadMipMap#42487 tmu=0 addr=001B4800 evenodd=3 lod=3..3 aspect=3 format=12 data=013ED300
2068 pid=FFFDCE01 t=182104 grTexDownloadMipMap#42488 tmu=0 addr=001B5800 evenodd=3 lod=3..3 aspect=3 format=12 data=013ED300
2069 pid=FFFDCE01 t=182105 grTexDownloadMipMap#42489 tmu=0 addr=001B6800 evenodd=3 lod=3..3 aspect=3 format=12 data=013ED300
2070 pid=FFFDCE01 t=182105 grTexDownloadMipMap#42490 tmu=0 addr=001B7800 evenodd=3 lod=3..3 aspect=3 format=12 data=013ED300
2071 pid=FFFDCE01 t=182105 grTexDownloadMipMap#42491 tmu=0 addr=001B8800 evenodd=3 lod=3..3 aspect=3 format=12 data=013ED300
2072 pid=FFFDCE01 t=182105 grTexDownloadMipMap#42492 tmu=0 addr=001B9800 evenodd=3 lod=3..3 aspect=3 format=12 data=013ED300
2073 pid=FFFDCE01 t=182106 grTexDownloadMipMap#42493 tmu=0 addr=001BA800 evenodd=3 lod=3..3 aspect=3 format=12 data=013ED300
2074 pid=FFFDCE01 t=182106 grTexDownloadMipMap#42494 tmu=0 addr=001BB800 evenodd=3 lod=3..3 aspect=3 format=12 data=013ED300
2075 pid=FFFDCE01 t=182106 grTexDownloadMipMap#42495 tmu=0 addr=001BC800 evenodd=3 lod=3..3 aspect=3 format=12 data=013ED300
2076 pid=FFFDCE01 t=182108 grTexDownloadMipMap#42496 tmu=0 addr=001BD800 evenodd=3 lod=3..3 aspect=3 format=12 data=013ED300
2077 pid=FFFDCE01 t=182108 grTexDownloadMipMap#42497 tmu=0 addr=0018D000 evenodd=3 lod=3..3 aspect=3 format=11 data=017C97A8
2078 pid=FFFDCE01 t=182108 grTexDownloadMipMap#42498 tmu=0 addr=0018E000 evenodd=3 lod=3..3 aspect=3 format=11 data=017C97A8
2079 pid=FFFDCE01 t=182108 grTexDownloadMipMap#42499 tmu=0 addr=0018F000 evenodd=3 lod=3..3 aspect=3 format=11 data=017C97A8
2080 pid=FFFDCE01 t=182108 grTexDownloadMipMap#42500 tmu=0 addr=00190000 evenodd=3 lod=3..3 aspect=3 format=11 data=017C97A8
2081 pid=FFFDCE01 t=182109 grTexDownloadMipMap#42501 tmu=0 addr=00191000 evenodd=3 lod=3..3 aspect=3 format=11 data=017C97A8
2082 pid=FFFDCE01 t=182109 grTexDownloadMipMap#42502 tmu=0 addr=00192000 evenodd=3 lod=3..3 aspect=3 format=11 data=017C97A8
2083 pid=FFFDCE01 t=182109 grTexDownloadMipMap#42503 tmu=0 addr=00193000 evenodd=3 lod=3..3 aspect=3 format=11 data=017C97A8
2084 pid=FFFDCE01 t=182110 grTexDownloadMipMap#42504 tmu=0 addr=00194000 evenodd=3 lod=3..3 aspect=3 format=11 data=017C97A8
2085 pid=FFFDCE01 t=182110 grTexDownloadMipMap#42505 tmu=0 addr=00195000 evenodd=3 lod=3..3 aspect=3 format=11 data=017C97A8
2086 pid=FFFDCE01 t=182110 grTexDownloadMipMap#42506 tmu=0 addr=00196000 evenodd=3 lod=3..3 aspect=3 format=11 data=017C97A8
2087 pid=FFFDCE01 t=182110 grTexDownloadMipMap#42507 tmu=0 addr=00197000 evenodd=3 lod=3..3 aspect=3 format=11 data=017C97A8
2088 pid=FFFDCE01 t=182111 grTexDownloadMipMap#42508 tmu=0 addr=00198000 evenodd=3 lod=3..3 aspect=3 format=11 data=017C97A8
2089 pid=FFFDCE01 t=182111 grTexDownloadMipMap#42509 tmu=0 addr=00199000 evenodd=3 lod=3..3 aspect=3 format=11 data=017C97A8
2090 pid=FFFDCE01 t=182111 grTexDownloadMipMap#42510 tmu=0 addr=0019A000 evenodd=3 lod=3..3 aspect=3 format=11 data=017C97A8
2091 pid=FFFDCE01 t=182111 grTexDownloadMipMap#42511 tmu=0 addr=0019B000 evenodd=3 lod=3..3 aspect=3 format=11 data=017C97A8
2092 pid=FFFDCE01 t=182112 grTexDownloadMipMap#42512 tmu=0 addr=0019C000 evenodd=3 lod=3..3 aspect=3 format=11 data=017C97A8
2093 pid=FFFDCE01 t=182112 grTexDownloadMipMap#42513 tmu=0 addr=0019D000 evenodd=3 lod=3..3 aspect=3 format=11 data=017C97A8
2094 pid=FFFDCE01 t=182112 grTexDownloadMipMap#42514 tmu=0 addr=0019E000 evenodd=3 lod=3..3 aspect=3 format=11 data=017C97A8
2095 pid=FFFDCE01 t=182112 grTexDownloadMipMap#42515 tmu=0 addr=0019F000 evenodd=3 lod=3..3 aspect=3 format=11 data=017C97A8
2096 pid=FFFDCE01 t=182113 grTexDownloadMipMap#42516 tmu=0 addr=001A0000 evenodd=3 lod=3..3 aspect=3 format=11 data=017C97A8
2097 pid=FFFDCE01 t=182113 grTexDownloadMipMap#42517 tmu=0 addr=001A1000 evenodd=3 lod=3..3 aspect=3 format=11 data=017C97A8
2098 pid=FFFDCE01 t=182113 grTexDownloadMipMap#42518 tmu=0 addr=001A2000 evenodd=3 lod=3..3 aspect=3 format=11 data=017C97A8
2099 pid=FFFDCE01 t=182113 grTexDownloadMipMap#42519 tmu=0 addr=001A3000 evenodd=3 lod=3..3 aspect=3 format=11 data=017C97A8
2100 pid=FFFDCE01 t=182114 grTexDownloadMipMap#42520 tmu=0 addr=001A4000 evenodd=3 lod=3..3 aspect=3 format=11 data=017C97A8
2101 pid=FFFDCE01 t=182114 grTexDownloadMipMap#42521 tmu=0 addr=001A5000 evenodd=3 lod=3..3 aspect=3 format=11 data=017C97A8
2102 pid=FFFDCE01 t=182114 grTexDownloadMipMap#42522 tmu=0 addr=001A6000 evenodd=3 lod=3..3 aspect=3 format=11 data=017C97A8
2103 pid=FFFDCE01 t=182116 grTexDownloadMipMap#42523 tmu=0 addr=001A7000 evenodd=3 lod=3..3 aspect=3 format=11 data=017C97A8
2104 pid=FFFDCE01 t=182116 grTexDownloadMipMap#42524 tmu=0 addr=001A8000 evenodd=3 lod=3..3 aspect=3 format=11 data=017C97A8
2105 pid=FFFDCE01 t=182116 grTexDownloadMipMap#42525 tmu=0 addr=001A9000 evenodd=3 lod=3..3 aspect=3 format=11 data=017C97A8
2106 pid=FFFDCE01 t=182116 grTexDownloadMipMap#42526 tmu=0 addr=001AA000 evenodd=3 lod=3..3 aspect=3 format=11 data=017C97A8
2107 pid=FFFDCE01 t=182116 grTexDownloadMipMap#42527 tmu=0 addr=001AB000 evenodd=3 lod=3..3 aspect=3 format=11 data=017C97A8
2108 pid=FFFDCE01 t=182116 grTexDownloadMipMap#42528 tmu=0 addr=001AC000 evenodd=3 lod=3..3 aspect=3 format=11 data=017C97A8
2109 pid=FFFDCE01 t=182116 grTexDownloadMipMap#42529 tmu=0 addr=001AD000 evenodd=3 lod=3..3 aspect=3 format=11 data=017C97A8
2110 pid=FFFDCE01 t=182116 grTexDownloadMipMap#42530 tmu=0 addr=001AE000 evenodd=3 lod=3..3 aspect=3 format=11 data=017C97A8
2111 pid=FFFDCE01 t=182117 grTexDownloadMipMap#42531 tmu=0 addr=001AF000 evenodd=3 lod=3..3 aspect=3 format=11 data=017C97A8
2112 pid=FFFDCE01 t=182117 grTexDownloadMipMap#42532 tmu=0 addr=001B0000 evenodd=3 lod=3..3 aspect=3 format=11 data=017C97A8
2113 pid=FFFDCE01 t=182117 grTexDownloadMipMap#42533 tmu=0 addr=001B1000 evenodd=3 lod=3..3 aspect=3 format=11 data=017C97A8
2114 pid=FFFDCE01 t=182118 grTexDownloadMipMap#42534 tmu=0 addr=001B2000 evenodd=3 lod=3..3 aspect=3 format=11 data=017C97A8
2115 pid=FFFDCE01 t=182118 grTexDownloadMipMap#42535 tmu=0 addr=001B3000 evenodd=3 lod=3..3 aspect=3 format=11 data=017C97A8
2116 pid=FFFDCE01 t=182118 grTexDownloadMipMap#42536 tmu=0 addr=001B4000 evenodd=3 lod=3..3 aspect=3 format=11 data=017C97A8
2117 pid=FFFDCE01 t=182118 grTexDownloadMipMap#42537 tmu=0 addr=001B5000 evenodd=3 lod=3..3 aspect=3 format=11 data=017C97A8
2118 pid=FFFDCE01 t=182119 grTexDownloadMipMap#42538 tmu=0 addr=001B6000 evenodd=3 lod=3..3 aspect=3 format=11 data=017C97A8
2119 pid=FFFDCE01 t=182119 grTexDownloadMipMap#42539 tmu=0 addr=001B7000 evenodd=3 lod=3..3 aspect=3 format=11 data=017C97A8
2120 pid=FFFDCE01 t=182119 grTexDownloadMipMap#42540 tmu=0 addr=001B8000 evenodd=3 lod=3..3 aspect=3 format=11 data=017C97A8
2121 pid=FFFDCE01 t=182119 grTexDownloadMipMap#42541 tmu=0 addr=001B9000 evenodd=3 lod=3..3 aspect=3 format=11 data=017C97A8
2122 pid=FFFDCE01 t=182120 grTexDownloadMipMap#42542 tmu=0 addr=001BA000 evenodd=3 lod=3..3 aspect=3 format=11 data=017C97A8
2123 pid=FFFDCE01 t=182120 grTexDownloadMipMap#42543 tmu=0 addr=001BB000 evenodd=3 lod=3..3 aspect=3 format=11 data=017C97A8
2124 pid=FFFDCE01 t=182120 grTexDownloadMipMap#42544 tmu=0 addr=001BC000 evenodd=3 lod=3..3 aspect=3 format=11 data=017C97A8
2125 pid=FFFDCE01 t=182120 grTexDownloadMipMap#42545 tmu=0 addr=001BD000 evenodd=3 lod=3..3 aspect=3 format=11 data=017C97A8
2126 pid=FFFDCE01 t=182121 grTexDownloadMipMap#42546 tmu=0 addr=001BE000 evenodd=3 lod=3..3 aspect=3 format=11 data=017C97A8
2127 pid=FFFDCE01 t=182226 grTexSource#114374 tmu=0 addr=0018C800 evenodd=3 lod=3..3 aspect=3 format=12
2128 pid=FFFDCE01 t=182227 grTexSource#114375 tmu=0 addr=0018D000 evenodd=3 lod=3..3 aspect=3 format=11
2129 pid=FFFDCE01 t=182227 grTexSource#114376 tmu=0 addr=0018D800 evenodd=3 lod=3..3 aspect=3 format=12
2130 pid=FFFDCE01 t=182227 grTexSource#114377 tmu=0 addr=0018E000 evenodd=3 lod=3..3 aspect=3 format=11
2131 pid=FFFDCE01 t=182228 grTexSource#114378 tmu=0 addr=0018E800 evenodd=3 lod=3..3 aspect=3 format=12
2132 pid=FFFDCE01 t=182228 grTexSource#114379 tmu=0 addr=0018F000 evenodd=3 lod=3..3 aspect=3 format=11
2133 pid=FFFDCE01 t=182228 grTexSource#114380 tmu=0 addr=0018F800 evenodd=3 lod=3..3 aspect=3 format=12
2134 pid=FFFDCE01 t=182229 grTexSource#114381 tmu=0 addr=00190000 evenodd=3 lod=3..3 aspect=3 format=11
2135 pid=FFFDCE01 t=182229 grTexSource#114382 tmu=0 addr=00190800 evenodd=3 lod=3..3 aspect=3 format=12
2136 pid=FFFDCE01 t=182229 grTexSource#114383 tmu=0 addr=00191000 evenodd=3 lod=3..3 aspect=3 format=11
2137 pid=FFFDCE01 t=182230 grTexSource#114384 tmu=0 addr=00191800 evenodd=3 lod=3..3 aspect=3 format=12
2138 pid=FFFDCE01 t=182230 grTexSource#114385 tmu=0 addr=00192000 evenodd=3 lod=3..3 aspect=3 format=11
2139 pid=FFFDCE01 t=182230 grTexSource#114386 tmu=0 addr=00192800 evenodd=3 lod=3..3 aspect=3 format=12
2140 pid=FFFDCE01 t=182230 grTexSource#114387 tmu=0 addr=00193000 evenodd=3 lod=3..3 aspect=3 format=11
2141 pid=FFFDCE01 t=182232 grTexSource#114388 tmu=0 addr=00193800 evenodd=3 lod=3..3 aspect=3 format=12
2142 pid=FFFDCE01 t=182232 grTexSource#114389 tmu=0 addr=00194000 evenodd=3 lod=3..3 aspect=3 format=11
2143 pid=FFFDCE01 t=182232 grTexSource#114390 tmu=0 addr=00194800 evenodd=3 lod=3..3 aspect=3 format=12
2144 pid=FFFDCE01 t=182232 grTexSource#114391 tmu=0 addr=00195000 evenodd=3 lod=3..3 aspect=3 format=11
2145 pid=FFFDCE01 t=182232 grTexSource#114392 tmu=0 addr=00195800 evenodd=3 lod=3..3 aspect=3 format=12
2146 pid=FFFDCE01 t=182232 grTexSource#114393 tmu=0 addr=00196000 evenodd=3 lod=3..3 aspect=3 format=11
2147 pid=FFFDCE01 t=182233 grTexSource#114394 tmu=0 addr=00196800 evenodd=3 lod=3..3 aspect=3 format=12
2148 pid=FFFDCE01 t=182233 grTexSource#114395 tmu=0 addr=00197000 evenodd=3 lod=3..3 aspect=3 format=11
2149 pid=FFFDCE01 t=182233 grTexSource#114396 tmu=0 addr=00197800 evenodd=3 lod=3..3 aspect=3 format=12
2150 pid=FFFDCE01 t=182233 grTexSource#114397 tmu=0 addr=00198000 evenodd=3 lod=3..3 aspect=3 format=11
2151 pid=FFFDCE01 t=182234 grTexSource#114398 tmu=0 addr=00198800 evenodd=3 lod=3..3 aspect=3 format=12
2152 pid=FFFDCE01 t=182234 grTexSource#114399 tmu=0 addr=00199000 evenodd=3 lod=3..3 aspect=3 format=11
2153 pid=FFFDCE01 t=182234 grTexSource#114400 tmu=0 addr=00199800 evenodd=3 lod=3..3 aspect=3 format=12
2154 pid=FFFDCE01 t=182235 grTexSource#114401 tmu=0 addr=0019A000 evenodd=3 lod=3..3 aspect=3 format=11
2155 pid=FFFDCE01 t=182235 grTexSource#114402 tmu=0 addr=0019A800 evenodd=3 lod=3..3 aspect=3 format=12
2156 pid=FFFDCE01 t=182235 grTexSource#114403 tmu=0 addr=0019B000 evenodd=3 lod=3..3 aspect=3 format=11
2157 pid=FFFDCE01 t=182235 grTexSource#114404 tmu=0 addr=0019B800 evenodd=3 lod=3..3 aspect=3 format=12
2158 pid=FFFDCE01 t=182236 grTexSource#114405 tmu=0 addr=0019C000 evenodd=3 lod=3..3 aspect=3 format=11
2159 pid=FFFDCE01 t=182236 grTexSource#114406 tmu=0 addr=0019C800 evenodd=3 lod=3..3 aspect=3 format=12
2160 pid=FFFDCE01 t=182236 grTexSource#114407 tmu=0 addr=0019D000 evenodd=3 lod=3..3 aspect=3 format=11
2161 pid=FFFDCE01 t=182237 grTexSource#114408 tmu=0 addr=0019D800 evenodd=3 lod=3..3 aspect=3 format=12
2162 pid=FFFDCE01 t=182237 grTexSource#114409 tmu=0 addr=0019E000 evenodd=3 lod=3..3 aspect=3 format=11
2163 pid=FFFDCE01 t=182237 grTexSource#114410 tmu=0 addr=0019E800 evenodd=3 lod=3..3 aspect=3 format=12
2164 pid=FFFDCE01 t=182237 grTexSource#114411 tmu=0 addr=0019F000 evenodd=3 lod=3..3 aspect=3 format=11
2165 pid=FFFDCE01 t=182238 grTexSource#114412 tmu=0 addr=0019F800 evenodd=3 lod=3..3 aspect=3 format=12
2166 pid=FFFDCE01 t=182238 grTexSource#114413 tmu=0 addr=001A0000 evenodd=3 lod=3..3 aspect=3 format=11
2167 pid=FFFDCE01 t=182238 grTexSource#114414 tmu=0 addr=001A0800 evenodd=3 lod=3..3 aspect=3 format=12
2168 pid=FFFDCE01 t=182240 grTexSource#114415 tmu=0 addr=001A1000 evenodd=3 lod=3..3 aspect=3 format=11
2169 pid=FFFDCE01 t=182240 grTexSource#114416 tmu=0 addr=001A1800 evenodd=3 lod=3..3 aspect=3 format=12
2170 pid=FFFDCE01 t=182240 grTexSource#114417 tmu=0 addr=001A2000 evenodd=3 lod=3..3 aspect=3 format=11
2171 pid=FFFDCE01 t=182240 grTexSource#114418 tmu=0 addr=001A2800 evenodd=3 lod=3..3 aspect=3 format=12
2172 pid=FFFDCE01 t=182240 grTexSource#114419 tmu=0 addr=001A3000 evenodd=3 lod=3..3 aspect=3 format=11
2173 pid=FFFDCE01 t=182240 grTexSource#114420 tmu=0 addr=001A3800 evenodd=3 lod=3..3 aspect=3 format=12
2174 pid=FFFDCE01 t=182240 grTexSource#114421 tmu=0 addr=001A4000 evenodd=3 lod=3..3 aspect=3 format=11
2175 pid=FFFDCE01 t=182241 grTexSource#114422 tmu=0 addr=001A4800 evenodd=3 lod=3..3 aspect=3 format=12
2176 pid=FFFDCE01 t=182241 grTexSource#114423 tmu=0 addr=001A5000 evenodd=3 lod=3..3 aspect=3 format=11
2177 pid=FFFDCE01 t=182241 grTexSource#114424 tmu=0 addr=001A5800 evenodd=3 lod=3..3 aspect=3 format=12
2178 pid=FFFDCE01 t=182242 grTexSource#114425 tmu=0 addr=001A6000 evenodd=3 lod=3..3 aspect=3 format=11
2179 pid=FFFDCE01 t=182242 grTexSource#114426 tmu=0 addr=001A6800 evenodd=3 lod=3..3 aspect=3 format=12
2180 pid=FFFDCE01 t=182242 grTexSource#114427 tmu=0 addr=001A7000 evenodd=3 lod=3..3 aspect=3 format=11
2181 pid=FFFDCE01 t=182242 grTexSource#114428 tmu=0 addr=001A7800 evenodd=3 lod=3..3 aspect=3 format=12
2182 pid=FFFDCE01 t=182243 grTexSource#114429 tmu=0 addr=001A8000 evenodd=3 lod=3..3 aspect=3 format=11
2183 pid=FFFDCE01 t=182243 grTexSource#114430 tmu=0 addr=001A8800 evenodd=3 lod=3..3 aspect=3 format=12
2184 pid=FFFDCE01 t=182243 grTexSource#114431 tmu=0 addr=001A9000 evenodd=3 lod=3..3 aspect=3 format=11
2185 pid=FFFDCE01 t=182244 grTexSource#114432 tmu=0 addr=001A9800 evenodd=3 lod=3..3 aspect=3 format=12
2186 pid=FFFDCE01 t=182244 grTexSource#114433 tmu=0 addr=001AA000 evenodd=3 lod=3..3 aspect=3 format=11
2187 pid=FFFDCE01 t=182244 grTexSource#114434 tmu=0 addr=001AA800 evenodd=3 lod=3..3 aspect=3 format=12
2188 pid=FFFDCE01 t=182244 grTexSource#114435 tmu=0 addr=001AB000 evenodd=3 lod=3..3 aspect=3 format=11
2189 pid=FFFDCE01 t=182245 grTexSource#114436 tmu=0 addr=001AB800 evenodd=3 lod=3..3 aspect=3 format=12
2190 pid=FFFDCE01 t=182245 grTexSource#114437 tmu=0 addr=001AC000 evenodd=3 lod=3..3 aspect=3 format=11
2191 pid=FFFDCE01 t=182245 grTexSource#114438 tmu=0 addr=001AC800 evenodd=3 lod=3..3 aspect=3 format=12
2192 pid=FFFDCE01 t=182246 grTexSource#114439 tmu=0 addr=001AD000 evenodd=3 lod=3..3 aspect=3 format=11
2193 pid=FFFDCE01 t=182246 grTexSource#114440 tmu=0 addr=001AD800 evenodd=3 lod=3..3 aspect=3 format=12
2194 pid=FFFDCE01 t=182246 grTexSource#114441 tmu=0 addr=001AE000 evenodd=3 lod=3..3 aspect=3 format=11
2195 pid=FFFDCE01 t=182246 grTexSource#114442 tmu=0 addr=001AE800 evenodd=3 lod=3..3 aspect=3 format=12
2196 pid=FFFDCE01 t=182248 grTexSource#114443 tmu=0 addr=001AF000 evenodd=3 lod=3..3 aspect=3 format=11
2197 pid=FFFDCE01 t=182248 grTexSource#114444 tmu=0 addr=001AF800 evenodd=3 lod=3..3 aspect=3 format=12
2198 pid=FFFDCE01 t=182248 grTexSource#114445 tmu=0 addr=001B0000 evenodd=3 lod=3..3 aspect=3 format=11
2199 pid=FFFDCE01 t=182248 grTexSource#114446 tmu=0 addr=001B0800 evenodd=3 lod=3..3 aspect=3 format=12
2200 pid=FFFDCE01 t=182248 grTexSource#114447 tmu=0 addr=001B1000 evenodd=3 lod=3..3 aspect=3 format=11
2201 pid=FFFDCE01 t=182248 grTexSource#114448 tmu=0 addr=001B1800 evenodd=3 lod=3..3 aspect=3 format=12
2202 pid=FFFDCE01 t=182249 grTexSource#114449 tmu=0 addr=001B2000 evenodd=3 lod=3..3 aspect=3 format=11
2203 pid=FFFDCE01 t=182249 grTexSource#114450 tmu=0 addr=001B2800 evenodd=3 lod=3..3 aspect=3 format=12
2204 pid=FFFDCE01 t=182249 grTexSource#114451 tmu=0 addr=001B3000 evenodd=3 lod=3..3 aspect=3 format=11
2205 pid=FFFDCE01 t=182249 grTexSource#114452 tmu=0 addr=001B3800 evenodd=3 lod=3..3 aspect=3 format=12
2206 pid=FFFDCE01 t=182250 grTexSource#114453 tmu=0 addr=001B4000 evenodd=3 lod=3..3 aspect=3 format=11
2207 pid=FFFDCE01 t=182250 grTexSource#114454 tmu=0 addr=001B4800 evenodd=3 lod=3..3 aspect=3 format=12
2208 pid=FFFDCE01 t=182250 grTexSource#114455 tmu=0 addr=001B5000 evenodd=3 lod=3..3 aspect=3 format=11
2209 pid=FFFDCE01 t=182251 grTexSource#114456 tmu=0 addr=001B5800 evenodd=3 lod=3..3 aspect=3 format=12
2210 pid=FFFDCE01 t=182251 grTexSource#114457 tmu=0 addr=001B6000 evenodd=3 lod=3..3 aspect=3 format=11
2211 pid=FFFDCE01 t=182251 grTexSource#114458 tmu=0 addr=001B6800 evenodd=3 lod=3..3 aspect=3 format=12
2212 pid=FFFDCE01 t=182251 grTexSource#114459 tmu=0 addr=001B7000 evenodd=3 lod=3..3 aspect=3 format=11
2213 pid=FFFDCE01 t=182252 grTexSource#114460 tmu=0 addr=001B7800 evenodd=3 lod=3..3 aspect=3 format=12
2214 pid=FFFDCE01 t=182252 grTexSource#114461 tmu=0 addr=001B8000 evenodd=3 lod=3..3 aspect=3 format=11
2215 pid=FFFDCE01 t=182252 grTexSource#114462 tmu=0 addr=001B8800 evenodd=3 lod=3..3 aspect=3 format=12
2216 pid=FFFDCE01 t=182253 grTexSource#114463 tmu=0 addr=001B9000 evenodd=3 lod=3..3 aspect=3 format=11
2217 pid=FFFDCE01 t=182253 grTexSource#114464 tmu=0 addr=001B9800 evenodd=3 lod=3..3 aspect=3 format=12
2218 pid=FFFDCE01 t=182253 grTexSource#114465 tmu=0 addr=001BA000 evenodd=3 lod=3..3 aspect=3 format=11
2219 pid=FFFDCE01 t=182255 grTexSource#114466 tmu=0 addr=001BA800 evenodd=3 lod=3..3 aspect=3 format=12
2220 pid=FFFDCE01 t=182255 grTexSource#114467 tmu=0 addr=001BB000 evenodd=3 lod=3..3 aspect=3 format=11
2221 pid=FFFDCE01 t=182255 grTexSource#114468 tmu=0 addr=001BB800 evenodd=3 lod=3..3 aspect=3 format=12
2222 pid=FFFDCE01 t=182255 grTexSource#114469 tmu=0 addr=001BC000 evenodd=3 lod=3..3 aspect=3 format=11
2223 pid=FFFDCE01 t=182255 grTexSource#114470 tmu=0 addr=001BC800 evenodd=3 lod=3..3 aspect=3 format=12
2224 pid=FFFDCE01 t=182255 grTexSource#114471 tmu=0 addr=001BD000 evenodd=3 lod=3..3 aspect=3 format=11
2225 pid=FFFDCE01 t=182255 grTexSource#114472 tmu=0 addr=001BD800 evenodd=3 lod=3..3 aspect=3 format=12
2226 pid=FFFDCE01 t=182256 grTexSource#114473 tmu=0 addr=001BE000 evenodd=3 lod=3..3 aspect=3 format=11
2227 pid=FFFDCE01 t=195752 census periodic swaps=667
2228 pid=FFFDCE01 t=195752 census   draws: drawn=356490 refused=0 culled=0 skipped-textured=0
2229 pid=FFFDCE01 t=195753 census   draws: fog-dropped=0 uploads=27249
2230 pid=FFFDCE01 t=195753 census   grAlphaBlendFunction calls=1 lines=1
2231 pid=FFFDCE01 t=195753 census   grAlphaCombine calls=2 lines=2
2232 pid=FFFDCE01 t=195753 census   grAlphaTestFunction calls=1 lines=1
2233 pid=FFFDCE01 t=195753 census   grAlphaTestReferenceValue calls=1 lines=1
2234 pid=FFFDCE01 t=195753 census   grBufferClear calls=658 lines=10
2235 pid=FFFDCE01 t=195753 census   grBufferSwap calls=667 lines=24
2236 pid=FFFDCE01 t=195753 census   grChromakeyMode calls=2 lines=2
2237 pid=FFFDCE01 t=195753 census   grChromakeyValue calls=1 lines=1
2238 pid=FFFDCE01 t=195753 census   grColorCombine calls=2 lines=2
2239 pid=FFFDCE01 t=195753 census   grCullMode calls=4 lines=3
2240 pid=FFFDCE01 t=195753 census   grDepthBufferFunction calls=2 lines=2
2241 pid=FFFDCE01 t=195753 census   grDepthBufferMode calls=2 lines=2
2242 pid=FFFDCE01 t=195753 census   grDepthMask calls=2 lines=2
2243 pid=FFFDCE01 t=195753 census   grDitherMode calls=1 lines=1
2244 pid=FFFDCE01 t=195753 census   grDrawTriangle calls=356136 lines=320
2245 pid=FFFDCE01 t=195753 census   grFogColorValue calls=1 lines=1
2246 pid=FFFDCE01 t=195755 census   grFogMode calls=1 lines=1
2247 pid=FFFDCE01 t=195755 census   grGammaCorrectionValue calls=4 lines=3
2248 pid=FFFDCE01 t=195755 census   grGlideInit calls=1 lines=1
2249 pid=FFFDCE01 t=195755 census   grLfbLock calls=4 lines=4
2250 pid=FFFDCE01 t=195755 census   grLfbUnlock calls=4 lines=4
2251 pid=FFFDCE01 t=195755 census   grRenderBuffer calls=680 lines=13
2252 pid=FFFDCE01 t=195755 census   grSstIdle calls=194 lines=24
2253 pid=FFFDCE01 t=195755 census   grSstQueryHardware calls=1 lines=1
2254 pid=FFFDCE01 t=195755 census   grSstSelect calls=1 lines=1
2255 pid=FFFDCE01 t=195755 census   grSstWinOpen calls=1 lines=1
2256 pid=FFFDCE01 t=195755 census   grTexCalcMemRequired calls=1465 lines=27
2257 pid=FFFDCE01 t=195755 census   grTexClampMode calls=1 lines=1
2258 pid=FFFDCE01 t=195755 census   grTexCombine calls=1 lines=1
2259 pid=FFFDCE01 t=195755 census   grTexCombineFunction calls=1 lines=1
2260 pid=FFFDCE01 t=195755 census   grTexDownloadMipMap calls=47351 lines=769
2261 pid=FFFDCE01 t=195755 census   grTexFilterMode calls=2 lines=2
2262 pid=FFFDCE01 t=195755 census   grTexMaxAddress calls=1465 lines=22
2263 pid=FFFDCE01 t=195755 census   grTexMinAddress calls=10 lines=4
2264 pid=FFFDCE01 t=195755 census   grTexMipMapMode calls=1 lines=1
2265 pid=FFFDCE01 t=195755 census   grTexSource calls=178068 lines=768
2266 pid=FFFDCE01 t=210759 census periodic swaps=727
2267 pid=FFFDCE01 t=210759 census   draws: drawn=416430 refused=0 culled=0 skipped-textured=0
2268 pid=FFFDCE01 t=210759 census   draws: fog-dropped=0 uploads=45249
2269 pid=FFFDCE01 t=210759 census   grAlphaBlendFunction calls=1 lines=1
2270 pid=FFFDCE01 t=210760 census   grAlphaCombine calls=2 lines=2
2271 pid=FFFDCE01 t=210760 census   grAlphaTestFunction calls=1 lines=1
2272 pid=FFFDCE01 t=210760 census   grAlphaTestReferenceValue calls=1 lines=1
2273 pid=FFFDCE01 t=210760 census   grBufferClear calls=718 lines=10
2274 pid=FFFDCE01 t=210760 census   grBufferSwap calls=727 lines=24
2275 pid=FFFDCE01 t=210760 census   grChromakeyMode calls=2 lines=2
2276 pid=FFFDCE01 t=210760 census   grChromakeyValue calls=1 lines=1
2277 pid=FFFDCE01 t=210760 census   grColorCombine calls=2 lines=2
2278 pid=FFFDCE01 t=210760 census   grCullMode calls=4 lines=3
2279 pid=FFFDCE01 t=210760 census   grDepthBufferFunction calls=2 lines=2
2280 pid=FFFDCE01 t=210760 census   grDepthBufferMode calls=2 lines=2
2281 pid=FFFDCE01 t=210760 census   grDepthMask calls=2 lines=2
2282 pid=FFFDCE01 t=210760 census   grDitherMode calls=1 lines=1
2283 pid=FFFDCE01 t=210760 census   grDrawTriangle calls=416016 lines=320
2284 pid=FFFDCE01 t=210760 census   grFogColorValue calls=1 lines=1
2285 pid=FFFDCE01 t=210760 census   grFogMode calls=1 lines=1
2286 pid=FFFDCE01 t=210761 census   grGammaCorrectionValue calls=4 lines=3
2287 pid=FFFDCE01 t=210761 census   grGlideInit calls=1 lines=1
2288 pid=FFFDCE01 t=210761 census   grLfbLock calls=4 lines=4
2289 pid=FFFDCE01 t=210761 census   grLfbUnlock calls=4 lines=4
2290 pid=FFFDCE01 t=210761 census   grRenderBuffer calls=740 lines=13
2291 pid=FFFDCE01 t=210761 census   grSstIdle calls=194 lines=24
2292 pid=FFFDCE01 t=210761 census   grSstQueryHardware calls=1 lines=1
2293 pid=FFFDCE01 t=210761 census   grSstSelect calls=1 lines=1
2294 pid=FFFDCE01 t=210761 census   grSstWinOpen calls=1 lines=1
2295 pid=FFFDCE01 t=210761 census   grTexCalcMemRequired calls=1465 lines=27
2296 pid=FFFDCE01 t=210761 census   grTexClampMode calls=1 lines=1
2297 pid=FFFDCE01 t=210761 census   grTexCombine calls=1 lines=1
2298 pid=FFFDCE01 t=210761 census   grTexCombineFunction calls=1 lines=1
2299 pid=FFFDCE01 t=210761 census   grTexDownloadMipMap calls=83351 lines=769
2300 pid=FFFDCE01 t=210761 census   grTexFilterMode calls=2 lines=2
2301 pid=FFFDCE01 t=210761 census   grTexMaxAddress calls=1465 lines=22
2302 pid=FFFDCE01 t=210761 census   grTexMinAddress calls=10 lines=4
2303 pid=FFFDCE01 t=210776 census   grTexMipMapMode calls=1 lines=1
2304 pid=FFFDCE01 t=210776 census   grTexSource calls=208008 lines=768
2305 pid=FFFDCE01 t=225954 census periodic swaps=787
2306 pid=FFFDCE01 t=225954 census   draws: drawn=476370 refused=0 culled=0 skipped-textured=0
2307 pid=FFFDCE01 t=225954 census   draws: fog-dropped=0 uploads=63249
2308 pid=FFFDCE01 t=225954 census   grAlphaBlendFunction calls=1 lines=1
2309 pid=FFFDCE01 t=225955 census   grAlphaCombine calls=2 lines=2
2310 pid=FFFDCE01 t=225955 census   grAlphaTestFunction calls=1 lines=1
2311 pid=FFFDCE01 t=225955 census   grAlphaTestReferenceValue calls=1 lines=1
2312 pid=FFFDCE01 t=225955 census   grBufferClear calls=778 lines=10
2313 pid=FFFDCE01 t=225955 census   grBufferSwap calls=787 lines=24
2314 pid=FFFDCE01 t=225955 census   grChromakeyMode calls=2 lines=2
2315 pid=FFFDCE01 t=225955 census   grChromakeyValue calls=1 lines=1
2316 pid=FFFDCE01 t=225955 census   grColorCombine calls=2 lines=2
2317 pid=FFFDCE01 t=225955 census   grCullMode calls=4 lines=3
2318 pid=FFFDCE01 t=225955 census   grDepthBufferFunction calls=2 lines=2
2319 pid=FFFDCE01 t=225955 census   grDepthBufferMode calls=2 lines=2
2320 pid=FFFDCE01 t=225955 census   grDepthMask calls=2 lines=2
2321 pid=FFFDCE01 t=225955 census   grDitherMode calls=1 lines=1
2322 pid=FFFDCE01 t=225955 census   grDrawTriangle calls=475896 lines=320
2323 pid=FFFDCE01 t=225955 census   grFogColorValue calls=1 lines=1
2324 pid=FFFDCE01 t=225955 census   grFogMode calls=1 lines=1
2325 pid=FFFDCE01 t=225955 census   grGammaCorrectionValue calls=4 lines=3
2326 pid=FFFDCE01 t=225956 census   grGlideInit calls=1 lines=1
2327 pid=FFFDCE01 t=225956 census   grLfbLock calls=4 lines=4
2328 pid=FFFDCE01 t=225956 census   grLfbUnlock calls=4 lines=4
2329 pid=FFFDCE01 t=225956 census   grRenderBuffer calls=800 lines=13
2330 pid=FFFDCE01 t=225956 census   grSstIdle calls=194 lines=24
2331 pid=FFFDCE01 t=225956 census   grSstQueryHardware calls=1 lines=1
2332 pid=FFFDCE01 t=225956 census   grSstSelect calls=1 lines=1
2333 pid=FFFDCE01 t=225956 census   grSstWinOpen calls=1 lines=1
2334 pid=FFFDCE01 t=225956 census   grTexCalcMemRequired calls=1465 lines=27
2335 pid=FFFDCE01 t=225956 census   grTexClampMode calls=1 lines=1
2336 pid=FFFDCE01 t=225956 census   grTexCombine calls=1 lines=1
2337 pid=FFFDCE01 t=225956 census   grTexCombineFunction calls=1 lines=1
2338 pid=FFFDCE01 t=225956 census   grTexDownloadMipMap calls=119351 lines=769
2339 pid=FFFDCE01 t=225956 census   grTexFilterMode calls=2 lines=2
2340 pid=FFFDCE01 t=225956 census   grTexMaxAddress calls=1465 lines=22
2341 pid=FFFDCE01 t=225956 census   grTexMinAddress calls=10 lines=4
2342 pid=FFFDCE01 t=225957 census   grTexMipMapMode calls=1 lines=1
2343 pid=FFFDCE01 t=225957 census   grTexSource calls=237948 lines=768
2344 pid=FFFDCE01 t=241198 census periodic swaps=848
2345 pid=FFFDCE01 t=241198 census   draws: drawn=537309 refused=0 culled=0 skipped-textured=0
2346 pid=FFFDCE01 t=241198 census   draws: fog-dropped=0 uploads=81549
2347 pid=FFFDCE01 t=241198 census   grAlphaBlendFunction calls=1 lines=1
2348 pid=FFFDCE01 t=241198 census   grAlphaCombine calls=2 lines=2
2349 pid=FFFDCE01 t=241198 census   grAlphaTestFunction calls=1 lines=1
2350 pid=FFFDCE01 t=241198 census   grAlphaTestReferenceValue calls=1 lines=1
2351 pid=FFFDCE01 t=241198 census   grBufferClear calls=839 lines=10
2352 pid=FFFDCE01 t=241198 census   grBufferSwap calls=848 lines=24
2353 pid=FFFDCE01 t=241198 census   grChromakeyMode calls=2 lines=2
2354 pid=FFFDCE01 t=241198 census   grChromakeyValue calls=1 lines=1
2355 pid=FFFDCE01 t=241198 census   grColorCombine calls=2 lines=2
2356 pid=FFFDCE01 t=241198 census   grCullMode calls=4 lines=3
2357 pid=FFFDCE01 t=241198 census   grDepthBufferFunction calls=2 lines=2
2358 pid=FFFDCE01 t=241198 census   grDepthBufferMode calls=2 lines=2
2359 pid=FFFDCE01 t=241198 census   grDepthMask calls=2 lines=2
2360 pid=FFFDCE01 t=241198 census   grDitherMode calls=1 lines=1
2361 pid=FFFDCE01 t=241198 census   grDrawTriangle calls=536774 lines=320
2362 pid=FFFDCE01 t=241198 census   grFogColorValue calls=1 lines=1
2363 pid=FFFDCE01 t=241198 census   grFogMode calls=1 lines=1
2364 pid=FFFDCE01 t=241198 census   grGammaCorrectionValue calls=4 lines=3
2365 pid=FFFDCE01 t=241198 census   grGlideInit calls=1 lines=1
2366 pid=FFFDCE01 t=241198 census   grLfbLock calls=4 lines=4
2367 pid=FFFDCE01 t=241198 census   grLfbUnlock calls=4 lines=4
2368 pid=FFFDCE01 t=241198 census   grRenderBuffer calls=861 lines=13
2369 pid=FFFDCE01 t=241198 census   grSstIdle calls=194 lines=24
2370 pid=FFFDCE01 t=241199 census   grSstQueryHardware calls=1 lines=1
2371 pid=FFFDCE01 t=241199 census   grSstSelect calls=1 lines=1
2372 pid=FFFDCE01 t=241199 census   grSstWinOpen calls=1 lines=1
2373 pid=FFFDCE01 t=241199 census   grTexCalcMemRequired calls=1465 lines=27
2374 pid=FFFDCE01 t=241199 census   grTexClampMode calls=1 lines=1
2375 pid=FFFDCE01 t=241199 census   grTexCombine calls=1 lines=1
2376 pid=FFFDCE01 t=241199 census   grTexCombineFunction calls=1 lines=1
2377 pid=FFFDCE01 t=241199 census   grTexDownloadMipMap calls=155951 lines=769
2378 pid=FFFDCE01 t=241199 census   grTexFilterMode calls=2 lines=2
2379 pid=FFFDCE01 t=241199 census   grTexMaxAddress calls=1465 lines=22
2380 pid=FFFDCE01 t=241199 census   grTexMinAddress calls=10 lines=4
2381 pid=FFFDCE01 t=241199 census   grTexMipMapMode calls=1 lines=1
2382 pid=FFFDCE01 t=241199 census   grTexSource calls=268387 lines=768
2383 pid=FFFDCE01 t=256441 census periodic swaps=929
2384 pid=FFFDCE01 t=256441 census   draws: drawn=610074 refused=0 culled=0 skipped-textured=0
2385 pid=FFFDCE01 t=256443 census   draws: fog-dropped=0 uploads=94064
2386 pid=FFFDCE01 t=256443 census   grAlphaBlendFunction calls=1 lines=1
2387 pid=FFFDCE01 t=256443 census   grAlphaCombine calls=2 lines=2
2388 pid=FFFDCE01 t=256443 census   grAlphaTestFunction calls=1 lines=1
2389 pid=FFFDCE01 t=256443 census   grAlphaTestReferenceValue calls=1 lines=1
2390 pid=FFFDCE01 t=256443 census   grBufferClear calls=920 lines=10
2391 pid=FFFDCE01 t=256443 census   grBufferSwap calls=929 lines=24
2392 pid=FFFDCE01 t=256443 census   grChromakeyMode calls=2 lines=2
2393 pid=FFFDCE01 t=256443 census   grChromakeyValue calls=1 lines=1
2394 pid=FFFDCE01 t=256443 census   grColorCombine calls=2 lines=2
2395 pid=FFFDCE01 t=256443 census   grCullMode calls=4 lines=3
2396 pid=FFFDCE01 t=256443 census   grDepthBufferFunction calls=2 lines=2
2397 pid=FFFDCE01 t=256443 census   grDepthBufferMode calls=2 lines=2
2398 pid=FFFDCE01 t=256443 census   grDepthMask calls=2 lines=2
2399 pid=FFFDCE01 t=256443 census   grDitherMode calls=1 lines=1
2400 pid=FFFDCE01 t=256443 census   grDrawTriangle calls=609458 lines=320
2401 pid=FFFDCE01 t=256443 census   grFogColorValue calls=1 lines=1
2402 pid=FFFDCE01 t=256443 census   grFogMode calls=1 lines=1
2403 pid=FFFDCE01 t=256443 census   grGammaCorrectionValue calls=4 lines=3
2404 pid=FFFDCE01 t=256443 census   grGlideInit calls=1 lines=1
2405 pid=FFFDCE01 t=256443 census   grLfbLock calls=4 lines=4
2406 pid=FFFDCE01 t=256443 census   grLfbUnlock calls=4 lines=4
2407 pid=FFFDCE01 t=256443 census   grRenderBuffer calls=942 lines=13
2408 pid=FFFDCE01 t=256443 census   grSstIdle calls=254 lines=24
2409 pid=FFFDCE01 t=256443 census   grSstQueryHardware calls=1 lines=1
2410 pid=FFFDCE01 t=256443 census   grSstSelect calls=1 lines=1
2411 pid=FFFDCE01 t=256443 census   grSstWinOpen calls=1 lines=1
2412 pid=FFFDCE01 t=256443 census   grTexCalcMemRequired calls=1465 lines=27
2413 pid=FFFDCE01 t=256443 census   grTexClampMode calls=1 lines=1
2414 pid=FFFDCE01 t=256443 census   grTexCombine calls=1 lines=1
2415 pid=FFFDCE01 t=256443 census   grTexCombineFunction calls=1 lines=1
2416 pid=FFFDCE01 t=256443 census   grTexDownloadMipMap calls=180466 lines=769
2417 pid=FFFDCE01 t=256444 census   grTexFilterMode calls=2 lines=2
2418 pid=FFFDCE01 t=256444 census   grTexMaxAddress calls=1465 lines=22
2419 pid=FFFDCE01 t=256444 census   grTexMinAddress calls=10 lines=4
2420 pid=FFFDCE01 t=256444 census   grTexMipMapMode calls=1 lines=1
2421 pid=FFFDCE01 t=256444 census   grTexSource calls=304729 lines=768
2422 pid=FFFDCE01 t=271514 census periodic swaps=1020
2423 pid=FFFDCE01 t=271514 census   draws: drawn=683996 refused=0 culled=0 skipped-textured=0
2424 pid=FFFDCE01 t=271515 census   draws: fog-dropped=0 uploads=104734
2425 pid=FFFDCE01 t=271515 census   grAlphaBlendFunction calls=1 lines=1
2426 pid=FFFDCE01 t=271515 census   grAlphaCombine calls=2 lines=2
2427 pid=FFFDCE01 t=271515 census   grAlphaTestFunction calls=1 lines=1
2428 pid=FFFDCE01 t=271515 census   grAlphaTestReferenceValue calls=1 lines=1
2429 pid=FFFDCE01 t=271515 census   grBufferClear calls=1011 lines=10
2430 pid=FFFDCE01 t=271515 census   grBufferSwap calls=1020 lines=24
2431 pid=FFFDCE01 t=271515 census   grChromakeyMode calls=2 lines=2
2432 pid=FFFDCE01 t=271515 census   grChromakeyValue calls=1 lines=1
2433 pid=FFFDCE01 t=271515 census   grColorCombine calls=2 lines=2
2434 pid=FFFDCE01 t=271515 census   grCullMode calls=4 lines=3
2435 pid=FFFDCE01 t=271515 census   grDepthBufferFunction calls=2 lines=2
2436 pid=FFFDCE01 t=271515 census   grDepthBufferMode calls=2 lines=2
2437 pid=FFFDCE01 t=271515 census   grDepthMask calls=2 lines=2
2438 pid=FFFDCE01 t=271515 census   grDitherMode calls=1 lines=1
2439 pid=FFFDCE01 t=271515 census   grDrawTriangle calls=683322 lines=320
2440 pid=FFFDCE01 t=271516 census   grFogColorValue calls=1 lines=1
2441 pid=FFFDCE01 t=271516 census   grFogMode calls=1 lines=1
2442 pid=FFFDCE01 t=271516 census   grGammaCorrectionValue calls=4 lines=3
2443 pid=FFFDCE01 t=271516 census   grGlideInit calls=1 lines=1
2444 pid=FFFDCE01 t=271516 census   grLfbLock calls=4 lines=4
2445 pid=FFFDCE01 t=271516 census   grLfbUnlock calls=4 lines=4
2446 pid=FFFDCE01 t=271516 census   grRenderBuffer calls=1033 lines=13
2447 pid=FFFDCE01 t=271516 census   grSstIdle calls=289 lines=24
2448 pid=FFFDCE01 t=271516 census   grSstQueryHardware calls=1 lines=1
2449 pid=FFFDCE01 t=271516 census   grSstSelect calls=1 lines=1
2450 pid=FFFDCE01 t=271516 census   grSstWinOpen calls=1 lines=1
2451 pid=FFFDCE01 t=271516 census   grTexCalcMemRequired calls=1465 lines=27
2452 pid=FFFDCE01 t=271516 census   grTexClampMode calls=1 lines=1
2453 pid=FFFDCE01 t=271516 census   grTexCombine calls=1 lines=1
2454 pid=FFFDCE01 t=271516 census   grTexCombineFunction calls=1 lines=1
2455 pid=FFFDCE01 t=271516 census   grTexDownloadMipMap calls=201336 lines=769
2456 pid=FFFDCE01 t=271516 census   grTexFilterMode calls=2 lines=2
2457 pid=FFFDCE01 t=271517 census   grTexMaxAddress calls=1465 lines=22
2458 pid=FFFDCE01 t=271517 census   grTexMinAddress calls=10 lines=4
2459 pid=FFFDCE01 t=271517 census   grTexMipMapMode calls=1 lines=1
2460 pid=FFFDCE01 t=271517 census   grTexSource calls=341661 lines=768
2461 pid=FFFDCE01 t=272701 grTexCalcMemRequired#1468 lodmin=5 lodmax=5 aspect=3 format=11 -> 128
2462 pid=FFFDCE01 t=272702 grTexDownloadMipMap#202238 tmu=0 addr=00001000 evenodd=3 lod=5..5 aspect=3 format=11 data=013C7DF0
2463 pid=FFFDCE01 t=272702 grTexDownloadMipMap#202239 tmu=0 addr=00001080 evenodd=3 lod=3..3 aspect=3 format=11 data=013C7DF0
2464 pid=FFFDCE01 t=273283 grColorCombine#3 func=1 factor=0 local=0 other=2 invert=0
2465 pid=FFFDCE01 t=273283 grAlphaCombine#3 func=1 factor=0 local=0 other=2 invert=0
2466 pid=FFFDCE01 t=273388 grTexDownloadMipMap#203140 tmu=0 addr=00001880 evenodd=3 lod=5..5 aspect=3 format=11 data=014A0130
2467 pid=FFFDCE01 t=273388 grTexDownloadMipMap#203141 tmu=0 addr=00001900 evenodd=3 lod=5..5 aspect=3 format=11 data=014A0130
2468 pid=FFFDCE01 t=273388 grTexDownloadMipMap#203142 tmu=0 addr=00001980 evenodd=3 lod=5..5 aspect=3 format=11 data=014A0130
2469 pid=FFFDCE01 t=273388 grTexDownloadMipMap#203143 tmu=0 addr=00001A00 evenodd=3 lod=5..5 aspect=3 format=11 data=014A0130
2470 pid=FFFDCE01 t=273388 grTexDownloadMipMap#203144 tmu=0 addr=00001A80 evenodd=3 lod=5..5 aspect=3 format=11 data=014A0130
2471 pid=FFFDCE01 t=273389 grTexDownloadMipMap#203146 tmu=0 addr=00001B80 evenodd=3 lod=5..5 aspect=3 format=11 data=014A0130
2472 pid=FFFDCE01 t=273389 grTexDownloadMipMap#203147 tmu=0 addr=00001C00 evenodd=3 lod=5..5 aspect=3 format=11 data=014A0130
2473 pid=FFFDCE01 t=273389 grTexDownloadMipMap#203148 tmu=0 addr=00001C80 evenodd=3 lod=3..3 aspect=3 format=12 data=014A0130
2474 pid=FFFDCE01 t=273389 grTexCalcMemRequired#1479 lodmin=4 lodmax=4 aspect=3 format=11 -> 512
2475 pid=FFFDCE01 t=273390 grTexDownloadMipMap#203149 tmu=0 addr=00002480 evenodd=3 lod=4..4 aspect=3 format=11 data=014A0130
2476 pid=FFFDCE01 t=273390 grTexDownloadMipMap#203150 tmu=0 addr=00002680 evenodd=3 lod=4..4 aspect=3 format=11 data=014A0130
2477 pid=FFFDCE01 t=273390 grTexDownloadMipMap#203151 tmu=0 addr=00002880 evenodd=3 lod=4..4 aspect=3 format=11 data=014A0130
2478 pid=FFFDCE01 t=273391 grTexDownloadMipMap#203152 tmu=0 addr=00002A80 evenodd=3 lod=4..4 aspect=3 format=11 data=014A0130
2479 pid=FFFDCE01 t=273391 grTexDownloadMipMap#203153 tmu=0 addr=00002C80 evenodd=3 lod=3..3 aspect=3 format=12 data=014A0130
2480 pid=FFFDCE01 t=273392 grTexDownloadMipMap#203154 tmu=0 addr=00003480 evenodd=3 lod=3..3 aspect=3 format=11 data=014A0130
2481 pid=FFFDCE01 t=273392 grTexDownloadMipMap#203155 tmu=0 addr=00003C80 evenodd=3 lod=3..3 aspect=3 format=11 data=014A0130
2482 pid=FFFDCE01 t=273393 grTexDownloadMipMap#203156 tmu=0 addr=00004480 evenodd=3 lod=3..3 aspect=3 format=11 data=014A0130
2483 pid=FFFDCE01 t=273393 grTexDownloadMipMap#203157 tmu=0 addr=00004C80 evenodd=3 lod=3..3 aspect=3 format=11 data=014A0130
2484 pid=FFFDCE01 t=273394 grTexDownloadMipMap#203158 tmu=0 addr=00005480 evenodd=3 lod=3..3 aspect=3 format=11 data=014A0130
2485 pid=FFFDCE01 t=273394 grTexDownloadMipMap#203159 tmu=0 addr=00005C80 evenodd=3 lod=3..3 aspect=3 format=11 data=014A0130
2486 pid=FFFDCE01 t=273396 grTexDownloadMipMap#203160 tmu=0 addr=00006480 evenodd=3 lod=3..3 aspect=3 format=11 data=014A0130
2487 pid=FFFDCE01 t=273396 grTexDownloadMipMap#203161 tmu=0 addr=00006C80 evenodd=3 lod=3..3 aspect=3 format=11 data=014A0130
2488 pid=FFFDCE01 t=273396 grTexDownloadMipMap#203162 tmu=0 addr=00007480 evenodd=3 lod=3..3 aspect=3 format=11 data=014A0130
2489 pid=FFFDCE01 t=273396 grTexDownloadMipMap#203163 tmu=0 addr=00007C80 evenodd=3 lod=3..3 aspect=3 format=11 data=014A0130
2490 pid=FFFDCE01 t=273397 grTexDownloadMipMap#203164 tmu=0 addr=00008480 evenodd=3 lod=3..3 aspect=3 format=11 data=014A0130
2491 pid=FFFDCE01 t=273397 grTexDownloadMipMap#203165 tmu=0 addr=00008C80 evenodd=3 lod=3..3 aspect=3 format=11 data=014A0130
2492 pid=FFFDCE01 t=273398 grTexDownloadMipMap#203166 tmu=0 addr=00009480 evenodd=3 lod=3..3 aspect=3 format=11 data=014A0130
2493 pid=FFFDCE01 t=273399 grTexDownloadMipMap#203167 tmu=0 addr=00009C80 evenodd=3 lod=3..3 aspect=3 format=11 data=014A0130
2494 pid=FFFDCE01 t=273399 grTexDownloadMipMap#203168 tmu=0 addr=0000A480 evenodd=3 lod=3..3 aspect=3 format=11 data=014A0130
2495 pid=FFFDCE01 t=273400 grTexDownloadMipMap#203169 tmu=0 addr=0000AC80 evenodd=3 lod=3..3 aspect=3 format=11 data=014A0130
2496 pid=FFFDCE01 t=273400 grTexDownloadMipMap#203170 tmu=0 addr=0000B480 evenodd=3 lod=3..3 aspect=3 format=11 data=014A0130
2497 pid=FFFDCE01 t=273401 grTexDownloadMipMap#203171 tmu=0 addr=0000BC80 evenodd=3 lod=3..3 aspect=3 format=11 data=014A0130
2498 pid=FFFDCE01 t=273401 grTexDownloadMipMap#203172 tmu=0 addr=0000C480 evenodd=3 lod=3..3 aspect=3 format=11 data=014A0130
2499 pid=FFFDCE01 t=273402 grTexDownloadMipMap#203173 tmu=0 addr=0000CC80 evenodd=3 lod=3..3 aspect=3 format=11 data=014A0130
2500 pid=FFFDCE01 t=273402 grTexDownloadMipMap#203174 tmu=0 addr=0000D480 evenodd=3 lod=3..3 aspect=3 format=11 data=014A0130
2501 pid=FFFDCE01 t=273403 grTexDownloadMipMap#203175 tmu=0 addr=0000DC80 evenodd=3 lod=3..3 aspect=3 format=11 data=014A0130
2502 pid=FFFDCE01 t=273403 grTexDownloadMipMap#203176 tmu=0 addr=0000E480 evenodd=3 lod=3..3 aspect=3 format=11 data=014A0130
2503 pid=FFFDCE01 t=273405 grTexDownloadMipMap#203177 tmu=0 addr=0000EC80 evenodd=3 lod=3..3 aspect=3 format=11 data=014A0130
2504 pid=FFFDCE01 t=273405 grTexDownloadMipMap#203178 tmu=0 addr=0000F480 evenodd=3 lod=3..3 aspect=3 format=11 data=014A0130
2505 pid=FFFDCE01 t=273405 grTexDownloadMipMap#203179 tmu=0 addr=0000FC80 evenodd=3 lod=3..3 aspect=3 format=11 data=014A0130
2506 pid=FFFDCE01 t=273405 grTexDownloadMipMap#203180 tmu=0 addr=00010480 evenodd=3 lod=3..3 aspect=3 format=11 data=014A0130
2507 pid=FFFDCE01 t=273406 grTexDownloadMipMap#203181 tmu=0 addr=00010C80 evenodd=3 lod=3..3 aspect=3 format=11 data=014A0130
2508 pid=FFFDCE01 t=273406 grTexDownloadMipMap#203182 tmu=0 addr=00011480 evenodd=3 lod=3..3 aspect=3 format=11 data=014A0130
2509 pid=FFFDCE01 t=273407 grTexDownloadMipMap#203183 tmu=0 addr=00011C80 evenodd=3 lod=3..3 aspect=3 format=11 data=014A0130
2510 pid=FFFDCE01 t=273408 grTexDownloadMipMap#203184 tmu=0 addr=00012480 evenodd=3 lod=3..3 aspect=3 format=11 data=014A0130
2511 pid=FFFDCE01 t=273408 grTexDownloadMipMap#203185 tmu=0 addr=00012C80 evenodd=3 lod=3..3 aspect=3 format=11 data=014A0130
2512 pid=FFFDCE01 t=273409 grTexDownloadMipMap#203186 tmu=0 addr=00013480 evenodd=3 lod=3..3 aspect=3 format=11 data=014A0130
2513 pid=FFFDCE01 t=273409 grTexCalcMemRequired#1517 lodmin=0 lodmax=0 aspect=3 format=11 -> 131072
2514 pid=FFFDCE01 t=273435 grTexCalcMemRequired#1518 lodmin=2 lodmax=2 aspect=3 format=12 -> 8192
2515 pid=FFFDCE01 t=273436 grTexDownloadMipMap#203187 tmu=0 addr=00033C80 evenodd=3 lod=2..2 aspect=3 format=12 data=01504510
2516 pid=FFFDCE01 t=273446 grTexDownloadMipMap#203188 tmu=0 addr=00013C80 evenodd=3 lod=0..0 aspect=3 format=11 data=014A0130
2517 pid=FFFDCE01 t=273446 grTexDownloadMipMap#203189 tmu=0 addr=00035C80 evenodd=3 lod=3..3 aspect=3 format=11 data=01504510
2518 pid=FFFDCE01 t=273446 grTexCalcMemRequired#1520 lodmin=6 lodmax=6 aspect=3 format=11 -> 32
2519 pid=FFFDCE01 t=273447 grTexDownloadMipMap#203190 tmu=0 addr=00036480 evenodd=3 lod=6..6 aspect=3 format=11 data=01504510
2520 pid=FFFDCE01 t=273447 grTexDownloadMipMap#203191 tmu=0 addr=000364A0 evenodd=3 lod=6..6 aspect=3 format=11 data=01504510
2521 pid=FFFDCE01 t=273447 grTexDownloadMipMap#203192 tmu=0 addr=000364C0 evenodd=3 lod=5..5 aspect=3 format=11 data=01504510
2522 pid=FFFDCE01 t=273447 grTexDownloadMipMap#203193 tmu=0 addr=00036540 evenodd=3 lod=6..6 aspect=3 format=11 data=01504510
2523 pid=FFFDCE01 t=273448 grTexDownloadMipMap#203194 tmu=0 addr=00036560 evenodd=3 lod=6..6 aspect=3 format=11 data=01504510
2524 pid=FFFDCE01 t=273448 grTexDownloadMipMap#203195 tmu=0 addr=00036580 evenodd=3 lod=6..6 aspect=3 format=11 data=01504510
2525 pid=FFFDCE01 t=273448 grTexDownloadMipMap#203196 tmu=0 addr=000365A0 evenodd=3 lod=5..5 aspect=3 format=11 data=01504510
2526 pid=FFFDCE01 t=273448 grTexDownloadMipMap#203197 tmu=0 addr=00036620 evenodd=3 lod=5..5 aspect=3 format=11 data=01504510
2527 pid=FFFDCE01 t=273449 grTexDownloadMipMap#203198 tmu=0 addr=000366A0 evenodd=3 lod=6..6 aspect=3 format=11 data=01504510
2528 pid=FFFDCE01 t=273449 grTexDownloadMipMap#203199 tmu=0 addr=000366C0 evenodd=3 lod=5..5 aspect=3 format=11 data=01504510
2529 pid=FFFDCE01 t=273449 grTexDownloadMipMap#203200 tmu=0 addr=00036740 evenodd=3 lod=6..6 aspect=3 format=11 data=01504510
2530 pid=FFFDCE01 t=273449 grTexDownloadMipMap#203201 tmu=0 addr=00036760 evenodd=3 lod=5..5 aspect=3 format=11 data=01504510
2531 pid=FFFDCE01 t=273451 grTexDownloadMipMap#203202 tmu=0 addr=000367E0 evenodd=3 lod=5..5 aspect=3 format=11 data=01504510
2532 pid=FFFDCE01 t=273451 grTexDownloadMipMap#203203 tmu=0 addr=00036860 evenodd=3 lod=6..6 aspect=3 format=11 data=01504510
2533 pid=FFFDCE01 t=273451 grTexDownloadMipMap#203204 tmu=0 addr=00036880 evenodd=3 lod=5..5 aspect=3 format=11 data=01504510
2534 pid=FFFDCE01 t=273451 grTexDownloadMipMap#203205 tmu=0 addr=00036900 evenodd=3 lod=5..5 aspect=3 format=11 data=01504510
2535 pid=FFFDCE01 t=273451 grTexDownloadMipMap#203206 tmu=0 addr=00036980 evenodd=3 lod=5..5 aspect=3 format=11 data=01504510
2536 pid=FFFDCE01 t=273451 grTexDownloadMipMap#203207 tmu=0 addr=00036A00 evenodd=3 lod=5..5 aspect=3 format=11 data=01504510
2537 pid=FFFDCE01 t=273452 grTexDownloadMipMap#203208 tmu=0 addr=00036A80 evenodd=3 lod=5..5 aspect=3 format=11 data=01504510
2538 pid=FFFDCE01 t=273452 grTexDownloadMipMap#203210 tmu=0 addr=00036B80 evenodd=3 lod=5..5 aspect=3 format=11 data=01504510
2539 pid=FFFDCE01 t=273452 grTexDownloadMipMap#203211 tmu=0 addr=00036C00 evenodd=3 lod=5..5 aspect=3 format=11 data=01504510
2540 pid=FFFDCE01 t=273452 grTexDownloadMipMap#203212 tmu=0 addr=00036C80 evenodd=3 lod=6..6 aspect=3 format=11 data=01504510
2541 pid=FFFDCE01 t=273453 grTexDownloadMipMap#203213 tmu=0 addr=00036CA0 evenodd=3 lod=6..6 aspect=3 format=11 data=01504510
2542 pid=FFFDCE01 t=273453 grTexDownloadMipMap#203214 tmu=0 addr=00036CC0 evenodd=3 lod=5..5 aspect=3 format=11 data=01504510
2543 pid=FFFDCE01 t=273453 grTexDownloadMipMap#203215 tmu=0 addr=00036D40 evenodd=3 lod=5..5 aspect=3 format=11 data=01504510
2544 pid=FFFDCE01 t=273453 grTexDownloadMipMap#203216 tmu=0 addr=00036DC0 evenodd=3 lod=5..5 aspect=3 format=11 data=01504510
2545 pid=FFFDCE01 t=273454 grTexDownloadMipMap#203217 tmu=0 addr=00036E40 evenodd=3 lod=5..5 aspect=3 format=11 data=01504510
2546 pid=FFFDCE01 t=273454 grTexDownloadMipMap#203218 tmu=0 addr=00036EC0 evenodd=3 lod=5..5 aspect=3 format=11 data=01504510
2547 pid=FFFDCE01 t=273454 grTexDownloadMipMap#203219 tmu=0 addr=00036F40 evenodd=3 lod=5..5 aspect=3 format=11 data=01504510
2548 pid=FFFDCE01 t=273454 grTexDownloadMipMap#203220 tmu=0 addr=00036FC0 evenodd=3 lod=5..5 aspect=3 format=11 data=01504510
2549 pid=FFFDCE01 t=273455 grTexDownloadMipMap#203221 tmu=0 addr=00037040 evenodd=3 lod=5..5 aspect=3 format=11 data=01504510
2550 pid=FFFDCE01 t=273455 grTexDownloadMipMap#203222 tmu=0 addr=000370C0 evenodd=3 lod=5..5 aspect=3 format=11 data=01504510
2551 pid=FFFDCE01 t=273455 grTexDownloadMipMap#203223 tmu=0 addr=00037140 evenodd=3 lod=5..5 aspect=3 format=11 data=01504510
2552 pid=FFFDCE01 t=273455 grTexDownloadMipMap#203224 tmu=0 addr=000371C0 evenodd=3 lod=6..6 aspect=3 format=11 data=01504510
2553 pid=FFFDCE01 t=273456 grTexDownloadMipMap#203225 tmu=0 addr=000371E0 evenodd=3 lod=5..5 aspect=3 format=11 data=01504510
2554 pid=FFFDCE01 t=273456 grTexDownloadMipMap#203226 tmu=0 addr=00037260 evenodd=3 lod=5..5 aspect=3 format=11 data=01504510
2555 pid=FFFDCE01 t=273456 grTexDownloadMipMap#203227 tmu=0 addr=000372E0 evenodd=3 lod=5..5 aspect=3 format=11 data=01504510
2556 pid=FFFDCE01 t=273456 grTexDownloadMipMap#203228 tmu=0 addr=00037360 evenodd=3 lod=5..5 aspect=3 format=11 data=01504510
2557 pid=FFFDCE01 t=273457 grTexDownloadMipMap#203229 tmu=0 addr=000373E0 evenodd=3 lod=5..5 aspect=3 format=11 data=01504510
2558 pid=FFFDCE01 t=273457 grTexDownloadMipMap#203230 tmu=0 addr=00037460 evenodd=3 lod=5..5 aspect=3 format=11 data=01504510
2559 pid=FFFDCE01 t=273457 grTexDownloadMipMap#203231 tmu=0 addr=000374E0 evenodd=3 lod=5..5 aspect=3 format=11 data=01504510
2560 pid=FFFDCE01 t=273457 grTexDownloadMipMap#203232 tmu=0 addr=00037560 evenodd=3 lod=5..5 aspect=3 format=11 data=01504510
2561 pid=FFFDCE01 t=273458 grTexDownloadMipMap#203233 tmu=0 addr=000375E0 evenodd=3 lod=5..5 aspect=3 format=11 data=01504510
2562 pid=FFFDCE01 t=273458 grTexDownloadMipMap#203234 tmu=0 addr=00037660 evenodd=3 lod=5..5 aspect=3 format=11 data=01504510
2563 pid=FFFDCE01 t=273458 grTexDownloadMipMap#203235 tmu=0 addr=000376E0 evenodd=3 lod=5..5 aspect=3 format=11 data=01504510
2564 pid=FFFDCE01 t=273458 grTexDownloadMipMap#203236 tmu=0 addr=00037760 evenodd=3 lod=5..5 aspect=3 format=11 data=01504510
2565 pid=FFFDCE01 t=273460 grTexDownloadMipMap#203237 tmu=0 addr=000377E0 evenodd=3 lod=5..5 aspect=3 format=11 data=01504510
2566 pid=FFFDCE01 t=273460 grTexDownloadMipMap#203238 tmu=0 addr=00037860 evenodd=3 lod=5..5 aspect=3 format=11 data=01504510
2567 pid=FFFDCE01 t=273460 grTexDownloadMipMap#203239 tmu=0 addr=000378E0 evenodd=3 lod=5..5 aspect=3 format=11 data=01504510
2568 pid=FFFDCE01 t=273460 grTexDownloadMipMap#203240 tmu=0 addr=00037960 evenodd=3 lod=5..5 aspect=3 format=11 data=01504510
2569 pid=FFFDCE01 t=273460 grTexDownloadMipMap#203241 tmu=0 addr=000379E0 evenodd=3 lod=5..5 aspect=3 format=11 data=01504510
2570 pid=FFFDCE01 t=273460 grTexDownloadMipMap#203242 tmu=0 addr=00037A60 evenodd=3 lod=5..5 aspect=3 format=11 data=01504510
2571 pid=FFFDCE01 t=273461 grTexDownloadMipMap#203243 tmu=0 addr=00037AE0 evenodd=3 lod=5..5 aspect=3 format=11 data=01504510
2572 pid=FFFDCE01 t=273461 grTexDownloadMipMap#203244 tmu=0 addr=00037B60 evenodd=3 lod=6..6 aspect=3 format=11 data=01504510
2573 pid=FFFDCE01 t=273461 grTexDownloadMipMap#203245 tmu=0 addr=00037B80 evenodd=3 lod=6..6 aspect=3 format=11 data=01504510
2574 pid=FFFDCE01 t=273461 grTexDownloadMipMap#203246 tmu=0 addr=00037BA0 evenodd=3 lod=5..5 aspect=3 format=11 data=01504510
2575 pid=FFFDCE01 t=273462 grTexDownloadMipMap#203247 tmu=0 addr=00037C20 evenodd=3 lod=6..6 aspect=3 format=11 data=01504510
2576 pid=FFFDCE01 t=273462 grTexDownloadMipMap#203248 tmu=0 addr=00037C40 evenodd=3 lod=5..5 aspect=3 format=11 data=01504510
2577 pid=FFFDCE01 t=273462 grTexDownloadMipMap#203249 tmu=0 addr=00037CC0 evenodd=3 lod=5..5 aspect=3 format=11 data=01504510
2578 pid=FFFDCE01 t=273462 grTexDownloadMipMap#203250 tmu=0 addr=00037D40 evenodd=3 lod=5..5 aspect=3 format=11 data=01504510
2579 pid=FFFDCE01 t=273463 grTexDownloadMipMap#203251 tmu=0 addr=00037DC0 evenodd=3 lod=5..5 aspect=3 format=11 data=01504510
2580 pid=FFFDCE01 t=273463 grTexDownloadMipMap#203252 tmu=0 addr=00037E40 evenodd=3 lod=5..5 aspect=3 format=11 data=01504510
2581 pid=FFFDCE01 t=273463 grTexDownloadMipMap#203253 tmu=0 addr=00037EC0 evenodd=3 lod=5..5 aspect=3 format=11 data=01504510
2582 pid=FFFDCE01 t=273463 grTexDownloadMipMap#203254 tmu=0 addr=00037F40 evenodd=3 lod=6..6 aspect=3 format=11 data=01504510
2583 pid=FFFDCE01 t=273464 grTexDownloadMipMap#203255 tmu=0 addr=00037F60 evenodd=3 lod=5..5 aspect=3 format=11 data=01504510
2584 pid=FFFDCE01 t=273464 grTexDownloadMipMap#203256 tmu=0 addr=00037FE0 evenodd=3 lod=5..5 aspect=3 format=11 data=01504510
2585 pid=FFFDCE01 t=273464 grTexDownloadMipMap#203257 tmu=0 addr=00038060 evenodd=3 lod=5..5 aspect=3 format=11 data=01504510
2586 pid=FFFDCE01 t=273466 grTexDownloadMipMap#203258 tmu=0 addr=000380E0 evenodd=3 lod=5..5 aspect=3 format=11 data=01504510
2587 pid=FFFDCE01 t=273466 grTexDownloadMipMap#203259 tmu=0 addr=00038160 evenodd=3 lod=5..5 aspect=3 format=11 data=01504510
2588 pid=FFFDCE01 t=273519 grTexDownloadMipMap#203260 tmu=0 addr=000381E0 evenodd=3 lod=1..1 aspect=3 format=11 data=00FC1ED0
2589 pid=FFFDCE01 t=273522 grTexDownloadMipMap#203261 tmu=0 addr=000401E0 evenodd=3 lod=1..1 aspect=3 format=11 data=00FC1ED0
2590 pid=FFFDCE01 t=273525 grTexDownloadMipMap#203262 tmu=0 addr=000481E0 evenodd=3 lod=1..1 aspect=3 format=11 data=00FC1ED0
2591 pid=FFFDCE01 t=273528 grTexDownloadMipMap#203263 tmu=0 addr=000501E0 evenodd=3 lod=1..1 aspect=3 format=11 data=00FC1ED0
2592 pid=FFFDCE01 t=273531 grTexDownloadMipMap#203264 tmu=0 addr=000581E0 evenodd=3 lod=1..1 aspect=3 format=11 data=00FC1ED0
2593 pid=FFFDCE01 t=273534 grTexDownloadMipMap#203265 tmu=0 addr=000601E0 evenodd=3 lod=1..1 aspect=3 format=11 data=00FC1ED0
2594 pid=FFFDCE01 t=273536 grTexDownloadMipMap#203266 tmu=0 addr=000681E0 evenodd=3 lod=1..1 aspect=3 format=11 data=00FC1ED0
2595 pid=FFFDCE01 t=273539 grTexDownloadMipMap#203267 tmu=0 addr=000701E0 evenodd=3 lod=1..1 aspect=3 format=11 data=00FC1ED0
2596 pid=FFFDCE01 t=273540 grTexDownloadMipMap#203268 tmu=0 addr=000781E0 evenodd=3 lod=3..3 aspect=3 format=11 data=00FC1ED0
2597 pid=FFFDCE01 t=273540 grTexDownloadMipMap#203269 tmu=0 addr=000789E0 evenodd=3 lod=3..3 aspect=3 format=11 data=00FC1ED0
2598 pid=FFFDCE01 t=273541 grTexDownloadMipMap#203270 tmu=0 addr=000791E0 evenodd=3 lod=3..3 aspect=3 format=11 data=00FC1ED0
2599 pid=FFFDCE01 t=273541 grTexDownloadMipMap#203271 tmu=0 addr=000799E0 evenodd=3 lod=3..3 aspect=3 format=11 data=00FC1ED0
2600 pid=FFFDCE01 t=273542 grTexDownloadMipMap#203272 tmu=0 addr=0007A1E0 evenodd=3 lod=3..3 aspect=3 format=11 data=00FC1ED0
2601 pid=FFFDCE01 t=273542 grTexDownloadMipMap#203273 tmu=0 addr=0007A9E0 evenodd=3 lod=3..3 aspect=3 format=11 data=00FC1ED0
2602 pid=FFFDCE01 t=273543 grTexDownloadMipMap#203274 tmu=0 addr=0007B1E0 evenodd=3 lod=3..3 aspect=3 format=11 data=00FC1ED0
2603 pid=FFFDCE01 t=273543 grTexDownloadMipMap#203275 tmu=0 addr=0007B9E0 evenodd=3 lod=3..3 aspect=3 format=11 data=00FC1ED0
2604 pid=FFFDCE01 t=273545 grTexDownloadMipMap#203276 tmu=0 addr=0007C1E0 evenodd=3 lod=3..3 aspect=3 format=11 data=00FC1ED0
2605 pid=FFFDCE01 t=273545 grTexDownloadMipMap#203277 tmu=0 addr=0007C9E0 evenodd=3 lod=4..4 aspect=3 format=11 data=00FC1ED0
2606 pid=FFFDCE01 t=273545 grTexDownloadMipMap#203278 tmu=0 addr=0007CBE0 evenodd=3 lod=4..4 aspect=3 format=11 data=00FC1ED0
2607 pid=FFFDCE01 t=273545 grTexDownloadMipMap#203279 tmu=0 addr=0007CDE0 evenodd=3 lod=4..4 aspect=3 format=11 data=00FC1ED0
2608 pid=FFFDCE01 t=273545 grTexDownloadMipMap#203280 tmu=0 addr=0007CFE0 evenodd=3 lod=4..4 aspect=3 format=11 data=00FC1ED0
2609 pid=FFFDCE01 t=273546 grTexDownloadMipMap#203281 tmu=0 addr=0007D1E0 evenodd=3 lod=4..4 aspect=3 format=11 data=00FC1ED0
2610 pid=FFFDCE01 t=273546 grTexDownloadMipMap#203282 tmu=0 addr=0007D3E0 evenodd=3 lod=4..4 aspect=3 format=11 data=00FC1ED0
2611 pid=FFFDCE01 t=273546 grTexDownloadMipMap#203283 tmu=0 addr=0007D5E0 evenodd=3 lod=4..4 aspect=3 format=11 data=00FC1ED0
2612 pid=FFFDCE01 t=273546 grTexDownloadMipMap#203284 tmu=0 addr=0007D7E0 evenodd=3 lod=4..4 aspect=3 format=11 data=00FC1ED0
2613 pid=FFFDCE01 t=273547 grTexDownloadMipMap#203285 tmu=0 addr=0007D9E0 evenodd=3 lod=4..4 aspect=3 format=11 data=00FC1ED0
2614 pid=FFFDCE01 t=273547 grTexDownloadMipMap#203286 tmu=0 addr=0007DBE0 evenodd=3 lod=4..4 aspect=3 format=11 data=00FC1ED0
2615 pid=FFFDCE01 t=273547 grTexDownloadMipMap#203287 tmu=0 addr=0007DDE0 evenodd=3 lod=4..4 aspect=3 format=11 data=00FC1ED0
2616 pid=FFFDCE01 t=273548 grTexDownloadMipMap#203288 tmu=0 addr=0007DFE0 evenodd=3 lod=4..4 aspect=3 format=11 data=00FC1ED0
2617 pid=FFFDCE01 t=273548 grTexDownloadMipMap#203289 tmu=0 addr=0007E1E0 evenodd=3 lod=3..3 aspect=3 format=11 data=00FC1ED0
2618 pid=FFFDCE01 t=273548 grTexDownloadMipMap#203290 tmu=0 addr=0007E9E0 evenodd=3 lod=4..4 aspect=3 format=11 data=00FC1ED0
2619 pid=FFFDCE01 t=273549 grTexDownloadMipMap#203291 tmu=0 addr=0007EBE0 evenodd=3 lod=4..4 aspect=3 format=11 data=00FC1ED0
2620 pid=FFFDCE01 t=273549 grTexDownloadMipMap#203292 tmu=0 addr=0007EDE0 evenodd=3 lod=4..4 aspect=3 format=11 data=00FC1ED0
2621 pid=FFFDCE01 t=273549 grTexDownloadMipMap#203293 tmu=0 addr=0007EFE0 evenodd=3 lod=4..4 aspect=3 format=11 data=00FC1ED0
2622 pid=FFFDCE01 t=273550 grTexCalcMemRequired#1624 lodmin=2 lodmax=2 aspect=3 format=11 -> 8192
2623 pid=FFFDCE01 t=273550 grTexDownloadMipMap#203294 tmu=0 addr=0007F1E0 evenodd=3 lod=2..2 aspect=3 format=11 data=00FC1ED0
2624 pid=FFFDCE01 t=273551 grTexDownloadMipMap#203295 tmu=0 addr=000811E0 evenodd=3 lod=2..2 aspect=3 format=11 data=00FC1ED0
2625 pid=FFFDCE01 t=273553 grTexDownloadMipMap#203296 tmu=0 addr=000831E0 evenodd=3 lod=2..2 aspect=3 format=11 data=00FC1ED0
2626 pid=FFFDCE01 t=273553 grTexDownloadMipMap#203297 tmu=0 addr=000851E0 evenodd=3 lod=2..2 aspect=3 format=11 data=00FC1ED0
2627 pid=FFFDCE01 t=273554 grTexDownloadMipMap#203298 tmu=0 addr=000871E0 evenodd=3 lod=2..2 aspect=3 format=11 data=00FC1ED0
2628 pid=FFFDCE01 t=273555 grTexDownloadMipMap#203299 tmu=0 addr=000891E0 evenodd=3 lod=2..2 aspect=3 format=11 data=00FC1ED0
2629 pid=FFFDCE01 t=273556 grTexDownloadMipMap#203300 tmu=0 addr=0008B1E0 evenodd=3 lod=4..4 aspect=3 format=11 data=00FC1ED0
2630 pid=FFFDCE01 t=273557 grTexDownloadMipMap#203301 tmu=0 addr=0008B3E0 evenodd=3 lod=2..2 aspect=3 format=11 data=00FC1ED0
2631 pid=FFFDCE01 t=273558 grTexDownloadMipMap#203302 tmu=0 addr=0008D3E0 evenodd=3 lod=2..2 aspect=3 format=11 data=00FC1ED0
2632 pid=FFFDCE01 t=273558 grTexDownloadMipMap#203303 tmu=0 addr=0008F3E0 evenodd=3 lod=2..2 aspect=3 format=11 data=00FC1ED0
2633 pid=FFFDCE01 t=273560 grTexDownloadMipMap#203304 tmu=0 addr=000913E0 evenodd=3 lod=2..2 aspect=3 format=11 data=00FC1ED0
2634 pid=FFFDCE01 t=273561 grTexDownloadMipMap#203305 tmu=0 addr=000933E0 evenodd=3 lod=2..2 aspect=3 format=11 data=00FC1ED0
2635 pid=FFFDCE01 t=273561 grTexDownloadMipMap#203306 tmu=0 addr=000953E0 evenodd=3 lod=3..3 aspect=3 format=11 data=00FC1ED0
2636 pid=FFFDCE01 t=273561 grTexDownloadMipMap#203307 tmu=0 addr=00095BE0 evenodd=3 lod=5..5 aspect=3 format=11 data=00FC1ED0
2637 pid=FFFDCE01 t=273562 grTexDownloadMipMap#203308 tmu=0 addr=00095C60 evenodd=3 lod=5..5 aspect=3 format=11 data=00FC1ED0
2638 pid=FFFDCE01 t=273562 grTexDownloadMipMap#203309 tmu=0 addr=00095CE0 evenodd=3 lod=5..5 aspect=3 format=11 data=00FC1ED0
2639 pid=FFFDCE01 t=273562 grTexDownloadMipMap#203310 tmu=0 addr=00095D60 evenodd=3 lod=5..5 aspect=3 format=11 data=00FC1ED0
2640 pid=FFFDCE01 t=273562 grTexDownloadMipMap#203311 tmu=0 addr=00095DE0 evenodd=3 lod=3..3 aspect=3 format=11 data=00FC1ED0
2641 pid=FFFDCE01 t=273563 grTexDownloadMipMap#203312 tmu=0 addr=000965E0 evenodd=3 lod=4..4 aspect=3 format=11 data=00FC1ED0
2642 pid=FFFDCE01 t=273563 grTexDownloadMipMap#203313 tmu=0 addr=000967E0 evenodd=3 lod=4..4 aspect=3 format=11 data=00FC1ED0
2643 pid=FFFDCE01 t=273566 grTexDownloadMipMap#203314 tmu=0 addr=000969E0 evenodd=3 lod=1..1 aspect=3 format=11 data=00FC1ED0
2644 pid=FFFDCE01 t=273566 grTexDownloadMipMap#203315 tmu=0 addr=0009E9E0 evenodd=3 lod=3..3 aspect=3 format=11 data=00FC1ED0
2645 pid=FFFDCE01 t=273568 grTexDownloadMipMap#203316 tmu=0 addr=0009F1E0 evenodd=3 lod=3..3 aspect=3 format=11 data=00FC1ED0
2646 pid=FFFDCE01 t=273568 grTexDownloadMipMap#203317 tmu=0 addr=0009F9E0 evenodd=3 lod=3..3 aspect=3 format=11 data=00FC1ED0
2647 pid=FFFDCE01 t=273568 grTexDownloadMipMap#203318 tmu=0 addr=000A01E0 evenodd=3 lod=3..3 aspect=3 format=11 data=00FC1ED0
2648 pid=FFFDCE01 t=273568 grTexDownloadMipMap#203319 tmu=0 addr=000A09E0 evenodd=3 lod=3..3 aspect=3 format=11 data=00FC1ED0
2649 pid=FFFDCE01 t=273569 grTexDownloadMipMap#203320 tmu=0 addr=000A11E0 evenodd=3 lod=3..3 aspect=3 format=11 data=00FC1ED0
2650 pid=FFFDCE01 t=273569 grTexDownloadMipMap#203321 tmu=0 addr=000A19E0 evenodd=3 lod=3..3 aspect=3 format=11 data=00FC1ED0
2651 pid=FFFDCE01 t=273570 grTexDownloadMipMap#203322 tmu=0 addr=000A21E0 evenodd=3 lod=3..3 aspect=3 format=11 data=00FC1ED0
2652 pid=FFFDCE01 t=273570 grTexDownloadMipMap#203323 tmu=0 addr=000A29E0 evenodd=3 lod=3..3 aspect=3 format=11 data=00FC1ED0
2653 pid=FFFDCE01 t=273571 grTexDownloadMipMap#203324 tmu=0 addr=000A31E0 evenodd=3 lod=3..3 aspect=3 format=11 data=00FC1ED0
2654 pid=FFFDCE01 t=273572 grTexDownloadMipMap#203325 tmu=0 addr=000A39E0 evenodd=3 lod=3..3 aspect=3 format=11 data=00FC1ED0
2655 pid=FFFDCE01 t=273572 grTexDownloadMipMap#203326 tmu=0 addr=000A41E0 evenodd=3 lod=3..3 aspect=3 format=11 data=00FC1ED0
2656 pid=FFFDCE01 t=273572 grTexDownloadMipMap#203327 tmu=0 addr=000A49E0 evenodd=3 lod=3..3 aspect=3 format=11 data=00FC1ED0
2657 pid=FFFDCE01 t=273573 grTexDownloadMipMap#203328 tmu=0 addr=000A51E0 evenodd=3 lod=3..3 aspect=3 format=11 data=00FC1ED0
2658 pid=FFFDCE01 t=273574 grTexDownloadMipMap#203329 tmu=0 addr=000A59E0 evenodd=3 lod=3..3 aspect=3 format=11 data=00FC1ED0
2659 pid=FFFDCE01 t=273574 grTexDownloadMipMap#203330 tmu=0 addr=000A61E0 evenodd=3 lod=3..3 aspect=3 format=11 data=00FC1ED0
2660 pid=FFFDCE01 t=273575 grTexDownloadMipMap#203331 tmu=0 addr=000A69E0 evenodd=3 lod=3..3 aspect=3 format=11 data=00FC1ED0
2661 pid=FFFDCE01 t=273575 grTexDownloadMipMap#203332 tmu=0 addr=000A71E0 evenodd=3 lod=3..3 aspect=3 format=11 data=00FC1ED0
2662 pid=FFFDCE01 t=273575 grTexDownloadMipMap#203333 tmu=0 addr=000A79E0 evenodd=3 lod=3..3 aspect=3 format=11 data=00FC1ED0
2663 pid=FFFDCE01 t=273577 grTexDownloadMipMap#203334 tmu=0 addr=000A81E0 evenodd=3 lod=3..3 aspect=3 format=11 data=00FC1ED0
2664 pid=FFFDCE01 t=273577 grTexDownloadMipMap#203335 tmu=0 addr=000A89E0 evenodd=3 lod=3..3 aspect=3 format=11 data=00FC1ED0
2665 pid=FFFDCE01 t=273577 grTexDownloadMipMap#203336 tmu=0 addr=000A91E0 evenodd=3 lod=3..3 aspect=3 format=11 data=00FC1ED0
2666 pid=FFFDCE01 t=273577 grTexDownloadMipMap#203337 tmu=0 addr=000A99E0 evenodd=3 lod=3..3 aspect=3 format=11 data=00FC1ED0
2667 pid=FFFDCE01 t=273578 grTexDownloadMipMap#203338 tmu=0 addr=000AA1E0 evenodd=3 lod=3..3 aspect=3 format=11 data=00FC1ED0
2668 pid=FFFDCE01 t=273578 grTexDownloadMipMap#203339 tmu=0 addr=000AA9E0 evenodd=3 lod=3..3 aspect=3 format=11 data=00FC1ED0
2669 pid=FFFDCE01 t=273579 grTexDownloadMipMap#203340 tmu=0 addr=000AB1E0 evenodd=3 lod=4..4 aspect=3 format=11 data=00FC1ED0
2670 pid=FFFDCE01 t=273579 grTexDownloadMipMap#203341 tmu=0 addr=000AB3E0 evenodd=3 lod=4..4 aspect=3 format=11 data=00FC1ED0
2671 pid=FFFDCE01 t=273579 grTexDownloadMipMap#203342 tmu=0 addr=000AB5E0 evenodd=3 lod=4..4 aspect=3 format=11 data=00FC1ED0
2672 pid=FFFDCE01 t=273580 grTexDownloadMipMap#203343 tmu=0 addr=000AB7E0 evenodd=3 lod=3..3 aspect=3 format=11 data=00FC1ED0
2673 pid=FFFDCE01 t=273580 grTexDownloadMipMap#203344 tmu=0 addr=000ABFE0 evenodd=3 lod=3..3 aspect=3 format=11 data=00FC1ED0
2674 pid=FFFDCE01 t=273581 grTexDownloadMipMap#203345 tmu=0 addr=000AC7E0 evenodd=3 lod=2..2 aspect=3 format=11 data=00FC1ED0
2675 pid=FFFDCE01 t=273582 grTexDownloadMipMap#203346 tmu=0 addr=000AE7E0 evenodd=3 lod=2..2 aspect=3 format=11 data=00FC1ED0
2676 pid=FFFDCE01 t=273583 grTexDownloadMipMap#203347 tmu=0 addr=000B07E0 evenodd=3 lod=3..3 aspect=3 format=11 data=00FC1ED0
2677 pid=FFFDCE01 t=273583 grTexDownloadMipMap#203348 tmu=0 addr=000B0FE0 evenodd=3 lod=3..3 aspect=3 format=11 data=00FC1ED0
2678 pid=FFFDCE01 t=273585 grTexDownloadMipMap#203349 tmu=0 addr=000B17E0 evenodd=3 lod=3..3 aspect=3 format=11 data=00FC1ED0
2679 pid=FFFDCE01 t=273585 grTexDownloadMipMap#203350 tmu=0 addr=000B1FE0 evenodd=3 lod=3..3 aspect=3 format=11 data=00FC1ED0
2680 pid=FFFDCE01 t=273585 grTexDownloadMipMap#203351 tmu=0 addr=000B27E0 evenodd=3 lod=3..3 aspect=3 format=11 data=00FC1ED0
2681 pid=FFFDCE01 t=273585 grTexDownloadMipMap#203352 tmu=0 addr=000B2FE0 evenodd=3 lod=3..3 aspect=3 format=11 data=00FC1ED0
2682 pid=FFFDCE01 t=273586 grTexDownloadMipMap#203353 tmu=0 addr=000B37E0 evenodd=3 lod=3..3 aspect=3 format=11 data=00FC1ED0
2683 pid=FFFDCE01 t=273586 grTexDownloadMipMap#203354 tmu=0 addr=000B3FE0 evenodd=3 lod=3..3 aspect=3 format=11 data=00FC1ED0
2684 pid=FFFDCE01 t=273587 grTexDownloadMipMap#203355 tmu=0 addr=000B47E0 evenodd=3 lod=3..3 aspect=3 format=11 data=00FC1ED0
2685 pid=FFFDCE01 t=273587 grTexDownloadMipMap#203356 tmu=0 addr=000B4FE0 evenodd=3 lod=3..3 aspect=3 format=11 data=00FC1ED0
2686 pid=FFFDCE01 t=273588 grTexDownloadMipMap#203357 tmu=0 addr=000B57E0 evenodd=3 lod=3..3 aspect=3 format=11 data=00FC1ED0
2687 pid=FFFDCE01 t=273588 grTexDownloadMipMap#203358 tmu=0 addr=000B5FE0 evenodd=3 lod=3..3 aspect=3 format=11 data=00FC1ED0
2688 pid=FFFDCE01 t=273588 grTexDownloadMipMap#203359 tmu=0 addr=000B67E0 evenodd=3 lod=3..3 aspect=3 format=11 data=00FC1ED0
2689 pid=FFFDCE01 t=273589 grTexDownloadMipMap#203360 tmu=0 addr=000B6FE0 evenodd=3 lod=2..2 aspect=3 format=11 data=00FC1ED0
2690 pid=FFFDCE01 t=273591 grTexDownloadMipMap#203361 tmu=0 addr=000B8FE0 evenodd=3 lod=3..3 aspect=3 format=11 data=00FC1ED0
2691 pid=FFFDCE01 t=273591 grTexDownloadMipMap#203362 tmu=0 addr=000B97E0 evenodd=3 lod=2..2 aspect=3 format=11 data=00FC1ED0
2692 pid=FFFDCE01 t=273591 grTexDownloadMipMap#203363 tmu=0 addr=000BB7E0 evenodd=3 lod=5..5 aspect=3 format=11 data=00FC1ED0
2693 pid=FFFDCE01 t=273592 grTexDownloadMipMap#203364 tmu=0 addr=000BB860 evenodd=3 lod=2..2 aspect=3 format=11 data=00FC1ED0
2694 pid=FFFDCE01 t=273593 grTexDownloadMipMap#203365 tmu=0 addr=000BD860 evenodd=3 lod=5..5 aspect=3 format=11 data=00FC1ED0
2695 pid=FFFDCE01 t=273593 grTexDownloadMipMap#203366 tmu=0 addr=000BD8E0 evenodd=3 lod=3..3 aspect=3 format=11 data=00FC1ED0
2696 pid=FFFDCE01 t=273593 grTexDownloadMipMap#203367 tmu=0 addr=000BE0E0 evenodd=3 lod=4..4 aspect=3 format=11 data=00FC1ED0
2697 pid=FFFDCE01 t=273594 grTexDownloadMipMap#203368 tmu=0 addr=000BE2E0 evenodd=3 lod=2..2 aspect=3 format=11 data=00FC1ED0
2698 pid=FFFDCE01 t=273595 grTexDownloadMipMap#203369 tmu=0 addr=000C02E0 evenodd=3 lod=4..4 aspect=3 format=11 data=00FC1ED0
2699 pid=FFFDCE01 t=273595 grTexDownloadMipMap#203370 tmu=0 addr=000C04E0 evenodd=3 lod=3..3 aspect=3 format=11 data=00FC1ED0
2700 pid=FFFDCE01 t=273596 grTexDownloadMipMap#203371 tmu=0 addr=000C0CE0 evenodd=3 lod=3..3 aspect=3 format=11 data=00FC1ED0
2701 pid=FFFDCE01 t=273596 grTexDownloadMipMap#203372 tmu=0 addr=000C14E0 evenodd=3 lod=5..5 aspect=3 format=11 data=00FC1ED0
2702 pid=FFFDCE01 t=273596 grTexDownloadMipMap#203373 tmu=0 addr=000C1560 evenodd=3 lod=4..4 aspect=3 format=11 data=00FC1ED0
2703 pid=FFFDCE01 t=273597 grTexDownloadMipMap#203374 tmu=0 addr=000C1760 evenodd=3 lod=3..3 aspect=3 format=11 data=00FC1ED0
2704 pid=FFFDCE01 t=273597 grTexDownloadMipMap#203375 tmu=0 addr=000C1F60 evenodd=3 lod=4..4 aspect=3 format=11 data=00FC1ED0
2705 pid=FFFDCE01 t=273597 grTexDownloadMipMap#203376 tmu=0 addr=000C2160 evenodd=3 lod=5..5 aspect=3 format=11 data=00FC1ED0
2706 pid=FFFDCE01 t=273597 grTexCalcMemRequired#1707 lodmin=7 lodmax=7 aspect=3 format=11 -> 8
2707 pid=FFFDCE01 t=273597 grTexDownloadMipMap#203377 tmu=0 addr=000C21E0 evenodd=3 lod=7..7 aspect=3 format=11 data=00FC1ED0
2708 pid=FFFDCE01 t=273598 grTexDownloadMipMap#203378 tmu=0 addr=000C21E8 evenodd=3 lod=4..4 aspect=3 format=11 data=00FC1ED0
2709 pid=FFFDCE01 t=273598 grTexDownloadMipMap#203379 tmu=0 addr=000C23E8 evenodd=3 lod=4..4 aspect=3 format=11 data=00FC1ED0
2710 pid=FFFDCE01 t=273598 grTexDownloadMipMap#203380 tmu=0 addr=000C25E8 evenodd=3 lod=4..4 aspect=3 format=11 data=00FC1ED0
2711 pid=FFFDCE01 t=273600 grTexDownloadMipMap#203381 tmu=0 addr=000C27E8 evenodd=3 lod=3..3 aspect=3 format=11 data=00FC1ED0
2712 pid=FFFDCE01 t=273600 grTexDownloadMipMap#203382 tmu=0 addr=000C2FE8 evenodd=3 lod=3..3 aspect=3 format=11 data=00FC1ED0
2713 pid=FFFDCE01 t=273600 grTexDownloadMipMap#203383 tmu=0 addr=000C37E8 evenodd=3 lod=4..4 aspect=3 format=11 data=00FC1ED0
2714 pid=FFFDCE01 t=273600 grTexDownloadMipMap#203384 tmu=0 addr=000C39E8 evenodd=3 lod=5..5 aspect=3 format=11 data=00FC1ED0
2715 pid=FFFDCE01 t=273600 grTexDownloadMipMap#203385 tmu=0 addr=000C3A68 evenodd=3 lod=5..5 aspect=3 format=11 data=00FC1ED0
2716 pid=FFFDCE01 t=273600 grTexDownloadMipMap#203386 tmu=0 addr=000C3AE8 evenodd=3 lod=5..5 aspect=3 format=11 data=00FC1ED0
2717 pid=FFFDCE01 t=273601 grTexDownloadMipMap#203387 tmu=0 addr=000C3B68 evenodd=3 lod=4..4 aspect=3 format=11 data=00FC1ED0
2718 pid=FFFDCE01 t=273601 grTexDownloadMipMap#203388 tmu=0 addr=000C3D68 evenodd=3 lod=5..5 aspect=3 format=11 data=00FC1ED0
2719 pid=FFFDCE01 t=273601 grTexDownloadMipMap#203389 tmu=0 addr=000C3DE8 evenodd=3 lod=5..5 aspect=3 format=11 data=00FC1ED0
2720 pid=FFFDCE01 t=273602 grTexDownloadMipMap#203390 tmu=0 addr=000C3E68 evenodd=3 lod=3..3 aspect=3 format=11 data=00FC1ED0
2721 pid=FFFDCE01 t=273602 grTexDownloadMipMap#203391 tmu=0 addr=000C4668 evenodd=3 lod=3..3 aspect=3 format=11 data=00FC1ED0
2722 pid=FFFDCE01 t=273603 grTexDownloadMipMap#203392 tmu=0 addr=000C4E68 evenodd=3 lod=3..3 aspect=3 format=11 data=00FC1ED0
2723 pid=FFFDCE01 t=273605 grTexDownloadMipMap#203393 tmu=0 addr=000C5668 evenodd=3 lod=1..1 aspect=3 format=11 data=00FC1ED0
2724 pid=FFFDCE01 t=273608 grTexDownloadMipMap#203394 tmu=0 addr=000CD668 evenodd=3 lod=1..1 aspect=3 format=11 data=00FC1ED0
2725 pid=FFFDCE01 t=273611 grTexDownloadMipMap#203395 tmu=0 addr=000D5668 evenodd=3 lod=1..1 aspect=3 format=11 data=00FC1ED0
2726 pid=FFFDCE01 t=273614 grTexDownloadMipMap#203396 tmu=0 addr=000DD668 evenodd=3 lod=1..1 aspect=3 format=11 data=00FC1ED0
2727 pid=FFFDCE01 t=273617 grTexDownloadMipMap#203397 tmu=0 addr=000E5668 evenodd=3 lod=1..1 aspect=3 format=11 data=00FC1ED0
2728 pid=FFFDCE01 t=273619 grTexDownloadMipMap#203398 tmu=0 addr=000ED668 evenodd=3 lod=1..1 aspect=3 format=11 data=00FC1ED0
2729 pid=FFFDCE01 t=273623 grTexDownloadMipMap#203399 tmu=0 addr=000F5668 evenodd=3 lod=1..1 aspect=3 format=11 data=00FC1ED0
2730 pid=FFFDCE01 t=273625 grTexDownloadMipMap#203400 tmu=0 addr=000FD668 evenodd=3 lod=1..1 aspect=3 format=11 data=00FC1ED0
2731 pid=FFFDCE01 t=273628 grTexDownloadMipMap#203401 tmu=0 addr=00105668 evenodd=3 lod=1..1 aspect=3 format=11 data=00FC1ED0
2732 pid=FFFDCE01 t=273631 grTexDownloadMipMap#203402 tmu=0 addr=0010D668 evenodd=3 lod=1..1 aspect=3 format=11 data=00FC1ED0
2733 pid=FFFDCE01 t=273633 grTexDownloadMipMap#203403 tmu=0 addr=00115668 evenodd=3 lod=1..1 aspect=3 format=11 data=00FC1ED0
2734 pid=FFFDCE01 t=273636 grTexDownloadMipMap#203404 tmu=0 addr=0011D668 evenodd=3 lod=1..1 aspect=3 format=11 data=00FC1ED0
2735 pid=FFFDCE01 t=273636 grTexDownloadMipMap#203405 tmu=0 addr=00125668 evenodd=3 lod=3..3 aspect=3 format=11 data=00FC1ED0
2736 pid=FFFDCE01 t=273637 grTexDownloadMipMap#203406 tmu=0 addr=00125E68 evenodd=3 lod=3..3 aspect=3 format=11 data=00FC1ED0
2737 pid=FFFDCE01 t=273637 grTexDownloadMipMap#203407 tmu=0 addr=00126668 evenodd=3 lod=3..3 aspect=3 format=11 data=00FC1ED0
2738 pid=FFFDCE01 t=273639 grTexDownloadMipMap#203408 tmu=0 addr=00126E68 evenodd=3 lod=2..2 aspect=3 format=11 data=00FC1ED0
2739 pid=FFFDCE01 t=273639 grTexDownloadMipMap#203409 tmu=0 addr=00128E68 evenodd=3 lod=2..2 aspect=3 format=11 data=00FC1ED0
2740 pid=FFFDCE01 t=273639 grTexDownloadMipMap#203410 tmu=0 addr=0012AE68 evenodd=3 lod=7..7 aspect=3 format=11 data=00FC1ED0
2741 pid=FFFDCE01 t=273640 grTexDownloadMipMap#203411 tmu=0 addr=0012AE70 evenodd=3 lod=3..3 aspect=3 format=11 data=00FC1ED0
2742 pid=FFFDCE01 t=273640 grTexDownloadMipMap#203412 tmu=0 addr=0012B670 evenodd=3 lod=3..3 aspect=3 format=11 data=00FC1ED0
2743 pid=FFFDCE01 t=273641 grTexDownloadMipMap#203413 tmu=0 addr=0012BE70 evenodd=3 lod=3..3 aspect=3 format=11 data=00FC1ED0
2744 pid=FFFDCE01 t=273641 grTexDownloadMipMap#203414 tmu=0 addr=0012C670 evenodd=3 lod=3..3 aspect=3 format=11 data=00FC1ED0
2745 pid=FFFDCE01 t=273641 grTexDownloadMipMap#203415 tmu=0 addr=0012CE70 evenodd=3 lod=3..3 aspect=3 format=11 data=00FC1ED0
2746 pid=FFFDCE01 t=273642 grTexDownloadMipMap#203416 tmu=0 addr=0012D670 evenodd=3 lod=3..3 aspect=3 format=11 data=00FC1ED0
2747 pid=FFFDCE01 t=273642 grTexDownloadMipMap#203417 tmu=0 addr=0012DE70 evenodd=3 lod=3..3 aspect=3 format=11 data=00FC1ED0
2748 pid=FFFDCE01 t=273642 grTexDownloadMipMap#203418 tmu=0 addr=0012E670 evenodd=3 lod=4..4 aspect=3 format=11 data=00FC1ED0
2749 pid=FFFDCE01 t=273643 grTexDownloadMipMap#203419 tmu=0 addr=0012E870 evenodd=3 lod=3..3 aspect=3 format=11 data=00FC1ED0
2750 pid=FFFDCE01 t=273643 grTexDownloadMipMap#203420 tmu=0 addr=0012F070 evenodd=3 lod=5..5 aspect=3 format=11 data=00FC1ED0
2751 pid=FFFDCE01 t=273643 grTexDownloadMipMap#203421 tmu=0 addr=0012F0F0 evenodd=3 lod=4..4 aspect=3 format=11 data=00FC1ED0
2752 pid=FFFDCE01 t=273644 grTexDownloadMipMap#203422 tmu=0 addr=0012F2F0 evenodd=3 lod=3..3 aspect=3 format=11 data=00FC1ED0
2753 pid=FFFDCE01 t=273644 grTexDownloadMipMap#203423 tmu=0 addr=0012FAF0 evenodd=3 lod=4..4 aspect=3 format=11 data=00FC1ED0
2754 pid=FFFDCE01 t=273644 grTexDownloadMipMap#203424 tmu=0 addr=0012FCF0 evenodd=3 lod=4..4 aspect=3 format=11 data=00FC1ED0
2755 pid=FFFDCE01 t=273644 grTexDownloadMipMap#203425 tmu=0 addr=0012FEF0 evenodd=3 lod=4..4 aspect=3 format=11 data=00FC1ED0
2756 pid=FFFDCE01 t=273645 grTexDownloadMipMap#203426 tmu=0 addr=001300F0 evenodd=3 lod=3..3 aspect=3 format=11 data=00FC1ED0
2757 pid=FFFDCE01 t=273645 grTexDownloadMipMap#203427 tmu=0 addr=001308F0 evenodd=3 lod=3..3 aspect=3 format=11 data=00FC1ED0
2758 pid=FFFDCE01 t=273645 grTexDownloadMipMap#203428 tmu=0 addr=001310F0 evenodd=3 lod=3..3 aspect=3 format=11 data=00FC1ED0
2759 pid=FFFDCE01 t=273647 grTexDownloadMipMap#203429 tmu=0 addr=001318F0 evenodd=3 lod=4..4 aspect=3 format=11 data=00FC1ED0
2760 pid=FFFDCE01 t=273647 grTexDownloadMipMap#203430 tmu=0 addr=00131AF0 evenodd=3 lod=5..5 aspect=3 format=11 data=00FC1ED0
2761 pid=FFFDCE01 t=273647 grTexDownloadMipMap#203431 tmu=0 addr=00131B70 evenodd=3 lod=4..4 aspect=3 format=11 data=00FC1ED0
2762 pid=FFFDCE01 t=273647 grTexDownloadMipMap#203432 tmu=0 addr=00131D70 evenodd=3 lod=4..4 aspect=3 format=11 data=00FC1ED0
2763 pid=FFFDCE01 t=273647 grTexDownloadMipMap#203433 tmu=0 addr=00131F70 evenodd=3 lod=4..4 aspect=3 format=11 data=00FC1ED0
2764 pid=FFFDCE01 t=273647 grTexDownloadMipMap#203434 tmu=0 addr=00132170 evenodd=3 lod=5..5 aspect=3 format=11 data=00FC1ED0
2765 pid=FFFDCE01 t=273647 grTexDownloadMipMap#203435 tmu=0 addr=001321F0 evenodd=3 lod=4..4 aspect=3 format=11 data=00FC1ED0
2766 pid=FFFDCE01 t=273648 grTexDownloadMipMap#203436 tmu=0 addr=001323F0 evenodd=3 lod=4..4 aspect=3 format=11 data=00FC1ED0
2767 pid=FFFDCE01 t=273648 grTexDownloadMipMap#203437 tmu=0 addr=001325F0 evenodd=3 lod=5..5 aspect=3 format=11 data=00FC1ED0
2768 pid=FFFDCE01 t=273648 grTexDownloadMipMap#203438 tmu=0 addr=00132670 evenodd=3 lod=5..5 aspect=3 format=11 data=00FC1ED0
2769 pid=FFFDCE01 t=273648 grTexDownloadMipMap#203439 tmu=0 addr=001326F0 evenodd=3 lod=4..4 aspect=3 format=11 data=00FC1ED0
2770 pid=FFFDCE01 t=273649 grTexDownloadMipMap#203440 tmu=0 addr=001328F0 evenodd=3 lod=5..5 aspect=3 format=11 data=00FC1ED0
2771 pid=FFFDCE01 t=273649 grTexDownloadMipMap#203441 tmu=0 addr=00132970 evenodd=3 lod=4..4 aspect=3 format=11 data=00FC1ED0
2772 pid=FFFDCE01 t=273649 grTexDownloadMipMap#203442 tmu=0 addr=00132B70 evenodd=3 lod=6..6 aspect=3 format=11 data=00FC1ED0
2773 pid=FFFDCE01 t=273649 grTexDownloadMipMap#203443 tmu=0 addr=00132B90 evenodd=3 lod=6..6 aspect=3 format=11 data=00FC1ED0
2774 pid=FFFDCE01 t=273650 grTexDownloadMipMap#203444 tmu=0 addr=00132BB0 evenodd=3 lod=5..5 aspect=3 format=11 data=00FC1ED0
2775 pid=FFFDCE01 t=273650 grTexDownloadMipMap#203445 tmu=0 addr=00132C30 evenodd=3 lod=4..4 aspect=3 format=11 data=00FC1ED0
2776 pid=FFFDCE01 t=273650 grTexDownloadMipMap#203446 tmu=0 addr=00132E30 evenodd=3 lod=4..4 aspect=3 format=11 data=00FC1ED0
2777 pid=FFFDCE01 t=273651 grTexDownloadMipMap#203447 tmu=0 addr=00133030 evenodd=3 lod=4..4 aspect=3 format=11 data=00FC1ED0
2778 pid=FFFDCE01 t=273651 grTexDownloadMipMap#203448 tmu=0 addr=00133230 evenodd=3 lod=4..4 aspect=3 format=11 data=00FC1ED0
2779 pid=FFFDCE01 t=273651 grTexDownloadMipMap#203449 tmu=0 addr=00133430 evenodd=3 lod=3..3 aspect=3 format=11 data=00FC1ED0
2780 pid=FFFDCE01 t=273651 grTexDownloadMipMap#203450 tmu=0 addr=00133C30 evenodd=3 lod=3..3 aspect=3 format=11 data=00FC1ED0
2781 pid=FFFDCE01 t=273652 grTexDownloadMipMap#203451 tmu=0 addr=00134430 evenodd=3 lod=4..4 aspect=3 format=11 data=00FC1ED0
2782 pid=FFFDCE01 t=273652 grTexDownloadMipMap#203452 tmu=0 addr=00134630 evenodd=3 lod=3..3 aspect=3 format=11 data=00FC1ED0
2783 pid=FFFDCE01 t=273652 grTexDownloadMipMap#203453 tmu=0 addr=00134E30 evenodd=3 lod=3..3 aspect=3 format=11 data=00FC1ED0
2784 pid=FFFDCE01 t=273653 grTexDownloadMipMap#203454 tmu=0 addr=00135630 evenodd=3 lod=5..5 aspect=3 format=11 data=00FC1ED0
2785 pid=FFFDCE01 t=273653 grTexDownloadMipMap#203455 tmu=0 addr=001356B0 evenodd=3 lod=4..4 aspect=3 format=11 data=00FC1ED0
2786 pid=FFFDCE01 t=273653 grTexDownloadMipMap#203456 tmu=0 addr=001358B0 evenodd=3 lod=4..4 aspect=3 format=11 data=00FC1ED0
2787 pid=FFFDCE01 t=273655 grTexDownloadMipMap#203457 tmu=0 addr=00135AB0 evenodd=3 lod=5..5 aspect=3 format=11 data=00FC1ED0
2788 pid=FFFDCE01 t=273655 grTexDownloadMipMap#203458 tmu=0 addr=00135B30 evenodd=3 lod=4..4 aspect=3 format=11 data=00FC1ED0
2789 pid=FFFDCE01 t=273655 grTexDownloadMipMap#203459 tmu=0 addr=00135D30 evenodd=3 lod=4..4 aspect=3 format=11 data=00FC1ED0
2790 pid=FFFDCE01 t=273655 grTexDownloadMipMap#203460 tmu=0 addr=00135F30 evenodd=3 lod=4..4 aspect=3 format=11 data=00FC1ED0
2791 pid=FFFDCE01 t=273655 grTexDownloadMipMap#203461 tmu=0 addr=00136130 evenodd=3 lod=3..3 aspect=3 format=11 data=00FC1ED0
2792 pid=FFFDCE01 t=273655 grTexDownloadMipMap#203462 tmu=0 addr=00136930 evenodd=3 lod=3..3 aspect=3 format=11 data=00FC1ED0
2793 pid=FFFDCE01 t=273656 grTexDownloadMipMap#203463 tmu=0 addr=00137130 evenodd=3 lod=3..3 aspect=3 format=11 data=00FC1ED0
2794 pid=FFFDCE01 t=273656 grTexDownloadMipMap#203464 tmu=0 addr=00137930 evenodd=3 lod=3..3 aspect=3 format=11 data=00FC1ED0
2795 pid=FFFDCE01 t=273656 grTexDownloadMipMap#203465 tmu=0 addr=00138130 evenodd=3 lod=3..3 aspect=3 format=11 data=00FC1ED0
2796 pid=FFFDCE01 t=273657 grTexDownloadMipMap#203466 tmu=0 addr=00138930 evenodd=3 lod=3..3 aspect=3 format=11 data=00FC1ED0
2797 pid=FFFDCE01 t=273657 grTexDownloadMipMap#203467 tmu=0 addr=00139130 evenodd=3 lod=3..3 aspect=3 format=11 data=00FC1ED0
2798 pid=FFFDCE01 t=273657 grTexDownloadMipMap#203468 tmu=0 addr=00139930 evenodd=3 lod=4..4 aspect=3 format=11 data=00FC1ED0
2799 pid=FFFDCE01 t=273658 grTexDownloadMipMap#203469 tmu=0 addr=00139B30 evenodd=3 lod=3..3 aspect=3 format=11 data=00FC1ED0
2800 pid=FFFDCE01 t=273658 grTexDownloadMipMap#203470 tmu=0 addr=0013A330 evenodd=3 lod=3..3 aspect=3 format=11 data=00FC1ED0
2801 pid=FFFDCE01 t=273658 grTexDownloadMipMap#203472 tmu=0 addr=0013AD30 evenodd=3 lod=4..4 aspect=3 format=11 data=00FC1ED0
2802 pid=FFFDCE01 t=273659 grTexDownloadMipMap#203473 tmu=0 addr=0013AF30 evenodd=3 lod=4..4 aspect=3 format=11 data=00FC1ED0
2803 pid=FFFDCE01 t=273659 grTexDownloadMipMap#203474 tmu=0 addr=0013B130 evenodd=3 lod=7..7 aspect=3 format=11 data=00FC1ED0
2804 pid=FFFDCE01 t=273659 grTexDownloadMipMap#203475 tmu=0 addr=0013B138 evenodd=3 lod=4..4 aspect=3 format=11 data=00FC1ED0
2805 pid=FFFDCE01 t=273659 grTexDownloadMipMap#203476 tmu=0 addr=0013B338 evenodd=3 lod=3..3 aspect=3 format=11 data=00FC1ED0
2806 pid=FFFDCE01 t=273660 grTexDownloadMipMap#203477 tmu=0 addr=0013BB38 evenodd=3 lod=3..3 aspect=3 format=11 data=00FC1ED0
2807 pid=FFFDCE01 t=273660 grTexDownloadMipMap#203478 tmu=0 addr=0013C338 evenodd=3 lod=3..3 aspect=3 format=11 data=00FC1ED0
2808 pid=FFFDCE01 t=273660 grTexDownloadMipMap#203479 tmu=0 addr=0013CB38 evenodd=3 lod=3..3 aspect=3 format=11 data=00FC1ED0
2809 pid=FFFDCE01 t=273661 grTexDownloadMipMap#203480 tmu=0 addr=0013D338 evenodd=3 lod=3..3 aspect=3 format=11 data=00FC1ED0
2810 pid=FFFDCE01 t=273661 grTexDownloadMipMap#203481 tmu=0 addr=0013DB38 evenodd=3 lod=3..3 aspect=3 format=11 data=00FC1ED0
2811 pid=FFFDCE01 t=273661 grTexDownloadMipMap#203482 tmu=0 addr=0013E338 evenodd=3 lod=3..3 aspect=3 format=11 data=00FC1ED0
2812 pid=FFFDCE01 t=273663 grTexDownloadMipMap#203483 tmu=0 addr=0013EB38 evenodd=3 lod=3..3 aspect=3 format=11 data=00FC1ED0
2813 pid=FFFDCE01 t=273663 grTexDownloadMipMap#203484 tmu=0 addr=0013F338 evenodd=3 lod=3..3 aspect=3 format=11 data=00FC1ED0
2814 pid=FFFDCE01 t=273663 grTexDownloadMipMap#203485 tmu=0 addr=0013FB38 evenodd=3 lod=2..2 aspect=3 format=11 data=00FC1ED0
2815 pid=FFFDCE01 t=273663 grTexDownloadMipMap#203486 tmu=0 addr=00141B38 evenodd=3 lod=3..3 aspect=3 format=11 data=00FC1ED0
2816 pid=FFFDCE01 t=273664 grTexDownloadMipMap#203487 tmu=0 addr=00142338 evenodd=3 lod=3..3 aspect=3 format=11 data=00FC1ED0
2817 pid=FFFDCE01 t=273664 grTexDownloadMipMap#203488 tmu=0 addr=00142B38 evenodd=3 lod=3..3 aspect=3 format=11 data=00FC1ED0
2818 pid=FFFDCE01 t=273664 grTexDownloadMipMap#203489 tmu=0 addr=00143338 evenodd=3 lod=3..3 aspect=3 format=11 data=00FC1ED0
2819 pid=FFFDCE01 t=273665 grTexDownloadMipMap#203490 tmu=0 addr=00143B38 evenodd=3 lod=3..3 aspect=3 format=11 data=00FC1ED0
2820 pid=FFFDCE01 t=273665 grTexDownloadMipMap#203491 tmu=0 addr=00144338 evenodd=3 lod=3..3 aspect=3 format=11 data=00FC1ED0
2821 pid=FFFDCE01 t=273665 grTexDownloadMipMap#203492 tmu=0 addr=00144B38 evenodd=3 lod=3..3 aspect=3 format=11 data=00FC1ED0
2822 pid=FFFDCE01 t=273666 grTexDownloadMipMap#203493 tmu=0 addr=00145338 evenodd=3 lod=3..3 aspect=3 format=11 data=00FC1ED0
2823 pid=FFFDCE01 t=273666 grTexDownloadMipMap#203494 tmu=0 addr=00145B38 evenodd=3 lod=3..3 aspect=3 format=11 data=00FC1ED0
2824 pid=FFFDCE01 t=273666 grTexDownloadMipMap#203495 tmu=0 addr=00146338 evenodd=3 lod=4..4 aspect=3 format=11 data=00FC1ED0
2825 pid=FFFDCE01 t=273667 grTexDownloadMipMap#203496 tmu=0 addr=00146538 evenodd=3 lod=4..4 aspect=3 format=11 data=00FC1ED0
2826 pid=FFFDCE01 t=273667 grTexDownloadMipMap#203497 tmu=0 addr=00146738 evenodd=3 lod=4..4 aspect=3 format=11 data=00FC1ED0
2827 pid=FFFDCE01 t=273667 grTexDownloadMipMap#203498 tmu=0 addr=00146938 evenodd=3 lod=4..4 aspect=3 format=11 data=00FC1ED0
2828 pid=FFFDCE01 t=273667 grTexDownloadMipMap#203499 tmu=0 addr=00146B38 evenodd=3 lod=4..4 aspect=3 format=11 data=00FC1ED0
2829 pid=FFFDCE01 t=273669 grTexDownloadMipMap#203500 tmu=0 addr=00146D38 evenodd=3 lod=7..7 aspect=3 format=11 data=00FC1ED0
2830 pid=FFFDCE01 t=273669 grTexDownloadMipMap#203501 tmu=0 addr=00146D40 evenodd=3 lod=3..3 aspect=3 format=11 data=00FC1ED0
2831 pid=FFFDCE01 t=273669 grTexDownloadMipMap#203502 tmu=0 addr=00147540 evenodd=3 lod=3..3 aspect=3 format=11 data=00FC1ED0
2832 pid=FFFDCE01 t=273669 grTexDownloadMipMap#203503 tmu=0 addr=00147D40 evenodd=3 lod=5..5 aspect=3 format=11 data=00FC1ED0
2833 pid=FFFDCE01 t=273669 grTexDownloadMipMap#203504 tmu=0 addr=00147DC0 evenodd=3 lod=5..5 aspect=3 format=11 data=00FC1ED0
2834 pid=FFFDCE01 t=273669 grTexDownloadMipMap#203505 tmu=0 addr=00147E40 evenodd=3 lod=5..5 aspect=3 format=11 data=00FC1ED0
2835 pid=FFFDCE01 t=273670 grTexDownloadMipMap#203506 tmu=0 addr=00147EC0 evenodd=3 lod=5..5 aspect=3 format=11 data=00FC1ED0
2836 pid=FFFDCE01 t=273670 grTexDownloadMipMap#203507 tmu=0 addr=00147F40 evenodd=3 lod=5..5 aspect=3 format=11 data=00FC1ED0
2837 pid=FFFDCE01 t=273670 grTexDownloadMipMap#203508 tmu=0 addr=00147FC0 evenodd=3 lod=3..3 aspect=3 format=11 data=00FC1ED0
2838 pid=FFFDCE01 t=273670 grTexDownloadMipMap#203509 tmu=0 addr=001487C0 evenodd=3 lod=4..4 aspect=3 format=11 data=00FC1ED0
2839 pid=FFFDCE01 t=273671 grTexDownloadMipMap#203510 tmu=0 addr=001489C0 evenodd=3 lod=4..4 aspect=3 format=11 data=00FC1ED0
2840 pid=FFFDCE01 t=273671 grTexDownloadMipMap#203511 tmu=0 addr=00148BC0 evenodd=3 lod=4..4 aspect=3 format=11 data=00FC1ED0
2841 pid=FFFDCE01 t=273672 grTexDownloadMipMap#203512 tmu=0 addr=00148DC0 evenodd=3 lod=2..2 aspect=3 format=11 data=00FC1ED0
2842 pid=FFFDCE01 t=273672 grTexDownloadMipMap#203513 tmu=0 addr=0014ADC0 evenodd=3 lod=2..2 aspect=3 format=11 data=00FC1ED0
2843 pid=FFFDCE01 t=273673 grTexDownloadMipMap#203514 tmu=0 addr=0014CDC0 evenodd=3 lod=2..2 aspect=3 format=11 data=00FC1ED0
2844 pid=FFFDCE01 t=273674 grTexDownloadMipMap#203516 tmu=0 addr=00150DC0 evenodd=3 lod=7..7 aspect=3 format=11 data=00FC1ED0
2845 pid=FFFDCE01 t=273797 grFogMode#2 mode=00000002
2846 pid=FFFDCE01 t=273797 grFogColorValue#2 color=FF000204
2847 pid=FFFDCE01 t=273798 guFogGenerateExp#1 table=004EA440 density-bits=3C03126F
2848 pid=FFFDCE01 t=273798 guFogGenerateExp#2 table=004EA480 density-bits=3C1374BD
2849 pid=FFFDCE01 t=273798 guFogGenerateExp#3 table=004EA4C0 density-bits=3C23D70B
2850 pid=FFFDCE01 t=273798 guFogGenerateExp#4 table=004EA500 density-bits=3C343959
2851 pid=FFFDCE01 t=273798 guFogGenerateExp#5 table=004EA540 density-bits=3C449BA7
2852 pid=FFFDCE01 t=273798 guFogGenerateExp#6 table=004EA580 density-bits=3C54FDF5
2853 pid=FFFDCE01 t=273798 guFogGenerateExp#7 table=004EA5C0 density-bits=3C656043
2854 pid=FFFDCE01 t=273798 guFogGenerateExp#8 table=004EA600 density-bits=3C75C291
2855 pid=FFFDCE01 t=273798 guFogGenerateExp#9 table=004EA640 density-bits=3C83126F
2856 pid=FFFDCE01 t=273798 guFogGenerateExp#10 table=004EA680 density-bits=3C8B4396
2857 pid=FFFDCE01 t=273798 guFogGenerateExp#11 table=004EA6C0 density-bits=3C9374BD
2858 pid=FFFDCE01 t=273798 guFogGenerateExp#12 table=004EA700 density-bits=3C9BA5E4
2859 pid=FFFDCE01 t=273798 guFogGenerateExp#13 table=004EA740 density-bits=3CA3D70B
2860 pid=FFFDCE01 t=273798 guFogGenerateExp#14 table=004EA780 density-bits=3CAC0832
2861 pid=FFFDCE01 t=273798 guFogGenerateExp#15 table=004EA7C0 density-bits=3CB43959
2862 pid=FFFDCE01 t=273798 guFogGenerateExp#16 table=004EA800 density-bits=3CBC6A80
2863 pid=FFFDCE01 t=273799 guFogGenerateExp#17 table=004EA840 density-bits=3CC49BA7
2864 pid=FFFDCE01 t=273799 guFogGenerateExp#18 table=004EA880 density-bits=3CCCCCCE
2865 pid=FFFDCE01 t=273799 guFogGenerateExp#19 table=004EA8C0 density-bits=3CD4FDF5
2866 pid=FFFDCE01 t=273799 guFogGenerateExp#20 table=004EA900 density-bits=3CDD2F1C
2867 pid=FFFDCE01 t=273799 grFogTable#1 0-31 00000000 00000000 00000000 00000000 00000000 00000000 00000000 00000000
2868 pid=FFFDCE01 t=273799 grFogTable#1 32-63 00000000 00000000 00000000 00000000 00000000 00000000 00000000 00000000
2869 pid=FFFDCE01 t=273815 grTexCalcMemRequired#1847 lodmin=5 lodmax=5 aspect=3 format=5 -> 64
2870 pid=FFFDCE01 t=273815 grTexDownloadMipMap#203517 tmu=0 addr=00150DC8 evenodd=3 lod=5..5 aspect=3 format=5 data=00EC5880
2871 pid=FFFDCE01 t=273815 grTexDownloadMipMap#203518 tmu=0 addr=00150E08 evenodd=3 lod=5..5 aspect=3 format=5 data=00EC5880
2872 pid=FFFDCE01 t=273816 grTexDownloadMipMap#203519 tmu=0 addr=00150E48 evenodd=3 lod=5..5 aspect=3 format=5 data=00EC5880
2873 pid=FFFDCE01 t=273816 grTexDownloadMipMap#203520 tmu=0 addr=00150E88 evenodd=3 lod=5..5 aspect=3 format=5 data=00EC5880
2874 pid=FFFDCE01 t=273816 grTexDownloadMipMap#203521 tmu=0 addr=00150EC8 evenodd=3 lod=5..5 aspect=3 format=5 data=00EC5880
2875 pid=FFFDCE01 t=273816 grTexDownloadMipMap#203522 tmu=0 addr=00150F08 evenodd=3 lod=5..5 aspect=3 format=5 data=00EC5880
2876 pid=FFFDCE01 t=273818 grTexDownloadMipMap#203523 tmu=0 addr=00150F48 evenodd=3 lod=5..5 aspect=3 format=5 data=00EC5880
2877 pid=FFFDCE01 t=273818 grTexDownloadMipMap#203524 tmu=0 addr=00150F88 evenodd=3 lod=5..5 aspect=3 format=5 data=00EC5880
2878 pid=FFFDCE01 t=273818 grTexCalcMemRequired#1855 lodmin=6 lodmax=6 aspect=3 format=5 -> 16
2879 pid=FFFDCE01 t=273818 grTexDownloadMipMap#203525 tmu=0 addr=00150FC8 evenodd=3 lod=6..6 aspect=3 format=5 data=00EC5880
2880 pid=FFFDCE01 t=273818 grTexDownloadMipMap#203526 tmu=0 addr=00150FD8 evenodd=3 lod=6..6 aspect=3 format=5 data=00EC5880
2881 pid=FFFDCE01 t=273818 grTexCalcMemRequired#1857 lodmin=4 lodmax=4 aspect=3 format=5 -> 256
2882 pid=FFFDCE01 t=273818 grTexDownloadMipMap#203527 tmu=0 addr=00150FE8 evenodd=3 lod=4..4 aspect=3 format=5 data=00EC5880
2883 pid=FFFDCE01 t=273818 grTexDownloadMipMap#203528 tmu=0 addr=001510E8 evenodd=3 lod=4..4 aspect=3 format=5 data=00EC5880
2884 pid=FFFDCE01 t=273818 grTexDownloadMipMap#203529 tmu=0 addr=001511E8 evenodd=3 lod=5..5 aspect=3 format=5 data=00EC5880
2885 pid=FFFDCE01 t=273819 grTexDownloadMipMap#203530 tmu=0 addr=00151228 evenodd=3 lod=5..5 aspect=3 format=5 data=00EC5880
2886 pid=FFFDCE01 t=273819 grTexDownloadMipMap#203531 tmu=0 addr=00151268 evenodd=3 lod=4..4 aspect=3 format=5 data=00EC5880
2887 pid=FFFDCE01 t=273819 grTexDownloadMipMap#203532 tmu=0 addr=00151368 evenodd=3 lod=4..4 aspect=3 format=5 data=00EC5880
2888 pid=FFFDCE01 t=273819 grTexCalcMemRequired#1863 lodmin=3 lodmax=3 aspect=3 format=5 -> 1024
2889 pid=FFFDCE01 t=273820 grTexDownloadMipMap#203533 tmu=0 addr=00151468 evenodd=3 lod=3..3 aspect=3 format=5 data=00EC5880
2890 pid=FFFDCE01 t=273820 grTexDownloadMipMap#203534 tmu=0 addr=00151868 evenodd=3 lod=3..3 aspect=3 format=5 data=00EC5880
2891 pid=FFFDCE01 t=273820 grTexDownloadMipMap#203535 tmu=0 addr=00151C68 evenodd=3 lod=3..3 aspect=3 format=5 data=00EC5880
2892 pid=FFFDCE01 t=273821 grTexDownloadMipMap#203536 tmu=0 addr=00152068 evenodd=3 lod=3..3 aspect=3 format=5 data=00EC5880
2893 pid=FFFDCE01 t=273821 grTexDownloadMipMap#203537 tmu=0 addr=00152468 evenodd=3 lod=3..3 aspect=3 format=5 data=00EC5880
2894 pid=FFFDCE01 t=273822 grTexDownloadMipMap#203538 tmu=0 addr=00152868 evenodd=3 lod=3..3 aspect=3 format=5 data=00EC5880
2895 pid=FFFDCE01 t=273822 grTexDownloadMipMap#203539 tmu=0 addr=00152C68 evenodd=3 lod=3..3 aspect=3 format=5 data=00EC5880
2896 pid=FFFDCE01 t=273822 grTexDownloadMipMap#203540 tmu=0 addr=00153068 evenodd=3 lod=3..3 aspect=3 format=5 data=00EC5880
2897 pid=FFFDCE01 t=273823 grTexCalcMemRequired#1871 lodmin=7 lodmax=7 aspect=3 format=5 -> 8
2898 pid=FFFDCE01 t=273823 grTexDownloadMipMap#203541 tmu=0 addr=00153468 evenodd=3 lod=7..7 aspect=3 format=5 data=00EC5880
2899 pid=FFFDCE01 t=273823 grTexDownloadMipMap#203542 tmu=0 addr=00153470 evenodd=3 lod=7..7 aspect=3 format=5 data=00EC5880
2900 pid=FFFDCE01 t=273823 grTexDownloadMipMap#203543 tmu=0 addr=00153478 evenodd=3 lod=6..6 aspect=3 format=5 data=00EC5880
2901 pid=FFFDCE01 t=273824 grTexDownloadMipMap#203544 tmu=0 addr=00153488 evenodd=3 lod=6..6 aspect=3 format=5 data=00EC5880
2902 pid=FFFDCE01 t=273824 grTexDownloadMipMap#203545 tmu=0 addr=00153498 evenodd=3 lod=3..3 aspect=3 format=5 data=00EC5880
2903 pid=FFFDCE01 t=273824 grTexDownloadMipMap#203546 tmu=0 addr=00153898 evenodd=3 lod=3..3 aspect=3 format=5 data=00EC5880
2904 pid=FFFDCE01 t=273825 grTexDownloadMipMap#203547 tmu=0 addr=00153C98 evenodd=3 lod=3..3 aspect=3 format=5 data=00EC5880
2905 pid=FFFDCE01 t=273825 grTexDownloadMipMap#203548 tmu=0 addr=00154098 evenodd=3 lod=3..3 aspect=3 format=5 data=00EC5880
2906 pid=FFFDCE01 t=273825 grTexDownloadMipMap#203549 tmu=0 addr=00154498 evenodd=3 lod=5..5 aspect=3 format=5 data=00EC5880
2907 pid=FFFDCE01 t=273827 grTexDownloadMipMap#203550 tmu=0 addr=001544D8 evenodd=3 lod=5..5 aspect=3 format=5 data=00EC5880
2908 pid=FFFDCE01 t=273827 grTexDownloadMipMap#203551 tmu=0 addr=00154518 evenodd=3 lod=7..7 aspect=3 format=5 data=00EC5880
2909 pid=FFFDCE01 t=273827 grTexDownloadMipMap#203552 tmu=0 addr=00154520 evenodd=3 lod=7..7 aspect=3 format=5 data=00EC5880
2910 pid=FFFDCE01 t=273827 grTexDownloadMipMap#203553 tmu=0 addr=00154528 evenodd=3 lod=5..5 aspect=3 format=5 data=00EC5880
2911 pid=FFFDCE01 t=273827 grTexDownloadMipMap#203554 tmu=0 addr=00154568 evenodd=3 lod=5..5 aspect=3 format=5 data=00EC5880
2912 pid=FFFDCE01 t=273827 grTexDownloadMipMap#203555 tmu=0 addr=001545A8 evenodd=3 lod=6..6 aspect=3 format=5 data=00EC5880
2913 pid=FFFDCE01 t=273827 grTexDownloadMipMap#203556 tmu=0 addr=001545B8 evenodd=3 lod=6..6 aspect=3 format=5 data=00EC5880
2914 pid=FFFDCE01 t=273828 grTexDownloadMipMap#203557 tmu=0 addr=001545C8 evenodd=3 lod=3..3 aspect=3 format=5 data=00EC5880
2915 pid=FFFDCE01 t=273828 grTexDownloadMipMap#203558 tmu=0 addr=001549C8 evenodd=3 lod=3..3 aspect=3 format=5 data=00EC5880
2916 pid=FFFDCE01 t=273828 grTexDownloadMipMap#203559 tmu=0 addr=00154DC8 evenodd=3 lod=3..3 aspect=3 format=5 data=00EC5880
2917 pid=FFFDCE01 t=273829 grTexDownloadMipMap#203560 tmu=0 addr=001551C8 evenodd=3 lod=3..3 aspect=3 format=5 data=00EC5880
2918 pid=FFFDCE01 t=273829 grTexDownloadMipMap#203561 tmu=0 addr=001555C8 evenodd=3 lod=4..4 aspect=3 format=5 data=00EC5880
2919 pid=FFFDCE01 t=273829 grTexDownloadMipMap#203562 tmu=0 addr=001556C8 evenodd=3 lod=4..4 aspect=3 format=5 data=00EC5880
2920 pid=FFFDCE01 t=273830 grTexDownloadMipMap#203563 tmu=0 addr=001557C8 evenodd=3 lod=4..4 aspect=3 format=5 data=00EC5880
2921 pid=FFFDCE01 t=273830 grTexDownloadMipMap#203564 tmu=0 addr=001558C8 evenodd=3 lod=4..4 aspect=3 format=5 data=00EC5880
2922 pid=FFFDCE01 t=273830 grTexDownloadMipMap#203565 tmu=0 addr=001559C8 evenodd=3 lod=5..5 aspect=3 format=5 data=00EC5880
2923 pid=FFFDCE01 t=273831 grTexDownloadMipMap#203566 tmu=0 addr=00155A08 evenodd=3 lod=5..5 aspect=3 format=5 data=00EC5880
2924 pid=FFFDCE01 t=273831 grTexDownloadMipMap#203567 tmu=0 addr=00155A48 evenodd=3 lod=4..4 aspect=3 format=5 data=00EC5880
2925 pid=FFFDCE01 t=273831 grTexDownloadMipMap#203568 tmu=0 addr=00155B48 evenodd=3 lod=4..4 aspect=3 format=5 data=00EC5880
2926 pid=FFFDCE01 t=273831 grTexDownloadMipMap#203569 tmu=0 addr=00155C48 evenodd=3 lod=3..3 aspect=3 format=5 data=00EC5880
2927 pid=FFFDCE01 t=273832 grTexDownloadMipMap#203570 tmu=0 addr=00156048 evenodd=3 lod=3..3 aspect=3 format=5 data=00EC5880
2928 pid=FFFDCE01 t=273832 grTexDownloadMipMap#203571 tmu=0 addr=00156448 evenodd=3 lod=3..3 aspect=3 format=5 data=00EC5880
2929 pid=FFFDCE01 t=273833 grTexDownloadMipMap#203572 tmu=0 addr=00156848 evenodd=3 lod=3..3 aspect=3 format=5 data=00EC5880
2930 pid=FFFDCE01 t=273833 grTexDownloadMipMap#203573 tmu=0 addr=00156C48 evenodd=3 lod=3..3 aspect=3 format=5 data=00EC5880
2931 pid=FFFDCE01 t=273833 grTexDownloadMipMap#203574 tmu=0 addr=00157048 evenodd=3 lod=3..3 aspect=3 format=5 data=00EC5880
2932 pid=FFFDCE01 t=273835 grTexDownloadMipMap#203575 tmu=0 addr=00157448 evenodd=3 lod=3..3 aspect=3 format=5 data=00EC5880
2933 pid=FFFDCE01 t=273835 grTexDownloadMipMap#203576 tmu=0 addr=00157848 evenodd=3 lod=3..3 aspect=3 format=5 data=00EC5880
2934 pid=FFFDCE01 t=273835 grTexDownloadMipMap#203577 tmu=0 addr=00157C48 evenodd=3 lod=4..4 aspect=3 format=5 data=00EC5880
2935 pid=FFFDCE01 t=273835 grTexDownloadMipMap#203578 tmu=0 addr=00157D48 evenodd=3 lod=4..4 aspect=3 format=5 data=00EC5880
2936 pid=FFFDCE01 t=273835 grTexDownloadMipMap#203579 tmu=0 addr=00157E48 evenodd=3 lod=3..3 aspect=3 format=5 data=00EC5880
2937 pid=FFFDCE01 t=273836 grTexDownloadMipMap#203580 tmu=0 addr=00158248 evenodd=3 lod=3..3 aspect=3 format=5 data=00EC5880
2938 pid=FFFDCE01 t=273836 grTexDownloadMipMap#203581 tmu=0 addr=00158648 evenodd=3 lod=3..3 aspect=3 format=5 data=00EC5880
2939 pid=FFFDCE01 t=273837 grTexDownloadMipMap#203582 tmu=0 addr=00158A48 evenodd=3 lod=3..3 aspect=3 format=5 data=00EC5880
2940 pid=FFFDCE01 t=273837 grTexDownloadMipMap#203583 tmu=0 addr=00158E48 evenodd=3 lod=3..3 aspect=3 format=5 data=00EC5880
2941 pid=FFFDCE01 t=273837 grTexDownloadMipMap#203584 tmu=0 addr=00159248 evenodd=3 lod=3..3 aspect=3 format=5 data=00EC5880
2942 pid=FFFDCE01 t=273838 grTexDownloadMipMap#203585 tmu=0 addr=00159648 evenodd=3 lod=3..3 aspect=3 format=5 data=00EC5880
2943 pid=FFFDCE01 t=273838 grTexDownloadMipMap#203586 tmu=0 addr=00159A48 evenodd=3 lod=3..3 aspect=3 format=5 data=00EC5880
2944 pid=FFFDCE01 t=273839 grTexDownloadMipMap#203587 tmu=0 addr=00159E48 evenodd=3 lod=3..3 aspect=3 format=5 data=00EC5880
2945 pid=FFFDCE01 t=273839 grTexDownloadMipMap#203588 tmu=0 addr=0015A248 evenodd=3 lod=3..3 aspect=3 format=5 data=00EC5880
2946 pid=FFFDCE01 t=273839 grTexDownloadMipMap#203589 tmu=0 addr=0015A648 evenodd=3 lod=5..5 aspect=3 format=5 data=00EC5880
2947 pid=FFFDCE01 t=273841 grTexDownloadMipMap#203590 tmu=0 addr=0015A688 evenodd=3 lod=5..5 aspect=3 format=5 data=00EC5880
2948 pid=FFFDCE01 t=273841 grTexDownloadMipMap#203591 tmu=0 addr=0015A6C8 evenodd=3 lod=6..6 aspect=3 format=5 data=00EC5880
2949 pid=FFFDCE01 t=273841 grTexDownloadMipMap#203592 tmu=0 addr=0015A6D8 evenodd=3 lod=4..4 aspect=3 format=5 data=00EC5880
2950 pid=FFFDCE01 t=273841 grTexDownloadMipMap#203593 tmu=0 addr=0015A7D8 evenodd=3 lod=5..5 aspect=3 format=5 data=00EC5880
2951 pid=FFFDCE01 t=273841 grTexDownloadMipMap#203594 tmu=0 addr=0015A818 evenodd=3 lod=4..4 aspect=3 format=5 data=00EC5880
2952 pid=FFFDCE01 t=273841 grTexDownloadMipMap#203595 tmu=0 addr=0015A918 evenodd=3 lod=4..4 aspect=3 format=5 data=00EC5880
2953 pid=FFFDCE01 t=273841 grTexDownloadMipMap#203596 tmu=0 addr=0015AA18 evenodd=3 lod=4..4 aspect=3 format=5 data=00EC5880
2954 pid=FFFDCE01 t=273842 grTexDownloadMipMap#203597 tmu=0 addr=0015AB18 evenodd=3 lod=4..4 aspect=3 format=5 data=00EC5880
2955 pid=FFFDCE01 t=273842 grTexDownloadMipMap#203598 tmu=0 addr=0015AC18 evenodd=3 lod=3..3 aspect=3 format=5 data=00EC5880
2956 pid=FFFDCE01 t=273842 grTexDownloadMipMap#203599 tmu=0 addr=0015B018 evenodd=3 lod=3..3 aspect=3 format=5 data=00EC5880
2957 pid=FFFDCE01 t=273843 grTexDownloadMipMap#203600 tmu=0 addr=0015B418 evenodd=3 lod=6..6 aspect=3 format=5 data=00EC5880
2958 pid=FFFDCE01 t=273843 grTexDownloadMipMap#203601 tmu=0 addr=0015B428 evenodd=3 lod=4..4 aspect=3 format=5 data=00EC5880
2959 pid=FFFDCE01 t=273843 grTexDownloadMipMap#203602 tmu=0 addr=0015B528 evenodd=3 lod=5..5 aspect=3 format=5 data=00EC5880
2960 pid=FFFDCE01 t=273843 grTexDownloadMipMap#203603 tmu=0 addr=0015B568 evenodd=3 lod=4..4 aspect=3 format=5 data=00EC5880
2961 pid=FFFDCE01 t=273844 grTexDownloadMipMap#203604 tmu=0 addr=0015B668 evenodd=3 lod=4..4 aspect=3 format=5 data=00EC5880
2962 pid=FFFDCE01 t=273844 grTexDownloadMipMap#203605 tmu=0 addr=0015B768 evenodd=3 lod=4..4 aspect=3 format=5 data=00EC5880
2963 pid=FFFDCE01 t=273844 grTexDownloadMipMap#203606 tmu=0 addr=0015B868 evenodd=3 lod=4..4 aspect=3 format=5 data=00EC5880
2964 pid=FFFDCE01 t=273846 grTexDownloadMipMap#203607 tmu=0 addr=0015B968 evenodd=3 lod=3..3 aspect=3 format=5 data=00EC5880
2965 pid=FFFDCE01 t=273846 grTexDownloadMipMap#203608 tmu=0 addr=0015BD68 evenodd=3 lod=3..3 aspect=3 format=5 data=00EC5880
2966 pid=FFFDCE01 t=273846 grTexDownloadMipMap#203609 tmu=0 addr=0015C168 evenodd=3 lod=4..4 aspect=3 format=5 data=00EC5880
2967 pid=FFFDCE01 t=273846 grTexDownloadMipMap#203610 tmu=0 addr=0015C268 evenodd=3 lod=4..4 aspect=3 format=5 data=00EC5880
2968 pid=FFFDCE01 t=273846 grTexDownloadMipMap#203611 tmu=0 addr=0015C368 evenodd=3 lod=6..6 aspect=3 format=5 data=00EC5880
2969 pid=FFFDCE01 t=273847 grTexDownloadMipMap#203612 tmu=0 addr=0015C378 evenodd=3 lod=6..6 aspect=3 format=5 data=00EC5880
2970 pid=FFFDCE01 t=273847 grTexDownloadMipMap#203613 tmu=0 addr=0015C388 evenodd=3 lod=4..4 aspect=3 format=5 data=00EC5880
2971 pid=FFFDCE01 t=273847 grTexDownloadMipMap#203614 tmu=0 addr=0015C488 evenodd=3 lod=4..4 aspect=3 format=5 data=00EC5880
2972 pid=FFFDCE01 t=273848 grTexDownloadMipMap#203615 tmu=0 addr=0015C588 evenodd=3 lod=6..6 aspect=3 format=5 data=00EC5880
2973 pid=FFFDCE01 t=273848 grTexDownloadMipMap#203617 tmu=0 addr=0015C5A8 evenodd=3 lod=3..3 aspect=3 format=5 data=00EC5880
2974 pid=FFFDCE01 t=273848 grTexDownloadMipMap#203618 tmu=0 addr=0015C9A8 evenodd=3 lod=3..3 aspect=3 format=5 data=00EC5880
2975 pid=FFFDCE01 t=273850 grTexDownloadMipMap#203619 tmu=0 addr=0015CDA8 evenodd=3 lod=3..3 aspect=3 format=5 data=00EC5880
2976 pid=FFFDCE01 t=273850 grTexDownloadMipMap#203620 tmu=0 addr=0015D1A8 evenodd=3 lod=3..3 aspect=3 format=5 data=00EC5880
2977 pid=FFFDCE01 t=273850 grTexDownloadMipMap#203621 tmu=0 addr=0015D5A8 evenodd=3 lod=3..3 aspect=3 format=5 data=00EC5880
2978 pid=FFFDCE01 t=273850 grTexDownloadMipMap#203622 tmu=0 addr=0015D9A8 evenodd=3 lod=3..3 aspect=3 format=5 data=00EC5880
2979 pid=FFFDCE01 t=273851 grTexDownloadMipMap#203623 tmu=0 addr=0015DDA8 evenodd=3 lod=3..3 aspect=3 format=5 data=00EC5880
2980 pid=FFFDCE01 t=273851 grTexDownloadMipMap#203624 tmu=0 addr=0015E1A8 evenodd=3 lod=3..3 aspect=3 format=5 data=00EC5880
2981 pid=FFFDCE01 t=273851 grTexDownloadMipMap#203625 tmu=0 addr=0015E5A8 evenodd=3 lod=3..3 aspect=3 format=5 data=00EC5880
2982 pid=FFFDCE01 t=273852 grTexDownloadMipMap#203626 tmu=0 addr=0015E9A8 evenodd=3 lod=3..3 aspect=3 format=5 data=00EC5880
2983 pid=FFFDCE01 t=273852 grTexDownloadMipMap#203627 tmu=0 addr=0015EDA8 evenodd=3 lod=3..3 aspect=3 format=5 data=00EC5880
2984 pid=FFFDCE01 t=273853 grTexDownloadMipMap#203628 tmu=0 addr=0015F1A8 evenodd=3 lod=3..3 aspect=3 format=5 data=00EC5880
2985 pid=FFFDCE01 t=273853 grTexDownloadMipMap#203629 tmu=0 addr=0015F5A8 evenodd=3 lod=3..3 aspect=3 format=5 data=00EC5880
2986 pid=FFFDCE01 t=273853 grTexDownloadMipMap#203630 tmu=0 addr=0015F9A8 evenodd=3 lod=3..3 aspect=3 format=5 data=00EC5880
2987 pid=FFFDCE01 t=273854 grTexDownloadMipMap#203631 tmu=0 addr=0015FDA8 evenodd=3 lod=7..7 aspect=3 format=5 data=00EC5880
2988 pid=FFFDCE01 t=273854 grTexDownloadMipMap#203632 tmu=0 addr=0015FDB0 evenodd=3 lod=3..3 aspect=3 format=5 data=00EC5880
2989 pid=FFFDCE01 t=273855 grTexDownloadMipMap#203633 tmu=0 addr=001601B0 evenodd=3 lod=3..3 aspect=3 format=5 data=00EC5880
2990 pid=FFFDCE01 t=273855 grTexDownloadMipMap#203634 tmu=0 addr=001605B0 evenodd=3 lod=3..3 aspect=3 format=5 data=00EC5880
2991 pid=FFFDCE01 t=273855 grTexDownloadMipMap#203635 tmu=0 addr=001609B0 evenodd=3 lod=3..3 aspect=3 format=5 data=00EC5880
2992 pid=FFFDCE01 t=273857 grTexDownloadMipMap#203636 tmu=0 addr=00160DB0 evenodd=3 lod=3..3 aspect=3 format=5 data=00EC5880
2993 pid=FFFDCE01 t=273857 grTexDownloadMipMap#203637 tmu=0 addr=001611B0 evenodd=3 lod=7..7 aspect=3 format=5 data=00EC5880
2994 pid=FFFDCE01 t=273857 grTexDownloadMipMap#203638 tmu=0 addr=001611B8 evenodd=3 lod=3..3 aspect=3 format=5 data=00EC5880
2995 pid=FFFDCE01 t=273857 grTexDownloadMipMap#203639 tmu=0 addr=001615B8 evenodd=3 lod=3..3 aspect=3 format=5 data=00EC5880
2996 pid=FFFDCE01 t=273857 grTexDownloadMipMap#203640 tmu=0 addr=001619B8 evenodd=3 lod=3..3 aspect=3 format=5 data=00EC5880
2997 pid=FFFDCE01 t=273858 grTexDownloadMipMap#203641 tmu=0 addr=00161DB8 evenodd=3 lod=3..3 aspect=3 format=5 data=00EC5880
2998 pid=FFFDCE01 t=273858 grTexDownloadMipMap#203642 tmu=0 addr=001621B8 evenodd=3 lod=3..3 aspect=3 format=5 data=00EC5880
2999 pid=FFFDCE01 t=273858 grTexDownloadMipMap#203643 tmu=0 addr=001625B8 evenodd=3 lod=7..7 aspect=3 format=5 data=00EC5880
3000 pid=FFFDCE01 t=273859 grTexDownloadMipMap#203644 tmu=0 addr=001625C0 evenodd=3 lod=3..3 aspect=3 format=5 data=00EC5880
3001 pid=FFFDCE01 t=273859 grTexDownloadMipMap#203645 tmu=0 addr=001629C0 evenodd=3 lod=3..3 aspect=3 format=5 data=00EC5880
3002 pid=FFFDCE01 t=273860 grTexDownloadMipMap#203646 tmu=0 addr=00162DC0 evenodd=3 lod=3..3 aspect=3 format=5 data=00EC5880
3003 pid=FFFDCE01 t=273860 grTexDownloadMipMap#203647 tmu=0 addr=001631C0 evenodd=3 lod=3..3 aspect=3 format=5 data=00EC5880
3004 pid=FFFDCE01 t=273860 grTexDownloadMipMap#203648 tmu=0 addr=001635C0 evenodd=3 lod=3..3 aspect=3 format=5 data=00EC5880
3005 pid=FFFDCE01 t=273861 grTexDownloadMipMap#203649 tmu=0 addr=001639C0 evenodd=3 lod=7..7 aspect=3 format=5 data=00EC5880
3006 pid=FFFDCE01 t=273861 grTexDownloadMipMap#203650 tmu=0 addr=001639C8 evenodd=3 lod=6..6 aspect=3 format=5 data=00EC5880
3007 pid=FFFDCE01 t=273861 grTexDownloadMipMap#203651 tmu=0 addr=001639D8 evenodd=3 lod=6..6 aspect=3 format=5 data=00EC5880
3008 pid=FFFDCE01 t=273861 grTexDownloadMipMap#203652 tmu=0 addr=001639E8 evenodd=3 lod=5..5 aspect=3 format=5 data=00EC5880
3009 pid=FFFDCE01 t=273862 grTexDownloadMipMap#203653 tmu=0 addr=00163A28 evenodd=3 lod=5..5 aspect=3 format=5 data=00EC5880
3010 pid=FFFDCE01 t=273862 grTexDownloadMipMap#203654 tmu=0 addr=00163A68 evenodd=3 lod=6..6 aspect=3 format=5 data=00EC5880
3011 pid=FFFDCE01 t=273862 grTexDownloadMipMap#203655 tmu=0 addr=00163A78 evenodd=3 lod=6..6 aspect=3 format=5 data=00EC5880
3012 pid=FFFDCE01 t=273862 grTexDownloadMipMap#203656 tmu=0 addr=00163A88 evenodd=3 lod=5..5 aspect=3 format=5 data=00EC5880
3013 pid=FFFDCE01 t=273863 grTexDownloadMipMap#203657 tmu=0 addr=00163AC8 evenodd=3 lod=5..5 aspect=3 format=5 data=00EC5880
3014 pid=FFFDCE01 t=273863 grTexDownloadMipMap#203658 tmu=0 addr=00163B08 evenodd=3 lod=6..6 aspect=3 format=5 data=00EC5880
3015 pid=FFFDCE01 t=273863 grTexDownloadMipMap#203659 tmu=0 addr=00163B18 evenodd=3 lod=6..6 aspect=3 format=5 data=00EC5880
3016 pid=FFFDCE01 t=273865 grTexDownloadMipMap#203660 tmu=0 addr=00163B28 evenodd=3 lod=3..3 aspect=3 format=5 data=00EC5880
3017 pid=FFFDCE01 t=273865 grTexDownloadMipMap#203661 tmu=0 addr=00163F28 evenodd=3 lod=3..3 aspect=3 format=5 data=00EC5880
3018 pid=FFFDCE01 t=273865 grTexDownloadMipMap#203662 tmu=0 addr=00164328 evenodd=3 lod=4..4 aspect=3 format=5 data=00EC5880
3019 pid=FFFDCE01 t=273865 grTexDownloadMipMap#203663 tmu=0 addr=00164428 evenodd=3 lod=4..4 aspect=3 format=5 data=00EC5880
3020 pid=FFFDCE01 t=273865 grTexDownloadMipMap#203664 tmu=0 addr=00164528 evenodd=3 lod=3..3 aspect=3 format=5 data=00EC5880
3021 pid=FFFDCE01 t=273865 grTexDownloadMipMap#203665 tmu=0 addr=00164928 evenodd=3 lod=3..3 aspect=3 format=5 data=00EC5880
3022 pid=FFFDCE01 t=273866 grTexDownloadMipMap#203666 tmu=0 addr=00164D28 evenodd=3 lod=3..3 aspect=3 format=5 data=00EC5880
3023 pid=FFFDCE01 t=273866 grTexDownloadMipMap#203667 tmu=0 addr=00165128 evenodd=3 lod=3..3 aspect=3 format=5 data=00EC5880
3024 pid=FFFDCE01 t=273867 grTexDownloadMipMap#203668 tmu=0 addr=00165528 evenodd=3 lod=4..4 aspect=3 format=5 data=00EC5880
3025 pid=FFFDCE01 t=273867 grTexDownloadMipMap#203670 tmu=0 addr=00165728 evenodd=3 lod=4..4 aspect=3 format=5 data=00EC5880
3026 pid=FFFDCE01 t=273867 grTexDownloadMipMap#203671 tmu=0 addr=00165828 evenodd=3 lod=4..4 aspect=3 format=5 data=00EC5880
3027 pid=FFFDCE01 t=273868 grTexDownloadMipMap#203672 tmu=0 addr=00165928 evenodd=3 lod=4..4 aspect=3 format=5 data=00EC5880
3028 pid=FFFDCE01 t=273868 grTexDownloadMipMap#203674 tmu=0 addr=00165B28 evenodd=3 lod=4..4 aspect=3 format=5 data=00EC5880
3029 pid=FFFDCE01 t=273868 grTexDownloadMipMap#203675 tmu=0 addr=00165C28 evenodd=3 lod=4..4 aspect=3 format=5 data=00EC5880
3030 pid=FFFDCE01 t=273869 grTexDownloadMipMap#203676 tmu=0 addr=00165D28 evenodd=3 lod=4..4 aspect=3 format=5 data=00EC5880
3031 pid=FFFDCE01 t=273869 grTexDownloadMipMap#203678 tmu=0 addr=00165F28 evenodd=3 lod=3..3 aspect=3 format=5 data=00EC5880
3032 pid=FFFDCE01 t=273870 grTexDownloadMipMap#203679 tmu=0 addr=00166328 evenodd=3 lod=3..3 aspect=3 format=5 data=00EC5880
3033 pid=FFFDCE01 t=273870 grTexDownloadMipMap#203680 tmu=0 addr=00166728 evenodd=3 lod=5..5 aspect=3 format=5 data=00EC5880
3034 pid=FFFDCE01 t=273870 grTexDownloadMipMap#203681 tmu=0 addr=00166768 evenodd=3 lod=5..5 aspect=3 format=5 data=00EC5880
3035 pid=FFFDCE01 t=273870 grTexDownloadMipMap#203682 tmu=0 addr=001667A8 evenodd=3 lod=4..4 aspect=3 format=5 data=00EC5880
3036 pid=FFFDCE01 t=273871 grTexDownloadMipMap#203683 tmu=0 addr=001668A8 evenodd=3 lod=4..4 aspect=3 format=5 data=00EC5880
3037 pid=FFFDCE01 t=273871 grTexDownloadMipMap#203684 tmu=0 addr=001669A8 evenodd=3 lod=5..5 aspect=3 format=5 data=00EC5880
3038 pid=FFFDCE01 t=273871 grTexDownloadMipMap#203685 tmu=0 addr=001669E8 evenodd=3 lod=5..5 aspect=3 format=5 data=00EC5880
3039 pid=FFFDCE01 t=273872 grTexDownloadMipMap#203687 tmu=0 addr=00166B28 evenodd=3 lod=4..4 aspect=3 format=5 data=00EC5880
3040 pid=FFFDCE01 t=273872 grTexDownloadMipMap#203688 tmu=0 addr=00166C28 evenodd=3 lod=4..4 aspect=3 format=5 data=00EC5880
3041 pid=FFFDCE01 t=273872 grTexDownloadMipMap#203689 tmu=0 addr=00166D28 evenodd=3 lod=4..4 aspect=3 format=5 data=00EC5880
3042 pid=FFFDCE01 t=273874 grTexDownloadMipMap#203691 tmu=0 addr=00166F28 evenodd=3 lod=4..4 aspect=3 format=5 data=00EC5880
3043 pid=FFFDCE01 t=273874 grTexDownloadMipMap#203692 tmu=0 addr=00167028 evenodd=3 lod=7..7 aspect=3 format=5 data=00EC5880
3044 pid=FFFDCE01 t=273874 grTexDownloadMipMap#203693 tmu=0 addr=00167030 evenodd=3 lod=7..7 aspect=3 format=5 data=00EC5880
3045 pid=FFFDCE01 t=273874 grTexDownloadMipMap#203694 tmu=0 addr=00167038 evenodd=3 lod=7..7 aspect=3 format=5 data=00EC5880
3046 pid=FFFDCE01 t=273874 grTexDownloadMipMap#203695 tmu=0 addr=00167040 evenodd=3 lod=7..7 aspect=3 format=5 data=00EC5880
3047 pid=FFFDCE01 t=273874 grTexDownloadMipMap#203696 tmu=0 addr=00167048 evenodd=3 lod=3..3 aspect=3 format=5 data=00EC5880
3048 pid=FFFDCE01 t=273875 grTexDownloadMipMap#203697 tmu=0 addr=00167448 evenodd=3 lod=3..3 aspect=3 format=5 data=00EC5880
3049 pid=FFFDCE01 t=273875 grTexDownloadMipMap#203698 tmu=0 addr=00167848 evenodd=3 lod=4..4 aspect=3 format=5 data=00EC5880
3050 pid=FFFDCE01 t=273875 grTexDownloadMipMap#203699 tmu=0 addr=00167948 evenodd=3 lod=4..4 aspect=3 format=5 data=00EC5880
3051 pid=FFFDCE01 t=273876 grTexDownloadMipMap#203700 tmu=0 addr=00167A48 evenodd=3 lod=3..3 aspect=3 format=5 data=00EC5880
3052 pid=FFFDCE01 t=273876 grTexDownloadMipMap#203701 tmu=0 addr=00167E48 evenodd=3 lod=3..3 aspect=3 format=5 data=00EC5880
3053 pid=FFFDCE01 t=273879 grTexDownloadMipMap#203702 tmu=0 addr=00168248 evenodd=3 lod=3..3 aspect=3 format=5 data=00EC7960
3054 pid=FFFDCE01 t=273881 grTexDownloadMipMap#203703 tmu=0 addr=00168648 evenodd=3 lod=3..3 aspect=3 format=5 data=00EC7960
3055 pid=FFFDCE01 t=273881 grTexDownloadMipMap#203704 tmu=0 addr=00168A48 evenodd=3 lod=3..3 aspect=3 format=5 data=00EC7960
3056 pid=FFFDCE01 t=273881 grTexDownloadMipMap#203705 tmu=0 addr=00168E48 evenodd=3 lod=3..3 aspect=3 format=5 data=00EC7960
3057 pid=FFFDCE01 t=273881 grTexDownloadMipMap#203706 tmu=0 addr=00169248 evenodd=3 lod=5..5 aspect=3 format=5 data=00EC7960
3058 pid=FFFDCE01 t=273881 grTexDownloadMipMap#203707 tmu=0 addr=00169288 evenodd=3 lod=5..5 aspect=3 format=5 data=00EC7960
3059 pid=FFFDCE01 t=273881 grTexDownloadMipMap#203708 tmu=0 addr=001692C8 evenodd=3 lod=7..7 aspect=3 format=5 data=00EC7960
3060 pid=FFFDCE01 t=273881 grTexDownloadMipMap#203709 tmu=0 addr=001692D0 evenodd=3 lod=7..7 aspect=3 format=5 data=00EC7960
3061 pid=FFFDCE01 t=273882 grTexDownloadMipMap#203710 tmu=0 addr=001692D8 evenodd=3 lod=5..5 aspect=3 format=5 data=00EC7960
3062 pid=FFFDCE01 t=273882 grTexDownloadMipMap#203711 tmu=0 addr=00169318 evenodd=3 lod=5..5 aspect=3 format=5 data=00EC7960
3063 pid=FFFDCE01 t=273882 grTexDownloadMipMap#203712 tmu=0 addr=00169358 evenodd=3 lod=4..4 aspect=3 format=5 data=00EC7960
3064 pid=FFFDCE01 t=273883 grTexDownloadMipMap#203713 tmu=0 addr=00169458 evenodd=3 lod=4..4 aspect=3 format=5 data=00EC7960
3065 pid=FFFDCE01 t=273883 grTexDownloadMipMap#203714 tmu=0 addr=00169558 evenodd=3 lod=4..4 aspect=3 format=5 data=00EC7960
3066 pid=FFFDCE01 t=273883 grTexDownloadMipMap#203715 tmu=0 addr=00169658 evenodd=3 lod=4..4 aspect=3 format=5 data=00EC7960
3067 pid=FFFDCE01 t=273884 grTexDownloadMipMap#203716 tmu=0 addr=00169758 evenodd=3 lod=3..3 aspect=3 format=5 data=00EC7960
3068 pid=FFFDCE01 t=273884 grTexDownloadMipMap#203717 tmu=0 addr=00169B58 evenodd=3 lod=3..3 aspect=3 format=5 data=00EC7960
3069 pid=FFFDCE01 t=273884 grTexDownloadMipMap#203718 tmu=0 addr=00169F58 evenodd=3 lod=3..3 aspect=3 format=5 data=00EC7960
3070 pid=FFFDCE01 t=273885 grTexDownloadMipMap#203719 tmu=0 addr=0016A358 evenodd=3 lod=3..3 aspect=3 format=5 data=00EC7960
3071 pid=FFFDCE01 t=273885 grTexDownloadMipMap#203720 tmu=0 addr=0016A758 evenodd=3 lod=5..5 aspect=3 format=5 data=00EC7960
3072 pid=FFFDCE01 t=273885 grTexDownloadMipMap#203721 tmu=0 addr=0016A798 evenodd=3 lod=5..5 aspect=3 format=5 data=00EC7960
3073 pid=FFFDCE01 t=273886 grTexDownloadMipMap#203722 tmu=0 addr=0016A7D8 evenodd=3 lod=4..4 aspect=3 format=5 data=00EC7960
3074 pid=FFFDCE01 t=273886 grTexDownloadMipMap#203723 tmu=0 addr=0016A8D8 evenodd=3 lod=4..4 aspect=3 format=5 data=00EC7960
3075 pid=FFFDCE01 t=273886 grTexDownloadMipMap#203724 tmu=0 addr=0016A9D8 evenodd=3 lod=4..4 aspect=3 format=5 data=00EC7960
3076 pid=FFFDCE01 t=273886 grTexDownloadMipMap#203725 tmu=0 addr=0016AAD8 evenodd=3 lod=4..4 aspect=3 format=5 data=00EC7960
3077 pid=FFFDCE01 t=273887 grTexDownloadMipMap#203726 tmu=0 addr=0016ABD8 evenodd=3 lod=3..3 aspect=3 format=5 data=00EC7960
3078 pid=FFFDCE01 t=273887 grTexDownloadMipMap#203727 tmu=0 addr=0016AFD8 evenodd=3 lod=3..3 aspect=3 format=5 data=00EC7960
3079 pid=FFFDCE01 t=273887 grTexDownloadMipMap#203728 tmu=0 addr=0016B3D8 evenodd=3 lod=6..6 aspect=3 format=5 data=00EC7960
3080 pid=FFFDCE01 t=273889 grTexDownloadMipMap#203729 tmu=0 addr=0016B3E8 evenodd=3 lod=6..6 aspect=3 format=5 data=00EC7960
3081 pid=FFFDCE01 t=273889 grTexDownloadMipMap#203730 tmu=0 addr=0016B3F8 evenodd=3 lod=5..5 aspect=3 format=5 data=00EC7960
3082 pid=FFFDCE01 t=273889 grTexDownloadMipMap#203731 tmu=0 addr=0016B438 evenodd=3 lod=5..5 aspect=3 format=5 data=00EC7960
3083 pid=FFFDCE01 t=273889 grTexDownloadMipMap#203732 tmu=0 addr=0016B478 evenodd=3 lod=3..3 aspect=3 format=5 data=00EC7960
3084 pid=FFFDCE01 t=273889 grTexDownloadMipMap#203733 tmu=0 addr=0016B878 evenodd=3 lod=3..3 aspect=3 format=5 data=00EC7960
3085 pid=FFFDCE01 t=273889 grTexDownloadMipMap#203734 tmu=0 addr=0016BC78 evenodd=3 lod=4..4 aspect=3 format=5 data=00EC7960
3086 pid=FFFDCE01 t=273890 grTexDownloadMipMap#203735 tmu=0 addr=0016BD78 evenodd=3 lod=4..4 aspect=3 format=5 data=00EC7960
3087 pid=FFFDCE01 t=273890 grTexDownloadMipMap#203736 tmu=0 addr=0016BE78 evenodd=3 lod=5..5 aspect=3 format=5 data=00EC7960
3088 pid=FFFDCE01 t=273890 grTexDownloadMipMap#203737 tmu=0 addr=0016BEB8 evenodd=3 lod=5..5 aspect=3 format=5 data=00EC7960
3089 pid=FFFDCE01 t=273891 grTexDownloadMipMap#203738 tmu=0 addr=0016BEF8 evenodd=3 lod=3..3 aspect=3 format=5 data=00EC7960
3090 pid=FFFDCE01 t=273891 grTexDownloadMipMap#203739 tmu=0 addr=0016C2F8 evenodd=3 lod=3..3 aspect=3 format=5 data=00EC7960
3091 pid=FFFDCE01 t=273891 grTexDownloadMipMap#203740 tmu=0 addr=0016C6F8 evenodd=3 lod=4..4 aspect=3 format=5 data=00EC7960
3092 pid=FFFDCE01 t=273892 grTexDownloadMipMap#203741 tmu=0 addr=0016C7F8 evenodd=3 lod=4..4 aspect=3 format=5 data=00EC7960
3093 pid=FFFDCE01 t=273892 grTexDownloadMipMap#203742 tmu=0 addr=0016C8F8 evenodd=3 lod=4..4 aspect=3 format=5 data=00EC7960
3094 pid=FFFDCE01 t=273892 grTexDownloadMipMap#203743 tmu=0 addr=0016C9F8 evenodd=3 lod=4..4 aspect=3 format=5 data=00EC7960
3095 pid=FFFDCE01 t=273893 grTexDownloadMipMap#203744 tmu=0 addr=0016CAF8 evenodd=3 lod=4..4 aspect=3 format=5 data=00EC7960
3096 pid=FFFDCE01 t=273893 grTexDownloadMipMap#203745 tmu=0 addr=0016CBF8 evenodd=3 lod=4..4 aspect=3 format=5 data=00EC7960
3097 pid=FFFDCE01 t=273893 grTexDownloadMipMap#203746 tmu=0 addr=0016CCF8 evenodd=3 lod=3..3 aspect=3 format=5 data=00EC7960
3098 pid=FFFDCE01 t=273894 grTexDownloadMipMap#203747 tmu=0 addr=0016D0F8 evenodd=3 lod=3..3 aspect=3 format=5 data=00EC7960
3099 pid=FFFDCE01 t=273894 grTexDownloadMipMap#203748 tmu=0 addr=0016D4F8 evenodd=3 lod=3..3 aspect=3 format=5 data=00EC7960
3100 pid=FFFDCE01 t=273894 grTexDownloadMipMap#203749 tmu=0 addr=0016D8F8 evenodd=3 lod=3..3 aspect=3 format=5 data=00EC7960
3101 pid=FFFDCE01 t=273896 grTexDownloadMipMap#203750 tmu=0 addr=0016DCF8 evenodd=3 lod=3..3 aspect=3 format=5 data=00EC7960
3102 pid=FFFDCE01 t=273896 grTexDownloadMipMap#203751 tmu=0 addr=0016E0F8 evenodd=3 lod=3..3 aspect=3 format=5 data=00EC7960
3103 pid=FFFDCE01 t=273896 grTexDownloadMipMap#203752 tmu=0 addr=0016E4F8 evenodd=3 lod=3..3 aspect=3 format=5 data=00EC7960
3104 pid=FFFDCE01 t=273896 grTexDownloadMipMap#203753 tmu=0 addr=0016E8F8 evenodd=3 lod=3..3 aspect=3 format=5 data=00EC7960
3105 pid=FFFDCE01 t=273896 grTexDownloadMipMap#203754 tmu=0 addr=0016ECF8 evenodd=3 lod=4..4 aspect=3 format=5 data=00EC7960
3106 pid=FFFDCE01 t=273897 grTexDownloadMipMap#203755 tmu=0 addr=0016EDF8 evenodd=3 lod=4..4 aspect=3 format=5 data=00EC7960
3107 pid=FFFDCE01 t=273897 grTexDownloadMipMap#203756 tmu=0 addr=0016EEF8 evenodd=3 lod=3..3 aspect=3 format=5 data=00EC7960
3108 pid=FFFDCE01 t=273898 grTexDownloadMipMap#203757 tmu=0 addr=0016F2F8 evenodd=3 lod=3..3 aspect=3 format=5 data=00EC7960
3109 pid=FFFDCE01 t=273898 grTexDownloadMipMap#203758 tmu=0 addr=0016F6F8 evenodd=3 lod=3..3 aspect=3 format=5 data=00EC7960
3110 pid=FFFDCE01 t=273898 grTexDownloadMipMap#203759 tmu=0 addr=0016FAF8 evenodd=3 lod=3..3 aspect=3 format=5 data=00EC7960
3111 pid=FFFDCE01 t=273899 grTexDownloadMipMap#203760 tmu=0 addr=0016FEF8 evenodd=3 lod=5..5 aspect=3 format=5 data=00EC7960
3112 pid=FFFDCE01 t=273899 grTexDownloadMipMap#203761 tmu=0 addr=0016FF38 evenodd=3 lod=5..5 aspect=3 format=5 data=00EC7960
3113 pid=FFFDCE01 t=273899 grTexDownloadMipMap#203762 tmu=0 addr=0016FF78 evenodd=3 lod=5..5 aspect=3 format=5 data=00EC7960
3114 pid=FFFDCE01 t=273899 grTexDownloadMipMap#203763 tmu=0 addr=0016FFB8 evenodd=3 lod=5..5 aspect=3 format=5 data=00EC7960
3115 pid=FFFDCE01 t=273900 grTexDownloadMipMap#203764 tmu=0 addr=0016FFF8 evenodd=3 lod=3..3 aspect=3 format=5 data=00EC7960
3116 pid=FFFDCE01 t=273900 grTexDownloadMipMap#203765 tmu=0 addr=001703F8 evenodd=3 lod=3..3 aspect=3 format=5 data=00EC7960
3117 pid=FFFDCE01 t=273901 grTexDownloadMipMap#203766 tmu=0 addr=001707F8 evenodd=3 lod=4..4 aspect=3 format=5 data=00EC7960
3118 pid=FFFDCE01 t=273901 grTexDownloadMipMap#203767 tmu=0 addr=001708F8 evenodd=3 lod=4..4 aspect=3 format=5 data=00EC7960
3119 pid=FFFDCE01 t=273901 grTexDownloadMipMap#203768 tmu=0 addr=001709F8 evenodd=3 lod=4..4 aspect=3 format=5 data=00EC7960
3120 pid=FFFDCE01 t=273901 grTexDownloadMipMap#203769 tmu=0 addr=00170AF8 evenodd=3 lod=4..4 aspect=3 format=5 data=00EC7960
3121 pid=FFFDCE01 t=273902 grTexDownloadMipMap#203770 tmu=0 addr=00170BF8 evenodd=3 lod=3..3 aspect=3 format=5 data=00EC7960
3122 pid=FFFDCE01 t=273902 grTexDownloadMipMap#203771 tmu=0 addr=00170FF8 evenodd=3 lod=5..5 aspect=3 format=5 data=00EC7960
3123 pid=FFFDCE01 t=273904 grTexDownloadMipMap#203772 tmu=0 addr=00171038 evenodd=3 lod=3..3 aspect=3 format=5 data=00EC7960
3124 pid=FFFDCE01 t=273904 grTexDownloadMipMap#203773 tmu=0 addr=00171438 evenodd=3 lod=5..5 aspect=3 format=5 data=00EC7960
3125 pid=FFFDCE01 t=273904 grTexDownloadMipMap#203774 tmu=0 addr=00171478 evenodd=3 lod=3..3 aspect=3 format=5 data=00EC7960
3126 pid=FFFDCE01 t=273904 grTexDownloadMipMap#203775 tmu=0 addr=00171878 evenodd=3 lod=5..5 aspect=3 format=5 data=00EC7960
3127 pid=FFFDCE01 t=273904 grTexDownloadMipMap#203776 tmu=0 addr=001718B8 evenodd=3 lod=3..3 aspect=3 format=5 data=00EC7960
3128 pid=FFFDCE01 t=273904 grTexDownloadMipMap#203777 tmu=0 addr=00171CB8 evenodd=3 lod=3..3 aspect=3 format=5 data=00EC7960
3129 pid=FFFDCE01 t=273905 grTexDownloadMipMap#203778 tmu=0 addr=001720B8 evenodd=3 lod=5..5 aspect=3 format=5 data=00EC7960
3130 pid=FFFDCE01 t=273905 grTexDownloadMipMap#203779 tmu=0 addr=001720F8 evenodd=3 lod=3..3 aspect=3 format=5 data=00EC7960
3131 pid=FFFDCE01 t=273905 grTexDownloadMipMap#203780 tmu=0 addr=001724F8 evenodd=3 lod=5..5 aspect=3 format=5 data=00EC7960
3132 pid=FFFDCE01 t=273906 grTexDownloadMipMap#203781 tmu=0 addr=00172538 evenodd=3 lod=3..3 aspect=3 format=5 data=00EC7960
3133 pid=FFFDCE01 t=273906 grTexDownloadMipMap#203782 tmu=0 addr=00172938 evenodd=3 lod=5..5 aspect=3 format=5 data=00EC7960
3134 pid=FFFDCE01 t=273906 grTexDownloadMipMap#203783 tmu=0 addr=00172978 evenodd=3 lod=3..3 aspect=3 format=5 data=00EC7960
3135 pid=FFFDCE01 t=273907 grTexDownloadMipMap#203784 tmu=0 addr=00172D78 evenodd=3 lod=6..6 aspect=3 format=5 data=00EC7960
3136 pid=FFFDCE01 t=273907 grTexDownloadMipMap#203785 tmu=0 addr=00172D88 evenodd=3 lod=4..4 aspect=3 format=5 data=00EC7960
3137 pid=FFFDCE01 t=273907 grTexDownloadMipMap#203786 tmu=0 addr=00172E88 evenodd=3 lod=4..4 aspect=3 format=5 data=00EC7960
3138 pid=FFFDCE01 t=273908 grTexDownloadMipMap#203787 tmu=0 addr=00172F88 evenodd=3 lod=6..6 aspect=3 format=5 data=00EC7960
3139 pid=FFFDCE01 t=273908 grTexDownloadMipMap#203788 tmu=0 addr=00172F98 evenodd=3 lod=4..4 aspect=3 format=5 data=00EC7960
3140 pid=FFFDCE01 t=273908 grTexDownloadMipMap#203789 tmu=0 addr=00173098 evenodd=3 lod=4..4 aspect=3 format=5 data=00EC7960
3141 pid=FFFDCE01 t=273908 grTexDownloadMipMap#203790 tmu=0 addr=00173198 evenodd=3 lod=4..4 aspect=3 format=5 data=00EC7960
3142 pid=FFFDCE01 t=273909 grTexDownloadMipMap#203791 tmu=0 addr=00173298 evenodd=3 lod=5..5 aspect=3 format=5 data=00EC7960
3143 pid=FFFDCE01 t=273909 grTexDownloadMipMap#203792 tmu=0 addr=001732D8 evenodd=3 lod=5..5 aspect=3 format=5 data=00EC7960
3144 pid=FFFDCE01 t=273909 grTexDownloadMipMap#203793 tmu=0 addr=00173318 evenodd=3 lod=5..5 aspect=3 format=5 data=00EC7960
3145 pid=FFFDCE01 t=273909 grTexDownloadMipMap#203794 tmu=0 addr=00173358 evenodd=3 lod=4..4 aspect=3 format=5 data=00EC7960
3146 pid=FFFDCE01 t=273910 grTexDownloadMipMap#203795 tmu=0 addr=00173458 evenodd=3 lod=3..3 aspect=3 format=5 data=00EC7960
3147 pid=FFFDCE01 t=273910 grTexDownloadMipMap#203796 tmu=0 addr=00173858 evenodd=3 lod=4..4 aspect=3 format=5 data=00EC7960
3148 pid=FFFDCE01 t=273911 grTexDownloadMipMap#203797 tmu=0 addr=00173958 evenodd=3 lod=3..3 aspect=3 format=5 data=00EC7960
3149 pid=FFFDCE01 t=273911 grTexDownloadMipMap#203798 tmu=0 addr=00173D58 evenodd=3 lod=3..3 aspect=3 format=5 data=00EC7960
3150 pid=FFFDCE01 t=273911 grTexDownloadMipMap#203799 tmu=0 addr=00174158 evenodd=3 lod=3..3 aspect=3 format=5 data=00EC7960
3151 pid=FFFDCE01 t=273913 grTexDownloadMipMap#203800 tmu=0 addr=00174558 evenodd=3 lod=3..3 aspect=3 format=5 data=00EC7960
3152 pid=FFFDCE01 t=273913 grTexDownloadMipMap#203801 tmu=0 addr=00174958 evenodd=3 lod=3..3 aspect=3 format=5 data=00EC7960
3153 pid=FFFDCE01 t=273913 grTexDownloadMipMap#203802 tmu=0 addr=00174D58 evenodd=3 lod=7..7 aspect=3 format=5 data=00EC7960
3154 pid=FFFDCE01 t=273913 grTexDownloadMipMap#203803 tmu=0 addr=00174D60 evenodd=3 lod=3..3 aspect=3 format=5 data=00EC7960
3155 pid=FFFDCE01 t=273913 grTexDownloadMipMap#203804 tmu=0 addr=00175160 evenodd=3 lod=3..3 aspect=3 format=5 data=00EC7960
3156 pid=FFFDCE01 t=273914 grTexDownloadMipMap#203805 tmu=0 addr=00175560 evenodd=3 lod=3..3 aspect=3 format=5 data=00EC7960
3157 pid=FFFDCE01 t=273914 grTexDownloadMipMap#203806 tmu=0 addr=00175960 evenodd=3 lod=3..3 aspect=3 format=5 data=00EC7960
3158 pid=FFFDCE01 t=273915 grTexDownloadMipMap#203807 tmu=0 addr=00175D60 evenodd=3 lod=3..3 aspect=3 format=5 data=00EC7960
3159 pid=FFFDCE01 t=273915 grTexDownloadMipMap#203808 tmu=0 addr=00176160 evenodd=3 lod=7..7 aspect=3 format=5 data=00EC7960
3160 pid=FFFDCE01 t=273915 grTexDownloadMipMap#203809 tmu=0 addr=00176168 evenodd=3 lod=3..3 aspect=3 format=5 data=00EC7960
3161 pid=FFFDCE01 t=273916 grTexDownloadMipMap#203810 tmu=0 addr=00176568 evenodd=3 lod=3..3 aspect=3 format=5 data=00EC7960
3162 pid=FFFDCE01 t=273916 grTexDownloadMipMap#203811 tmu=0 addr=00176968 evenodd=3 lod=3..3 aspect=3 format=5 data=00EC7960
3163 pid=FFFDCE01 t=273916 grTexDownloadMipMap#203812 tmu=0 addr=00176D68 evenodd=3 lod=3..3 aspect=3 format=5 data=00EC7960
3164 pid=FFFDCE01 t=273917 grTexDownloadMipMap#203813 tmu=0 addr=00177168 evenodd=3 lod=3..3 aspect=3 format=5 data=00EC7960
3165 pid=FFFDCE01 t=273917 grTexDownloadMipMap#203814 tmu=0 addr=00177568 evenodd=3 lod=7..7 aspect=3 format=5 data=00EC7960
3166 pid=FFFDCE01 t=273919 grTexDownloadMipMap#203815 tmu=0 addr=00177570 evenodd=3 lod=3..3 aspect=3 format=5 data=00EC7960
3167 pid=FFFDCE01 t=273919 grTexDownloadMipMap#203816 tmu=0 addr=00177970 evenodd=3 lod=3..3 aspect=3 format=5 data=00EC7960
3168 pid=FFFDCE01 t=273919 grTexDownloadMipMap#203817 tmu=0 addr=00177D70 evenodd=3 lod=3..3 aspect=3 format=5 data=00EC7960
3169 pid=FFFDCE01 t=273919 grTexDownloadMipMap#203818 tmu=0 addr=00178170 evenodd=3 lod=3..3 aspect=3 format=5 data=00EC7960
3170 pid=FFFDCE01 t=273919 grTexDownloadMipMap#203819 tmu=0 addr=00178570 evenodd=3 lod=3..3 aspect=3 format=5 data=00EC7960
3171 pid=FFFDCE01 t=273920 grTexDownloadMipMap#203820 tmu=0 addr=00178970 evenodd=3 lod=7..7 aspect=3 format=5 data=00EC7960
3172 pid=FFFDCE01 t=273920 grTexDownloadMipMap#203821 tmu=0 addr=00178978 evenodd=3 lod=3..3 aspect=3 format=5 data=00EC7960
3173 pid=FFFDCE01 t=273920 grTexDownloadMipMap#203822 tmu=0 addr=00178D78 evenodd=3 lod=3..3 aspect=3 format=5 data=00EC7960
3174 pid=FFFDCE01 t=273921 grTexDownloadMipMap#203823 tmu=0 addr=00179178 evenodd=3 lod=3..3 aspect=3 format=5 data=00EC7960
3175 pid=FFFDCE01 t=273921 grTexDownloadMipMap#203824 tmu=0 addr=00179578 evenodd=3 lod=4..4 aspect=3 format=5 data=00EC7960
3176 pid=FFFDCE01 t=273921 grTexDownloadMipMap#203825 tmu=0 addr=00179678 evenodd=3 lod=4..4 aspect=3 format=5 data=00EC7960
3177 pid=FFFDCE01 t=273922 grTexDownloadMipMap#203826 tmu=0 addr=00179778 evenodd=3 lod=3..3 aspect=3 format=5 data=00EC7960
3178 pid=FFFDCE01 t=273922 grTexDownloadMipMap#203827 tmu=0 addr=00179B78 evenodd=3 lod=3..3 aspect=3 format=5 data=00EC7960
3179 pid=FFFDCE01 t=273923 grTexDownloadMipMap#203828 tmu=0 addr=00179F78 evenodd=3 lod=3..3 aspect=3 format=5 data=00EC7960
3180 pid=FFFDCE01 t=273923 grTexDownloadMipMap#203829 tmu=0 addr=0017A378 evenodd=3 lod=3..3 aspect=3 format=5 data=00EC7960
3181 pid=FFFDCE01 t=273923 grTexDownloadMipMap#203830 tmu=0 addr=0017A778 evenodd=3 lod=4..4 aspect=3 format=5 data=00EC7960
3182 pid=FFFDCE01 t=273924 grTexDownloadMipMap#203831 tmu=0 addr=0017A878 evenodd=3 lod=4..4 aspect=3 format=5 data=00EC7960
3183 pid=FFFDCE01 t=273924 grTexDownloadMipMap#203832 tmu=0 addr=0017A978 evenodd=3 lod=4..4 aspect=3 format=5 data=00EC7960
3184 pid=FFFDCE01 t=273924 grTexDownloadMipMap#203833 tmu=0 addr=0017AA78 evenodd=3 lod=4..4 aspect=3 format=5 data=00EC7960
3185 pid=FFFDCE01 t=273925 grTexDownloadMipMap#203834 tmu=0 addr=0017AB78 evenodd=3 lod=3..3 aspect=3 format=5 data=00EC7960
3186 pid=FFFDCE01 t=273925 grTexDownloadMipMap#203835 tmu=0 addr=0017AF78 evenodd=3 lod=3..3 aspect=3 format=5 data=00EC7960
3187 pid=FFFDCE01 t=273925 grTexDownloadMipMap#203836 tmu=0 addr=0017B378 evenodd=3 lod=5..5 aspect=3 format=5 data=00EC7960
3188 pid=FFFDCE01 t=273927 grTexDownloadMipMap#203837 tmu=0 addr=0017B3B8 evenodd=3 lod=5..5 aspect=3 format=5 data=00EC7960
3189 pid=FFFDCE01 t=273927 grTexDownloadMipMap#203838 tmu=0 addr=0017B3F8 evenodd=3 lod=5..5 aspect=3 format=5 data=00EC7960
3190 pid=FFFDCE01 t=273927 grTexDownloadMipMap#203839 tmu=0 addr=0017B438 evenodd=3 lod=5..5 aspect=3 format=5 data=00EC7960
3191 pid=FFFDCE01 t=273927 grTexDownloadMipMap#203840 tmu=0 addr=0017B478 evenodd=3 lod=5..5 aspect=3 format=5 data=00EC7960
3192 pid=FFFDCE01 t=273927 grTexDownloadMipMap#203841 tmu=0 addr=0017B4B8 evenodd=3 lod=5..5 aspect=3 format=5 data=00EC7960
3193 pid=FFFDCE01 t=273927 grTexDownloadMipMap#203842 tmu=0 addr=0017B4F8 evenodd=3 lod=3..3 aspect=3 format=5 data=00EC7960
3194 pid=FFFDCE01 t=273928 grTexDownloadMipMap#203843 tmu=0 addr=0017B8F8 evenodd=3 lod=3..3 aspect=3 format=5 data=00EC7960
3195 pid=FFFDCE01 t=273928 grTexDownloadMipMap#203844 tmu=0 addr=0017BCF8 evenodd=3 lod=6..6 aspect=3 format=5 data=00EC7960
3196 pid=FFFDCE01 t=273928 grTexDownloadMipMap#203845 tmu=0 addr=0017BD08 evenodd=3 lod=6..6 aspect=3 format=5 data=00EC7960
3197 pid=FFFDCE01 t=273928 grTexDownloadMipMap#203846 tmu=0 addr=0017BD18 evenodd=3 lod=5..5 aspect=3 format=5 data=00EC7960
3198 pid=FFFDCE01 t=273929 grTexDownloadMipMap#203847 tmu=0 addr=0017BD58 evenodd=3 lod=5..5 aspect=3 format=5 data=00EC7960
3199 pid=FFFDCE01 t=273929 grTexDownloadMipMap#203848 tmu=0 addr=0017BD98 evenodd=3 lod=3..3 aspect=3 format=5 data=00EC7960
3200 pid=FFFDCE01 t=273929 grTexDownloadMipMap#203849 tmu=0 addr=0017C198 evenodd=3 lod=3..3 aspect=3 format=5 data=00EC7960
3201 pid=FFFDCE01 t=273930 grTexDownloadMipMap#203850 tmu=0 addr=0017C598 evenodd=3 lod=6..6 aspect=3 format=5 data=00EC7960
3202 pid=FFFDCE01 t=273930 grTexDownloadMipMap#203851 tmu=0 addr=0017C5A8 evenodd=3 lod=6..6 aspect=3 format=5 data=00EC7960
3203 pid=FFFDCE01 t=273930 grTexDownloadMipMap#203852 tmu=0 addr=0017C5B8 evenodd=3 lod=7..7 aspect=3 format=5 data=00EC7960
3204 pid=FFFDCE01 t=273930 grTexDownloadMipMap#203853 tmu=0 addr=0017C5C0 evenodd=3 lod=7..7 aspect=3 format=5 data=00EC7960
3205 pid=FFFDCE01 t=273931 grTexDownloadMipMap#203854 tmu=0 addr=0017C5C8 evenodd=3 lod=5..5 aspect=3 format=5 data=00EC7960
3206 pid=FFFDCE01 t=273931 grTexDownloadMipMap#203855 tmu=0 addr=0017C608 evenodd=3 lod=5..5 aspect=3 format=5 data=00EC7960
3207 pid=FFFDCE01 t=273931 grTexDownloadMipMap#203856 tmu=0 addr=0017C648 evenodd=3 lod=5..5 aspect=3 format=5 data=00EC7960
3208 pid=FFFDCE01 t=273931 grTexDownloadMipMap#203857 tmu=0 addr=0017C688 evenodd=3 lod=5..5 aspect=3 format=5 data=00EC7960
3209 pid=FFFDCE01 t=273932 grTexDownloadMipMap#203858 tmu=0 addr=0017C6C8 evenodd=3 lod=4..4 aspect=3 format=5 data=00EC7960
3210 pid=FFFDCE01 t=273932 grTexDownloadMipMap#203859 tmu=0 addr=0017C7C8 evenodd=3 lod=4..4 aspect=3 format=5 data=00EC7960
3211 pid=FFFDCE01 t=273932 grTexDownloadMipMap#203860 tmu=0 addr=0017C8C8 evenodd=3 lod=5..5 aspect=3 format=5 data=00EC7960
3212 pid=FFFDCE01 t=273933 grTexDownloadMipMap#203861 tmu=0 addr=0017C908 evenodd=3 lod=5..5 aspect=3 format=5 data=00EC7960
3213 pid=FFFDCE01 t=273933 grTexDownloadMipMap#203862 tmu=0 addr=0017C948 evenodd=3 lod=7..7 aspect=3 format=5 data=00EC7960
3214 pid=FFFDCE01 t=273933 grTexDownloadMipMap#203863 tmu=0 addr=0017C950 evenodd=3 lod=7..7 aspect=3 format=5 data=00EC7960
3215 pid=FFFDCE01 t=273933 grTexDownloadMipMap#203864 tmu=0 addr=0017C958 evenodd=3 lod=3..3 aspect=3 format=5 data=00EC7960
3216 pid=FFFDCE01 t=273935 grTexDownloadMipMap#203865 tmu=0 addr=0017CD58 evenodd=3 lod=3..3 aspect=3 format=5 data=00EC7960
3217 pid=FFFDCE01 t=273935 grTexDownloadMipMap#203866 tmu=0 addr=0017D158 evenodd=3 lod=7..7 aspect=3 format=5 data=00EC7960
3218 pid=FFFDCE01 t=273935 grTexDownloadMipMap#203867 tmu=0 addr=0017D160 evenodd=3 lod=7..7 aspect=3 format=5 data=00EC7960
3219 pid=FFFDCE01 t=273935 grTexDownloadMipMap#203868 tmu=0 addr=0017D168 evenodd=3 lod=7..7 aspect=3 format=5 data=00EC7960
3220 pid=FFFDCE01 t=273935 grTexDownloadMipMap#203869 tmu=0 addr=0017D170 evenodd=3 lod=7..7 aspect=3 format=5 data=00EC7960
3221 pid=FFFDCE01 t=273935 grTexDownloadMipMap#203870 tmu=0 addr=0017D178 evenodd=3 lod=3..3 aspect=3 format=5 data=00EC7960
3222 pid=FFFDCE01 t=273936 grTexDownloadMipMap#203871 tmu=0 addr=0017D578 evenodd=3 lod=3..3 aspect=3 format=5 data=00EC7960
3223 pid=FFFDCE01 t=273936 grTexDownloadMipMap#203872 tmu=0 addr=0017D978 evenodd=3 lod=3..3 aspect=3 format=5 data=00EC7960
3224 pid=FFFDCE01 t=273937 grTexDownloadMipMap#203873 tmu=0 addr=0017DD78 evenodd=3 lod=5..5 aspect=3 format=5 data=00EC7960
3225 pid=FFFDCE01 t=273937 grTexDownloadMipMap#203874 tmu=0 addr=0017DDB8 evenodd=3 lod=3..3 aspect=3 format=5 data=00EC7960
3226 pid=FFFDCE01 t=273937 grTexDownloadMipMap#203875 tmu=0 addr=0017E1B8 evenodd=3 lod=3..3 aspect=3 format=5 data=00EC7960
3227 pid=FFFDCE01 t=273940 grTexDownloadMipMap#203876 tmu=0 addr=0017E5B8 evenodd=3 lod=5..5 aspect=3 format=5 data=00ECA4F0
3228 pid=FFFDCE01 t=273941 grTexDownloadMipMap#203877 tmu=0 addr=0017E5F8 evenodd=3 lod=5..5 aspect=3 format=5 data=00ECA4F0
3229 pid=FFFDCE01 t=273941 grTexDownloadMipMap#203878 tmu=0 addr=0017E638 evenodd=3 lod=5..5 aspect=3 format=5 data=00ECA4F0
3230 pid=FFFDCE01 t=273941 grTexDownloadMipMap#203879 tmu=0 addr=0017E678 evenodd=3 lod=5..5 aspect=3 format=5 data=00ECA4F0
3231 pid=FFFDCE01 t=273941 grTexDownloadMipMap#203880 tmu=0 addr=0017E6B8 evenodd=3 lod=7..7 aspect=3 format=5 data=00ECA4F0
3232 pid=FFFDCE01 t=273943 grTexDownloadMipMap#203881 tmu=0 addr=0017E6C0 evenodd=3 lod=7..7 aspect=3 format=5 data=00ECA4F0
3233 pid=FFFDCE01 t=273943 grTexDownloadMipMap#203882 tmu=0 addr=0017E6C8 evenodd=3 lod=4..4 aspect=3 format=5 data=00ECA4F0
3234 pid=FFFDCE01 t=273943 grTexDownloadMipMap#203883 tmu=0 addr=0017E7C8 evenodd=3 lod=4..4 aspect=3 format=5 data=00ECA4F0
3235 pid=FFFDCE01 t=273943 grTexDownloadMipMap#203884 tmu=0 addr=0017E8C8 evenodd=3 lod=3..3 aspect=3 format=5 data=00ECA4F0
3236 pid=FFFDCE01 t=273943 grTexDownloadMipMap#203885 tmu=0 addr=0017ECC8 evenodd=3 lod=3..3 aspect=3 format=5 data=00ECA4F0
3237 pid=FFFDCE01 t=273944 grTexDownloadMipMap#203886 tmu=0 addr=0017F0C8 evenodd=3 lod=3..3 aspect=3 format=5 data=00ECA4F0
3238 pid=FFFDCE01 t=273944 grTexDownloadMipMap#203887 tmu=0 addr=0017F4C8 evenodd=3 lod=3..3 aspect=3 format=5 data=00ECA4F0
3239 pid=FFFDCE01 t=273944 grTexDownloadMipMap#203888 tmu=0 addr=0017F8C8 evenodd=3 lod=4..4 aspect=3 format=5 data=00ECA4F0
3240 pid=FFFDCE01 t=273945 grTexDownloadMipMap#203889 tmu=0 addr=0017F9C8 evenodd=3 lod=4..4 aspect=3 format=5 data=00ECA4F0
3241 pid=FFFDCE01 t=273945 grTexDownloadMipMap#203890 tmu=0 addr=0017FAC8 evenodd=3 lod=5..5 aspect=3 format=5 data=00ECA4F0
3242 pid=FFFDCE01 t=273945 grTexDownloadMipMap#203891 tmu=0 addr=0017FB08 evenodd=3 lod=5..5 aspect=3 format=5 data=00ECA4F0
3243 pid=FFFDCE01 t=273945 grTexDownloadMipMap#203892 tmu=0 addr=0017FB48 evenodd=3 lod=5..5 aspect=3 format=5 data=00ECA4F0
3244 pid=FFFDCE01 t=273946 grTexDownloadMipMap#203893 tmu=0 addr=0017FB88 evenodd=3 lod=5..5 aspect=3 format=5 data=00ECA4F0
3245 pid=FFFDCE01 t=273946 grTexDownloadMipMap#203894 tmu=0 addr=0017FBC8 evenodd=3 lod=4..4 aspect=3 format=5 data=00ECA4F0
3246 pid=FFFDCE01 t=273946 grTexDownloadMipMap#203895 tmu=0 addr=0017FCC8 evenodd=3 lod=4..4 aspect=3 format=5 data=00ECA4F0
3247 pid=FFFDCE01 t=273946 grTexDownloadMipMap#203896 tmu=0 addr=0017FDC8 evenodd=3 lod=6..6 aspect=3 format=5 data=00ECA4F0
3248 pid=FFFDCE01 t=273947 grTexDownloadMipMap#203897 tmu=0 addr=0017FDD8 evenodd=3 lod=6..6 aspect=3 format=5 data=00ECA4F0
3249 pid=FFFDCE01 t=273947 grTexDownloadMipMap#203898 tmu=0 addr=0017FDE8 evenodd=3 lod=3..3 aspect=3 format=5 data=00ECA4F0
3250 pid=FFFDCE01 t=273948 grTexDownloadMipMap#203899 tmu=0 addr=001801E8 evenodd=3 lod=3..3 aspect=3 format=5 data=00ECA4F0
3251 pid=FFFDCE01 t=273948 grTexDownloadMipMap#203900 tmu=0 addr=001805E8 evenodd=3 lod=5..5 aspect=3 format=5 data=00ECA4F0
3252 pid=FFFDCE01 t=273948 grTexDownloadMipMap#203901 tmu=0 addr=00180628 evenodd=3 lod=5..5 aspect=3 format=5 data=00ECA4F0
3253 pid=FFFDCE01 t=273949 grTexDownloadMipMap#203902 tmu=0 addr=00180668 evenodd=3 lod=3..3 aspect=3 format=5 data=00ECA4F0
3254 pid=FFFDCE01 t=273949 grTexDownloadMipMap#203903 tmu=0 addr=00180A68 evenodd=3 lod=3..3 aspect=3 format=5 data=00ECA4F0
3255 pid=FFFDCE01 t=273949 grTexDownloadMipMap#203904 tmu=0 addr=00180E68 evenodd=3 lod=3..3 aspect=3 format=5 data=00ECA4F0
3256 pid=FFFDCE01 t=273950 grTexDownloadMipMap#203905 tmu=0 addr=00181268 evenodd=3 lod=3..3 aspect=3 format=5 data=00ECA4F0
3257 pid=FFFDCE01 t=273950 grTexDownloadMipMap#203906 tmu=0 addr=00181668 evenodd=3 lod=3..3 aspect=3 format=5 data=00ECA4F0
3258 pid=FFFDCE01 t=273952 grTexDownloadMipMap#203907 tmu=0 addr=00181A68 evenodd=3 lod=3..3 aspect=3 format=5 data=00ECA4F0
3259 pid=FFFDCE01 t=273952 grTexDownloadMipMap#203908 tmu=0 addr=00181E68 evenodd=3 lod=7..7 aspect=3 format=5 data=00ECA4F0
3260 pid=FFFDCE01 t=273952 grTexDownloadMipMap#203909 tmu=0 addr=00181E70 evenodd=3 lod=7..7 aspect=3 format=5 data=00ECA4F0
3261 pid=FFFDCE01 t=273952 grTexDownloadMipMap#203910 tmu=0 addr=00181E78 evenodd=3 lod=4..4 aspect=3 format=5 data=00ECA4F0
3262 pid=FFFDCE01 t=273952 grTexDownloadMipMap#203911 tmu=0 addr=00181F78 evenodd=3 lod=4..4 aspect=3 format=5 data=00ECA4F0
3263 pid=FFFDCE01 t=273952 grTexDownloadMipMap#203912 tmu=0 addr=00182078 evenodd=3 lod=4..4 aspect=3 format=5 data=00ECA4F0
3264 pid=FFFDCE01 t=273952 grTexDownloadMipMap#203913 tmu=0 addr=00182178 evenodd=3 lod=4..4 aspect=3 format=5 data=00ECA4F0
3265 pid=FFFDCE01 t=273953 grTexDownloadMipMap#203914 tmu=0 addr=00182278 evenodd=3 lod=4..4 aspect=3 format=5 data=00ECA4F0
3266 pid=FFFDCE01 t=273953 grTexDownloadMipMap#203915 tmu=0 addr=00182378 evenodd=3 lod=4..4 aspect=3 format=5 data=00ECA4F0
3267 pid=FFFDCE01 t=273953 grTexDownloadMipMap#203916 tmu=0 addr=00182478 evenodd=3 lod=5..5 aspect=3 format=5 data=00ECA4F0
3268 pid=FFFDCE01 t=273953 grTexDownloadMipMap#203917 tmu=0 addr=001824B8 evenodd=3 lod=5..5 aspect=3 format=5 data=00ECA4F0
3269 pid=FFFDCE01 t=273954 grTexDownloadMipMap#203918 tmu=0 addr=001824F8 evenodd=3 lod=5..5 aspect=3 format=5 data=00ECA4F0
3270 pid=FFFDCE01 t=273954 grTexDownloadMipMap#203919 tmu=0 addr=00182538 evenodd=3 lod=5..5 aspect=3 format=5 data=00ECA4F0
3271 pid=FFFDCE01 t=273954 grTexDownloadMipMap#203920 tmu=0 addr=00182578 evenodd=3 lod=5..5 aspect=3 format=5 data=00ECA4F0
3272 pid=FFFDCE01 t=273955 grTexDownloadMipMap#203921 tmu=0 addr=001825B8 evenodd=3 lod=5..5 aspect=3 format=5 data=00ECA4F0
3273 pid=FFFDCE01 t=273955 grTexDownloadMipMap#203922 tmu=0 addr=001825F8 evenodd=3 lod=6..6 aspect=3 format=5 data=00ECA4F0
3274 pid=FFFDCE01 t=273955 grTexDownloadMipMap#203923 tmu=0 addr=00182608 evenodd=3 lod=6..6 aspect=3 format=5 data=00ECA4F0
3275 pid=FFFDCE01 t=273955 grTexDownloadMipMap#203924 tmu=0 addr=00182618 evenodd=3 lod=4..4 aspect=3 format=5 data=00ECA4F0
3276 pid=FFFDCE01 t=273956 grTexDownloadMipMap#203925 tmu=0 addr=00182718 evenodd=3 lod=4..4 aspect=3 format=5 data=00ECA4F0
3277 pid=FFFDCE01 t=273956 grTexDownloadMipMap#203926 tmu=0 addr=00182818 evenodd=3 lod=5..5 aspect=3 format=5 data=00ECA4F0
3278 pid=FFFDCE01 t=273956 grTexDownloadMipMap#203927 tmu=0 addr=00182858 evenodd=3 lod=5..5 aspect=3 format=5 data=00ECA4F0
3279 pid=FFFDCE01 t=273956 grTexDownloadMipMap#203928 tmu=0 addr=00182898 evenodd=3 lod=5..5 aspect=3 format=5 data=00ECA4F0
3280 pid=FFFDCE01 t=273957 grTexDownloadMipMap#203929 tmu=0 addr=001828D8 evenodd=3 lod=5..5 aspect=3 format=5 data=00ECA4F0
3281 pid=FFFDCE01 t=273957 grTexDownloadMipMap#203930 tmu=0 addr=00182918 evenodd=3 lod=3..3 aspect=3 format=5 data=00ECA4F0
3282 pid=FFFDCE01 t=273959 grTexDownloadMipMap#203931 tmu=0 addr=00182D18 evenodd=3 lod=3..3 aspect=3 format=5 data=00ECA4F0
3283 pid=FFFDCE01 t=273959 grTexDownloadMipMap#203932 tmu=0 addr=00183118 evenodd=3 lod=4..4 aspect=3 format=5 data=00ECA4F0
3284 pid=FFFDCE01 t=273959 grTexDownloadMipMap#203933 tmu=0 addr=00183218 evenodd=3 lod=4..4 aspect=3 format=5 data=00ECA4F0
3285 pid=FFFDCE01 t=273959 grTexDownloadMipMap#203934 tmu=0 addr=00183318 evenodd=3 lod=3..3 aspect=3 format=5 data=00ECA4F0
3286 pid=FFFDCE01 t=273959 grTexDownloadMipMap#203935 tmu=0 addr=00183718 evenodd=3 lod=3..3 aspect=3 format=5 data=00ECA4F0
3287 pid=FFFDCE01 t=273959 grTexDownloadMipMap#203936 tmu=0 addr=00183B18 evenodd=3 lod=3..3 aspect=3 format=5 data=00ECA4F0
3288 pid=FFFDCE01 t=273960 grTexDownloadMipMap#203937 tmu=0 addr=00183F18 evenodd=3 lod=3..3 aspect=3 format=5 data=00ECA4F0
3289 pid=FFFDCE01 t=273960 grTexDownloadMipMap#203938 tmu=0 addr=00184318 evenodd=3 lod=3..3 aspect=3 format=5 data=00ECA4F0
3290 pid=FFFDCE01 t=273961 grTexDownloadMipMap#203939 tmu=0 addr=00184718 evenodd=3 lod=3..3 aspect=3 format=5 data=00ECA4F0
3291 pid=FFFDCE01 t=273961 grTexDownloadMipMap#203940 tmu=0 addr=00184B18 evenodd=3 lod=3..3 aspect=3 format=5 data=00ECA4F0
3292 pid=FFFDCE01 t=273962 grTexDownloadMipMap#203941 tmu=0 addr=00184F18 evenodd=3 lod=3..3 aspect=3 format=5 data=00ECA4F0
3293 pid=FFFDCE01 t=273962 grTexDownloadMipMap#203942 tmu=0 addr=00185318 evenodd=3 lod=4..4 aspect=3 format=5 data=00ECA4F0
3294 pid=FFFDCE01 t=273962 grTexDownloadMipMap#203943 tmu=0 addr=00185418 evenodd=3 lod=4..4 aspect=3 format=5 data=00ECA4F0
3295 pid=FFFDCE01 t=273962 grTexDownloadMipMap#203944 tmu=0 addr=00185518 evenodd=3 lod=5..5 aspect=3 format=5 data=00ECA4F0
3296 pid=FFFDCE01 t=273963 grTexDownloadMipMap#203945 tmu=0 addr=00185558 evenodd=3 lod=5..5 aspect=3 format=5 data=00ECA4F0
3297 pid=FFFDCE01 t=273963 grTexDownloadMipMap#203946 tmu=0 addr=00185598 evenodd=3 lod=3..3 aspect=3 format=5 data=00ECA4F0
3298 pid=FFFDCE01 t=273964 grTexDownloadMipMap#203947 tmu=0 addr=00185998 evenodd=3 lod=3..3 aspect=3 format=5 data=00ECA4F0
3299 pid=FFFDCE01 t=273964 grTexDownloadMipMap#203948 tmu=0 addr=00185D98 evenodd=3 lod=5..5 aspect=3 format=5 data=00ECA4F0
3300 pid=FFFDCE01 t=273964 grTexDownloadMipMap#203949 tmu=0 addr=00185DD8 evenodd=3 lod=5..5 aspect=3 format=5 data=00ECA4F0
3301 pid=FFFDCE01 t=273964 grTexDownloadMipMap#203950 tmu=0 addr=00185E18 evenodd=3 lod=5..5 aspect=3 format=5 data=00ECA4F0
3302 pid=FFFDCE01 t=273965 grTexDownloadMipMap#203951 tmu=0 addr=00185E58 evenodd=3 lod=5..5 aspect=3 format=5 data=00ECA4F0
3303 pid=FFFDCE01 t=273965 grTexDownloadMipMap#203952 tmu=0 addr=00185E98 evenodd=3 lod=7..7 aspect=3 format=5 data=00ECA4F0
3304 pid=FFFDCE01 t=273965 grTexDownloadMipMap#203953 tmu=0 addr=00185EA0 evenodd=3 lod=7..7 aspect=3 format=5 data=00ECA4F0
3305 pid=FFFDCE01 t=273967 grTexDownloadMipMap#203954 tmu=0 addr=00185EA8 evenodd=3 lod=3..3 aspect=3 format=5 data=00ECA4F0
3306 pid=FFFDCE01 t=273967 grTexDownloadMipMap#203955 tmu=0 addr=001862A8 evenodd=3 lod=3..3 aspect=3 format=5 data=00ECA4F0
3307 pid=FFFDCE01 t=273967 grTexDownloadMipMap#203956 tmu=0 addr=001866A8 evenodd=3 lod=3..3 aspect=3 format=5 data=00ECA4F0
3308 pid=FFFDCE01 t=273967 grTexDownloadMipMap#203957 tmu=0 addr=00186AA8 evenodd=3 lod=3..3 aspect=3 format=5 data=00ECA4F0
3309 pid=FFFDCE01 t=273967 grTexDownloadMipMap#203958 tmu=0 addr=00186EA8 evenodd=3 lod=4..4 aspect=3 format=5 data=00ECA4F0
3310 pid=FFFDCE01 t=273968 grTexDownloadMipMap#203959 tmu=0 addr=00186FA8 evenodd=3 lod=4..4 aspect=3 format=5 data=00ECA4F0
3311 pid=FFFDCE01 t=273968 grTexDownloadMipMap#203960 tmu=0 addr=001870A8 evenodd=3 lod=4..4 aspect=3 format=5 data=00ECA4F0
3312 pid=FFFDCE01 t=273968 grTexDownloadMipMap#203961 tmu=0 addr=001871A8 evenodd=3 lod=3..3 aspect=3 format=5 data=00ECA4F0
3313 pid=FFFDCE01 t=273969 grTexDownloadMipMap#203962 tmu=0 addr=001875A8 evenodd=3 lod=4..4 aspect=3 format=5 data=00ECA4F0
3314 pid=FFFDCE01 t=273969 grTexDownloadMipMap#203963 tmu=0 addr=001876A8 evenodd=3 lod=4..4 aspect=3 format=5 data=00ECA4F0
3315 pid=FFFDCE01 t=273969 grTexDownloadMipMap#203964 tmu=0 addr=001877A8 evenodd=3 lod=4..4 aspect=3 format=5 data=00ECA4F0
3316 pid=FFFDCE01 t=273969 grTexDownloadMipMap#203965 tmu=0 addr=001878A8 evenodd=3 lod=4..4 aspect=3 format=5 data=00ECA4F0
3317 pid=FFFDCE01 t=273970 grTexDownloadMipMap#203966 tmu=0 addr=001879A8 evenodd=3 lod=3..3 aspect=3 format=5 data=00ECA4F0
3318 pid=FFFDCE01 t=273970 grTexDownloadMipMap#203967 tmu=0 addr=00187DA8 evenodd=3 lod=4..4 aspect=3 format=5 data=00ECA4F0
3319 pid=FFFDCE01 t=273971 grTexDownloadMipMap#203968 tmu=0 addr=00187EA8 evenodd=3 lod=4..4 aspect=3 format=5 data=00ECA4F0
3320 pid=FFFDCE01 t=273971 grTexDownloadMipMap#203969 tmu=0 addr=00187FA8 evenodd=3 lod=4..4 aspect=3 format=5 data=00ECA4F0
3321 pid=FFFDCE01 t=273971 grTexDownloadMipMap#203970 tmu=0 addr=001880A8 evenodd=3 lod=3..3 aspect=3 format=5 data=00ECA4F0
3322 pid=FFFDCE01 t=273972 grTexDownloadMipMap#203971 tmu=0 addr=001884A8 evenodd=3 lod=3..3 aspect=3 format=5 data=00ECA4F0
3323 pid=FFFDCE01 t=273972 grTexDownloadMipMap#203972 tmu=0 addr=001888A8 evenodd=3 lod=3..3 aspect=3 format=5 data=00ECA4F0
3324 pid=FFFDCE01 t=273972 grTexDownloadMipMap#203973 tmu=0 addr=00188CA8 evenodd=3 lod=3..3 aspect=3 format=5 data=00ECA4F0
3325 pid=FFFDCE01 t=273974 grTexDownloadMipMap#203974 tmu=0 addr=001890A8 evenodd=3 lod=3..3 aspect=3 format=5 data=00ECA4F0
3326 pid=FFFDCE01 t=273974 grTexDownloadMipMap#203975 tmu=0 addr=001894A8 evenodd=3 lod=3..3 aspect=3 format=5 data=00ECA4F0
3327 pid=FFFDCE01 t=273974 grTexDownloadMipMap#203976 tmu=0 addr=001898A8 evenodd=3 lod=3..3 aspect=3 format=5 data=00ECA4F0
3328 pid=FFFDCE01 t=273974 grTexDownloadMipMap#203977 tmu=0 addr=00189CA8 evenodd=3 lod=3..3 aspect=3 format=5 data=00ECA4F0
3329 pid=FFFDCE01 t=273975 grTexDownloadMipMap#203978 tmu=0 addr=0018A0A8 evenodd=3 lod=3..3 aspect=3 format=5 data=00ECA4F0
3330 pid=FFFDCE01 t=273975 grTexDownloadMipMap#203979 tmu=0 addr=0018A4A8 evenodd=3 lod=3..3 aspect=3 format=5 data=00ECA4F0
3331 pid=FFFDCE01 t=273975 grTexDownloadMipMap#203980 tmu=0 addr=0018A8A8 evenodd=3 lod=3..3 aspect=3 format=5 data=00ECA4F0
3332 pid=FFFDCE01 t=273976 grTexDownloadMipMap#203981 tmu=0 addr=0018ACA8 evenodd=3 lod=3..3 aspect=3 format=5 data=00ECA4F0
3333 pid=FFFDCE01 t=273976 grTexDownloadMipMap#203982 tmu=0 addr=0018B0A8 evenodd=3 lod=3..3 aspect=3 format=5 data=00ECA4F0
3334 pid=FFFDCE01 t=273977 grTexDownloadMipMap#203983 tmu=0 addr=0018B4A8 evenodd=3 lod=7..7 aspect=3 format=5 data=00ECA4F0
3335 pid=FFFDCE01 t=273977 grTexDownloadMipMap#203984 tmu=0 addr=0018B4B0 evenodd=3 lod=3..3 aspect=3 format=5 data=00ECA4F0
3336 pid=FFFDCE01 t=273977 grTexDownloadMipMap#203985 tmu=0 addr=0018B8B0 evenodd=3 lod=3..3 aspect=3 format=5 data=00ECA4F0
3337 pid=FFFDCE01 t=273978 grTexDownloadMipMap#203986 tmu=0 addr=0018BCB0 evenodd=3 lod=3..3 aspect=3 format=5 data=00ECA4F0
3338 pid=FFFDCE01 t=273978 grTexDownloadMipMap#203987 tmu=0 addr=0018C0B0 evenodd=3 lod=3..3 aspect=3 format=5 data=00ECA4F0
3339 pid=FFFDCE01 t=273979 grTexDownloadMipMap#203988 tmu=0 addr=0018C4B0 evenodd=3 lod=3..3 aspect=3 format=5 data=00ECA4F0
3340 pid=FFFDCE01 t=273979 grTexDownloadMipMap#203989 tmu=0 addr=0018C8B0 evenodd=3 lod=7..7 aspect=3 format=5 data=00ECA4F0
3341 pid=FFFDCE01 t=273979 grTexDownloadMipMap#203990 tmu=0 addr=0018C8B8 evenodd=3 lod=3..3 aspect=3 format=5 data=00ECA4F0
3342 pid=FFFDCE01 t=273980 grTexDownloadMipMap#203991 tmu=0 addr=0018CCB8 evenodd=3 lod=3..3 aspect=3 format=5 data=00ECA4F0
3343 pid=FFFDCE01 t=273980 grTexDownloadMipMap#203992 tmu=0 addr=0018D0B8 evenodd=3 lod=3..3 aspect=3 format=5 data=00ECA4F0
3344 pid=FFFDCE01 t=273982 grTexDownloadMipMap#203993 tmu=0 addr=0018D4B8 evenodd=3 lod=3..3 aspect=3 format=5 data=00ECA4F0
3345 pid=FFFDCE01 t=273982 grTexDownloadMipMap#203994 tmu=0 addr=0018D8B8 evenodd=3 lod=3..3 aspect=3 format=5 data=00ECA4F0
3346 pid=FFFDCE01 t=273982 grTexDownloadMipMap#203995 tmu=0 addr=0018DCB8 evenodd=3 lod=7..7 aspect=3 format=5 data=00ECA4F0
3347 pid=FFFDCE01 t=273982 grTexDownloadMipMap#203996 tmu=0 addr=0018DCC0 evenodd=3 lod=3..3 aspect=3 format=5 data=00ECA4F0
3348 pid=FFFDCE01 t=273983 grTexDownloadMipMap#203997 tmu=0 addr=0018E0C0 evenodd=3 lod=3..3 aspect=3 format=5 data=00ECA4F0
3349 pid=FFFDCE01 t=273983 grTexDownloadMipMap#203998 tmu=0 addr=0018E4C0 evenodd=3 lod=3..3 aspect=3 format=5 data=00ECA4F0
3350 pid=FFFDCE01 t=273983 grTexDownloadMipMap#203999 tmu=0 addr=0018E8C0 evenodd=3 lod=3..3 aspect=3 format=5 data=00ECA4F0
3351 pid=FFFDCE01 t=273984 grTexDownloadMipMap#204000 tmu=0 addr=0018ECC0 evenodd=3 lod=3..3 aspect=3 format=5 data=00ECA4F0
3352 pid=FFFDCE01 t=273984 grTexDownloadMipMap#204001 tmu=0 addr=0018F0C0 evenodd=3 lod=7..7 aspect=3 format=5 data=00ECA4F0
3353 pid=FFFDCE01 t=273984 grTexDownloadMipMap#204002 tmu=0 addr=0018F0C8 evenodd=3 lod=7..7 aspect=3 format=5 data=00ECA4F0
3354 pid=FFFDCE01 t=273985 grTexDownloadMipMap#204003 tmu=0 addr=0018F0D0 evenodd=3 lod=7..7 aspect=3 format=5 data=00ECA4F0
3355 pid=FFFDCE01 t=273985 grTexDownloadMipMap#204004 tmu=0 addr=0018F0D8 evenodd=3 lod=4..4 aspect=3 format=5 data=00ECA4F0
3356 pid=FFFDCE01 t=273985 grTexDownloadMipMap#204005 tmu=0 addr=0018F1D8 evenodd=3 lod=4..4 aspect=3 format=5 data=00ECA4F0
3357 pid=FFFDCE01 t=273986 grTexDownloadMipMap#204006 tmu=0 addr=0018F2D8 evenodd=3 lod=4..4 aspect=3 format=5 data=00ECA4F0
3358 pid=FFFDCE01 t=273986 grTexDownloadMipMap#204007 tmu=0 addr=0018F3D8 evenodd=3 lod=4..4 aspect=3 format=5 data=00ECA4F0
3359 pid=FFFDCE01 t=273986 grTexDownloadMipMap#204008 tmu=0 addr=0018F4D8 evenodd=3 lod=4..4 aspect=3 format=5 data=00ECA4F0
3360 pid=FFFDCE01 t=273987 grTexDownloadMipMap#204009 tmu=0 addr=0018F5D8 evenodd=3 lod=4..4 aspect=3 format=5 data=00ECA4F0
3361 pid=FFFDCE01 t=273987 grTexDownloadMipMap#204010 tmu=0 addr=0018F6D8 evenodd=3 lod=3..3 aspect=3 format=5 data=00ECA4F0
3362 pid=FFFDCE01 t=273987 grTexDownloadMipMap#204011 tmu=0 addr=0018FAD8 evenodd=3 lod=3..3 aspect=3 format=5 data=00ECA4F0
3363 pid=FFFDCE01 t=273988 grTexDownloadMipMap#204012 tmu=0 addr=0018FED8 evenodd=3 lod=6..6 aspect=3 format=5 data=00ECA4F0
3364 pid=FFFDCE01 t=273988 grTexDownloadMipMap#204013 tmu=0 addr=0018FEE8 evenodd=3 lod=6..6 aspect=3 format=5 data=00ECA4F0
3365 pid=FFFDCE01 t=273988 grTexDownloadMipMap#204014 tmu=0 addr=0018FEF8 evenodd=3 lod=6..6 aspect=3 format=5 data=00ECA4F0
3366 pid=FFFDCE01 t=273988 grTexDownloadMipMap#204015 tmu=0 addr=0018FF08 evenodd=3 lod=6..6 aspect=3 format=5 data=00ECA4F0
3367 pid=FFFDCE01 t=273989 grTexDownloadMipMap#204016 tmu=0 addr=0018FF18 evenodd=3 lod=4..4 aspect=3 format=5 data=00ECA4F0
3368 pid=FFFDCE01 t=273989 grTexDownloadMipMap#204017 tmu=0 addr=00190018 evenodd=3 lod=4..4 aspect=3 format=5 data=00ECA4F0
3369 pid=FFFDCE01 t=273991 grTexDownloadMipMap#204018 tmu=0 addr=00190118 evenodd=3 lod=3..3 aspect=3 format=5 data=00ECA4F0
3370 pid=FFFDCE01 t=273991 grTexDownloadMipMap#204019 tmu=0 addr=00190518 evenodd=3 lod=3..3 aspect=3 format=5 data=00ECA4F0
3371 pid=FFFDCE01 t=273991 grTexDownloadMipMap#204020 tmu=0 addr=00190918 evenodd=3 lod=3..3 aspect=3 format=5 data=00ECA4F0
3372 pid=FFFDCE01 t=273991 grTexDownloadMipMap#204021 tmu=0 addr=00190D18 evenodd=3 lod=3..3 aspect=3 format=5 data=00ECA4F0
3373 pid=FFFDCE01 t=273991 grTexDownloadMipMap#204022 tmu=0 addr=00191118 evenodd=3 lod=4..4 aspect=3 format=5 data=00ECA4F0
3374 pid=FFFDCE01 t=273992 grTexDownloadMipMap#204023 tmu=0 addr=00191218 evenodd=3 lod=4..4 aspect=3 format=5 data=00ECA4F0
3375 pid=FFFDCE01 t=273992 grTexDownloadMipMap#204024 tmu=0 addr=00191318 evenodd=3 lod=3..3 aspect=3 format=5 data=00ECA4F0
3376 pid=FFFDCE01 t=273993 grTexDownloadMipMap#204025 tmu=0 addr=00191718 evenodd=3 lod=3..3 aspect=3 format=5 data=00ECA4F0
3377 pid=FFFDCE01 t=273993 grTexDownloadMipMap#204026 tmu=0 addr=00191B18 evenodd=3 lod=6..6 aspect=3 format=5 data=00ECA4F0
3378 pid=FFFDCE01 t=273993 grTexDownloadMipMap#204027 tmu=0 addr=00191B28 evenodd=3 lod=6..6 aspect=3 format=5 data=00ECA4F0
3379 pid=FFFDCE01 t=273993 grTexDownloadMipMap#204028 tmu=0 addr=00191B38 evenodd=3 lod=7..7 aspect=3 format=5 data=00ECA4F0
3380 pid=FFFDCE01 t=273994 grTexDownloadMipMap#204029 tmu=0 addr=00191B40 evenodd=3 lod=7..7 aspect=3 format=5 data=00ECA4F0
3381 pid=FFFDCE01 t=273994 grTexDownloadMipMap#204030 tmu=0 addr=00191B48 evenodd=3 lod=3..3 aspect=3 format=5 data=00ECA4F0
3382 pid=FFFDCE01 t=273995 grTexDownloadMipMap#204031 tmu=0 addr=00191F48 evenodd=3 lod=3..3 aspect=3 format=5 data=00ECA4F0
3383 pid=FFFDCE01 t=273995 grTexDownloadMipMap#204032 tmu=0 addr=00192348 evenodd=3 lod=3..3 aspect=3 format=5 data=00ECA4F0
3384 pid=FFFDCE01 t=273996 grTexDownloadMipMap#204033 tmu=0 addr=00192748 evenodd=3 lod=3..3 aspect=3 format=5 data=00ECA4F0
3385 pid=FFFDCE01 t=273996 grTexDownloadMipMap#204034 tmu=0 addr=00192B48 evenodd=3 lod=6..6 aspect=3 format=5 data=00ECA4F0
3386 pid=FFFDCE01 t=273996 grTexDownloadMipMap#204035 tmu=0 addr=00192B58 evenodd=3 lod=6..6 aspect=3 format=5 data=00ECA4F0
3387 pid=FFFDCE01 t=273996 grTexDownloadMipMap#204036 tmu=0 addr=00192B68 evenodd=3 lod=4..4 aspect=3 format=5 data=00ECA4F0
3388 pid=FFFDCE01 t=273997 grTexDownloadMipMap#204037 tmu=0 addr=00192C68 evenodd=3 lod=4..4 aspect=3 format=5 data=00ECA4F0
3389 pid=FFFDCE01 t=273997 grTexDownloadMipMap#204038 tmu=0 addr=00192D68 evenodd=3 lod=5..5 aspect=3 format=5 data=00ECA4F0
3390 pid=FFFDCE01 t=273997 grTexDownloadMipMap#204039 tmu=0 addr=00192DA8 evenodd=3 lod=5..5 aspect=3 format=5 data=00ECA4F0
3391 pid=FFFDCE01 t=273997 grTexDownloadMipMap#204040 tmu=0 addr=00192DE8 evenodd=3 lod=4..4 aspect=3 format=5 data=00ECA4F0
3392 pid=FFFDCE01 t=273999 grTexDownloadMipMap#204041 tmu=0 addr=00192EE8 evenodd=3 lod=4..4 aspect=3 format=5 data=00ECA4F0
3393 pid=FFFDCE01 t=273999 grTexDownloadMipMap#204042 tmu=0 addr=00192FE8 evenodd=3 lod=5..5 aspect=3 format=5 data=00ECA4F0
3394 pid=FFFDCE01 t=273999 grTexDownloadMipMap#204043 tmu=0 addr=00193028 evenodd=3 lod=5..5 aspect=3 format=5 data=00ECA4F0
3395 pid=FFFDCE01 t=273999 grTexDownloadMipMap#204044 tmu=0 addr=00193068 evenodd=3 lod=4..4 aspect=3 format=5 data=00ECA4F0
3396 pid=FFFDCE01 t=273999 grTexDownloadMipMap#204045 tmu=0 addr=00193168 evenodd=3 lod=4..4 aspect=3 format=5 data=00ECA4F0
3397 pid=FFFDCE01 t=273999 grTexDownloadMipMap#204046 tmu=0 addr=00193268 evenodd=3 lod=7..7 aspect=3 format=5 data=00ECA4F0
3398 pid=FFFDCE01 t=274000 grTexDownloadMipMap#204047 tmu=0 addr=00193270 evenodd=3 lod=7..7 aspect=3 format=5 data=00ECA4F0
3399 pid=FFFDCE01 t=274000 grTexDownloadMipMap#204048 tmu=0 addr=00193278 evenodd=3 lod=7..7 aspect=3 format=5 data=00ECA4F0
3400 pid=FFFDCE01 t=274000 grTexDownloadMipMap#204049 tmu=0 addr=00193280 evenodd=3 lod=7..7 aspect=3 format=5 data=00ECA4F0
3401 pid=FFFDCE01 t=274001 grTexDownloadMipMap#204050 tmu=0 addr=00193288 evenodd=3 lod=3..3 aspect=3 format=5 data=00ECA4F0
3402 pid=FFFDCE01 t=274001 grTexDownloadMipMap#204051 tmu=0 addr=00193688 evenodd=3 lod=3..3 aspect=3 format=5 data=00ECA4F0
3403 pid=FFFDCE01 t=274001 grTexDownloadMipMap#204052 tmu=0 addr=00193A88 evenodd=3 lod=4..4 aspect=3 format=5 data=00ECA4F0
3404 pid=FFFDCE01 t=274002 grTexDownloadMipMap#204053 tmu=0 addr=00193B88 evenodd=3 lod=4..4 aspect=3 format=5 data=00ECA4F0
3405 pid=FFFDCE01 t=274002 grTexDownloadMipMap#204054 tmu=0 addr=00193C88 evenodd=3 lod=3..3 aspect=3 format=5 data=00ECA4F0
3406 pid=FFFDCE01 t=274003 grTexDownloadMipMap#204055 tmu=0 addr=00194088 evenodd=3 lod=3..3 aspect=3 format=5 data=00ECA4F0
3407 pid=FFFDCE01 t=274006 grTexDownloadMipMap#204056 tmu=0 addr=00194488 evenodd=3 lod=5..5 aspect=3 format=5 data=00ECD0A0
3408 pid=FFFDCE01 t=274006 grTexDownloadMipMap#204057 tmu=0 addr=001944C8 evenodd=3 lod=5..5 aspect=3 format=5 data=00ECD0A0
3409 pid=FFFDCE01 t=274007 grTexDownloadMipMap#204058 tmu=0 addr=00194508 evenodd=3 lod=6..6 aspect=3 format=5 data=00ECD0A0
3410 pid=FFFDCE01 t=274007 grTexDownloadMipMap#204059 tmu=0 addr=00194518 evenodd=3 lod=6..6 aspect=3 format=5 data=00ECD0A0
3411 pid=FFFDCE01 t=274007 grTexDownloadMipMap#204060 tmu=0 addr=00194528 evenodd=3 lod=4..4 aspect=3 format=5 data=00ECD0A0
3412 pid=FFFDCE01 t=274008 grTexDownloadMipMap#204061 tmu=0 addr=00194628 evenodd=3 lod=4..4 aspect=3 format=5 data=00ECD0A0
3413 pid=FFFDCE01 t=274008 grTexDownloadMipMap#204062 tmu=0 addr=00194728 evenodd=3 lod=5..5 aspect=3 format=5 data=00ECD0A0
3414 pid=FFFDCE01 t=274008 grTexDownloadMipMap#204063 tmu=0 addr=00194768 evenodd=3 lod=5..5 aspect=3 format=5 data=00ECD0A0
3415 pid=FFFDCE01 t=274008 grTexDownloadMipMap#204064 tmu=0 addr=001947A8 evenodd=3 lod=5..5 aspect=3 format=5 data=00ECD0A0
3416 pid=FFFDCE01 t=274010 grTexDownloadMipMap#204065 tmu=0 addr=001947E8 evenodd=3 lod=5..5 aspect=3 format=5 data=00ECD0A0
3417 pid=FFFDCE01 t=274010 grTexDownloadMipMap#204066 tmu=0 addr=00194828 evenodd=3 lod=4..4 aspect=3 format=5 data=00ECD0A0
3418 pid=FFFDCE01 t=274010 grTexDownloadMipMap#204067 tmu=0 addr=00194928 evenodd=3 lod=4..4 aspect=3 format=5 data=00ECD0A0
3419 pid=FFFDCE01 t=274010 grTexDownloadMipMap#204068 tmu=0 addr=00194A28 evenodd=3 lod=5..5 aspect=3 format=5 data=00ECD0A0
3420 pid=FFFDCE01 t=274010 grTexDownloadMipMap#204069 tmu=0 addr=00194A68 evenodd=3 lod=5..5 aspect=3 format=5 data=00ECD0A0
3421 pid=FFFDCE01 t=274010 grTexDownloadMipMap#204070 tmu=0 addr=00194AA8 evenodd=3 lod=3..3 aspect=3 format=5 data=00ECD0A0
3422 pid=FFFDCE01 t=274011 grTexDownloadMipMap#204071 tmu=0 addr=00194EA8 evenodd=3 lod=3..3 aspect=3 format=5 data=00ECD0A0
3423 pid=FFFDCE01 t=274011 grTexDownloadMipMap#204072 tmu=0 addr=001952A8 evenodd=3 lod=3..3 aspect=3 format=5 data=00ECD0A0
3424 pid=FFFDCE01 t=274013 grTexDownloadMipMap#204073 tmu=0 addr=001956A8 evenodd=3 lod=3..3 aspect=3 format=5 data=00ECD0A0
3425 pid=FFFDCE01 t=274013 grTexDownloadMipMap#204074 tmu=0 addr=00195AA8 evenodd=3 lod=7..7 aspect=3 format=5 data=00ECD0A0
3426 pid=FFFDCE01 t=274013 grTexDownloadMipMap#204075 tmu=0 addr=00195AB0 evenodd=3 lod=7..7 aspect=3 format=5 data=00ECD0A0
3427 pid=FFFDCE01 t=274013 grTexDownloadMipMap#204076 tmu=0 addr=00195AB8 evenodd=3 lod=6..6 aspect=3 format=5 data=00ECD0A0
3428 pid=FFFDCE01 t=274013 grTexDownloadMipMap#204077 tmu=0 addr=00195AC8 evenodd=3 lod=6..6 aspect=3 format=5 data=00ECD0A0
3429 pid=FFFDCE01 t=274013 grTexDownloadMipMap#204078 tmu=0 addr=00195AD8 evenodd=3 lod=6..6 aspect=3 format=5 data=00ECD0A0
3430 pid=FFFDCE01 t=274013 grTexDownloadMipMap#204079 tmu=0 addr=00195AE8 evenodd=3 lod=6..6 aspect=3 format=5 data=00ECD0A0
3431 pid=FFFDCE01 t=274014 grTexDownloadMipMap#204080 tmu=0 addr=00195AF8 evenodd=3 lod=3..3 aspect=3 format=5 data=00ECD0A0
3432 pid=FFFDCE01 t=274014 grTexDownloadMipMap#204081 tmu=0 addr=00195EF8 evenodd=3 lod=3..3 aspect=3 format=5 data=00ECD0A0
3433 pid=FFFDCE01 t=274015 grTexDownloadMipMap#204082 tmu=0 addr=001962F8 evenodd=3 lod=4..4 aspect=3 format=5 data=00ECD0A0
3434 pid=FFFDCE01 t=274015 grTexDownloadMipMap#204083 tmu=0 addr=001963F8 evenodd=3 lod=4..4 aspect=3 format=5 data=00ECD0A0
3435 pid=FFFDCE01 t=274015 grTexDownloadMipMap#204084 tmu=0 addr=001964F8 evenodd=3 lod=4..4 aspect=3 format=5 data=00ECD0A0
3436 pid=FFFDCE01 t=274016 grTexDownloadMipMap#204085 tmu=0 addr=001965F8 evenodd=3 lod=4..4 aspect=3 format=5 data=00ECD0A0
3437 pid=FFFDCE01 t=274016 grTexDownloadMipMap#204086 tmu=0 addr=001966F8 evenodd=3 lod=5..5 aspect=3 format=5 data=00ECD0A0
3438 pid=FFFDCE01 t=274016 grTexDownloadMipMap#204087 tmu=0 addr=00196738 evenodd=3 lod=5..5 aspect=3 format=5 data=00ECD0A0
3439 pid=FFFDCE01 t=274017 grTexDownloadMipMap#204088 tmu=0 addr=00196778 evenodd=3 lod=4..4 aspect=3 format=5 data=00ECD0A0
3440 pid=FFFDCE01 t=274017 grTexDownloadMipMap#204089 tmu=0 addr=00196878 evenodd=3 lod=4..4 aspect=3 format=5 data=00ECD0A0
3441 pid=FFFDCE01 t=274017 grTexDownloadMipMap#204090 tmu=0 addr=00196978 evenodd=3 lod=3..3 aspect=3 format=5 data=00ECD0A0
3442 pid=FFFDCE01 t=274018 grTexDownloadMipMap#204091 tmu=0 addr=00196D78 evenodd=3 lod=3..3 aspect=3 format=5 data=00ECD0A0
3443 pid=FFFDCE01 t=274018 grTexDownloadMipMap#204092 tmu=0 addr=00197178 evenodd=3 lod=4..4 aspect=3 format=5 data=00ECD0A0
3444 pid=FFFDCE01 t=274018 grTexDownloadMipMap#204093 tmu=0 addr=00197278 evenodd=3 lod=4..4 aspect=3 format=5 data=00ECD0A0
3445 pid=FFFDCE01 t=274019 grTexDownloadMipMap#204094 tmu=0 addr=00197378 evenodd=3 lod=3..3 aspect=3 format=5 data=00ECD0A0
3446 pid=FFFDCE01 t=274019 grTexDownloadMipMap#204095 tmu=0 addr=00197778 evenodd=3 lod=3..3 aspect=3 format=5 data=00ECD0A0
3447 pid=FFFDCE01 t=274020 grTexDownloadMipMap#204096 tmu=0 addr=00197B78 evenodd=3 lod=5..5 aspect=3 format=5 data=00ECD0A0
3448 pid=FFFDCE01 t=274020 grTexDownloadMipMap#204097 tmu=0 addr=00197BB8 evenodd=3 lod=5..5 aspect=3 format=5 data=00ECD0A0
3449 pid=FFFDCE01 t=274020 grTexDownloadMipMap#204098 tmu=0 addr=00197BF8 evenodd=3 lod=6..6 aspect=3 format=5 data=00ECD0A0
3450 pid=FFFDCE01 t=274020 grTexDownloadMipMap#204099 tmu=0 addr=00197C08 evenodd=3 lod=6..6 aspect=3 format=5 data=00ECD0A0
3451 pid=FFFDCE01 t=274022 grTexDownloadMipMap#204100 tmu=0 addr=00197C18 evenodd=3 lod=4..4 aspect=3 format=5 data=00ECD0A0
3452 pid=FFFDCE01 t=274022 grTexDownloadMipMap#204101 tmu=0 addr=00197D18 evenodd=3 lod=4..4 aspect=3 format=5 data=00ECD0A0
3453 pid=FFFDCE01 t=274022 grTexDownloadMipMap#204102 tmu=0 addr=00197E18 evenodd=3 lod=4..4 aspect=3 format=5 data=00ECD0A0
3454 pid=FFFDCE01 t=274022 grTexDownloadMipMap#204103 tmu=0 addr=00197F18 evenodd=3 lod=4..4 aspect=3 format=5 data=00ECD0A0
3455 pid=FFFDCE01 t=274022 grTexDownloadMipMap#204104 tmu=0 addr=00198018 evenodd=3 lod=5..5 aspect=3 format=5 data=00ECD0A0
3456 pid=FFFDCE01 t=274022 grTexDownloadMipMap#204105 tmu=0 addr=00198058 evenodd=3 lod=5..5 aspect=3 format=5 data=00ECD0A0
3457 pid=FFFDCE01 t=274023 grTexDownloadMipMap#204106 tmu=0 addr=00198098 evenodd=3 lod=3..3 aspect=3 format=5 data=00ECD0A0
3458 pid=FFFDCE01 t=274023 grTexDownloadMipMap#204107 tmu=0 addr=00198498 evenodd=3 lod=3..3 aspect=3 format=5 data=00ECD0A0
3459 pid=FFFDCE01 t=274024 grTexDownloadMipMap#204108 tmu=0 addr=00198898 evenodd=3 lod=3..3 aspect=3 format=5 data=00ECD0A0
3460 pid=FFFDCE01 t=274024 grTexDownloadMipMap#204109 tmu=0 addr=00198C98 evenodd=3 lod=3..3 aspect=3 format=5 data=00ECD0A0
3461 pid=FFFDCE01 t=274025 grTexDownloadMipMap#204110 tmu=0 addr=00199098 evenodd=3 lod=3..3 aspect=3 format=5 data=00ECD0A0
3462 pid=FFFDCE01 t=274025 grTexDownloadMipMap#204111 tmu=0 addr=00199498 evenodd=3 lod=3..3 aspect=3 format=5 data=00ECD0A0
3463 pid=FFFDCE01 t=274026 grTexDownloadMipMap#204112 tmu=0 addr=00199898 evenodd=3 lod=3..3 aspect=3 format=5 data=00ECD0A0
3464 pid=FFFDCE01 t=274026 grTexDownloadMipMap#204113 tmu=0 addr=00199C98 evenodd=3 lod=3..3 aspect=3 format=5 data=00ECD0A0
3465 pid=FFFDCE01 t=274026 grTexDownloadMipMap#204114 tmu=0 addr=0019A098 evenodd=3 lod=4..4 aspect=3 format=5 data=00ECD0A0
3466 pid=FFFDCE01 t=274027 grTexDownloadMipMap#204115 tmu=0 addr=0019A198 evenodd=3 lod=4..4 aspect=3 format=5 data=00ECD0A0
3467 pid=FFFDCE01 t=274027 grTexDownloadMipMap#204116 tmu=0 addr=0019A298 evenodd=3 lod=3..3 aspect=3 format=5 data=00ECD0A0
3468 pid=FFFDCE01 t=274028 grTexDownloadMipMap#204117 tmu=0 addr=0019A698 evenodd=3 lod=3..3 aspect=3 format=5 data=00ECD0A0
3469 pid=FFFDCE01 t=274028 grTexDownloadMipMap#204118 tmu=0 addr=0019AA98 evenodd=3 lod=3..3 aspect=3 format=5 data=00ECD0A0
3470 pid=FFFDCE01 t=274030 grTexDownloadMipMap#204119 tmu=0 addr=0019AE98 evenodd=3 lod=3..3 aspect=3 format=5 data=00ECD0A0
3471 pid=FFFDCE01 t=274030 grTexDownloadMipMap#204120 tmu=0 addr=0019B298 evenodd=3 lod=3..3 aspect=3 format=5 data=00ECD0A0
3472 pid=FFFDCE01 t=274030 grTexDownloadMipMap#204121 tmu=0 addr=0019B698 evenodd=3 lod=3..3 aspect=3 format=5 data=00ECD0A0
3473 pid=FFFDCE01 t=274030 grTexDownloadMipMap#204122 tmu=0 addr=0019BA98 evenodd=3 lod=3..3 aspect=3 format=5 data=00ECD0A0
3474 pid=FFFDCE01 t=274031 grTexDownloadMipMap#204123 tmu=0 addr=0019BE98 evenodd=3 lod=3..3 aspect=3 format=5 data=00ECD0A0
3475 pid=FFFDCE01 t=274031 grTexDownloadMipMap#204124 tmu=0 addr=0019C298 evenodd=3 lod=5..5 aspect=3 format=5 data=00ECD0A0
3476 pid=FFFDCE01 t=274031 grTexDownloadMipMap#204125 tmu=0 addr=0019C2D8 evenodd=3 lod=4..4 aspect=3 format=5 data=00ECD0A0
3477 pid=FFFDCE01 t=274031 grTexDownloadMipMap#204126 tmu=0 addr=0019C3D8 evenodd=3 lod=4..4 aspect=3 format=5 data=00ECD0A0
3478 pid=FFFDCE01 t=274032 grTexDownloadMipMap#204127 tmu=0 addr=0019C4D8 evenodd=3 lod=4..4 aspect=3 format=5 data=00ECD0A0
3479 pid=FFFDCE01 t=274032 grTexDownloadMipMap#204128 tmu=0 addr=0019C5D8 evenodd=3 lod=3..3 aspect=3 format=5 data=00ECD0A0
3480 pid=FFFDCE01 t=274033 grTexDownloadMipMap#204129 tmu=0 addr=0019C9D8 evenodd=3 lod=3..3 aspect=3 format=5 data=00ECD0A0
3481 pid=FFFDCE01 t=274033 grTexDownloadMipMap#204130 tmu=0 addr=0019CDD8 evenodd=3 lod=3..3 aspect=3 format=5 data=00ECD0A0
3482 pid=FFFDCE01 t=274034 grTexDownloadMipMap#204131 tmu=0 addr=0019D1D8 evenodd=3 lod=3..3 aspect=3 format=5 data=00ECD0A0
3483 pid=FFFDCE01 t=274034 grTexDownloadMipMap#204132 tmu=0 addr=0019D5D8 evenodd=3 lod=5..5 aspect=3 format=5 data=00ECD0A0
3484 pid=FFFDCE01 t=274034 grTexDownloadMipMap#204133 tmu=0 addr=0019D618 evenodd=3 lod=4..4 aspect=3 format=5 data=00ECD0A0
3485 pid=FFFDCE01 t=274035 grTexDownloadMipMap#204134 tmu=0 addr=0019D718 evenodd=3 lod=4..4 aspect=3 format=5 data=00ECD0A0
3486 pid=FFFDCE01 t=274035 grTexDownloadMipMap#204135 tmu=0 addr=0019D818 evenodd=3 lod=4..4 aspect=3 format=5 data=00ECD0A0
3487 pid=FFFDCE01 t=274035 grTexDownloadMipMap#204136 tmu=0 addr=0019D918 evenodd=3 lod=3..3 aspect=3 format=5 data=00ECD0A0
3488 pid=FFFDCE01 t=274036 grTexDownloadMipMap#204137 tmu=0 addr=0019DD18 evenodd=3 lod=3..3 aspect=3 format=5 data=00ECD0A0
3489 pid=FFFDCE01 t=274036 grTexDownloadMipMap#204138 tmu=0 addr=0019E118 evenodd=3 lod=3..3 aspect=3 format=5 data=00ECD0A0
3490 pid=FFFDCE01 t=274038 grTexDownloadMipMap#204139 tmu=0 addr=0019E518 evenodd=3 lod=3..3 aspect=3 format=5 data=00ECD0A0
3491 pid=FFFDCE01 t=274038 grTexDownloadMipMap#204140 tmu=0 addr=0019E918 evenodd=3 lod=7..7 aspect=3 format=5 data=00ECD0A0
3492 pid=FFFDCE01 t=274038 grTexDownloadMipMap#204141 tmu=0 addr=0019E920 evenodd=3 lod=4..4 aspect=3 format=5 data=00ECD0A0
3493 pid=FFFDCE01 t=274038 grTexDownloadMipMap#204142 tmu=0 addr=0019EA20 evenodd=3 lod=4..4 aspect=3 format=5 data=00ECD0A0
3494 pid=FFFDCE01 t=274038 grTexDownloadMipMap#204143 tmu=0 addr=0019EB20 evenodd=3 lod=4..4 aspect=3 format=5 data=00ECD0A0
3495 pid=FFFDCE01 t=274038 grTexDownloadMipMap#204144 tmu=0 addr=0019EC20 evenodd=3 lod=7..7 aspect=3 format=5 data=00ECD0A0
3496 pid=FFFDCE01 t=274039 grTexDownloadMipMap#204145 tmu=0 addr=0019EC28 evenodd=3 lod=4..4 aspect=3 format=5 data=00ECD0A0
3497 pid=FFFDCE01 t=274039 grTexDownloadMipMap#204146 tmu=0 addr=0019ED28 evenodd=3 lod=4..4 aspect=3 format=5 data=00ECD0A0
3498 pid=FFFDCE01 t=274039 grTexDownloadMipMap#204147 tmu=0 addr=0019EE28 evenodd=3 lod=4..4 aspect=3 format=5 data=00ECD0A0
3499 pid=FFFDCE01 t=274039 grTexDownloadMipMap#204148 tmu=0 addr=0019EF28 evenodd=3 lod=5..5 aspect=3 format=5 data=00ECD0A0
3500 pid=FFFDCE01 t=274040 grTexDownloadMipMap#204149 tmu=0 addr=0019EF68 evenodd=3 lod=5..5 aspect=3 format=5 data=00ECD0A0
3501 pid=FFFDCE01 t=274040 grTexDownloadMipMap#204150 tmu=0 addr=0019EFA8 evenodd=3 lod=3..3 aspect=3 format=5 data=00ECD0A0
3502 pid=FFFDCE01 t=274041 grTexDownloadMipMap#204151 tmu=0 addr=0019F3A8 evenodd=3 lod=3..3 aspect=3 format=5 data=00ECD0A0
3503 pid=FFFDCE01 t=274041 grTexDownloadMipMap#204152 tmu=0 addr=0019F7A8 evenodd=3 lod=3..3 aspect=3 format=5 data=00ECD0A0
3504 pid=FFFDCE01 t=274042 grTexDownloadMipMap#204153 tmu=0 addr=0019FBA8 evenodd=3 lod=3..3 aspect=3 format=5 data=00ECD0A0
3505 pid=FFFDCE01 t=274042 grTexDownloadMipMap#204154 tmu=0 addr=0019FFA8 evenodd=3 lod=3..3 aspect=3 format=5 data=00ECD0A0
3506 pid=FFFDCE01 t=274042 grTexDownloadMipMap#204155 tmu=0 addr=001A03A8 evenodd=3 lod=3..3 aspect=3 format=5 data=00ECD0A0
3507 pid=FFFDCE01 t=274043 grTexDownloadMipMap#204156 tmu=0 addr=001A07A8 evenodd=3 lod=3..3 aspect=3 format=5 data=00ECD0A0
3508 pid=FFFDCE01 t=274043 grTexDownloadMipMap#204157 tmu=0 addr=001A0BA8 evenodd=3 lod=3..3 aspect=3 format=5 data=00ECD0A0
3509 pid=FFFDCE01 t=274045 grTexDownloadMipMap#204158 tmu=0 addr=001A0FA8 evenodd=3 lod=3..3 aspect=3 format=5 data=00ECD0A0
3510 pid=FFFDCE01 t=274045 grTexDownloadMipMap#204159 tmu=0 addr=001A13A8 evenodd=3 lod=3..3 aspect=3 format=5 data=00ECD0A0
3511 pid=FFFDCE01 t=274045 grTexDownloadMipMap#204160 tmu=0 addr=001A17A8 evenodd=3 lod=3..3 aspect=3 format=5 data=00ECD0A0
3512 pid=FFFDCE01 t=274045 grTexDownloadMipMap#204161 tmu=0 addr=001A1BA8 evenodd=3 lod=7..7 aspect=3 format=5 data=00ECD0A0
3513 pid=FFFDCE01 t=274046 grTexDownloadMipMap#204162 tmu=0 addr=001A1BB0 evenodd=3 lod=3..3 aspect=3 format=5 data=00ECD0A0
3514 pid=FFFDCE01 t=274046 grTexDownloadMipMap#204163 tmu=0 addr=001A1FB0 evenodd=3 lod=3..3 aspect=3 format=5 data=00ECD0A0
3515 pid=FFFDCE01 t=274047 grTexDownloadMipMap#204164 tmu=0 addr=001A23B0 evenodd=3 lod=3..3 aspect=3 format=5 data=00ECD0A0
3516 pid=FFFDCE01 t=274047 grTexDownloadMipMap#204165 tmu=0 addr=001A27B0 evenodd=3 lod=3..3 aspect=3 format=5 data=00ECD0A0
3517 pid=FFFDCE01 t=274048 grTexDownloadMipMap#204166 tmu=0 addr=001A2BB0 evenodd=3 lod=3..3 aspect=3 format=5 data=00ECD0A0
3518 pid=FFFDCE01 t=274048 grTexDownloadMipMap#204167 tmu=0 addr=001A2FB0 evenodd=3 lod=7..7 aspect=3 format=5 data=00ECD0A0
3519 pid=FFFDCE01 t=274048 grTexDownloadMipMap#204168 tmu=0 addr=001A2FB8 evenodd=3 lod=3..3 aspect=3 format=5 data=00ECD0A0
3520 pid=FFFDCE01 t=274049 grTexDownloadMipMap#204169 tmu=0 addr=001A33B8 evenodd=3 lod=3..3 aspect=3 format=5 data=00ECD0A0
3521 pid=FFFDCE01 t=274049 grTexDownloadMipMap#204170 tmu=0 addr=001A37B8 evenodd=3 lod=3..3 aspect=3 format=5 data=00ECD0A0
3522 pid=FFFDCE01 t=274050 grTexDownloadMipMap#204171 tmu=0 addr=001A3BB8 evenodd=3 lod=3..3 aspect=3 format=5 data=00ECD0A0
3523 pid=FFFDCE01 t=274050 grTexDownloadMipMap#204172 tmu=0 addr=001A3FB8 evenodd=3 lod=3..3 aspect=3 format=5 data=00ECD0A0
3524 pid=FFFDCE01 t=274050 grTexDownloadMipMap#204173 tmu=0 addr=001A43B8 evenodd=3 lod=7..7 aspect=3 format=5 data=00ECD0A0
3525 pid=FFFDCE01 t=274052 grTexDownloadMipMap#204174 tmu=0 addr=001A43C0 evenodd=3 lod=3..3 aspect=3 format=5 data=00ECD0A0
3526 pid=FFFDCE01 t=274052 grTexDownloadMipMap#204175 tmu=0 addr=001A47C0 evenodd=3 lod=3..3 aspect=3 format=5 data=00ECD0A0
3527 pid=FFFDCE01 t=274052 grTexDownloadMipMap#204176 tmu=0 addr=001A4BC0 evenodd=3 lod=3..3 aspect=3 format=5 data=00ECD0A0
3528 pid=FFFDCE01 t=274052 grTexDownloadMipMap#204177 tmu=0 addr=001A4FC0 evenodd=3 lod=3..3 aspect=3 format=5 data=00ECD0A0
3529 pid=FFFDCE01 t=274053 grTexDownloadMipMap#204178 tmu=0 addr=001A53C0 evenodd=3 lod=3..3 aspect=3 format=5 data=00ECD0A0
3530 pid=FFFDCE01 t=274053 grTexDownloadMipMap#204179 tmu=0 addr=001A57C0 evenodd=3 lod=7..7 aspect=3 format=5 data=00ECD0A0
3531 pid=FFFDCE01 t=274054 grTexDownloadMipMap#204180 tmu=0 addr=001A57C8 evenodd=3 lod=3..3 aspect=3 format=5 data=00ECD0A0
3532 pid=FFFDCE01 t=274054 grTexDownloadMipMap#204181 tmu=0 addr=001A5BC8 evenodd=3 lod=3..3 aspect=3 format=5 data=00ECD0A0
3533 pid=FFFDCE01 t=274054 grTexDownloadMipMap#204182 tmu=0 addr=001A5FC8 evenodd=3 lod=4..4 aspect=3 format=5 data=00ECD0A0
3534 pid=FFFDCE01 t=274055 grTexDownloadMipMap#204183 tmu=0 addr=001A60C8 evenodd=3 lod=4..4 aspect=3 format=5 data=00ECD0A0
3535 pid=FFFDCE01 t=274055 grTexDownloadMipMap#204184 tmu=0 addr=001A61C8 evenodd=3 lod=3..3 aspect=3 format=5 data=00ECD0A0
3536 pid=FFFDCE01 t=274056 grTexDownloadMipMap#204185 tmu=0 addr=001A65C8 evenodd=3 lod=3..3 aspect=3 format=5 data=00ECD0A0
3537 pid=FFFDCE01 t=274056 grTexDownloadMipMap#204186 tmu=0 addr=001A69C8 evenodd=3 lod=4..4 aspect=3 format=5 data=00ECD0A0
3538 pid=FFFDCE01 t=274056 grTexDownloadMipMap#204187 tmu=0 addr=001A6AC8 evenodd=3 lod=4..4 aspect=3 format=5 data=00ECD0A0
3539 pid=FFFDCE01 t=274057 grTexDownloadMipMap#204188 tmu=0 addr=001A6BC8 evenodd=3 lod=4..4 aspect=3 format=5 data=00ECD0A0
3540 pid=FFFDCE01 t=274057 grTexDownloadMipMap#204189 tmu=0 addr=001A6CC8 evenodd=3 lod=4..4 aspect=3 format=5 data=00ECD0A0
3541 pid=FFFDCE01 t=274057 grTexDownloadMipMap#204190 tmu=0 addr=001A6DC8 evenodd=3 lod=5..5 aspect=3 format=5 data=00ECD0A0
3542 pid=FFFDCE01 t=274057 grTexDownloadMipMap#204191 tmu=0 addr=001A6E08 evenodd=3 lod=5..5 aspect=3 format=5 data=00ECD0A0
3543 pid=FFFDCE01 t=274058 grTexDownloadMipMap#204192 tmu=0 addr=001A6E48 evenodd=3 lod=6..6 aspect=3 format=5 data=00ECD0A0
3544 pid=FFFDCE01 t=274058 grTexDownloadMipMap#204193 tmu=0 addr=001A6E58 evenodd=3 lod=6..6 aspect=3 format=5 data=00ECD0A0
3545 pid=FFFDCE01 t=274058 grTexDownloadMipMap#204194 tmu=0 addr=001A6E68 evenodd=3 lod=5..5 aspect=3 format=5 data=00ECD0A0
3546 pid=FFFDCE01 t=274058 grTexDownloadMipMap#204195 tmu=0 addr=001A6EA8 evenodd=3 lod=5..5 aspect=3 format=5 data=00ECD0A0
3547 pid=FFFDCE01 t=274059 grTexDownloadMipMap#204196 tmu=0 addr=001A6EE8 evenodd=3 lod=5..5 aspect=3 format=5 data=00ECD0A0
3548 pid=FFFDCE01 t=274059 grTexDownloadMipMap#204197 tmu=0 addr=001A6F28 evenodd=3 lod=5..5 aspect=3 format=5 data=00ECD0A0
3549 pid=FFFDCE01 t=274059 grTexDownloadMipMap#204198 tmu=0 addr=001A6F68 evenodd=3 lod=4..4 aspect=3 format=5 data=00ECD0A0
3550 pid=FFFDCE01 t=274061 grTexDownloadMipMap#204199 tmu=0 addr=001A7068 evenodd=3 lod=4..4 aspect=3 format=5 data=00ECD0A0
3551 pid=FFFDCE01 t=274061 grTexDownloadMipMap#204200 tmu=0 addr=001A7168 evenodd=3 lod=4..4 aspect=3 format=5 data=00ECD0A0
3552 pid=FFFDCE01 t=274061 grTexDownloadMipMap#204201 tmu=0 addr=001A7268 evenodd=3 lod=4..4 aspect=3 format=5 data=00ECD0A0
3553 pid=FFFDCE01 t=274061 grTexDownloadMipMap#204202 tmu=0 addr=001A7368 evenodd=3 lod=3..3 aspect=3 format=5 data=00ECD0A0
3554 pid=FFFDCE01 t=274061 grTexDownloadMipMap#204203 tmu=0 addr=001A7768 evenodd=3 lod=3..3 aspect=3 format=5 data=00ECD0A0
3555 pid=FFFDCE01 t=274062 grTexDownloadMipMap#204204 tmu=0 addr=001A7B68 evenodd=3 lod=6..6 aspect=3 format=5 data=00ECD0A0
3556 pid=FFFDCE01 t=274062 grTexDownloadMipMap#204205 tmu=0 addr=001A7B78 evenodd=3 lod=6..6 aspect=3 format=5 data=00ECD0A0
3557 pid=FFFDCE01 t=274062 grTexDownloadMipMap#204206 tmu=0 addr=001A7B88 evenodd=3 lod=5..5 aspect=3 format=5 data=00ECD0A0
3558 pid=FFFDCE01 t=274062 grTexDownloadMipMap#204207 tmu=0 addr=001A7BC8 evenodd=3 lod=5..5 aspect=3 format=5 data=00ECD0A0
3559 pid=FFFDCE01 t=274063 grTexDownloadMipMap#204208 tmu=0 addr=001A7C08 evenodd=3 lod=5..5 aspect=3 format=5 data=00ECD0A0
3560 pid=FFFDCE01 t=274063 grTexDownloadMipMap#204209 tmu=0 addr=001A7C48 evenodd=3 lod=5..5 aspect=3 format=5 data=00ECD0A0
3561 pid=FFFDCE01 t=274063 grTexDownloadMipMap#204210 tmu=0 addr=001A7C88 evenodd=3 lod=5..5 aspect=3 format=5 data=00ECD0A0
3562 pid=FFFDCE01 t=274064 grTexDownloadMipMap#204211 tmu=0 addr=001A7CC8 evenodd=3 lod=5..5 aspect=3 format=5 data=00ECD0A0
3563 pid=FFFDCE01 t=274064 grTexDownloadMipMap#204212 tmu=0 addr=001A7D08 evenodd=3 lod=4..4 aspect=3 format=5 data=00ECD0A0
3564 pid=FFFDCE01 t=274064 grTexDownloadMipMap#204213 tmu=0 addr=001A7E08 evenodd=3 lod=4..4 aspect=3 format=5 data=00ECD0A0
3565 pid=FFFDCE01 t=274065 grTexDownloadMipMap#204214 tmu=0 addr=001A7F08 evenodd=3 lod=4..4 aspect=3 format=5 data=00ECD0A0
3566 pid=FFFDCE01 t=274065 grTexDownloadMipMap#204215 tmu=0 addr=001A8008 evenodd=3 lod=4..4 aspect=3 format=5 data=00ECD0A0
3567 pid=FFFDCE01 t=274065 grTexDownloadMipMap#204216 tmu=0 addr=001A8108 evenodd=3 lod=3..3 aspect=3 format=5 data=00ECD0A0
3568 pid=FFFDCE01 t=274066 grTexDownloadMipMap#204217 tmu=0 addr=001A8508 evenodd=3 lod=3..3 aspect=3 format=5 data=00ECD0A0
3569 pid=FFFDCE01 t=274066 grTexDownloadMipMap#204218 tmu=0 addr=001A8908 evenodd=3 lod=5..5 aspect=3 format=5 data=00ECD0A0
3570 pid=FFFDCE01 t=274066 grTexDownloadMipMap#204219 tmu=0 addr=001A8948 evenodd=3 lod=5..5 aspect=3 format=5 data=00ECD0A0
3571 pid=FFFDCE01 t=274067 grTexDownloadMipMap#204220 tmu=0 addr=001A8988 evenodd=3 lod=4..4 aspect=3 format=5 data=00ECD0A0
3572 pid=FFFDCE01 t=274067 grTexDownloadMipMap#204221 tmu=0 addr=001A8A88 evenodd=3 lod=4..4 aspect=3 format=5 data=00ECD0A0
3573 pid=FFFDCE01 t=274067 grTexDownloadMipMap#204222 tmu=0 addr=001A8B88 evenodd=3 lod=7..7 aspect=3 format=5 data=00ECD0A0
3574 pid=FFFDCE01 t=274067 grTexDownloadMipMap#204223 tmu=0 addr=001A8B90 evenodd=3 lod=7..7 aspect=3 format=5 data=00ECD0A0
3575 pid=FFFDCE01 t=274069 grTexDownloadMipMap#204224 tmu=0 addr=001A8B98 evenodd=3 lod=7..7 aspect=3 format=5 data=00ECD0A0
3576 pid=FFFDCE01 t=274069 grTexDownloadMipMap#204225 tmu=0 addr=001A8BA0 evenodd=3 lod=7..7 aspect=3 format=5 data=00ECD0A0
3577 pid=FFFDCE01 t=274069 grTexDownloadMipMap#204226 tmu=0 addr=001A8BA8 evenodd=3 lod=3..3 aspect=3 format=5 data=00ECD0A0
3578 pid=FFFDCE01 t=274069 grTexDownloadMipMap#204227 tmu=0 addr=001A8FA8 evenodd=3 lod=3..3 aspect=3 format=5 data=00ECD0A0
3579 pid=FFFDCE01 t=274069 grTexDownloadMipMap#204228 tmu=0 addr=001A93A8 evenodd=3 lod=4..4 aspect=3 format=5 data=00ECD0A0
3580 pid=FFFDCE01 t=274070 grTexDownloadMipMap#204229 tmu=0 addr=001A94A8 evenodd=3 lod=4..4 aspect=3 format=5 data=00ECD0A0
3581 pid=FFFDCE01 t=274070 grTexDownloadMipMap#204230 tmu=0 addr=001A95A8 evenodd=3 lod=3..3 aspect=3 format=5 data=00ECD0A0
3582 pid=FFFDCE01 t=274071 grTexDownloadMipMap#204231 tmu=0 addr=001A99A8 evenodd=3 lod=3..3 aspect=3 format=5 data=00ECD0A0
3583 pid=FFFDCE01 t=274162 grBufferClear#1016 color=FF000000 alpha=00 depth=FFFF
3584 pid=FFFDCE01 t=274275 grClipWindow#1 min=0,0 max=640,480
3585 pid=FFFDCE01 t=274275 grDepthBufferFunction#3 func=00000007
3586 pid=FFFDCE01 t=274275 grDepthMask#3 enable=00000000
3587 pid=FFFDCE01 t=274276 grTexSource#343462 tmu=0 addr=000381E0 evenodd=3 lod=1..1 aspect=3 format=11
3588 pid=FFFDCE01 t=274276 grColorCombine#4 func=3 factor=1 local=0 other=1 invert=0
3589 pid=FFFDCE01 t=274276 grAlphaCombine#4 func=3 factor=1 local=0 other=1 invert=0
3590 pid=FFFDCE01 t=274279 grTexSource#343463 tmu=0 addr=000401E0 evenodd=3 lod=1..1 aspect=3 format=11
3591 pid=FFFDCE01 t=274280 grTexSource#343464 tmu=0 addr=000481E0 evenodd=3 lod=1..1 aspect=3 format=11
3592 pid=FFFDCE01 t=274281 grTexSource#343465 tmu=0 addr=000501E0 evenodd=3 lod=1..1 aspect=3 format=11
3593 pid=FFFDCE01 t=274282 grDepthBufferMode#3 mode=00000002
3594 pid=FFFDCE01 t=274282 grDepthBufferFunction#4 func=00000003
3595 pid=FFFDCE01 t=274282 grDepthMask#4 enable=00000001
3596 pid=FFFDCE01 t=274282 grTexSource#343469 tmu=0 addr=000B8FE0 evenodd=3 lod=3..3 aspect=3 format=11
3597 pid=FFFDCE01 t=274282 grTexSource#343470 tmu=0 addr=000B6FE0 evenodd=3 lod=2..2 aspect=3 format=11
3598 pid=FFFDCE01 t=274283 grTexSource#343471 tmu=0 addr=0007DFE0 evenodd=3 lod=4..4 aspect=3 format=11
3599 pid=FFFDCE01 t=274283 grTexSource#343472 tmu=0 addr=0007CDE0 evenodd=3 lod=4..4 aspect=3 format=11
3600 pid=FFFDCE01 t=274283 grTexSource#343473 tmu=0 addr=00125E68 evenodd=3 lod=3..3 aspect=3 format=11
3601 pid=FFFDCE01 t=274283 grTexSource#343474 tmu=0 addr=00115668 evenodd=3 lod=1..1 aspect=3 format=11
3602 pid=FFFDCE01 t=274285 grTexSource#343475 tmu=0 addr=000FD668 evenodd=3 lod=1..1 aspect=3 format=11
3603 pid=FFFDCE01 t=274287 grTexSource#343476 tmu=0 addr=000ED668 evenodd=3 lod=1..1 aspect=3 format=11
3604 pid=FFFDCE01 t=274288 grTexSource#343478 tmu=0 addr=0007C9E0 evenodd=3 lod=4..4 aspect=3 format=11
3605 pid=FFFDCE01 t=274289 grTexSource#343479 tmu=0 addr=00126668 evenodd=3 lod=3..3 aspect=3 format=11
3606 pid=FFFDCE01 t=274289 grTexSource#343480 tmu=0 addr=0013A330 evenodd=3 lod=3..3 aspect=3 format=11
3607 pid=FFFDCE01 t=274289 grTexSource#343481 tmu=0 addr=0013AD30 evenodd=3 lod=4..4 aspect=3 format=11
3608 pid=FFFDCE01 t=274289 grTexSource#343482 tmu=0 addr=0013AB30 evenodd=3 lod=4..4 aspect=3 format=11
3609 pid=FFFDCE01 t=274290 grTexSource#343486 tmu=0 addr=0007CBE0 evenodd=3 lod=4..4 aspect=3 format=11
3610 pid=FFFDCE01 t=274290 grTexSource#343488 tmu=0 addr=0010D668 evenodd=3 lod=1..1 aspect=3 format=11
3611 pid=FFFDCE01 t=274291 grTexSource#343489 tmu=0 addr=000F5668 evenodd=3 lod=1..1 aspect=3 format=11
3612 pid=FFFDCE01 t=274294 grTexSource#343490 tmu=0 addr=000DD668 evenodd=3 lod=1..1 aspect=3 format=11
3613 pid=FFFDCE01 t=274295 grTexSource#343495 tmu=0 addr=0013AF30 evenodd=3 lod=4..4 aspect=3 format=11
3614 pid=FFFDCE01 t=274297 grTexSource#343521 tmu=0 addr=0011D668 evenodd=3 lod=1..1 aspect=3 format=11
3615 pid=FFFDCE01 t=274299 grTexSource#343526 tmu=0 addr=000AE7E0 evenodd=3 lod=2..2 aspect=3 format=11
3616 pid=FFFDCE01 t=274299 grTexSource#343532 tmu=0 addr=000AC7E0 evenodd=3 lod=2..2 aspect=3 format=11
3617 pid=FFFDCE01 t=274301 grTexSource#343542 tmu=0 addr=00132B70 evenodd=3 lod=6..6 aspect=3 format=11
3618 pid=FFFDCE01 t=274301 grTexSource#343544 tmu=0 addr=0012F070 evenodd=3 lod=5..5 aspect=3 format=11
3619 pid=FFFDCE01 t=274303 grTexSource#343546 tmu=0 addr=0012F0F0 evenodd=3 lod=4..4 aspect=3 format=11
3620 pid=FFFDCE01 t=274303 grTexSource#343547 tmu=0 addr=0012E870 evenodd=3 lod=3..3 aspect=3 format=11
3621 pid=FFFDCE01 t=274303 grTexSource#343555 tmu=0 addr=00105668 evenodd=3 lod=1..1 aspect=3 format=11
3622 pid=FFFDCE01 t=274310 grTexSource#343638 tmu=0 addr=0007DBE0 evenodd=3 lod=4..4 aspect=3 format=11
3623 pid=FFFDCE01 t=274313 grTexSource#343681 tmu=0 addr=00139B30 evenodd=3 lod=3..3 aspect=3 format=11
3624 pid=FFFDCE01 t=274313 grTexSource#343685 tmu=0 addr=0014EDC0 evenodd=3 lod=2..2 aspect=3 format=11
3625 pid=FFFDCE01 t=274314 grTexSource#343686 tmu=0 addr=000E5668 evenodd=3 lod=1..1 aspect=3 format=11
3626 pid=FFFDCE01 t=274316 grTexSource#343698 tmu=0 addr=0007DDE0 evenodd=3 lod=4..4 aspect=3 format=11
3627 pid=FFFDCE01 t=274319 grTexSource#343737 tmu=0 addr=000AB1E0 evenodd=3 lod=4..4 aspect=3 format=11
3628 pid=FFFDCE01 t=274319 grTexSource#343743 tmu=0 addr=0007E1E0 evenodd=3 lod=3..3 aspect=3 format=11
3629 pid=FFFDCE01 t=274320 grTexSource#343749 tmu=0 addr=0012AE68 evenodd=3 lod=7..7 aspect=3 format=11
3630 pid=FFFDCE01 t=274320 grTexSource#343751 tmu=0 addr=0014ADC0 evenodd=3 lod=2..2 aspect=3 format=11
3631 pid=FFFDCE01 t=274321 grTexSource#343761 tmu=0 addr=0007D5E0 evenodd=3 lod=4..4 aspect=3 format=11
3632 pid=FFFDCE01 t=274322 grTexSource#343766 tmu=0 addr=000D5668 evenodd=3 lod=1..1 aspect=3 format=11
3633 pid=FFFDCE01 t=274323 grTexSource#343767 tmu=0 addr=000CD668 evenodd=3 lod=1..1 aspect=3 format=11
3634 pid=FFFDCE01 t=274326 grTexSource#343768 tmu=0 addr=000C27E8 evenodd=3 lod=3..3 aspect=3 format=11
3635 pid=FFFDCE01 t=274326 grTexSource#343769 tmu=0 addr=000C5668 evenodd=3 lod=1..1 aspect=3 format=11
3636 pid=FFFDCE01 t=274327 grTexSource#343782 tmu=0 addr=0013B138 evenodd=3 lod=4..4 aspect=3 format=11
3637 pid=FFFDCE01 t=274328 grTexSource#343785 tmu=0 addr=0013B130 evenodd=3 lod=7..7 aspect=3 format=11
3638 pid=FFFDCE01 t=274328 grTexSource#343791 tmu=0 addr=0007E9E0 evenodd=3 lod=4..4 aspect=3 format=11
3639 pid=FFFDCE01 t=274329 grTexSource#343795 tmu=0 addr=0007CFE0 evenodd=3 lod=4..4 aspect=3 format=11
3640 pid=FFFDCE01 t=274331 grTexSource#343828 tmu=0 addr=000AB5E0 evenodd=3 lod=4..4 aspect=3 format=11
3641 pid=FFFDCE01 t=274338 grTexSource#343932 tmu=0 addr=000C4E68 evenodd=3 lod=3..3 aspect=3 format=11
3642 pid=FFFDCE01 t=274339 grTexSource#343939 tmu=0 addr=000C2FE8 evenodd=3 lod=3..3 aspect=3 format=11
3643 pid=FFFDCE01 t=274341 grTexSource#343958 tmu=0 addr=000C37E8 evenodd=3 lod=4..4 aspect=3 format=11
3644 pid=FFFDCE01 t=274341 grTexSource#343965 tmu=0 addr=0012DE70 evenodd=3 lod=3..3 aspect=3 format=11
3645 pid=FFFDCE01 t=274342 grTexSource#343972 tmu=0 addr=000831E0 evenodd=3 lod=2..2 aspect=3 format=11
3646 pid=FFFDCE01 t=274346 grTexSource#344013 tmu=0 addr=000AA9E0 evenodd=3 lod=3..3 aspect=3 format=11
3647 pid=FFFDCE01 t=274346 grTexSource#344024 tmu=0 addr=0012E670 evenodd=3 lod=4..4 aspect=3 format=11
3648 pid=FFFDCE01 t=274347 grTexSource#344036 tmu=0 addr=0009F1E0 evenodd=3 lod=3..3 aspect=3 format=11
3649 pid=FFFDCE01 t=274349 grTexSource#344047 tmu=0 addr=000AB7E0 evenodd=3 lod=3..3 aspect=3 format=11
3650 pid=FFFDCE01 t=274349 grTexSource#344060 tmu=0 addr=000851E0 evenodd=3 lod=2..2 aspect=3 format=11
3651 pid=FFFDCE01 t=274350 grTexSource#344069 tmu=0 addr=0007D7E0 evenodd=3 lod=4..4 aspect=3 format=11
3652 pid=FFFDCE01 t=274352 grTexSource#344089 tmu=0 addr=0007D1E0 evenodd=3 lod=4..4 aspect=3 format=11
3653 pid=FFFDCE01 t=274353 grTexSource#344097 tmu=0 addr=0012D670 evenodd=3 lod=3..3 aspect=3 format=11
3654 pid=FFFDCE01 t=274354 grTexSource#344116 tmu=0 addr=000A31E0 evenodd=3 lod=3..3 aspect=3 format=11
3655 pid=FFFDCE01 t=274355 grTexSource#344131 tmu=0 addr=0007D3E0 evenodd=3 lod=4..4 aspect=3 format=11
3656 pid=FFFDCE01 t=274355 grTexSource#344133 tmu=0 addr=0007D9E0 evenodd=3 lod=4..4 aspect=3 format=11
3657 pid=FFFDCE01 t=274358 grTexSource#344181 tmu=0 addr=000811E0 evenodd=3 lod=2..2 aspect=3 format=11
3658 pid=FFFDCE01 t=274360 grTexSource#344199 tmu=0 addr=000A91E0 evenodd=3 lod=3..3 aspect=3 format=11
3659 pid=FFFDCE01 t=274361 grTexSource#344216 tmu=0 addr=000ABFE0 evenodd=3 lod=3..3 aspect=3 format=11
3660 pid=FFFDCE01 t=274363 grTexSource#344237 tmu=0 addr=000AB3E0 evenodd=3 lod=4..4 aspect=3 format=11
3661 pid=FFFDCE01 t=274366 grTexSource#344283 tmu=0 addr=000A51E0 evenodd=3 lod=3..3 aspect=3 format=11
3662 pid=FFFDCE01 t=274368 grTexSource#344316 tmu=0 addr=000871E0 evenodd=3 lod=2..2 aspect=3 format=11
3663 pid=FFFDCE01 t=274372 grTexSource#344376 tmu=0 addr=000A11E0 evenodd=3 lod=3..3 aspect=3 format=11
3664 pid=FFFDCE01 t=274378 grTexSource#344465 tmu=0 addr=000A71E0 evenodd=3 lod=3..3 aspect=3 format=11
3665 pid=FFFDCE01 t=274382 grTexSource#344526 tmu=0 addr=000967E0 evenodd=3 lod=4..4 aspect=3 format=11
3666 pid=FFFDCE01 t=274383 grTexSource#344567 tmu=0 addr=00001B80 evenodd=3 lod=5..5 aspect=3 format=11
3667 pid=FFFDCE01 t=274383 grTexSource#344569 tmu=0 addr=00001980 evenodd=3 lod=5..5 aspect=3 format=11
3668 pid=FFFDCE01 t=274383 grTexSource#344570 tmu=0 addr=00001C00 evenodd=3 lod=5..5 aspect=3 format=11
3669 pid=FFFDCE01 t=274383 grTexSource#344572 tmu=0 addr=00001A00 evenodd=3 lod=5..5 aspect=3 format=11
3670 pid=FFFDCE01 t=274385 grTexSource#344582 tmu=0 addr=00001A80 evenodd=3 lod=5..5 aspect=3 format=11
3671 pid=FFFDCE01 t=274388 grTexSource#344640 tmu=0 addr=00001C80 evenodd=3 lod=3..3 aspect=3 format=12
3672 pid=FFFDCE01 t=274388 grChromakeyMode#3 mode=00000001
3673 pid=FFFDCE01 t=274388 grChromakeyValue#2 color=00000000
3674 pid=FFFDCE01 t=274388 grTexDownloadTable#1 tmu=0 type=2 sum=963D72A2 first=FF050E07 FF042232 FF0A0A0A FF5B0808
3675 pid=FFFDCE01 t=274388 grTexSource#344641 tmu=0 addr=001A95A8 evenodd=3 lod=3..3 aspect=3 format=5
3676 pid=FFFDCE01 t=274389 grTexSource#344642 tmu=0 addr=001A8FA8 evenodd=3 lod=3..3 aspect=3 format=5
3677 pid=FFFDCE01 t=274389 grTexSource#344643 tmu=0 addr=001A94A8 evenodd=3 lod=4..4 aspect=3 format=5
3678 pid=FFFDCE01 t=274389 grChromakeyValue#3 color=0000FF00
3679 pid=FFFDCE01 t=274389 grChromakeyMode#4 mode=00000000
3680 pid=FFFDCE01 t=274390 grTexDownloadTable#2 tmu=0 type=2 sum=C481AC20 first=FF050E07 FF0E0F11 FF0A0A0A FF5B0808
3681 pid=FFFDCE01 t=274390 grTexSource#344648 tmu=0 addr=00001000 evenodd=3 lod=5..5 aspect=3 format=11
3682 pid=FFFDCE01 t=274390 grAlphaBlendFunction#2 rgb=1,4 alpha=0,0
3683 pid=FFFDCE01 t=274390 grAlphaBlendFunction#3 rgb=1,5 alpha=0,0
3684 pid=FFFDCE01 t=274392 grDrawLine#1 swap=1047
3685 pid=FFFDCE01 t=274392 grDrawLine#1   va x=49400000 y=49400470 ooz=00000000 oow=3F800000 rgba=41800000,41800000,41800000,437F0000 st0=00000000,00000000,00000000
3686 pid=FFFDCE01 t=274392 grDrawLine#1   vb x=49400880 y=49400470 ooz=00000000 oow=3F800000 rgba=41800000,41800000,41800000,437F0000 st0=00000000,00000000,00000000
3687 pid=FFFDCE01 t=274392 grDrawLine#2 swap=1047
3688 pid=FFFDCE01 t=274392 grDrawLine#2   va x=49400880 y=49400470 ooz=00000000 oow=3F800000 rgba=41800000,41800000,41800000,437F0000 st0=00000000,00000000,00000000
3689 pid=FFFDCE01 t=274392 grDrawLine#2   vb x=49400AA0 y=49400250 ooz=00000000 oow=3F800000 rgba=41800000,41800000,41800000,437F0000 st0=00000000,00000000,00000000
3690 pid=FFFDCE01 t=274392 grDrawLine#3 swap=1047
3691 pid=FFFDCE01 t=274392 grDrawLine#3   va x=49400AA0 y=49400250 ooz=00000000 oow=3F800000 rgba=41800000,41800000,41800000,437F0000 st0=00000000,00000000,00000000
3692 pid=FFFDCE01 t=274392 grDrawLine#3   vb x=494027F0 y=49400250 ooz=00000000 oow=3F800000 rgba=41800000,41800000,41800000,437F0000 st0=00000000,00000000,00000000
3693 pid=FFFDCE01 t=274392 grDrawLine#4 swap=1047
3694 pid=FFFDCE01 t=274392 grDrawLine#4   va x=49400000 y=49400480 ooz=00000000 oow=3F800000 rgba=41800000,41800000,41800000,437F0000 st0=00000000,00000000,00000000
3695 pid=FFFDCE01 t=274392 grDrawLine#4   vb x=49400880 y=49400480 ooz=00000000 oow=3F800000 rgba=41800000,41800000,41800000,437F0000 st0=00000000,00000000,00000000
3696 pid=FFFDCE01 t=274392 grDrawLine#5 swap=1047
3697 pid=FFFDCE01 t=274393 grDrawLine#5   va x=49400880 y=49400480 ooz=00000000 oow=3F800000 rgba=41800000,41800000,41800000,437F0000 st0=00000000,00000000,00000000
3698 pid=FFFDCE01 t=274393 grDrawLine#5   vb x=49400AA0 y=49400260 ooz=00000000 oow=3F800000 rgba=41800000,41800000,41800000,437F0000 st0=00000000,00000000,00000000
3699 pid=FFFDCE01 t=274393 grDrawLine#6 swap=1047
3700 pid=FFFDCE01 t=274393 grDrawLine#6   va x=49400AA0 y=49400260 ooz=00000000 oow=3F800000 rgba=41800000,41800000,41800000,437F0000 st0=00000000,00000000,00000000
3701 pid=FFFDCE01 t=274393 grDrawLine#6   vb x=494027F0 y=49400260 ooz=00000000 oow=3F800000 rgba=41800000,41800000,41800000,437F0000 st0=00000000,00000000,00000000
3702 pid=FFFDCE01 t=274393 grTexSource#344649 tmu=0 addr=00033C80 evenodd=3 lod=2..2 aspect=3 format=12
3703 pid=FFFDCE01 t=274394 grTexSource#344650 tmu=0 addr=00013C80 evenodd=3 lod=0..0 aspect=3 format=11
3704 pid=FFFDCE01 t=274400 grDrawLine#7 swap=1047
3705 pid=FFFDCE01 t=274400 grDrawLine#7   va x=49400020 y=49401DF0 ooz=00000000 oow=3F800000 rgba=430C0000,430A0000,430C0000,42FE0000 st0=00000000,00000000,00000000
3706 pid=FFFDCE01 t=274400 grDrawLine#7   vb x=49400020 y=49401BD0 ooz=00000000 oow=3F800000 rgba=430C0000,430A0000,430C0000,42FE0000 st0=00000000,00000000,00000000
3707 pid=FFFDCE01 t=274400 grDrawLine#8 swap=1047
3708 pid=FFFDCE01 t=274400 grDrawLine#8   va x=49400020 y=49401BD0 ooz=00000000 oow=3F800000 rgba=430C0000,430A0000,430C0000,42FE0000 st0=00000000,00000000,00000000
3709 pid=FFFDCE01 t=274400 grDrawLine#8   vb x=494006A0 y=49401BD0 ooz=00000000 oow=3F800000 rgba=430C0000,430A0000,430C0000,42FE0000 st0=00000000,00000000,00000000
3710 pid=FFFDCE01 t=274401 grDrawLine#9 swap=1047
3711 pid=FFFDCE01 t=274401 grDrawLine#9   va x=49400030 y=49401DE0 ooz=00000000 oow=3F800000 rgba=42D60000,42DA0000,42D60000,42FE0000 st0=00000000,00000000,00000000
3712 pid=FFFDCE01 t=274401 grDrawLine#9   vb x=49400030 y=49401BE0 ooz=00000000 oow=3F800000 rgba=42D60000,42DA0000,42D60000,42FE0000 st0=00000000,00000000,00000000
3713 pid=FFFDCE01 t=274401 grDrawLine#10 swap=1047
3714 pid=FFFDCE01 t=274401 grDrawLine#10   va x=49400030 y=49401BE0 ooz=00000000 oow=3F800000 rgba=42D60000,42DA0000,42D60000,42FE0000 st0=00000000,00000000,00000000
3715 pid=FFFDCE01 t=274401 grDrawLine#10   vb x=49400690 y=49401BE0 ooz=00000000 oow=3F800000 rgba=42D60000,42DA0000,42D60000,42FE0000 st0=00000000,00000000,00000000
3716 pid=FFFDCE01 t=274401 grDrawLine#11 swap=1047
3717 pid=FFFDCE01 t=274401 grDrawLine#11   va x=49400020 y=49401E00 ooz=00000000 oow=3F800000 rgba=42400000,42400000,42400000,42FE0000 st0=00000000,00000000,00000000
3718 pid=FFFDCE01 t=274401 grDrawLine#11   vb x=494006A0 y=49401E00 ooz=00000000 oow=3F800000 rgba=42400000,42400000,42400000,42FE0000 st0=00000000,00000000,00000000
3719 pid=FFFDCE01 t=274401 grDrawLine#12 swap=1047
3720 pid=FFFDCE01 t=274401 grDrawLine#12   va x=494006A0 y=49401E00 ooz=00000000 oow=3F800000 rgba=42400000,42400000,42400000,42FE0000 st0=00000000,00000000,00000000
3721 pid=FFFDCE01 t=274401 grDrawLine#12   vb x=494006A0 y=49401BD0 ooz=00000000 oow=3F800000 rgba=42400000,42400000,42400000,42FE0000 st0=00000000,00000000,00000000
3722 pid=FFFDCE01 t=274402 grDrawLine#13 swap=1047
3723 pid=FFFDCE01 t=274402 grDrawLine#13   va x=49402160 y=49401DF0 ooz=00000000 oow=3F800000 rgba=430C0000,430A0000,430C0000,42FE0000 st0=00000000,00000000,00000000
3724 pid=FFFDCE01 t=274402 grDrawLine#13   vb x=49402160 y=49401C80 ooz=00000000 oow=3F800000 rgba=430C0000,430A0000,430C0000,42FE0000 st0=00000000,00000000,00000000
3725 pid=FFFDCE01 t=274402 grDrawLine#14 swap=1047
3726 pid=FFFDCE01 t=274402 grDrawLine#14   va x=49402160 y=49401C80 ooz=00000000 oow=3F800000 rgba=430C0000,430A0000,430C0000,42FE0000 st0=00000000,00000000,00000000
3727 pid=FFFDCE01 t=274402 grDrawLine#14   vb x=494027E0 y=49401C80 ooz=00000000 oow=3F800000 rgba=430C0000,430A0000,430C0000,42FE0000 st0=00000000,00000000,00000000
3728 pid=FFFDCE01 t=274402 grDrawLine#15 swap=1047
3729 pid=FFFDCE01 t=274402 grDrawLine#15   va x=49402170 y=49401DE0 ooz=00000000 oow=3F800000 rgba=42D60000,42DA0000,42D60000,42FE0000 st0=00000000,00000000,00000000
3730 pid=FFFDCE01 t=274402 grDrawLine#15   vb x=49402170 y=49401C90 ooz=00000000 oow=3F800000 rgba=42D60000,42DA0000,42D60000,42FE0000 st0=00000000,00000000,00000000
3731 pid=FFFDCE01 t=274402 grDrawLine#16 swap=1047
3732 pid=FFFDCE01 t=274402 grDrawLine#16   va x=49402170 y=49401C90 ooz=00000000 oow=3F800000 rgba=42D60000,42DA0000,42D60000,42FE0000 st0=00000000,00000000,00000000
3733 pid=FFFDCE01 t=274402 grDrawLine#16   vb x=494027D0 y=49401C90 ooz=00000000 oow=3F800000 rgba=42D60000,42DA0000,42D60000,42FE0000 st0=00000000,00000000,00000000
3734 pid=FFFDCE01 t=274402 grDrawLine#17 swap=1047
3735 pid=FFFDCE01 t=274404 grDrawLine#17   va x=49402160 y=49401E00 ooz=00000000 oow=3F800000 rgba=42400000,42400000,42400000,42FE0000 st0=00000000,00000000,00000000
3736 pid=FFFDCE01 t=274404 grDrawLine#17   vb x=494027E0 y=49401E00 ooz=00000000 oow=3F800000 rgba=42400000,42400000,42400000,42FE0000 st0=00000000,00000000,00000000
3737 pid=FFFDCE01 t=274404 grDrawLine#18 swap=1047
3738 pid=FFFDCE01 t=274404 grDrawLine#18   va x=494027E0 y=49401E00 ooz=00000000 oow=3F800000 rgba=42400000,42400000,42400000,42FE0000 st0=00000000,00000000,00000000
3739 pid=FFFDCE01 t=274404 grDrawLine#18   vb x=494027E0 y=49401C80 ooz=00000000 oow=3F800000 rgba=42400000,42400000,42400000,42FE0000 st0=00000000,00000000,00000000
3740 pid=FFFDCE01 t=274404 grTexSource#344652 tmu=0 addr=000374E0 evenodd=3 lod=5..5 aspect=3 format=11
3741 pid=FFFDCE01 t=274404 grTexSource#344653 tmu=0 addr=00036DC0 evenodd=3 lod=5..5 aspect=3 format=11
3742 pid=FFFDCE01 t=274404 grTexSource#344654 tmu=0 addr=000372E0 evenodd=3 lod=5..5 aspect=3 format=11
3743 pid=FFFDCE01 t=274404 grTexSource#344656 tmu=0 addr=00037660 evenodd=3 lod=5..5 aspect=3 format=11
3744 pid=FFFDCE01 t=274404 grTexSource#344657 tmu=0 addr=00037460 evenodd=3 lod=5..5 aspect=3 format=11
3745 pid=FFFDCE01 t=274404 grTexSource#344660 tmu=0 addr=00036F40 evenodd=3 lod=5..5 aspect=3 format=11
3746 pid=FFFDCE01 t=274406 grTexSource#344661 tmu=0 addr=000375E0 evenodd=3 lod=5..5 aspect=3 format=11
3747 pid=FFFDCE01 t=274406 grTexSource#344663 tmu=0 addr=00036EC0 evenodd=3 lod=5..5 aspect=3 format=11
3748 pid=FFFDCE01 t=274406 grTexSource#344664 tmu=0 addr=00036FC0 evenodd=3 lod=5..5 aspect=3 format=11
3749 pid=FFFDCE01 t=274406 grTexSource#344666 tmu=0 addr=000367E0 evenodd=3 lod=5..5 aspect=3 format=11
3750 pid=FFFDCE01 t=274406 grTexSource#344667 tmu=0 addr=00036A00 evenodd=3 lod=5..5 aspect=3 format=11
3751 pid=FFFDCE01 t=274406 grTexSource#344668 tmu=0 addr=00036740 evenodd=3 lod=6..6 aspect=3 format=11
3752 pid=FFFDCE01 t=274406 grTexSource#344669 tmu=0 addr=00036C00 evenodd=3 lod=5..5 aspect=3 format=11
3753 pid=FFFDCE01 t=274406 grTexSource#344670 tmu=0 addr=00036980 evenodd=3 lod=5..5 aspect=3 format=11
3754 pid=FFFDCE01 t=274406 grTexSource#344671 tmu=0 addr=00036C80 evenodd=3 lod=6..6 aspect=3 format=11
3755 pid=FFFDCE01 t=274406 grTexSource#344674 tmu=0 addr=00037260 evenodd=3 lod=5..5 aspect=3 format=11
3756 pid=FFFDCE01 t=274407 grTexSource#344677 tmu=0 addr=00037760 evenodd=3 lod=5..5 aspect=3 format=11
3757 pid=FFFDCE01 t=274407 grTexSource#344678 tmu=0 addr=00037140 evenodd=3 lod=5..5 aspect=3 format=11
3758 pid=FFFDCE01 t=274407 grClipWindow#3 min=532,318 max=640,453
3759 pid=FFFDCE01 t=274407 grDrawLine#19 swap=1047
3760 pid=FFFDCE01 t=274407 grDrawLine#19   va x=49402160 y=49401C50 ooz=00000000 oow=3F800000 rgba=42F00000,42F00000,42F00000,42FE0000 st0=00000000,00000000,00492670
3761 pid=FFFDCE01 t=274407 grDrawLine#19   vb x=49402160 y=49401400 ooz=00000000 oow=3F800000 rgba=42F00000,42F00000,42F00000,42FE0000 st0=00000000,00000000,00000000
3762 pid=FFFDCE01 t=274408 grDrawLine#20 swap=1047
3763 pid=FFFDCE01 t=274408 grDrawLine#20   va x=49402160 y=49401400 ooz=00000000 oow=3F800000 rgba=42F00000,42F00000,42F00000,42FE0000 st0=00000000,00000000,00492670
3764 pid=FFFDCE01 t=274408 grDrawLine#20   vb x=494027E0 y=49401400 ooz=00000000 oow=3F800000 rgba=42F00000,42F00000,42F00000,42FE0000 st0=00000000,00000000,00000000
3765 pid=FFFDCE01 t=274408 grDrawLine#21 swap=1047
3766 pid=FFFDCE01 t=274408 grDrawLine#21   va x=49402170 y=49401C50 ooz=00000000 oow=3F800000 rgba=42C00000,42C00000,42C00000,42FE0000 st0=00000000,00000000,00492670
3767 pid=FFFDCE01 t=274408 grDrawLine#21   vb x=49402170 y=49401410 ooz=00000000 oow=3F800000 rgba=42C00000,42C00000,42C00000,42FE0000 st0=00000000,00000000,00000000
3768 pid=FFFDCE01 t=274408 grDrawLine#22 swap=1047
3769 pid=FFFDCE01 t=274408 grDrawLine#22   va x=49402170 y=49401410 ooz=00000000 oow=3F800000 rgba=42C00000,42C00000,42C00000,42FE0000 st0=00000000,00000000,00492670
3770 pid=FFFDCE01 t=274408 grDrawLine#22   vb x=494027D0 y=49401410 ooz=00000000 oow=3F800000 rgba=42C00000,42C00000,42C00000,42FE0000 st0=00000000,00000000,00000000
3771 pid=FFFDCE01 t=274408 grDrawLine#23 swap=1047
3772 pid=FFFDCE01 t=274408 grDrawLine#23   va x=49402160 y=49401400 ooz=00000000 oow=3F800000 rgba=42400000,42400000,42400000,42BE0000 st0=00000000,00000000,00492670
3773 pid=FFFDCE01 t=274408 grDrawLine#23   vb x=494027E0 y=49401C30 ooz=00000000 oow=3F800000 rgba=42400000,42400000,42400000,42BE0000 st0=00000000,00000000,00000000
3774 pid=FFFDCE01 t=274408 grDrawLine#24 swap=1047
3775 pid=FFFDCE01 t=274409 grDrawLine#24   va x=49402160 y=49401C50 ooz=00000000 oow=3F800000 rgba=42400000,42400000,42400000,42BE0000 st0=00000000,00000000,00492670
3776 pid=FFFDCE01 t=274409 grDrawLine#24   vb x=494027E0 y=49401400 ooz=00000000 oow=3F800000 rgba=42400000,42400000,42400000,42BE0000 st0=00000000,00000000,00000000
3777 pid=FFFDCE01 t=274429 grClipWindow#5 min=537,323 max=634,450
3778 pid=FFFDCE01 t=274438 draw refused: result=4 triangles=16 storage=2
3779 pid=FFFDCE01 t=274560 grTexSource#345010 tmu=0 addr=0007EBE0 evenodd=3 lod=4..4 aspect=3 format=11
3780 pid=FFFDCE01 t=274576 grTexSource#345256 tmu=0 addr=0009F9E0 evenodd=3 lod=3..3 aspect=3 format=11
3781 pid=FFFDCE01 t=274580 grTexSource#345340 tmu=0 addr=000A39E0 evenodd=3 lod=3..3 aspect=3 format=11
3782 pid=FFFDCE01 t=274585 grTexSource#345421 tmu=0 addr=000A99E0 evenodd=3 lod=3..3 aspect=3 format=11
3783 pid=FFFDCE01 t=274591 grTexSource#345503 tmu=0 addr=000A59E0 evenodd=3 lod=3..3 aspect=3 format=11
3784 pid=FFFDCE01 t=274596 grTexSource#345600 tmu=0 addr=000A19E0 evenodd=3 lod=3..3 aspect=3 format=11
3785 pid=FFFDCE01 t=274601 grTexSource#345688 tmu=0 addr=000A79E0 evenodd=3 lod=3..3 aspect=3 format=11
3786 pid=FFFDCE01 t=274636 draw refused: result=4 triangles=16 storage=2
3787 pid=FFFDCE01 t=274754 grTexSource#346227 tmu=0 addr=0007EDE0 evenodd=3 lod=4..4 aspect=3 format=11
3788 pid=FFFDCE01 t=274769 grTexSource#346477 tmu=0 addr=000A01E0 evenodd=3 lod=3..3 aspect=3 format=11
3789 pid=FFFDCE01 t=274774 grTexSource#346558 tmu=0 addr=000A41E0 evenodd=3 lod=3..3 aspect=3 format=11
3790 pid=FFFDCE01 t=274780 grTexSource#346640 tmu=0 addr=000AA1E0 evenodd=3 lod=3..3 aspect=3 format=11
3791 pid=FFFDCE01 t=274784 grTexSource#346723 tmu=0 addr=000A61E0 evenodd=3 lod=3..3 aspect=3 format=11
3792 pid=FFFDCE01 t=274790 grTexSource#346820 tmu=0 addr=000A21E0 evenodd=3 lod=3..3 aspect=3 format=11
3793 pid=FFFDCE01 t=274795 grTexSource#346913 tmu=0 addr=000A81E0 evenodd=3 lod=3..3 aspect=3 format=11
3794 pid=FFFDCE01 t=274830 draw refused: result=4 triangles=16 storage=2
3795 pid=FFFDCE01 t=274951 grTexSource#347445 tmu=0 addr=0007EFE0 evenodd=3 lod=4..4 aspect=3 format=11
3796 pid=FFFDCE01 t=274966 grTexSource#347694 tmu=0 addr=0009E9E0 evenodd=3 lod=3..3 aspect=3 format=11
3797 pid=FFFDCE01 t=274972 grTexSource#347777 tmu=0 addr=000A29E0 evenodd=3 lod=3..3 aspect=3 format=11
3798 pid=FFFDCE01 t=274977 grTexSource#347858 tmu=0 addr=000A89E0 evenodd=3 lod=3..3 aspect=3 format=11
3799 pid=FFFDCE01 t=274982 grTexSource#347941 tmu=0 addr=000A49E0 evenodd=3 lod=3..3 aspect=3 format=11
3800 pid=FFFDCE01 t=274987 grTexSource#348037 tmu=0 addr=000A09E0 evenodd=3 lod=3..3 aspect=3 format=11
3801 pid=FFFDCE01 t=274993 grTexSource#348131 tmu=0 addr=000A69E0 evenodd=3 lod=3..3 aspect=3 format=11
3802 pid=FFFDCE01 t=275029 draw refused: result=4 triangles=16 storage=2
3803 pid=FFFDCE01 t=275220 draw refused: result=4 triangles=16 storage=2
3804 pid=FFFDCE01 t=275414 draw refused: result=4 triangles=16 storage=2
3805 pid=FFFDCE01 t=275581 grTexSource#351933 tmu=0 addr=001A8B88 evenodd=3 lod=7..7 aspect=3 format=5
3806 pid=FFFDCE01 t=275581 grTexSource#351934 tmu=0 addr=001A8B90 evenodd=3 lod=7..7 aspect=3 format=5
3807 pid=FFFDCE01 t=275581 grTexSource#351935 tmu=0 addr=001A8B98 evenodd=3 lod=7..7 aspect=3 format=5
3808 pid=FFFDCE01 t=275581 grTexSource#351936 tmu=0 addr=001A8BA0 evenodd=3 lod=7..7 aspect=3 format=5
3809 pid=FFFDCE01 t=275581 grTexSource#351937 tmu=0 addr=001A61C8 evenodd=3 lod=3..3 aspect=3 format=5
3810 pid=FFFDCE01 t=275582 grTexSource#351938 tmu=0 addr=00002C80 evenodd=3 lod=3..3 aspect=3 format=12
3811 pid=FFFDCE01 t=275582 grTexClampMode#2 tmu=0 s=0 t=0
3812 pid=FFFDCE01 t=275582 grTexClampMode#3 tmu=0 s=1 t=1
3813 pid=FFFDCE01 t=275582 grTexSource#351939 tmu=0 addr=001A69C8 evenodd=3 lod=4..4 aspect=3 format=5
3814 pid=FFFDCE01 t=275582 grTexSource#351941 tmu=0 addr=001A6BC8 evenodd=3 lod=4..4 aspect=3 format=5
3815 pid=FFFDCE01 t=275584 grTexSource#351943 tmu=0 addr=001A6DC8 evenodd=3 lod=5..5 aspect=3 format=5
3816 pid=FFFDCE01 t=275584 grTexSource#351945 tmu=0 addr=001A6E08 evenodd=3 lod=5..5 aspect=3 format=5
3817 pid=FFFDCE01 t=275584 grTexSource#351947 tmu=0 addr=001A6EE8 evenodd=3 lod=5..5 aspect=3 format=5
3818 pid=FFFDCE01 t=275584 grTexSource#351949 tmu=0 addr=001A6F68 evenodd=3 lod=4..4 aspect=3 format=5
3819 pid=FFFDCE01 t=275584 grTexSource#351951 tmu=0 addr=001A7068 evenodd=3 lod=4..4 aspect=3 format=5
3820 pid=FFFDCE01 t=275584 grTexSource#351953 tmu=0 addr=001A7168 evenodd=3 lod=4..4 aspect=3 format=5
3821 pid=FFFDCE01 t=275584 grTexSource#351955 tmu=0 addr=001A7268 evenodd=3 lod=4..4 aspect=3 format=5
3822 pid=FFFDCE01 t=275584 grTexSource#351957 tmu=0 addr=001A7368 evenodd=3 lod=3..3 aspect=3 format=5
3823 pid=FFFDCE01 t=275585 grTexSource#351959 tmu=0 addr=001A7B68 evenodd=3 lod=6..6 aspect=3 format=5
3824 pid=FFFDCE01 t=275585 grTexSource#351961 tmu=0 addr=001A7B78 evenodd=3 lod=6..6 aspect=3 format=5
3825 pid=FFFDCE01 t=275585 grTexSource#351963 tmu=0 addr=001A7C08 evenodd=3 lod=5..5 aspect=3 format=5
3826 pid=FFFDCE01 t=275585 grTexSource#351965 tmu=0 addr=001A7C88 evenodd=3 lod=5..5 aspect=3 format=5
3827 pid=FFFDCE01 t=275586 grTexSource#351967 tmu=0 addr=001A7D08 evenodd=3 lod=4..4 aspect=3 format=5
3828 pid=FFFDCE01 t=275586 grTexSource#351969 tmu=0 addr=001A7E08 evenodd=3 lod=4..4 aspect=3 format=5
3829 pid=FFFDCE01 t=275586 grTexSource#351971 tmu=0 addr=001A7F08 evenodd=3 lod=4..4 aspect=3 format=5
3830 pid=FFFDCE01 t=275586 grTexSource#351973 tmu=0 addr=001A8508 evenodd=3 lod=3..3 aspect=3 format=5
3831 pid=FFFDCE01 t=275587 grTexSource#351975 tmu=0 addr=001A8948 evenodd=3 lod=5..5 aspect=3 format=5
3832 pid=FFFDCE01 t=275612 draw refused: result=4 triangles=16 storage=2
3833 pid=FFFDCE01 t=275782 grTexSource#353216 tmu=0 addr=001A8108 evenodd=3 lod=3..3 aspect=3 format=5
3834 pid=FFFDCE01 t=275808 draw refused: result=4 triangles=16 storage=2
3835 pid=FFFDCE01 t=276362 grTexDownloadTable#21 tmu=0 type=2 sum=57336FA8 first=FF010A01 FF141212 FF010101 FF1D1A1A
3836 pid=FFFDCE01 t=276363 grTexSource#356891 tmu=0 addr=0015F9A8 evenodd=3 lod=3..3 aspect=3 format=5
3837 pid=FFFDCE01 t=276363 grTexSource#356892 tmu=0 addr=0015FDA8 evenodd=3 lod=7..7 aspect=3 format=5
3838 pid=FFFDCE01 t=276363 grTexSource#356893 tmu=0 addr=00160DB0 evenodd=3 lod=3..3 aspect=3 format=5
3839 pid=FFFDCE01 t=276363 grTexSource#356894 tmu=0 addr=001611B0 evenodd=3 lod=7..7 aspect=3 format=5
3840 pid=FFFDCE01 t=276363 grTexSource#356895 tmu=0 addr=001621B8 evenodd=3 lod=3..3 aspect=3 format=5
3841 pid=FFFDCE01 t=276365 grTexSource#356896 tmu=0 addr=001625B8 evenodd=3 lod=7..7 aspect=3 format=5
3842 pid=FFFDCE01 t=276365 grTexSource#356897 tmu=0 addr=001635C0 evenodd=3 lod=3..3 aspect=3 format=5
3843 pid=FFFDCE01 t=276365 grTexSource#356898 tmu=0 addr=001639C0 evenodd=3 lod=7..7 aspect=3 format=5
3844 pid=FFFDCE01 t=276365 grTexSource#356899 tmu=0 addr=00150DC8 evenodd=3 lod=5..5 aspect=3 format=5
3845 pid=FFFDCE01 t=276365 grTexSource#356900 tmu=0 addr=00150E08 evenodd=3 lod=5..5 aspect=3 format=5
3846 pid=FFFDCE01 t=276365 grTexSource#356901 tmu=0 addr=00150E48 evenodd=3 lod=5..5 aspect=3 format=5
3847 pid=FFFDCE01 t=276365 grTexSource#356902 tmu=0 addr=00150E88 evenodd=3 lod=5..5 aspect=3 format=5
3848 pid=FFFDCE01 t=276365 grTexSource#356903 tmu=0 addr=00150EC8 evenodd=3 lod=5..5 aspect=3 format=5
3849 pid=FFFDCE01 t=276365 grTexSource#356904 tmu=0 addr=00150F08 evenodd=3 lod=5..5 aspect=3 format=5
3850 pid=FFFDCE01 t=276366 grTexSource#356905 tmu=0 addr=00150F48 evenodd=3 lod=5..5 aspect=3 format=5
3851 pid=FFFDCE01 t=276366 grTexSource#356906 tmu=0 addr=00150F88 evenodd=3 lod=5..5 aspect=3 format=5
3852 pid=FFFDCE01 t=276366 grTexSource#356907 tmu=0 addr=00150FC8 evenodd=3 lod=6..6 aspect=3 format=5
3853 pid=FFFDCE01 t=276366 grTexSource#356908 tmu=0 addr=00150FD8 evenodd=3 lod=6..6 aspect=3 format=5
3854 pid=FFFDCE01 t=276366 grTexSource#356909 tmu=0 addr=00150FE8 evenodd=3 lod=4..4 aspect=3 format=5
3855 pid=FFFDCE01 t=276366 grTexSource#356910 tmu=0 addr=001510E8 evenodd=3 lod=4..4 aspect=3 format=5
3856 pid=FFFDCE01 t=276367 grTexSource#356911 tmu=0 addr=001511E8 evenodd=3 lod=5..5 aspect=3 format=5
3857 pid=FFFDCE01 t=276367 grTexSource#356912 tmu=0 addr=00151228 evenodd=3 lod=5..5 aspect=3 format=5
3858 pid=FFFDCE01 t=276367 grTexSource#356913 tmu=0 addr=00151268 evenodd=3 lod=4..4 aspect=3 format=5
3859 pid=FFFDCE01 t=276367 grTexSource#356914 tmu=0 addr=00151368 evenodd=3 lod=4..4 aspect=3 format=5
3860 pid=FFFDCE01 t=276367 grTexSource#356915 tmu=0 addr=00151468 evenodd=3 lod=3..3 aspect=3 format=5
3861 pid=FFFDCE01 t=276368 grTexSource#356916 tmu=0 addr=00151868 evenodd=3 lod=3..3 aspect=3 format=5
3862 pid=FFFDCE01 t=276368 grTexSource#356917 tmu=0 addr=00157D48 evenodd=3 lod=4..4 aspect=3 format=5
3863 pid=FFFDCE01 t=276368 grTexSource#356918 tmu=0 addr=00157E48 evenodd=3 lod=3..3 aspect=3 format=5
3864 pid=FFFDCE01 t=276368 grTexSource#356919 tmu=0 addr=00158248 evenodd=3 lod=3..3 aspect=3 format=5
3865 pid=FFFDCE01 t=276369 grTexSource#356920 tmu=0 addr=0015C168 evenodd=3 lod=4..4 aspect=3 format=5
3866 pid=FFFDCE01 t=276369 grTexSource#356921 tmu=0 addr=0015C268 evenodd=3 lod=4..4 aspect=3 format=5
3867 pid=FFFDCE01 t=276369 grTexSource#356922 tmu=0 addr=0015C368 evenodd=3 lod=6..6 aspect=3 format=5
3868 pid=FFFDCE01 t=276369 grTexSource#356923 tmu=0 addr=0015C378 evenodd=3 lod=6..6 aspect=3 format=5
3869 pid=FFFDCE01 t=276369 grTexSource#356924 tmu=0 addr=0015C388 evenodd=3 lod=4..4 aspect=3 format=5
3870 pid=FFFDCE01 t=276370 grTexSource#356925 tmu=0 addr=0015C488 evenodd=3 lod=4..4 aspect=3 format=5
3871 pid=FFFDCE01 t=276370 grTexSource#356926 tmu=0 addr=0015C588 evenodd=3 lod=6..6 aspect=3 format=5
3872 pid=FFFDCE01 t=276370 grTexSource#356927 tmu=0 addr=0015C598 evenodd=3 lod=6..6 aspect=3 format=5
3873 pid=FFFDCE01 t=276370 grTexSource#356928 tmu=0 addr=00159648 evenodd=3 lod=3..3 aspect=3 format=5
3874 pid=FFFDCE01 t=276370 grTexSource#356929 tmu=0 addr=00159A48 evenodd=3 lod=3..3 aspect=3 format=5
3875 pid=FFFDCE01 t=276371 grTexSource#356930 tmu=0 addr=00159E48 evenodd=3 lod=3..3 aspect=3 format=5
3876 pid=FFFDCE01 t=276371 grTexSource#356931 tmu=0 addr=0015A248 evenodd=3 lod=3..3 aspect=3 format=5
3877 pid=FFFDCE01 t=276371 grTexSource#356932 tmu=0 addr=0015A648 evenodd=3 lod=5..5 aspect=3 format=5
3878 pid=FFFDCE01 t=276371 grTexSource#356933 tmu=0 addr=0015A688 evenodd=3 lod=5..5 aspect=3 format=5
3879 pid=FFFDCE01 t=276373 grTexSource#356934 tmu=0 addr=0015CDA8 evenodd=3 lod=3..3 aspect=3 format=5
3880 pid=FFFDCE01 t=276373 grTexSource#356935 tmu=0 addr=0015D5A8 evenodd=3 lod=3..3 aspect=3 format=5
3881 pid=FFFDCE01 t=276373 grTexSource#356936 tmu=0 addr=0015DDA8 evenodd=3 lod=3..3 aspect=3 format=5
3882 pid=FFFDCE01 t=276373 grTexSource#356937 tmu=0 addr=0015E5A8 evenodd=3 lod=3..3 aspect=3 format=5
3883 pid=FFFDCE01 t=276373 grTexSource#356938 tmu=0 addr=00151C68 evenodd=3 lod=3..3 aspect=3 format=5
3884 pid=FFFDCE01 t=276373 grTexSource#356939 tmu=0 addr=00152068 evenodd=3 lod=3..3 aspect=3 format=5
3885 pid=FFFDCE01 t=276373 grTexSource#356940 tmu=0 addr=00152468 evenodd=3 lod=3..3 aspect=3 format=5
3886 pid=FFFDCE01 t=276374 grTexSource#356941 tmu=0 addr=00152868 evenodd=3 lod=3..3 aspect=3 format=5
3887 pid=FFFDCE01 t=276374 grTexSource#356942 tmu=0 addr=00152C68 evenodd=3 lod=3..3 aspect=3 format=5
3888 pid=FFFDCE01 t=276374 grTexSource#356943 tmu=0 addr=00153068 evenodd=3 lod=3..3 aspect=3 format=5
3889 pid=FFFDCE01 t=276375 grTexSource#356944 tmu=0 addr=00153498 evenodd=3 lod=3..3 aspect=3 format=5
3890 pid=FFFDCE01 t=276375 grTexSource#356945 tmu=0 addr=00153898 evenodd=3 lod=3..3 aspect=3 format=5
3891 pid=FFFDCE01 t=276375 grTexSource#356946 tmu=0 addr=00153C98 evenodd=3 lod=3..3 aspect=3 format=5
3892 pid=FFFDCE01 t=276375 grTexSource#356947 tmu=0 addr=00154098 evenodd=3 lod=3..3 aspect=3 format=5
3893 pid=FFFDCE01 t=276376 grTexSource#356948 tmu=0 addr=00154528 evenodd=3 lod=5..5 aspect=3 format=5
3894 pid=FFFDCE01 t=276376 grTexSource#356949 tmu=0 addr=00154568 evenodd=3 lod=5..5 aspect=3 format=5
3895 pid=FFFDCE01 t=276376 grTexSource#356950 tmu=0 addr=001545A8 evenodd=3 lod=6..6 aspect=3 format=5
3896 pid=FFFDCE01 t=276376 grTexSource#356951 tmu=0 addr=001545B8 evenodd=3 lod=6..6 aspect=3 format=5
3897 pid=FFFDCE01 t=276376 grTexSource#356952 tmu=0 addr=001545C8 evenodd=3 lod=3..3 aspect=3 format=5
3898 pid=FFFDCE01 t=276377 grTexSource#356953 tmu=0 addr=001549C8 evenodd=3 lod=3..3 aspect=3 format=5
3899 pid=FFFDCE01 t=276377 grTexSource#356954 tmu=0 addr=00154DC8 evenodd=3 lod=3..3 aspect=3 format=5
3900 pid=FFFDCE01 t=276377 grTexSource#356955 tmu=0 addr=001551C8 evenodd=3 lod=3..3 aspect=3 format=5
3901 pid=FFFDCE01 t=276378 grTexSource#356956 tmu=0 addr=001555C8 evenodd=3 lod=4..4 aspect=3 format=5
3902 pid=FFFDCE01 t=276378 grTexSource#356957 tmu=0 addr=001556C8 evenodd=3 lod=4..4 aspect=3 format=5
3903 pid=FFFDCE01 t=276378 grTexSource#356958 tmu=0 addr=001557C8 evenodd=3 lod=4..4 aspect=3 format=5
3904 pid=FFFDCE01 t=276378 grTexSource#356959 tmu=0 addr=00155A48 evenodd=3 lod=4..4 aspect=3 format=5
3905 pid=FFFDCE01 t=276378 grTexSource#356960 tmu=0 addr=00155B48 evenodd=3 lod=4..4 aspect=3 format=5
3906 pid=FFFDCE01 t=276380 grTexSource#356961 tmu=0 addr=00155C48 evenodd=3 lod=3..3 aspect=3 format=5
3907 pid=FFFDCE01 t=276380 grTexSource#356962 tmu=0 addr=00156048 evenodd=3 lod=3..3 aspect=3 format=5
3908 pid=FFFDCE01 t=276380 grTexSource#356963 tmu=0 addr=00156448 evenodd=3 lod=3..3 aspect=3 format=5
3909 pid=FFFDCE01 t=276380 grTexSource#356964 tmu=0 addr=00156848 evenodd=3 lod=3..3 aspect=3 format=5
3910 pid=FFFDCE01 t=276380 grTexSource#356965 tmu=0 addr=00156C48 evenodd=3 lod=3..3 aspect=3 format=5
3911 pid=FFFDCE01 t=276381 grTexSource#356966 tmu=0 addr=00157048 evenodd=3 lod=3..3 aspect=3 format=5
3912 pid=FFFDCE01 t=276381 grTexSource#356967 tmu=0 addr=00157448 evenodd=3 lod=3..3 aspect=3 format=5
3913 pid=FFFDCE01 t=276381 grTexSource#356968 tmu=0 addr=00157848 evenodd=3 lod=3..3 aspect=3 format=5
3914 pid=FFFDCE01 t=276381 grTexSource#356969 tmu=0 addr=0015C5A8 evenodd=3 lod=3..3 aspect=3 format=5
3915 pid=FFFDCE01 t=276794 grTexSource#359601 tmu=0 addr=001A7B88 evenodd=3 lod=5..5 aspect=3 format=5
3916 pid=FFFDCE01 t=276984 grTexSource#360766 tmu=0 addr=00001880 evenodd=3 lod=5..5 aspect=3 format=11
3917 pid=FFFDCE01 t=276985 grTexSource#360768 tmu=0 addr=00001900 evenodd=3 lod=5..5 aspect=3 format=11
3918 pid=FFFDCE01 t=277003 grTexDownloadTable#33 tmu=0 type=2 sum=DF910864 first=FF010A01 FFD8E0E0 FF030303 FFE9EEEE
3919 pid=FFFDCE01 t=277003 grTexSource#360983 tmu=0 addr=00167028 evenodd=3 lod=7..7 aspect=3 format=5
3920 pid=FFFDCE01 t=277003 grTexSource#360984 tmu=0 addr=00167030 evenodd=3 lod=7..7 aspect=3 format=5
3921 pid=FFFDCE01 t=277003 grTexSource#360985 tmu=0 addr=00167038 evenodd=3 lod=7..7 aspect=3 format=5
3922 pid=FFFDCE01 t=277003 grTexSource#360986 tmu=0 addr=00167040 evenodd=3 lod=7..7 aspect=3 format=5
3923 pid=FFFDCE01 t=277003 grTexSource#360987 tmu=0 addr=001639D8 evenodd=3 lod=6..6 aspect=3 format=5
3924 pid=FFFDCE01 t=277003 grTexSource#360989 tmu=0 addr=001639E8 evenodd=3 lod=5..5 aspect=3 format=5
3925 pid=FFFDCE01 t=277003 grTexSource#360991 tmu=0 addr=00163A28 evenodd=3 lod=5..5 aspect=3 format=5
3926 pid=FFFDCE01 t=277003 grTexSource#360993 tmu=0 addr=00163A68 evenodd=3 lod=6..6 aspect=3 format=5
3927 pid=FFFDCE01 t=277003 grTexSource#360995 tmu=0 addr=00163A88 evenodd=3 lod=5..5 aspect=3 format=5
3928 pid=FFFDCE01 t=277003 grTexSource#360997 tmu=0 addr=00163B08 evenodd=3 lod=6..6 aspect=3 format=5
3929 pid=FFFDCE01 t=277003 grTexSource#360999 tmu=0 addr=00163B28 evenodd=3 lod=3..3 aspect=3 format=5
3930 pid=FFFDCE01 t=277005 grTexSource#361001 tmu=0 addr=00163F28 evenodd=3 lod=3..3 aspect=3 format=5
3931 pid=FFFDCE01 t=277005 grTexSource#361003 tmu=0 addr=00164D28 evenodd=3 lod=3..3 aspect=3 format=5
3932 pid=FFFDCE01 t=277005 grTexSource#361005 tmu=0 addr=00165528 evenodd=3 lod=4..4 aspect=3 format=5
3933 pid=FFFDCE01 t=277005 grTexSource#361007 tmu=0 addr=00165728 evenodd=3 lod=4..4 aspect=3 format=5
3934 pid=FFFDCE01 t=277005 grTexSource#361009 tmu=0 addr=00165928 evenodd=3 lod=4..4 aspect=3 format=5
3935 pid=FFFDCE01 t=277005 grTexSource#361011 tmu=0 addr=00165B28 evenodd=3 lod=4..4 aspect=3 format=5
3936 pid=FFFDCE01 t=277005 grTexSource#361013 tmu=0 addr=00165D28 evenodd=3 lod=4..4 aspect=3 format=5
3937 pid=FFFDCE01 t=277005 grTexSource#361015 tmu=0 addr=00165F28 evenodd=3 lod=3..3 aspect=3 format=5
3938 pid=FFFDCE01 t=277005 grTexSource#361017 tmu=0 addr=00166328 evenodd=3 lod=3..3 aspect=3 format=5
3939 pid=FFFDCE01 t=277005 grTexSource#361019 tmu=0 addr=00166728 evenodd=3 lod=5..5 aspect=3 format=5
3940 pid=FFFDCE01 t=277005 grTexSource#361021 tmu=0 addr=001667A8 evenodd=3 lod=4..4 aspect=3 format=5
3941 pid=FFFDCE01 t=277005 grTexSource#361023 tmu=0 addr=001669A8 evenodd=3 lod=5..5 aspect=3 format=5
3942 pid=FFFDCE01 t=277005 grTexSource#361025 tmu=0 addr=00166A28 evenodd=3 lod=4..4 aspect=3 format=5
3943 pid=FFFDCE01 t=277005 grTexSource#361027 tmu=0 addr=00166C28 evenodd=3 lod=4..4 aspect=3 format=5
3944 pid=FFFDCE01 t=277005 grTexSource#361029 tmu=0 addr=00166D28 evenodd=3 lod=4..4 aspect=3 format=5
3945 pid=FFFDCE01 t=277005 grTexSource#361031 tmu=0 addr=00166E28 evenodd=3 lod=4..4 aspect=3 format=5
3946 pid=FFFDCE01 t=277207 grTexSource#362357 tmu=0 addr=00165828 evenodd=3 lod=4..4 aspect=3 format=5
3947 pid=FFFDCE01 t=277410 grTexSource#363714 tmu=0 addr=00001080 evenodd=3 lod=3..3 aspect=3 format=11
3948 pid=FFFDCE01 t=277796 grTexDownloadTable#42 tmu=0 type=2 sum=9578CDE1 first=FF0A0605 FF070606 FF010101 FF0A0909
3949 pid=FFFDCE01 t=277796 grTexSource#366152 tmu=0 addr=0017DDB8 evenodd=3 lod=3..3 aspect=3 format=5
3950 pid=FFFDCE01 t=277796 grTexSource#366153 tmu=0 addr=0017D578 evenodd=3 lod=3..3 aspect=3 format=5
3951 pid=FFFDCE01 t=277797 grTexSource#366154 tmu=0 addr=0017DD78 evenodd=3 lod=5..5 aspect=3 format=5
3952 pid=FFFDCE01 t=278201 grTexSource#368716 tmu=0 addr=001A6EA8 evenodd=3 lod=5..5 aspect=3 format=5
3953 pid=FFFDCE01 t=278201 grTexSource#368748 tmu=0 addr=001A8908 evenodd=3 lod=5..5 aspect=3 format=5
3954 pid=FFFDCE01 t=278779 grTexDownloadTable#59 tmu=0 type=2 sum=76724F67 first=FF010A01 FF656565 FF010101 FF919191
3955 pid=FFFDCE01 t=278779 grTexSource#372386 tmu=0 addr=00167A48 evenodd=3 lod=3..3 aspect=3 format=5
3956 pid=FFFDCE01 t=278780 grTexSource#372387 tmu=0 addr=00167448 evenodd=3 lod=3..3 aspect=3 format=5
3957 pid=FFFDCE01 t=278780 grTexSource#372388 tmu=0 addr=00167948 evenodd=3 lod=4..4 aspect=3 format=5
3958 pid=FFFDCE01 t=279547 grTexDownloadTable#75 tmu=0 type=2 sum=F4532743 first=FF090C05 FF100F0E FF01060B FF6A1812
3959 pid=FFFDCE01 t=279547 grTexSource#376978 tmu=0 addr=00193C88 evenodd=3 lod=3..3 aspect=3 format=5
3960 pid=FFFDCE01 t=279548 grTexSource#376979 tmu=0 addr=00193688 evenodd=3 lod=3..3 aspect=3 format=5
3961 pid=FFFDCE01 t=279548 grTexSource#376980 tmu=0 addr=00193B88 evenodd=3 lod=4..4 aspect=3 format=5
3962 pid=FFFDCE01 t=279932 grTexDownloadTable#85 tmu=0 type=2 sum=70C0AE5E first=FF0A0605 FF8B8B8B FF020202 FFCFCFCF
3963 pid=FFFDCE01 t=280851 grTexSource#384350 tmu=0 addr=001A99A8 evenodd=3 lod=3..3 aspect=3 format=5
3964 pid=FFFDCE01 t=281034 grTexSource#385351 tmu=0 addr=00167E48 evenodd=3 lod=3..3 aspect=3 format=5
3965 pid=FFFDCE01 t=281037 grTexSource#385376 tmu=0 addr=0017E1B8 evenodd=3 lod=3..3 aspect=3 format=5
3966 pid=FFFDCE01 t=281218 grTexSource#386341 tmu=0 addr=00194088 evenodd=3 lod=3..3 aspect=3 format=5
3967 pid=FFFDCE01 t=281219 grTexSource#386349 tmu=0 addr=0017D158 evenodd=3 lod=7..7 aspect=3 format=5
3968 pid=FFFDCE01 t=281219 grTexSource#386350 tmu=0 addr=0017D160 evenodd=3 lod=7..7 aspect=3 format=5
3969 pid=FFFDCE01 t=281219 grTexSource#386351 tmu=0 addr=0017D168 evenodd=3 lod=7..7 aspect=3 format=5
3970 pid=FFFDCE01 t=281219 grTexSource#386352 tmu=0 addr=0017D170 evenodd=3 lod=7..7 aspect=3 format=5
3971 pid=FFFDCE01 t=281220 grTexSource#386353 tmu=0 addr=00179778 evenodd=3 lod=3..3 aspect=3 format=5
3972 pid=FFFDCE01 t=281220 grTexSource#386355 tmu=0 addr=00179B78 evenodd=3 lod=3..3 aspect=3 format=5
3973 pid=FFFDCE01 t=281220 grTexSource#386357 tmu=0 addr=0017A378 evenodd=3 lod=3..3 aspect=3 format=5
3974 pid=FFFDCE01 t=281221 grTexSource#386359 tmu=0 addr=0017A878 evenodd=3 lod=4..4 aspect=3 format=5
3975 pid=FFFDCE01 t=281221 grTexSource#386361 tmu=0 addr=0017AF78 evenodd=3 lod=3..3 aspect=3 format=5
3976 pid=FFFDCE01 t=281221 grTexSource#386363 tmu=0 addr=0017B378 evenodd=3 lod=5..5 aspect=3 format=5
3977 pid=FFFDCE01 t=281221 grTexSource#386365 tmu=0 addr=0017B3B8 evenodd=3 lod=5..5 aspect=3 format=5
3978 pid=FFFDCE01 t=281222 grTexSource#386367 tmu=0 addr=0017B3F8 evenodd=3 lod=5..5 aspect=3 format=5
3979 pid=FFFDCE01 t=281222 grTexSource#386369 tmu=0 addr=0017B438 evenodd=3 lod=5..5 aspect=3 format=5
3980 pid=FFFDCE01 t=281222 grTexSource#386371 tmu=0 addr=0017B8F8 evenodd=3 lod=3..3 aspect=3 format=5
3981 pid=FFFDCE01 t=281222 grTexSource#386373 tmu=0 addr=0017BD98 evenodd=3 lod=3..3 aspect=3 format=5
3982 pid=FFFDCE01 t=281224 grTexSource#386375 tmu=0 addr=0017C198 evenodd=3 lod=3..3 aspect=3 format=5
3983 pid=FFFDCE01 t=281224 grTexSource#386377 tmu=0 addr=0017C598 evenodd=3 lod=6..6 aspect=3 format=5
3984 pid=FFFDCE01 t=281224 grTexSource#386379 tmu=0 addr=0017C5A8 evenodd=3 lod=6..6 aspect=3 format=5
3985 pid=FFFDCE01 t=281224 grTexSource#386381 tmu=0 addr=0017C5C0 evenodd=3 lod=7..7 aspect=3 format=5
3986 pid=FFFDCE01 t=281225 grTexSource#386383 tmu=0 addr=0017C7C8 evenodd=3 lod=4..4 aspect=3 format=5
3987 pid=FFFDCE01 t=281225 grTexSource#386385 tmu=0 addr=0017C958 evenodd=3 lod=3..3 aspect=3 format=5
3988 pid=FFFDCE01 t=281225 grTexSource#386387 tmu=0 addr=0017CD58 evenodd=3 lod=3..3 aspect=3 format=5
3989 pid=FFFDCE01 t=281355 grTexSource#386538 tmu=0 addr=00134E30 evenodd=3 lod=3..3 aspect=3 format=11
3990 pid=FFFDCE01 t=281358 grTexSource#386539 tmu=0 addr=00134430 evenodd=3 lod=4..4 aspect=3 format=11
3991 pid=FFFDCE01 t=281414 grTexSource#387448 tmu=0 addr=0017B4B8 evenodd=3 lod=5..5 aspect=3 format=5
3992 pid=FFFDCE01 t=281415 grTexSource#387464 tmu=0 addr=0017C908 evenodd=3 lod=5..5 aspect=3 format=5
3993 pid=FFFDCE01 t=281613 grClipWindow#224 min=0,0 max=150,70
3994 pid=FFFDCE01 t=281613 grClipWindow#225 min=486,40 max=636,110
3995 pid=FFFDCE01 t=281617 grTexSource#388672 tmu=0 addr=000581E0 evenodd=3 lod=1..1 aspect=3 format=11
3996 pid=FFFDCE01 t=281617 grTexSource#388673 tmu=0 addr=000601E0 evenodd=3 lod=1..1 aspect=3 format=11
3997 pid=FFFDCE01 t=281617 grTexSource#388674 tmu=0 addr=000681E0 evenodd=3 lod=1..1 aspect=3 format=11
3998 pid=FFFDCE01 t=281625 grTexSource#388675 tmu=0 addr=000701E0 evenodd=3 lod=1..1 aspect=3 format=11
3999 pid=FFFDCE01 t=281635 grTexSource#388885 tmu=0 addr=001A8BA8 evenodd=3 lod=3..3 aspect=3 format=5
4000 pid=FFFDCE01 t=281636 grTexSource#388886 tmu=0 addr=001A93A8 evenodd=3 lod=4..4 aspect=3 format=5
4001 pid=FFFDCE01 t=282026 grTexSource#391249 tmu=0 addr=001558C8 evenodd=3 lod=4..4 aspect=3 format=5
4002 pid=FFFDCE01 t=282224 grTexSource#392448 tmu=0 addr=0017C948 evenodd=3 lod=7..7 aspect=3 format=5
4003 pid=FFFDCE01 t=282431 grTexSource#393751 tmu=0 addr=0017C950 evenodd=3 lod=7..7 aspect=3 format=5
4004 pid=FFFDCE01 t=286615 census periodic swaps=1109
4005 pid=FFFDCE01 t=286615 census   draws: drawn=909066 refused=5182 culled=0 skipped-textured=0
4006 pid=FFFDCE01 t=286615 census   draws: fog-dropped=13091 uploads=111782
4007 pid=FFFDCE01 t=286615 census   grAlphaBlendFunction calls=13309 lines=3
4008 pid=FFFDCE01 t=286615 census   grAlphaCombine calls=548 lines=4
4009 pid=FFFDCE01 t=286615 census   grAlphaTestFunction calls=1 lines=1
4010 pid=FFFDCE01 t=286615 census   grAlphaTestReferenceValue calls=1 lines=1
4011 pid=FFFDCE01 t=286615 census   grBufferClear calls=1102 lines=11
4012 pid=FFFDCE01 t=286615 census   grBufferSwap calls=1109 lines=24
4013 pid=FFFDCE01 t=286615 census   grChromakeyMode calls=748 lines=4
4014 pid=FFFDCE01 t=286615 census   grChromakeyValue calls=747 lines=3
4015 pid=FFFDCE01 t=286615 census   grClipWindow calls=422 lines=5
4016 pid=FFFDCE01 t=286615 census   grColorCombine calls=548 lines=4
4017 pid=FFFDCE01 t=286615 census   grCullMode calls=215 lines=3
4018 pid=FFFDCE01 t=286615 census   grDepthBufferFunction calls=176 lines=4
4019 pid=FFFDCE01 t=286615 census   grDepthBufferMode calls=89 lines=3
4020 pid=FFFDCE01 t=286615 census   grDepthMask calls=176 lines=4
4021 pid=FFFDCE01 t=286615 census   grDitherMode calls=1 lines=1
4022 pid=FFFDCE01 t=286615 census   grDrawLine calls=35650 lines=72
4023 pid=FFFDCE01 t=286615 census   grDrawTriangle calls=863637 lines=320
4024 pid=FFFDCE01 t=286615 census   grFogColorValue calls=2 lines=2
4025 pid=FFFDCE01 t=286615 census   grFogMode calls=2 lines=2
4026 pid=FFFDCE01 t=286615 census   grFogTable calls=50 lines=2
4027 pid=FFFDCE01 t=286615 census   grGammaCorrectionValue calls=4 lines=3
4028 pid=FFFDCE01 t=286615 census   grGlideInit calls=1 lines=1
4029 pid=FFFDCE01 t=286615 census   grLfbLock calls=4 lines=4
4030 pid=FFFDCE01 t=286615 census   grLfbUnlock calls=4 lines=4
4031 pid=FFFDCE01 t=286616 census   grRenderBuffer calls=1172 lines=13
4032 pid=FFFDCE01 t=286616 census   grSstIdle calls=315 lines=24
4033 pid=FFFDCE01 t=286616 census   grSstQueryHardware calls=1 lines=1
4034 pid=FFFDCE01 t=286616 census   grSstSelect calls=1 lines=1
4035 pid=FFFDCE01 t=286616 census   grSstWinOpen calls=1 lines=1
4036 pid=FFFDCE01 t=286616 census   grTexCalcMemRequired calls=2561 lines=39
4037 pid=FFFDCE01 t=286616 census   grTexClampMode calls=5039 lines=3
4038 pid=FFFDCE01 t=286616 census   grTexCombine calls=1 lines=1
4039 pid=FFFDCE01 t=286616 census   grTexCombineFunction calls=1 lines=1
4040 pid=FFFDCE01 t=286616 census   grTexDownloadMipMap calls=204231 lines=1853
4041 pid=FFFDCE01 t=286616 census   grTexDownloadTable calls=372 lines=8
4042 pid=FFFDCE01 t=286616 census   grTexFilterMode calls=2 lines=2
4043 pid=FFFDCE01 t=286616 census   grTexMaxAddress calls=2561 lines=22
4044 pid=FFFDCE01 t=286616 census   grTexMinAddress calls=11 lines=4
4045 pid=FFFDCE01 t=286616 census   grTexMipMapMode calls=1 lines=1
4046 pid=FFFDCE01 t=286616 census   grTexSource calls=420236 lines=1080
4047 pid=FFFDCE01 t=286617 census   guFogGenerateExp calls=20 lines=20
4048 pid=FFFDCE01 t=287396 grTexSource#425155 tmu=0 addr=0015C9A8 evenodd=3 lod=3..3 aspect=3 format=5
4049 pid=FFFDCE01 t=287396 grTexSource#425157 tmu=0 addr=0015D1A8 evenodd=3 lod=3..3 aspect=3 format=5
4050 pid=FFFDCE01 t=287396 grTexSource#425159 tmu=0 addr=0015D9A8 evenodd=3 lod=3..3 aspect=3 format=5
4051 pid=FFFDCE01 t=287397 grTexSource#425161 tmu=0 addr=0015E1A8 evenodd=3 lod=3..3 aspect=3 format=5
4052 pid=FFFDCE01 t=301769 census periodic swaps=1183
4053 pid=FFFDCE01 t=301769 census   draws: drawn=1162225 refused=20426 culled=0 skipped-textured=0
4054 pid=FFFDCE01 t=301769 census   draws: fog-dropped=50091 uploads=117371
4055 pid=FFFDCE01 t=301769 census   grAlphaBlendFunction calls=37131 lines=3
4056 pid=FFFDCE01 t=301769 census   grAlphaCombine calls=1288 lines=4
4057 pid=FFFDCE01 t=301769 census   grAlphaTestFunction calls=1 lines=1
4058 pid=FFFDCE01 t=301769 census   grAlphaTestReferenceValue calls=1 lines=1
4059 pid=FFFDCE01 t=301771 census   grBufferClear calls=1250 lines=11
4060 pid=FFFDCE01 t=301771 census   grBufferSwap calls=1183 lines=24
4061 pid=FFFDCE01 t=301771 census   grChromakeyMode calls=1570 lines=4
4062 pid=FFFDCE01 t=301771 census   grChromakeyValue calls=1569 lines=3
4063 pid=FFFDCE01 t=301771 census   grClipWindow calls=1014 lines=5
4064 pid=FFFDCE01 t=301771 census   grColorCombine calls=1288 lines=4
4065 pid=FFFDCE01 t=301771 census   grCullMode calls=511 lines=3
4066 pid=FFFDCE01 t=301771 census   grDepthBufferFunction calls=472 lines=4
4067 pid=FFFDCE01 t=301771 census   grDepthBufferMode calls=237 lines=3
4068 pid=FFFDCE01 t=301771 census   grDepthMask calls=472 lines=4
4069 pid=FFFDCE01 t=301771 census   grDitherMode calls=1 lines=1
4070 pid=FFFDCE01 t=301771 census   grDrawLine calls=78200 lines=72
4071 pid=FFFDCE01 t=301771 census   grDrawTriangle calls=1084754 lines=320
4072 pid=FFFDCE01 t=301771 census   grFogColorValue calls=2 lines=2
4073 pid=FFFDCE01 t=301771 census   grFogMode calls=2 lines=2
4074 pid=FFFDCE01 t=301771 census   grFogTable calls=198 lines=2
4075 pid=FFFDCE01 t=301771 census   grGammaCorrectionValue calls=4 lines=3
4076 pid=FFFDCE01 t=301771 census   grGlideInit calls=1 lines=1
4077 pid=FFFDCE01 t=301771 census   grLfbLock calls=4 lines=4
4078 pid=FFFDCE01 t=301771 census   grLfbUnlock calls=4 lines=4
4079 pid=FFFDCE01 t=301771 census   grRenderBuffer calls=1320 lines=13
4080 pid=FFFDCE01 t=301771 census   grSstIdle calls=315 lines=24
4081 pid=FFFDCE01 t=301771 census   grSstQueryHardware calls=1 lines=1
4082 pid=FFFDCE01 t=301771 census   grSstSelect calls=1 lines=1
4083 pid=FFFDCE01 t=301771 census   grSstWinOpen calls=1 lines=1
4084 pid=FFFDCE01 t=301771 census   grTexCalcMemRequired calls=2561 lines=39
4085 pid=FFFDCE01 t=301771 census   grTexClampMode calls=14117 lines=3
4086 pid=FFFDCE01 t=301771 census   grTexCombine calls=1 lines=1
4087 pid=FFFDCE01 t=301771 census   grTexCombineFunction calls=1 lines=1
4088 pid=FFFDCE01 t=301771 census   grTexDownloadMipMap calls=204231 lines=1853
4089 pid=FFFDCE01 t=301771 census   grTexDownloadTable calls=780 lines=8
4090 pid=FFFDCE01 t=301772 census   grTexFilterMode calls=2 lines=2
4091 pid=FFFDCE01 t=301772 census   grTexMaxAddress calls=2561 lines=22
4092 pid=FFFDCE01 t=301772 census   grTexMinAddress calls=11 lines=4
4093 pid=FFFDCE01 t=301772 census   grTexMipMapMode calls=1 lines=1
4094 pid=FFFDCE01 t=301772 census   grTexSource calls=513367 lines=1084
4095 pid=FFFDCE01 t=301772 census   guFogGenerateExp calls=20 lines=20
4096 pid=FFFDCE01 t=304357 grTexSource#529428 tmu=0 addr=00037960 evenodd=3 lod=5..5 aspect=3 format=11
4097 pid=FFFDCE01 t=304357 grTexSource#529430 tmu=0 addr=000370C0 evenodd=3 lod=5..5 aspect=3 format=11
4098 pid=FFFDCE01 t=304357 grTexSource#529431 tmu=0 addr=000371C0 evenodd=3 lod=6..6 aspect=3 format=11
4099 pid=FFFDCE01 t=304357 grTexSource#529432 tmu=0 addr=00036E40 evenodd=3 lod=5..5 aspect=3 format=11
4100 pid=FFFDCE01 t=309965 grTexSource#562753 tmu=0 addr=00095C60 evenodd=3 lod=5..5 aspect=3 format=11
4101 pid=FFFDCE01 t=309968 grTexSource#562755 tmu=0 addr=00095CE0 evenodd=3 lod=5..5 aspect=3 format=11
4102 pid=FFFDCE01 t=309968 grTexSource#562756 tmu=0 addr=00095D60 evenodd=3 lod=5..5 aspect=3 format=11
4103 pid=FFFDCE01 t=309968 grTexSource#562757 tmu=0 addr=000965E0 evenodd=3 lod=4..4 aspect=3 format=11
4104 pid=FFFDCE01 t=309974 grTexSource#562834 tmu=0 addr=00095BE0 evenodd=3 lod=5..5 aspect=3 format=11
4105 pid=FFFDCE01 t=310181 grTexSource#564016 tmu=0 addr=00095DE0 evenodd=3 lod=3..3 aspect=3 format=11
4106 pid=FFFDCE01 t=316855 census periodic swaps=1257
4107 pid=FFFDCE01 t=316855 census   draws: drawn=1415565 refused=35670 culled=0 skipped-textured=0
4108 pid=FFFDCE01 t=316855 census   draws: fog-dropped=87091 uploads=121896
4109 pid=FFFDCE01 t=316855 census   grAlphaBlendFunction calls=60141 lines=3
4110 pid=FFFDCE01 t=316855 census   grAlphaCombine calls=2028 lines=4
4111 pid=FFFDCE01 t=316855 census   grAlphaTestFunction calls=1 lines=1
4112 pid=FFFDCE01 t=316855 census   grAlphaTestReferenceValue calls=1 lines=1
4113 pid=FFFDCE01 t=316855 census   grBufferClear calls=1398 lines=11
4114 pid=FFFDCE01 t=316855 census   grBufferSwap calls=1257 lines=24
4115 pid=FFFDCE01 t=316855 census   grChromakeyMode calls=1866 lines=4
4116 pid=FFFDCE01 t=316855 census   grChromakeyValue calls=1865 lines=3
4117 pid=FFFDCE01 t=316855 census   grClipWindow calls=1606 lines=5
4118 pid=FFFDCE01 t=316857 census   grColorCombine calls=2028 lines=4
4119 pid=FFFDCE01 t=316857 census   grCullMode calls=807 lines=3
4120 pid=FFFDCE01 t=316857 census   grDepthBufferFunction calls=768 lines=4
4121 pid=FFFDCE01 t=316857 census   grDepthBufferMode calls=385 lines=3
4122 pid=FFFDCE01 t=316857 census   grDepthMask calls=768 lines=4
4123 pid=FFFDCE01 t=316857 census   grDitherMode calls=1 lines=1
4124 pid=FFFDCE01 t=316857 census   grDrawLine calls=120750 lines=72
4125 pid=FFFDCE01 t=316857 census   grDrawTriangle calls=1306052 lines=320
4126 pid=FFFDCE01 t=316857 census   grFogColorValue calls=2 lines=2
4127 pid=FFFDCE01 t=316857 census   grFogMode calls=2 lines=2
4128 pid=FFFDCE01 t=316857 census   grFogTable calls=346 lines=2
4129 pid=FFFDCE01 t=316857 census   grGammaCorrectionValue calls=4 lines=3
4130 pid=FFFDCE01 t=316857 census   grGlideInit calls=1 lines=1
4131 pid=FFFDCE01 t=316857 census   grLfbLock calls=4 lines=4
4132 pid=FFFDCE01 t=316857 census   grLfbUnlock calls=4 lines=4
4133 pid=FFFDCE01 t=316857 census   grRenderBuffer calls=1468 lines=13
4134 pid=FFFDCE01 t=316857 census   grSstIdle calls=315 lines=24
4135 pid=FFFDCE01 t=316857 census   grSstQueryHardware calls=1 lines=1
4136 pid=FFFDCE01 t=316857 census   grSstSelect calls=1 lines=1
4137 pid=FFFDCE01 t=316857 census   grSstWinOpen calls=1 lines=1
4138 pid=FFFDCE01 t=316857 census   grTexCalcMemRequired calls=2561 lines=39
4139 pid=FFFDCE01 t=316857 census   grTexClampMode calls=22553 lines=3
4140 pid=FFFDCE01 t=316857 census   grTexCombine calls=1 lines=1
4141 pid=FFFDCE01 t=316857 census   grTexCombineFunction calls=1 lines=1
4142 pid=FFFDCE01 t=316857 census   grTexDownloadMipMap calls=204231 lines=1853
4143 pid=FFFDCE01 t=316857 census   grTexDownloadTable calls=928 lines=8
4144 pid=FFFDCE01 t=316857 census   grTexFilterMode calls=2 lines=2
4145 pid=FFFDCE01 t=316857 census   grTexMaxAddress calls=2561 lines=22
4146 pid=FFFDCE01 t=316857 census   grTexMinAddress calls=11 lines=4
4147 pid=FFFDCE01 t=316857 census   grTexMipMapMode calls=1 lines=1
4148 pid=FFFDCE01 t=316858 census   grTexSource calls=605948 lines=1094
4149 pid=FFFDCE01 t=316858 census   guFogGenerateExp calls=20 lines=20
