1 pid=FFFF8AF7 t=643207 attach instance=00E50000 version=0.13.0 V9XGLIDE build=6d4e6a5-dirty exe=C:\PROGRAM FILES\ELECTRONIC ARTS\NEED FOR SPEED II SE\NFS2SEA.EXE
2 pid=FFFF8AF7 t=643207 census detach swaps=0
3 pid=FFFF8AF7 t=643207 census   draws: drawn=0 refused=0 culled=0 skipped-textured=0
4 pid=FFFF8AF7 t=643207 census   draws: fog-dropped=0 uploads=0 surface-hits=0 evictions=0
1 pid=FFFF8AF7 t=643227 attach instance=018A0000 version=0.13.0 V9XGLIDE build=6d4e6a5-dirty exe=C:\PROGRAM FILES\ELECTRONIC ARTS\NEED FOR SPEED II SE\NFS2SEA.EXE
2 pid=FFFF8AF7 t=643227 grGlideInit#1 
3 pid=FFFF8AF7 t=643227 grSstQueryHardware#1 config=0056CA84 -> voodoo fb=2MiB tmus=1 tmu0=2MiB
4 pid=FFFF8AF7 t=643227 grSstSelect#1 sst=0
5 pid=FFFF8AF7 t=643227 device: window=0000033C ours=0
6 pid=FFFF8AF7 t=643707 device: describe result=0 engine=3 generation=3
7 pid=FFFF8AF7 t=643707 device: target formats=00000002 texture formats=0000001A hw max=1024
8 pid=FFFF8AF7 t=643707 device: open 640x480 buffers=2
9 pid=FFFF8AF7 t=643707 grSstWinOpen#1 hwnd=00000000 res=7 refresh=0 cformat=0 origin=0 colbuf=2 auxbuf=1 -> 1
10 pid=FFFF8AF7 t=643707 grTexMinAddress#1 tmu=0 -> 00000000
11 pid=FFFF8AF7 t=643707 grTexCombineFunction#1 tmu=0 func=1
12 pid=FFFF8AF7 t=643707 grChromakeyValue#1 color=00000000
13 pid=FFFF8AF7 t=643707 grAlphaTestReferenceValue#1 ref=00000010
14 pid=FFFF8AF7 t=643707 grTexFilterMode#1 tmu=0 min=1 mag=1
15 pid=FFFF8AF7 t=643707 grTexMipMapMode#1 tmu=0 mode=0 lodblend=0
16 pid=FFFF8AF7 t=643707 grTexCombine#1 tmu=0 rgb=1,0 alpha=1,0 invert=0,0
17 pid=FFFF8AF7 t=643707 grColorCombine#1 func=1 factor=0 local=0 other=2 invert=0
18 pid=FFFF8AF7 t=643707 grAlphaCombine#1 func=1 factor=0 local=0 other=2 invert=0
19 pid=FFFF8AF7 t=643707 grAlphaBlendFunction#1 rgb=1,5 alpha=0,0
20 pid=FFFF8AF7 t=643707 grCullMode#1 mode=00000001
21 pid=FFFF8AF7 t=643707 grTexFilterMode#2 tmu=0 min=1 mag=1
22 pid=FFFF8AF7 t=643707 grChromakeyMode#1 mode=00000000
23 pid=FFFF8AF7 t=643707 grAlphaTestFunction#1 func=00000004
24 pid=FFFF8AF7 t=643707 grDitherMode#1 mode=00000002
25 pid=FFFF8AF7 t=643707 grDepthBufferMode#1 mode=00000002
26 pid=FFFF8AF7 t=643707 grDepthBufferFunction#1 func=00000003
27 pid=FFFF8AF7 t=643707 grDepthMask#1 enable=00000001
28 pid=FFFF8AF7 t=643707 grFogMode#1 mode=00000000
29 pid=FFFF8AF7 t=643707 grFogColorValue#1 color=FFFFFFFF
30 pid=FFFF8AF7 t=643707 grTexClampMode#1 tmu=0 s=1 t=1
31 pid=FFFF8AF7 t=643707 grGammaCorrectionValue#1 gamma-bits=3F800000
32 pid=FFFF8AF7 t=643711 grRenderBuffer#1 buffer=0
33 pid=FFFF8AF7 t=643711 grLfbLock#1 type=01 buffer=0 wmode=00 origin=0 pipeline=0 info.size=20 -> 01920000 stride=2048
34 pid=FFFF8AF7 t=643711 grLfbUnlock#1 type=01 buffer=0
35 pid=FFFF8AF7 t=643711 grRenderBuffer#2 buffer=1
36 pid=FFFF8AF7 t=643711 grLfbLock#2 type=01 buffer=1 wmode=00 origin=0 pipeline=0 info.size=20 -> 01920000 stride=2048
37 pid=FFFF8AF7 t=643711 grLfbUnlock#2 type=01 buffer=1
38 pid=FFFF8AF7 t=644797 grTexMinAddress#2 tmu=0 -> 00000000
39 pid=FFFF8AF7 t=644797 grTexCalcMemRequired#1 lodmin=3 lodmax=3 aspect=3 format=10 -> 2048
40 pid=FFFF8AF7 t=644797 grTexMaxAddress#1 tmu=0 -> 00200000
41 pid=FFFF8AF7 t=644797 grRenderBuffer#3 buffer=1
42 pid=FFFF8AF7 t=644798 grBufferClear#1 color=00000000 alpha=00 depth=FFFF
43 pid=FFFF8AF7 t=644896 grRenderBuffer#4 buffer=0
44 pid=FFFF8AF7 t=644896 grBufferClear#2 color=00000000 alpha=00 depth=FFFF
45 pid=FFFF8AF7 t=644993 grChromakeyMode#2 mode=00000000
46 pid=FFFF8AF7 t=644993 grBufferClear#3 color=00000000 alpha=00 depth=FFFF
47 pid=FFFF8AF7 t=645089 grDepthBufferMode#2 mode=00000002
48 pid=FFFF8AF7 t=645089 grDepthBufferFunction#2 func=00000003
49 pid=FFFF8AF7 t=645089 grDepthMask#2 enable=00000001
50 pid=FFFF8AF7 t=645089 grCullMode#2 mode=00000000
51 pid=FFFF8AF7 t=645091 grSstIdle#1 
52 pid=FFFF8AF7 t=645091 grRenderBuffer#5 buffer=1
53 pid=FFFF8AF7 t=645091 grBufferClear#4 color=00000000 alpha=00 depth=FFFF
54 pid=FFFF8AF7 t=645187 grRenderBuffer#6 buffer=0
55 pid=FFFF8AF7 t=645189 grLfbLock#3 type=01 buffer=0 wmode=00 origin=0 pipeline=0 info.size=20 -> 01920000 stride=2048
56 pid=FFFF8AF7 t=645191 grLfbUnlock#3 type=01 buffer=0
57 pid=FFFF8AF7 t=645192 grSstIdle#2 
58 pid=FFFF8AF7 t=645192 grRenderBuffer#7 buffer=1
59 pid=FFFF8AF7 t=645192 grBufferClear#5 color=00000000 alpha=00 depth=FFFF
60 pid=FFFF8AF7 t=645289 grRenderBuffer#8 buffer=0
61 pid=FFFF8AF7 t=645289 grLfbLock#4 type=01 buffer=0 wmode=00 origin=0 pipeline=0 info.size=20 -> 01920000 stride=2048
62 pid=FFFF8AF7 t=645291 grLfbUnlock#4 type=01 buffer=0
63 pid=FFFF8AF7 t=645291 grGammaCorrectionValue#2 gamma-bits=3FC00000
64 pid=FFFF8AF7 t=645292 grSstIdle#3 
65 pid=FFFF8AF7 t=645292 grRenderBuffer#9 buffer=1
66 pid=FFFF8AF7 t=645293 grBufferClear#6 color=00000000 alpha=00 depth=FFFF
67 pid=FFFF8AF7 t=645390 grBufferSwap#1 interval=1
68 pid=FFFF8AF7 t=645392 capture frame after swap 1
69 pid=FFFF8AF7 t=645392 grSstIdle#4 
70 pid=FFFF8AF7 t=645392 grRenderBuffer#10 buffer=1
71 pid=FFFF8AF7 t=645392 grBufferClear#7 color=00000000 alpha=00 depth=FFFF
72 pid=FFFF8AF7 t=645515 grSstIdle#5 
73 pid=FFFF8AF7 t=645520 grTexMinAddress#3 tmu=0 -> 00000000
74 pid=FFFF8AF7 t=645522 grTexCalcMemRequired#2 lodmin=2 lodmax=2 aspect=3 format=10 -> 8192
75 pid=FFFF8AF7 t=645522 grTexMaxAddress#2 tmu=0 -> 00200000
76 pid=FFFF8AF7 t=645522 grTexCalcMemRequired#3 lodmin=2 lodmax=2 aspect=3 format=10 -> 8192
77 pid=FFFF8AF7 t=645522 grTexMaxAddress#3 tmu=0 -> 00200000
78 pid=FFFF8AF7 t=645522 grTexCalcMemRequired#4 lodmin=2 lodmax=2 aspect=3 format=10 -> 8192
79 pid=FFFF8AF7 t=645522 grTexMaxAddress#4 tmu=0 -> 00200000
80 pid=FFFF8AF7 t=645522 grTexCalcMemRequired#5 lodmin=2 lodmax=2 aspect=3 format=10 -> 8192
81 pid=FFFF8AF7 t=645522 grTexMaxAddress#5 tmu=0 -> 00200000
82 pid=FFFF8AF7 t=645522 grTexCalcMemRequired#6 lodmin=2 lodmax=2 aspect=3 format=10 -> 8192
83 pid=FFFF8AF7 t=645522 grTexMaxAddress#6 tmu=0 -> 00200000
84 pid=FFFF8AF7 t=645522 grTexCalcMemRequired#7 lodmin=2 lodmax=2 aspect=3 format=10 -> 8192
85 pid=FFFF8AF7 t=645522 grTexMaxAddress#7 tmu=0 -> 00200000
86 pid=FFFF8AF7 t=645522 grTexCalcMemRequired#8 lodmin=2 lodmax=2 aspect=3 format=10 -> 8192
87 pid=FFFF8AF7 t=645522 grTexMaxAddress#8 tmu=0 -> 00200000
88 pid=FFFF8AF7 t=645522 grTexCalcMemRequired#9 lodmin=2 lodmax=2 aspect=3 format=10 -> 8192
89 pid=FFFF8AF7 t=645522 grTexMaxAddress#9 tmu=0 -> 00200000
90 pid=FFFF8AF7 t=645522 grTexCalcMemRequired#10 lodmin=2 lodmax=2 aspect=3 format=10 -> 8192
91 pid=FFFF8AF7 t=645522 grTexMaxAddress#10 tmu=0 -> 00200000
92 pid=FFFF8AF7 t=645522 grTexCalcMemRequired#11 lodmin=2 lodmax=2 aspect=3 format=10 -> 8192
93 pid=FFFF8AF7 t=645522 grTexMaxAddress#11 tmu=0 -> 00200000
94 pid=FFFF8AF7 t=645522 grTexCalcMemRequired#12 lodmin=2 lodmax=2 aspect=3 format=10 -> 8192
95 pid=FFFF8AF7 t=645522 grTexMaxAddress#12 tmu=0 -> 00200000
96 pid=FFFF8AF7 t=645522 grTexCalcMemRequired#13 lodmin=2 lodmax=2 aspect=3 format=10 -> 8192
97 pid=FFFF8AF7 t=645522 grTexMaxAddress#13 tmu=0 -> 00200000
98 pid=FFFF8AF7 t=645522 grTexCalcMemRequired#14 lodmin=2 lodmax=2 aspect=3 format=10 -> 8192
99 pid=FFFF8AF7 t=645522 grTexMaxAddress#14 tmu=0 -> 00200000
100 pid=FFFF8AF7 t=645523 grTexCalcMemRequired#15 lodmin=2 lodmax=2 aspect=3 format=10 -> 8192
101 pid=FFFF8AF7 t=645523 grTexMaxAddress#15 tmu=0 -> 00200000
102 pid=FFFF8AF7 t=645523 grTexCalcMemRequired#16 lodmin=2 lodmax=2 aspect=3 format=10 -> 8192
103 pid=FFFF8AF7 t=645523 grTexMaxAddress#16 tmu=0 -> 00200000
104 pid=FFFF8AF7 t=645523 grTexCalcMemRequired#17 lodmin=2 lodmax=2 aspect=3 format=10 -> 8192
105 pid=FFFF8AF7 t=645523 grTexMaxAddress#17 tmu=0 -> 00200000
106 pid=FFFF8AF7 t=645523 grTexCalcMemRequired#18 lodmin=2 lodmax=2 aspect=3 format=10 -> 8192
107 pid=FFFF8AF7 t=645523 grTexMaxAddress#18 tmu=0 -> 00200000
108 pid=FFFF8AF7 t=645523 grTexCalcMemRequired#19 lodmin=2 lodmax=2 aspect=3 format=10 -> 8192
109 pid=FFFF8AF7 t=645523 grTexMaxAddress#19 tmu=0 -> 00200000
110 pid=FFFF8AF7 t=645523 grTexCalcMemRequired#20 lodmin=2 lodmax=2 aspect=3 format=10 -> 8192
111 pid=FFFF8AF7 t=645523 grTexMaxAddress#20 tmu=0 -> 00200000
112 pid=FFFF8AF7 t=645523 grTexCalcMemRequired#21 lodmin=2 lodmax=2 aspect=3 format=10 -> 8192
113 pid=FFFF8AF7 t=645523 grTexMaxAddress#21 tmu=0 -> 00200000
114 pid=FFFF8AF7 t=645526 grRenderBuffer#11 buffer=1
115 pid=FFFF8AF7 t=645526 grBufferClear#8 color=00000000 alpha=00 depth=FFFF
116 pid=FFFF8AF7 t=645623 grTexDownloadMipMap#1 tmu=0 addr=00000000 evenodd=3 lod=2..2 aspect=3 format=10 data=00EFB2B8
117 pid=FFFF8AF7 t=645623 grTexSource#1 tmu=0 addr=00000000 evenodd=3 lod=2..2 aspect=3 format=10
118 pid=FFFF8AF7 t=645623 grColorCombine#2 func=3 factor=1 local=0 other=1 invert=0
119 pid=FFFF8AF7 t=645623 grAlphaCombine#2 func=3 factor=1 local=0 other=1 invert=0
120 pid=FFFF8AF7 t=645623 grDrawTriangle#1 swap=1
121 pid=FFFF8AF7 t=645623 grDrawTriangle#1   va x=49400100 y=49400100 ooz=00000000 oow=3F800000 rgba=437F0000,437F0000,437F0000,437F0000 st0=00000000,00000000,00000003
122 pid=FFFF8AF7 t=645623 grDrawTriangle#1   vb x=49400900 y=49400100 ooz=00000000 oow=3F800000 rgba=437F0000,437F0000,437F0000,437F0000 st0=437F0000,00000000,018A2FDC
123 pid=FFFF8AF7 t=645623 grDrawTriangle#1   vc x=49400900 y=49400900 ooz=00000000 oow=3F800000 rgba=437F0000,437F0000,437F0000,437F0000 st0=437F0000,437F0000,00000000
124 pid=FFFF8AF7 t=645623 grDrawTriangle#2 swap=1
125 pid=FFFF8AF7 t=645623 grDrawTriangle#2   va x=49400100 y=49400100 ooz=00000000 oow=3F800000 rgba=437F0000,437F0000,437F0000,437F0000 st0=00000000,00000000,00000003
126 pid=FFFF8AF7 t=645623 grDrawTriangle#2   vb x=49400900 y=49400900 ooz=00000000 oow=3F800000 rgba=437F0000,437F0000,437F0000,437F0000 st0=437F0000,437F0000,00000000
127 pid=FFFF8AF7 t=645624 grDrawTriangle#2   vc x=49400100 y=49400900 ooz=00000000 oow=3F800000 rgba=437F0000,437F0000,437F0000,437F0000 st0=00000000,437F0000,018A8FF4
128 pid=FFFF8AF7 t=645624 grTexDownloadMipMap#2 tmu=0 addr=00002000 evenodd=3 lod=2..2 aspect=3 format=10 data=00EFB2B8
129 pid=FFFF8AF7 t=645624 grTexSource#2 tmu=0 addr=00002000 evenodd=3 lod=2..2 aspect=3 format=10
130 pid=FFFF8AF7 t=645626 grDrawTriangle#3 swap=1
131 pid=FFFF8AF7 t=645626 grDrawTriangle#3   va x=49400900 y=49400100 ooz=00000000 oow=3F800000 rgba=437F0000,437F0000,437F0000,437F0000 st0=00000000,00000000,00492558
132 pid=FFFF8AF7 t=645626 grDrawTriangle#3   vb x=49401100 y=49400100 ooz=00000000 oow=3F800000 rgba=437F0000,437F0000,437F0000,437F0000 st0=437F0000,00000000,00000000
133 pid=FFFF8AF7 t=645626 grDrawTriangle#3   vc x=49401100 y=49400900 ooz=00000000 oow=3F800000 rgba=437F0000,437F0000,437F0000,437F0000 st0=437F0000,437F0000,00000000
134 pid=FFFF8AF7 t=645626 grDrawTriangle#4 swap=1
135 pid=FFFF8AF7 t=645626 grDrawTriangle#4   va x=49400900 y=49400100 ooz=00000000 oow=3F800000 rgba=437F0000,437F0000,437F0000,437F0000 st0=00000000,00000000,00492558
136 pid=FFFF8AF7 t=645626 grDrawTriangle#4   vb x=49401100 y=49400900 ooz=00000000 oow=3F800000 rgba=437F0000,437F0000,437F0000,437F0000 st0=437F0000,437F0000,00000000
137 pid=FFFF8AF7 t=645626 grDrawTriangle#4   vc x=49400900 y=49400900 ooz=00000000 oow=3F800000 rgba=437F0000,437F0000,437F0000,437F0000 st0=00000000,437F0000,018A9020
138 pid=FFFF8AF7 t=645626 grTexDownloadMipMap#3 tmu=0 addr=00004000 evenodd=3 lod=2..2 aspect=3 format=10 data=00EFB2B8
139 pid=FFFF8AF7 t=645626 grTexSource#3 tmu=0 addr=00004000 evenodd=3 lod=2..2 aspect=3 format=10
140 pid=FFFF8AF7 t=645626 grDrawTriangle#5 swap=1
141 pid=FFFF8AF7 t=645626 grDrawTriangle#5   va x=49401100 y=49400100 ooz=00000000 oow=3F800000 rgba=437F0000,437F0000,437F0000,437F0000 st0=00000000,00000000,00492558
142 pid=FFFF8AF7 t=645626 grDrawTriangle#5   vb x=49401900 y=49400100 ooz=00000000 oow=3F800000 rgba=437F0000,437F0000,437F0000,437F0000 st0=437F0000,00000000,00000000
143 pid=FFFF8AF7 t=645626 grDrawTriangle#5   vc x=49401900 y=49400900 ooz=00000000 oow=3F800000 rgba=437F0000,437F0000,437F0000,437F0000 st0=437F0000,437F0000,00000000
144 pid=FFFF8AF7 t=645626 grDrawTriangle#6 swap=1
145 pid=FFFF8AF7 t=645626 grDrawTriangle#6   va x=49401100 y=49400100 ooz=00000000 oow=3F800000 rgba=437F0000,437F0000,437F0000,437F0000 st0=00000000,00000000,00492558
146 pid=FFFF8AF7 t=645627 grDrawTriangle#6   vb x=49401900 y=49400900 ooz=00000000 oow=3F800000 rgba=437F0000,437F0000,437F0000,437F0000 st0=437F0000,437F0000,00000000
147 pid=FFFF8AF7 t=645627 grDrawTriangle#6   vc x=49401100 y=49400900 ooz=00000000 oow=3F800000 rgba=437F0000,437F0000,437F0000,437F0000 st0=00000000,437F0000,018A904C
148 pid=FFFF8AF7 t=645627 grTexDownloadMipMap#4 tmu=0 addr=00006000 evenodd=3 lod=2..2 aspect=3 format=10 data=00EFB2B8
149 pid=FFFF8AF7 t=645627 grTexSource#4 tmu=0 addr=00006000 evenodd=3 lod=2..2 aspect=3 format=10
150 pid=FFFF8AF7 t=645628 grDrawTriangle#7 swap=1
151 pid=FFFF8AF7 t=645628 grDrawTriangle#7   va x=49401900 y=49400100 ooz=00000000 oow=3F800000 rgba=437F0000,437F0000,437F0000,437F0000 st0=00000000,00000000,00492558
152 pid=FFFF8AF7 t=645628 grDrawTriangle#7   vb x=49402100 y=49400100 ooz=00000000 oow=3F800000 rgba=437F0000,437F0000,437F0000,437F0000 st0=437F0000,00000000,00000000
153 pid=FFFF8AF7 t=645628 grDrawTriangle#7   vc x=49402100 y=49400900 ooz=00000000 oow=3F800000 rgba=437F0000,437F0000,437F0000,437F0000 st0=437F0000,437F0000,00000000
154 pid=FFFF8AF7 t=645628 grDrawTriangle#8 swap=1
155 pid=FFFF8AF7 t=645628 grDrawTriangle#8   va x=49401900 y=49400100 ooz=00000000 oow=3F800000 rgba=437F0000,437F0000,437F0000,437F0000 st0=00000000,00000000,00492558
156 pid=FFFF8AF7 t=645628 grDrawTriangle#8   vb x=49402100 y=49400900 ooz=00000000 oow=3F800000 rgba=437F0000,437F0000,437F0000,437F0000 st0=437F0000,437F0000,00000000
157 pid=FFFF8AF7 t=645628 grDrawTriangle#8   vc x=49401900 y=49400900 ooz=00000000 oow=3F800000 rgba=437F0000,437F0000,437F0000,437F0000 st0=00000000,437F0000,018A9078
158 pid=FFFF8AF7 t=645628 grTexDownloadMipMap#5 tmu=0 addr=00008000 evenodd=3 lod=2..2 aspect=3 format=10 data=00EFB2B8
159 pid=FFFF8AF7 t=645629 grTexSource#5 tmu=0 addr=00008000 evenodd=3 lod=2..2 aspect=3 format=10
160 pid=FFFF8AF7 t=645629 grDrawTriangle#9 swap=1
161 pid=FFFF8AF7 t=645629 grDrawTriangle#9   va x=49402100 y=49400100 ooz=00000000 oow=3F800000 rgba=437F0000,437F0000,437F0000,437F0000 st0=00000000,00000000,00492558
162 pid=FFFF8AF7 t=645629 grDrawTriangle#9   vb x=494026F0 y=49400100 ooz=00000000 oow=3F800000 rgba=437F0000,437F0000,437F0000,437F0000 st0=433D4200,00000000,00000000
163 pid=FFFF8AF7 t=645629 grDrawTriangle#9   vc x=494026F0 y=49400900 ooz=00000000 oow=3F800000 rgba=437F0000,437F0000,437F0000,437F0000 st0=433D4200,437F0000,00000000
164 pid=FFFF8AF7 t=645629 grDrawTriangle#10 swap=1
165 pid=FFFF8AF7 t=645629 grDrawTriangle#10   va x=49402100 y=49400100 ooz=00000000 oow=3F800000 rgba=437F0000,437F0000,437F0000,437F0000 st0=00000000,00000000,00492558
166 pid=FFFF8AF7 t=645629 grDrawTriangle#10   vb x=494026F0 y=49400900 ooz=00000000 oow=3F800000 rgba=437F0000,437F0000,437F0000,437F0000 st0=433D4200,437F0000,00000000
167 pid=FFFF8AF7 t=645630 grDrawTriangle#10   vc x=49402100 y=49400900 ooz=00000000 oow=3F800000 rgba=437F0000,437F0000,437F0000,437F0000 st0=00000000,437F0000,018A90A4
168 pid=FFFF8AF7 t=645630 grTexDownloadMipMap#6 tmu=0 addr=0000A000 evenodd=3 lod=2..2 aspect=3 format=10 data=00EFB2B8
169 pid=FFFF8AF7 t=645630 grTexSource#6 tmu=0 addr=0000A000 evenodd=3 lod=2..2 aspect=3 format=10
170 pid=FFFF8AF7 t=645630 grDrawTriangle#11 swap=1
171 pid=FFFF8AF7 t=645631 grDrawTriangle#11   va x=49400100 y=49400900 ooz=00000000 oow=3F800000 rgba=437F0000,437F0000,437F0000,437F0000 st0=00000000,00000000,00492558
172 pid=FFFF8AF7 t=645631 grDrawTriangle#11   vb x=49400900 y=49400900 ooz=00000000 oow=3F800000 rgba=437F0000,437F0000,437F0000,437F0000 st0=437F0000,00000000,00000000
173 pid=FFFF8AF7 t=645631 grDrawTriangle#11   vc x=49400900 y=49401100 ooz=00000000 oow=3F800000 rgba=437F0000,437F0000,437F0000,437F0000 st0=437F0000,437F0000,00000000
174 pid=FFFF8AF7 t=645631 grDrawTriangle#12 swap=1
175 pid=FFFF8AF7 t=645631 grDrawTriangle#12   va x=49400100 y=49400900 ooz=00000000 oow=3F800000 rgba=437F0000,437F0000,437F0000,437F0000 st0=00000000,00000000,00492558
176 pid=FFFF8AF7 t=645631 grDrawTriangle#12   vb x=49400900 y=49401100 ooz=00000000 oow=3F800000 rgba=437F0000,437F0000,437F0000,437F0000 st0=437F0000,437F0000,00000000
177 pid=FFFF8AF7 t=645631 grDrawTriangle#12   vc x=49400100 y=49401100 ooz=00000000 oow=3F800000 rgba=437F0000,437F0000,437F0000,437F0000 st0=00000000,437F0000,018A90D0
178 pid=FFFF8AF7 t=645631 grTexDownloadMipMap#7 tmu=0 addr=0000C000 evenodd=3 lod=2..2 aspect=3 format=10 data=00EFB2B8
179 pid=FFFF8AF7 t=645632 grTexSource#7 tmu=0 addr=0000C000 evenodd=3 lod=2..2 aspect=3 format=10
180 pid=FFFF8AF7 t=645632 grDrawTriangle#13 swap=1
181 pid=FFFF8AF7 t=645632 grDrawTriangle#13   va x=49400900 y=49400900 ooz=00000000 oow=3F800000 rgba=437F0000,437F0000,437F0000,437F0000 st0=00000000,00000000,00492558
182 pid=FFFF8AF7 t=645632 grDrawTriangle#13   vb x=49401100 y=49400900 ooz=00000000 oow=3F800000 rgba=437F0000,437F0000,437F0000,437F0000 st0=437F0000,00000000,00000000
183 pid=FFFF8AF7 t=645632 grDrawTriangle#13   vc x=49401100 y=49401100 ooz=00000000 oow=3F800000 rgba=437F0000,437F0000,437F0000,437F0000 st0=437F0000,437F0000,00000000
184 pid=FFFF8AF7 t=645632 grDrawTriangle#14 swap=1
185 pid=FFFF8AF7 t=645632 grDrawTriangle#14   va x=49400900 y=49400900 ooz=00000000 oow=3F800000 rgba=437F0000,437F0000,437F0000,437F0000 st0=00000000,00000000,00492558
186 pid=FFFF8AF7 t=645632 grDrawTriangle#14   vb x=49401100 y=49401100 ooz=00000000 oow=3F800000 rgba=437F0000,437F0000,437F0000,437F0000 st0=437F0000,437F0000,00000000
187 pid=FFFF8AF7 t=645632 grDrawTriangle#14   vc x=49400900 y=49401100 ooz=00000000 oow=3F800000 rgba=437F0000,437F0000,437F0000,437F0000 st0=00000000,437F0000,018A90FC
188 pid=FFFF8AF7 t=645634 grTexDownloadMipMap#8 tmu=0 addr=0000E000 evenodd=3 lod=2..2 aspect=3 format=10 data=00EFB2B8
189 pid=FFFF8AF7 t=645634 grTexSource#8 tmu=0 addr=0000E000 evenodd=3 lod=2..2 aspect=3 format=10
190 pid=FFFF8AF7 t=645634 grDrawTriangle#15 swap=1
191 pid=FFFF8AF7 t=645634 grDrawTriangle#15   va x=49401100 y=49400900 ooz=00000000 oow=3F800000 rgba=437F0000,437F0000,437F0000,437F0000 st0=00000000,00000000,00492558
192 pid=FFFF8AF7 t=645634 grDrawTriangle#15   vb x=49401900 y=49400900 ooz=00000000 oow=3F800000 rgba=437F0000,437F0000,437F0000,437F0000 st0=437F0000,00000000,00000000
193 pid=FFFF8AF7 t=645634 grDrawTriangle#15   vc x=49401900 y=49401100 ooz=00000000 oow=3F800000 rgba=437F0000,437F0000,437F0000,437F0000 st0=437F0000,437F0000,00000000
194 pid=FFFF8AF7 t=645634 grDrawTriangle#16 swap=1
195 pid=FFFF8AF7 t=645634 grDrawTriangle#16   va x=49401100 y=49400900 ooz=00000000 oow=3F800000 rgba=437F0000,437F0000,437F0000,437F0000 st0=00000000,00000000,00492558
196 pid=FFFF8AF7 t=645634 grDrawTriangle#16   vb x=49401900 y=49401100 ooz=00000000 oow=3F800000 rgba=437F0000,437F0000,437F0000,437F0000 st0=437F0000,437F0000,00000000
197 pid=FFFF8AF7 t=645634 grDrawTriangle#16   vc x=49401100 y=49401100 ooz=00000000 oow=3F800000 rgba=437F0000,437F0000,437F0000,437F0000 st0=00000000,437F0000,018A9128
198 pid=FFFF8AF7 t=645634 grTexDownloadMipMap#9 tmu=0 addr=00010000 evenodd=3 lod=2..2 aspect=3 format=10 data=00EFB2B8
199 pid=FFFF8AF7 t=645634 grTexSource#9 tmu=0 addr=00010000 evenodd=3 lod=2..2 aspect=3 format=10
200 pid=FFFF8AF7 t=645634 grDrawTriangle#17 swap=1
201 pid=FFFF8AF7 t=645634 grDrawTriangle#17   va x=49401900 y=49400900 ooz=00000000 oow=3F800000 rgba=437F0000,437F0000,437F0000,437F0000 st0=00000000,00000000,00492558
202 pid=FFFF8AF7 t=645634 grDrawTriangle#17   vb x=49402100 y=49400900 ooz=00000000 oow=3F800000 rgba=437F0000,437F0000,437F0000,437F0000 st0=437F0000,00000000,00000000
203 pid=FFFF8AF7 t=645634 grDrawTriangle#17   vc x=49402100 y=49401100 ooz=00000000 oow=3F800000 rgba=437F0000,437F0000,437F0000,437F0000 st0=437F0000,437F0000,00000000
204 pid=FFFF8AF7 t=645634 grDrawTriangle#18 swap=1
205 pid=FFFF8AF7 t=645635 grDrawTriangle#18   va x=49401900 y=49400900 ooz=00000000 oow=3F800000 rgba=437F0000,437F0000,437F0000,437F0000 st0=00000000,00000000,00492558
206 pid=FFFF8AF7 t=645635 grDrawTriangle#18   vb x=49402100 y=49401100 ooz=00000000 oow=3F800000 rgba=437F0000,437F0000,437F0000,437F0000 st0=437F0000,437F0000,00000000
207 pid=FFFF8AF7 t=645635 grDrawTriangle#18   vc x=49401900 y=49401100 ooz=00000000 oow=3F800000 rgba=437F0000,437F0000,437F0000,437F0000 st0=00000000,437F0000,018A9154
208 pid=FFFF8AF7 t=645635 grTexDownloadMipMap#10 tmu=0 addr=00012000 evenodd=3 lod=2..2 aspect=3 format=10 data=00EFB2B8
209 pid=FFFF8AF7 t=645635 grTexSource#10 tmu=0 addr=00012000 evenodd=3 lod=2..2 aspect=3 format=10
210 pid=FFFF8AF7 t=645636 grDrawTriangle#19 swap=1
211 pid=FFFF8AF7 t=645636 grDrawTriangle#19   va x=49402100 y=49400900 ooz=00000000 oow=3F800000 rgba=437F0000,437F0000,437F0000,437F0000 st0=00000000,00000000,00492558
212 pid=FFFF8AF7 t=645636 grDrawTriangle#19   vb x=494026F0 y=49400900 ooz=00000000 oow=3F800000 rgba=437F0000,437F0000,437F0000,437F0000 st0=433D4200,00000000,00000000
213 pid=FFFF8AF7 t=645636 grDrawTriangle#19   vc x=494026F0 y=49401100 ooz=00000000 oow=3F800000 rgba=437F0000,437F0000,437F0000,437F0000 st0=433D4200,437F0000,00000000
214 pid=FFFF8AF7 t=645636 grDrawTriangle#20 swap=1
215 pid=FFFF8AF7 t=645636 grDrawTriangle#20   va x=49402100 y=49400900 ooz=00000000 oow=3F800000 rgba=437F0000,437F0000,437F0000,437F0000 st0=00000000,00000000,00492558
216 pid=FFFF8AF7 t=645636 grDrawTriangle#20   vb x=494026F0 y=49401100 ooz=00000000 oow=3F800000 rgba=437F0000,437F0000,437F0000,437F0000 st0=433D4200,437F0000,00000000
217 pid=FFFF8AF7 t=645636 grDrawTriangle#20   vc x=49402100 y=49401100 ooz=00000000 oow=3F800000 rgba=437F0000,437F0000,437F0000,437F0000 st0=00000000,437F0000,018A9180
218 pid=FFFF8AF7 t=645637 grTexDownloadMipMap#11 tmu=0 addr=00014000 evenodd=3 lod=2..2 aspect=3 format=10 data=00EFB2B8
219 pid=FFFF8AF7 t=645637 grTexSource#11 tmu=0 addr=00014000 evenodd=3 lod=2..2 aspect=3 format=10
220 pid=FFFF8AF7 t=645637 grDrawTriangle#21 swap=1
221 pid=FFFF8AF7 t=645637 grDrawTriangle#21   va x=49400100 y=49401100 ooz=00000000 oow=3F800000 rgba=437F0000,437F0000,437F0000,437F0000 st0=00000000,00000000,00492558
222 pid=FFFF8AF7 t=645637 grDrawTriangle#21   vb x=49400900 y=49401100 ooz=00000000 oow=3F800000 rgba=437F0000,437F0000,437F0000,437F0000 st0=437F0000,00000000,00000000
223 pid=FFFF8AF7 t=645637 grDrawTriangle#21   vc x=49400900 y=49401900 ooz=00000000 oow=3F800000 rgba=437F0000,437F0000,437F0000,437F0000 st0=437F0000,437F0000,00000000
224 pid=FFFF8AF7 t=645637 grDrawTriangle#22 swap=1
225 pid=FFFF8AF7 t=645637 grDrawTriangle#22   va x=49400100 y=49401100 ooz=00000000 oow=3F800000 rgba=437F0000,437F0000,437F0000,437F0000 st0=00000000,00000000,00492558
226 pid=FFFF8AF7 t=645637 grDrawTriangle#22   vb x=49400900 y=49401900 ooz=00000000 oow=3F800000 rgba=437F0000,437F0000,437F0000,437F0000 st0=437F0000,437F0000,00000000
227 pid=FFFF8AF7 t=645637 grDrawTriangle#22   vc x=49400100 y=49401900 ooz=00000000 oow=3F800000 rgba=437F0000,437F0000,437F0000,437F0000 st0=00000000,437F0000,018A91AC
228 pid=FFFF8AF7 t=645638 grTexDownloadMipMap#12 tmu=0 addr=00016000 evenodd=3 lod=2..2 aspect=3 format=10 data=00EFB2B8
229 pid=FFFF8AF7 t=645638 grTexSource#12 tmu=0 addr=00016000 evenodd=3 lod=2..2 aspect=3 format=10
230 pid=FFFF8AF7 t=645638 grDrawTriangle#23 swap=1
231 pid=FFFF8AF7 t=645638 grDrawTriangle#23   va x=49400900 y=49401100 ooz=00000000 oow=3F800000 rgba=437F0000,437F0000,437F0000,437F0000 st0=00000000,00000000,00492558
232 pid=FFFF8AF7 t=645638 grDrawTriangle#23   vb x=49401100 y=49401100 ooz=00000000 oow=3F800000 rgba=437F0000,437F0000,437F0000,437F0000 st0=437F0000,00000000,00000000
233 pid=FFFF8AF7 t=645638 grDrawTriangle#23   vc x=49401100 y=49401900 ooz=00000000 oow=3F800000 rgba=437F0000,437F0000,437F0000,437F0000 st0=437F0000,437F0000,00000000
234 pid=FFFF8AF7 t=645638 grDrawTriangle#24 swap=1
235 pid=FFFF8AF7 t=645639 grDrawTriangle#24   va x=49400900 y=49401100 ooz=00000000 oow=3F800000 rgba=437F0000,437F0000,437F0000,437F0000 st0=00000000,00000000,00492558
236 pid=FFFF8AF7 t=645639 grDrawTriangle#24   vb x=49401100 y=49401900 ooz=00000000 oow=3F800000 rgba=437F0000,437F0000,437F0000,437F0000 st0=437F0000,437F0000,00000000
237 pid=FFFF8AF7 t=645639 grDrawTriangle#24   vc x=49400900 y=49401900 ooz=00000000 oow=3F800000 rgba=437F0000,437F0000,437F0000,437F0000 st0=00000000,437F0000,018A91D8
238 pid=FFFF8AF7 t=645639 grTexDownloadMipMap#13 tmu=0 addr=00018000 evenodd=3 lod=2..2 aspect=3 format=10 data=00EFB2B8
239 pid=FFFF8AF7 t=645639 grTexSource#13 tmu=0 addr=00018000 evenodd=3 lod=2..2 aspect=3 format=10
240 pid=FFFF8AF7 t=645640 grDrawTriangle#25 swap=1
241 pid=FFFF8AF7 t=645640 grDrawTriangle#25   va x=49401100 y=49401100 ooz=00000000 oow=3F800000 rgba=437F0000,437F0000,437F0000,437F0000 st0=00000000,00000000,00492558
242 pid=FFFF8AF7 t=645640 grDrawTriangle#25   vb x=49401900 y=49401100 ooz=00000000 oow=3F800000 rgba=437F0000,437F0000,437F0000,437F0000 st0=437F0000,00000000,00000000
243 pid=FFFF8AF7 t=645640 grDrawTriangle#25   vc x=49401900 y=49401900 ooz=00000000 oow=3F800000 rgba=437F0000,437F0000,437F0000,437F0000 st0=437F0000,437F0000,00000000
244 pid=FFFF8AF7 t=645640 grDrawTriangle#26 swap=1
245 pid=FFFF8AF7 t=645640 grDrawTriangle#26   va x=49401100 y=49401100 ooz=00000000 oow=3F800000 rgba=437F0000,437F0000,437F0000,437F0000 st0=00000000,00000000,00492558
246 pid=FFFF8AF7 t=645640 grDrawTriangle#26   vb x=49401900 y=49401900 ooz=00000000 oow=3F800000 rgba=437F0000,437F0000,437F0000,437F0000 st0=437F0000,437F0000,00000000
247 pid=FFFF8AF7 t=645640 grDrawTriangle#26   vc x=49401100 y=49401900 ooz=00000000 oow=3F800000 rgba=437F0000,437F0000,437F0000,437F0000 st0=00000000,437F0000,018A9204
248 pid=FFFF8AF7 t=645642 grTexDownloadMipMap#14 tmu=0 addr=0001A000 evenodd=3 lod=2..2 aspect=3 format=10 data=00EFB2B8
249 pid=FFFF8AF7 t=645642 grTexSource#14 tmu=0 addr=0001A000 evenodd=3 lod=2..2 aspect=3 format=10
250 pid=FFFF8AF7 t=645642 grDrawTriangle#27 swap=1
251 pid=FFFF8AF7 t=645642 grDrawTriangle#27   va x=49401900 y=49401100 ooz=00000000 oow=3F800000 rgba=437F0000,437F0000,437F0000,437F0000 st0=00000000,00000000,00492558
252 pid=FFFF8AF7 t=645642 grDrawTriangle#27   vb x=49402100 y=49401100 ooz=00000000 oow=3F800000 rgba=437F0000,437F0000,437F0000,437F0000 st0=437F0000,00000000,00000000
253 pid=FFFF8AF7 t=645642 grDrawTriangle#27   vc x=49402100 y=49401900 ooz=00000000 oow=3F800000 rgba=437F0000,437F0000,437F0000,437F0000 st0=437F0000,437F0000,00000000
254 pid=FFFF8AF7 t=645642 grDrawTriangle#28 swap=1
255 pid=FFFF8AF7 t=645642 grDrawTriangle#28   va x=49401900 y=49401100 ooz=00000000 oow=3F800000 rgba=437F0000,437F0000,437F0000,437F0000 st0=00000000,00000000,00492558
256 pid=FFFF8AF7 t=645642 grDrawTriangle#28   vb x=49402100 y=49401900 ooz=00000000 oow=3F800000 rgba=437F0000,437F0000,437F0000,437F0000 st0=437F0000,437F0000,00000000
257 pid=FFFF8AF7 t=645642 grDrawTriangle#28   vc x=49401900 y=49401900 ooz=00000000 oow=3F800000 rgba=437F0000,437F0000,437F0000,437F0000 st0=00000000,437F0000,018A9230
258 pid=FFFF8AF7 t=645642 grTexDownloadMipMap#15 tmu=0 addr=0001C000 evenodd=3 lod=2..2 aspect=3 format=10 data=00EFB2B8
259 pid=FFFF8AF7 t=645642 grTexSource#15 tmu=0 addr=0001C000 evenodd=3 lod=2..2 aspect=3 format=10
260 pid=FFFF8AF7 t=645642 grDrawTriangle#29 swap=1
261 pid=FFFF8AF7 t=645642 grDrawTriangle#29   va x=49402100 y=49401100 ooz=00000000 oow=3F800000 rgba=437F0000,437F0000,437F0000,437F0000 st0=00000000,00000000,00492558
262 pid=FFFF8AF7 t=645642 grDrawTriangle#29   vb x=494026F0 y=49401100 ooz=00000000 oow=3F800000 rgba=437F0000,437F0000,437F0000,437F0000 st0=433D4200,00000000,00000000
263 pid=FFFF8AF7 t=645642 grDrawTriangle#29   vc x=494026F0 y=49401900 ooz=00000000 oow=3F800000 rgba=437F0000,437F0000,437F0000,437F0000 st0=433D4200,437F0000,00000000
264 pid=FFFF8AF7 t=645643 grDrawTriangle#30 swap=1
265 pid=FFFF8AF7 t=645643 grDrawTriangle#30   va x=49402100 y=49401100 ooz=00000000 oow=3F800000 rgba=437F0000,437F0000,437F0000,437F0000 st0=00000000,00000000,00492558
266 pid=FFFF8AF7 t=645643 grDrawTriangle#30   vb x=494026F0 y=49401900 ooz=00000000 oow=3F800000 rgba=437F0000,437F0000,437F0000,437F0000 st0=433D4200,437F0000,00000000
267 pid=FFFF8AF7 t=645643 grDrawTriangle#30   vc x=49402100 y=49401900 ooz=00000000 oow=3F800000 rgba=437F0000,437F0000,437F0000,437F0000 st0=00000000,437F0000,018A925C
268 pid=FFFF8AF7 t=645643 grTexDownloadMipMap#16 tmu=0 addr=0001E000 evenodd=3 lod=2..2 aspect=3 format=10 data=00EFB2B8
269 pid=FFFF8AF7 t=645643 grTexSource#16 tmu=0 addr=0001E000 evenodd=3 lod=2..2 aspect=3 format=10
270 pid=FFFF8AF7 t=645643 grDrawTriangle#31 swap=1
271 pid=FFFF8AF7 t=645643 grDrawTriangle#31   va x=49400100 y=49401900 ooz=00000000 oow=3F800000 rgba=437F0000,437F0000,437F0000,437F0000 st0=00000000,00000000,00492558
272 pid=FFFF8AF7 t=645643 grDrawTriangle#31   vb x=49400900 y=49401900 ooz=00000000 oow=3F800000 rgba=437F0000,437F0000,437F0000,437F0000 st0=437F0000,00000000,00000000
273 pid=FFFF8AF7 t=645643 grDrawTriangle#31   vc x=49400900 y=49401CF0 ooz=00000000 oow=3F800000 rgba=437F0000,437F0000,437F0000,437F0000 st0=437F0000,42FB0400,00000000
274 pid=FFFF8AF7 t=645644 grDrawTriangle#32 swap=1
275 pid=FFFF8AF7 t=645644 grDrawTriangle#32   va x=49400100 y=49401900 ooz=00000000 oow=3F800000 rgba=437F0000,437F0000,437F0000,437F0000 st0=00000000,00000000,00492558
276 pid=FFFF8AF7 t=645644 grDrawTriangle#32   vb x=49400900 y=49401CF0 ooz=00000000 oow=3F800000 rgba=437F0000,437F0000,437F0000,437F0000 st0=437F0000,42FB0400,00000000
277 pid=FFFF8AF7 t=645644 grDrawTriangle#32   vc x=49400100 y=49401CF0 ooz=00000000 oow=3F800000 rgba=437F0000,437F0000,437F0000,437F0000 st0=00000000,42FB0400,018A9288
278 pid=FFFF8AF7 t=645644 grTexDownloadMipMap#17 tmu=0 addr=00020000 evenodd=3 lod=2..2 aspect=3 format=10 data=00EFB2B8
279 pid=FFFF8AF7 t=645644 grTexSource#17 tmu=0 addr=00020000 evenodd=3 lod=2..2 aspect=3 format=10
280 pid=FFFF8AF7 t=645644 grDrawTriangle#33 swap=1
281 pid=FFFF8AF7 t=645644 grDrawTriangle#33   va x=49400900 y=49401900 ooz=00000000 oow=3F800000 rgba=437F0000,437F0000,437F0000,437F0000 st0=00000000,00000000,00492558
282 pid=FFFF8AF7 t=645644 grDrawTriangle#33   vb x=49401100 y=49401900 ooz=00000000 oow=3F800000 rgba=437F0000,437F0000,437F0000,437F0000 st0=437F0000,00000000,00000000
283 pid=FFFF8AF7 t=645645 grDrawTriangle#33   vc x=49401100 y=49401CF0 ooz=00000000 oow=3F800000 rgba=437F0000,437F0000,437F0000,437F0000 st0=437F0000,42FB0400,00000000
284 pid=FFFF8AF7 t=645645 grDrawTriangle#34 swap=1
285 pid=FFFF8AF7 t=645645 grDrawTriangle#34   va x=49400900 y=49401900 ooz=00000000 oow=3F800000 rgba=437F0000,437F0000,437F0000,437F0000 st0=00000000,00000000,00492558
286 pid=FFFF8AF7 t=645645 grDrawTriangle#34   vb x=49401100 y=49401CF0 ooz=00000000 oow=3F800000 rgba=437F0000,437F0000,437F0000,437F0000 st0=437F0000,42FB0400,00000000
287 pid=FFFF8AF7 t=645645 grDrawTriangle#34   vc x=49400900 y=49401CF0 ooz=00000000 oow=3F800000 rgba=437F0000,437F0000,437F0000,437F0000 st0=00000000,42FB0400,018A92B4
288 pid=FFFF8AF7 t=645645 grTexDownloadMipMap#18 tmu=0 addr=00022000 evenodd=3 lod=2..2 aspect=3 format=10 data=00EFB2B8
289 pid=FFFF8AF7 t=645645 grTexSource#18 tmu=0 addr=00022000 evenodd=3 lod=2..2 aspect=3 format=10
290 pid=FFFF8AF7 t=645646 grDrawTriangle#35 swap=1
291 pid=FFFF8AF7 t=645646 grDrawTriangle#35   va x=49401100 y=49401900 ooz=00000000 oow=3F800000 rgba=437F0000,437F0000,437F0000,437F0000 st0=00000000,00000000,00492558
292 pid=FFFF8AF7 t=645646 grDrawTriangle#35   vb x=49401900 y=49401900 ooz=00000000 oow=3F800000 rgba=437F0000,437F0000,437F0000,437F0000 st0=437F0000,00000000,00000000
293 pid=FFFF8AF7 t=645646 grDrawTriangle#35   vc x=49401900 y=49401CF0 ooz=00000000 oow=3F800000 rgba=437F0000,437F0000,437F0000,437F0000 st0=437F0000,42FB0400,00000000
294 pid=FFFF8AF7 t=645646 grDrawTriangle#36 swap=1
295 pid=FFFF8AF7 t=645646 grDrawTriangle#36   va x=49401100 y=49401900 ooz=00000000 oow=3F800000 rgba=437F0000,437F0000,437F0000,437F0000 st0=00000000,00000000,00492558
296 pid=FFFF8AF7 t=645646 grDrawTriangle#36   vb x=49401900 y=49401CF0 ooz=00000000 oow=3F800000 rgba=437F0000,437F0000,437F0000,437F0000 st0=437F0000,42FB0400,00000000
297 pid=FFFF8AF7 t=645646 grDrawTriangle#36   vc x=49401100 y=49401CF0 ooz=00000000 oow=3F800000 rgba=437F0000,437F0000,437F0000,437F0000 st0=00000000,42FB0400,018A92E0
298 pid=FFFF8AF7 t=645647 grTexDownloadMipMap#19 tmu=0 addr=00024000 evenodd=3 lod=2..2 aspect=3 format=10 data=00EFB2B8
299 pid=FFFF8AF7 t=645647 grTexSource#19 tmu=0 addr=00024000 evenodd=3 lod=2..2 aspect=3 format=10
300 pid=FFFF8AF7 t=645647 grDrawTriangle#37 swap=1
301 pid=FFFF8AF7 t=645647 grDrawTriangle#37   va x=49401900 y=49401900 ooz=00000000 oow=3F800000 rgba=437F0000,437F0000,437F0000,437F0000 st0=00000000,00000000,00492558
302 pid=FFFF8AF7 t=645647 grDrawTriangle#37   vb x=49402100 y=49401900 ooz=00000000 oow=3F800000 rgba=437F0000,437F0000,437F0000,437F0000 st0=437F0000,00000000,00000000
303 pid=FFFF8AF7 t=645647 grDrawTriangle#37   vc x=49402100 y=49401CF0 ooz=00000000 oow=3F800000 rgba=437F0000,437F0000,437F0000,437F0000 st0=437F0000,42FB0400,00000000
304 pid=FFFF8AF7 t=645647 grDrawTriangle#38 swap=1
305 pid=FFFF8AF7 t=645647 grDrawTriangle#38   va x=49401900 y=49401900 ooz=00000000 oow=3F800000 rgba=437F0000,437F0000,437F0000,437F0000 st0=00000000,00000000,00492558
306 pid=FFFF8AF7 t=645647 grDrawTriangle#38   vb x=49402100 y=49401CF0 ooz=00000000 oow=3F800000 rgba=437F0000,437F0000,437F0000,437F0000 st0=437F0000,42FB0400,00000000
307 pid=FFFF8AF7 t=645647 grDrawTriangle#38   vc x=49401900 y=49401CF0 ooz=00000000 oow=3F800000 rgba=437F0000,437F0000,437F0000,437F0000 st0=00000000,42FB0400,018A930C
308 pid=FFFF8AF7 t=645648 grTexDownloadMipMap#20 tmu=0 addr=00026000 evenodd=3 lod=2..2 aspect=3 format=10 data=00EFB2B8
309 pid=FFFF8AF7 t=645648 grTexSource#20 tmu=0 addr=00026000 evenodd=3 lod=2..2 aspect=3 format=10
310 pid=FFFF8AF7 t=645648 grDrawTriangle#39 swap=1
311 pid=FFFF8AF7 t=645648 grDrawTriangle#39   va x=49402100 y=49401900 ooz=00000000 oow=3F800000 rgba=437F0000,437F0000,437F0000,437F0000 st0=00000000,00000000,00492558
312 pid=FFFF8AF7 t=645648 grDrawTriangle#39   vb x=494026F0 y=49401900 ooz=00000000 oow=3F800000 rgba=437F0000,437F0000,437F0000,437F0000 st0=433D4200,00000000,00000000
313 pid=FFFF8AF7 t=645648 grDrawTriangle#39   vc x=494026F0 y=49401CF0 ooz=00000000 oow=3F800000 rgba=437F0000,437F0000,437F0000,437F0000 st0=433D4200,42FB0400,00000000
314 pid=FFFF8AF7 t=645648 grDrawTriangle#40 swap=1
315 pid=FFFF8AF7 t=645648 grDrawTriangle#40   va x=49402100 y=49401900 ooz=00000000 oow=3F800000 rgba=437F0000,437F0000,437F0000,437F0000 st0=00000000,00000000,00492558
316 pid=FFFF8AF7 t=645648 grDrawTriangle#40   vb x=494026F0 y=49401CF0 ooz=00000000 oow=3F800000 rgba=437F0000,437F0000,437F0000,437F0000 st0=433D4200,42FB0400,00000000
317 pid=FFFF8AF7 t=645648 grDrawTriangle#40   vc x=49402100 y=49401CF0 ooz=00000000 oow=3F800000 rgba=437F0000,437F0000,437F0000,437F0000 st0=00000000,42FB0400,018A9338
318 pid=FFFF8AF7 t=645648 grBufferSwap#2 interval=1
319 pid=FFFF8AF7 t=645650 capture frame after swap 2
320 pid=FFFF8AF7 t=645652 grRenderBuffer#12 buffer=1
321 pid=FFFF8AF7 t=645652 grBufferClear#9 color=00000000 alpha=00 depth=FFFF
322 pid=FFFF8AF7 t=645750 grTexDownloadMipMap#21 tmu=0 addr=00000000 evenodd=3 lod=2..2 aspect=3 format=10 data=00EFB2B8
323 pid=FFFF8AF7 t=645750 grTexSource#21 tmu=0 addr=00000000 evenodd=3 lod=2..2 aspect=3 format=10
324 pid=FFFF8AF7 t=645750 grDrawTriangle#41 swap=2
325 pid=FFFF8AF7 t=645750 grDrawTriangle#41   va x=49400100 y=49400100 ooz=00000000 oow=3F800000 rgba=437F0000,437F0000,437F0000,437F0000 st0=00000000,00000000,00492558
326 pid=FFFF8AF7 t=645750 grDrawTriangle#41   vb x=49400900 y=49400100 ooz=00000000 oow=3F800000 rgba=437F0000,437F0000,437F0000,437F0000 st0=437F0000,00000000,00000000
327 pid=FFFF8AF7 t=645750 grDrawTriangle#41   vc x=49400900 y=49400900 ooz=00000000 oow=3F800000 rgba=437F0000,437F0000,437F0000,437F0000 st0=437F0000,437F0000,00000000
328 pid=FFFF8AF7 t=645750 grDrawTriangle#42 swap=2
329 pid=FFFF8AF7 t=645750 grDrawTriangle#42   va x=49400100 y=49400100 ooz=00000000 oow=3F800000 rgba=437F0000,437F0000,437F0000,437F0000 st0=00000000,00000000,00492558
330 pid=FFFF8AF7 t=645750 grDrawTriangle#42   vb x=49400900 y=49400900 ooz=00000000 oow=3F800000 rgba=437F0000,437F0000,437F0000,437F0000 st0=437F0000,437F0000,00000000
331 pid=FFFF8AF7 t=645750 grDrawTriangle#42   vc x=49400100 y=49400900 ooz=00000000 oow=3F800000 rgba=437F0000,437F0000,437F0000,437F0000 st0=00000000,437F0000,018A8FF4
332 pid=FFFF8AF7 t=645751 grTexDownloadMipMap#22 tmu=0 addr=00002000 evenodd=3 lod=2..2 aspect=3 format=10 data=00EFB2B8
333 pid=FFFF8AF7 t=645751 grTexSource#22 tmu=0 addr=00002000 evenodd=3 lod=2..2 aspect=3 format=10
334 pid=FFFF8AF7 t=645751 grDrawTriangle#43 swap=2
335 pid=FFFF8AF7 t=645751 grDrawTriangle#43   va x=49400900 y=49400100 ooz=00000000 oow=3F800000 rgba=437F0000,437F0000,437F0000,437F0000 st0=00000000,00000000,00492558
336 pid=FFFF8AF7 t=645751 grDrawTriangle#43   vb x=49401100 y=49400100 ooz=00000000 oow=3F800000 rgba=437F0000,437F0000,437F0000,437F0000 st0=437F0000,00000000,00000000
337 pid=FFFF8AF7 t=645751 grDrawTriangle#43   vc x=49401100 y=49400900 ooz=00000000 oow=3F800000 rgba=437F0000,437F0000,437F0000,437F0000 st0=437F0000,437F0000,00000000
338 pid=FFFF8AF7 t=645751 grDrawTriangle#44 swap=2
339 pid=FFFF8AF7 t=645752 grDrawTriangle#44   va x=49400900 y=49400100 ooz=00000000 oow=3F800000 rgba=437F0000,437F0000,437F0000,437F0000 st0=00000000,00000000,00492558
340 pid=FFFF8AF7 t=645752 grDrawTriangle#44   vb x=49401100 y=49400900 ooz=00000000 oow=3F800000 rgba=437F0000,437F0000,437F0000,437F0000 st0=437F0000,437F0000,00000000
341 pid=FFFF8AF7 t=645752 grDrawTriangle#44   vc x=49400900 y=49400900 ooz=00000000 oow=3F800000 rgba=437F0000,437F0000,437F0000,437F0000 st0=00000000,437F0000,018A9020
342 pid=FFFF8AF7 t=645752 grTexDownloadMipMap#23 tmu=0 addr=00004000 evenodd=3 lod=2..2 aspect=3 format=10 data=00EFB2B8
343 pid=FFFF8AF7 t=645752 grTexSource#23 tmu=0 addr=00004000 evenodd=3 lod=2..2 aspect=3 format=10
344 pid=FFFF8AF7 t=645753 grDrawTriangle#45 swap=2
345 pid=FFFF8AF7 t=645753 grDrawTriangle#45   va x=49401100 y=49400100 ooz=00000000 oow=3F800000 rgba=437F0000,437F0000,437F0000,437F0000 st0=00000000,00000000,00492558
346 pid=FFFF8AF7 t=645753 grDrawTriangle#45   vb x=49401900 y=49400100 ooz=00000000 oow=3F800000 rgba=437F0000,437F0000,437F0000,437F0000 st0=437F0000,00000000,00000000
347 pid=FFFF8AF7 t=645753 grDrawTriangle#45   vc x=49401900 y=49400900 ooz=00000000 oow=3F800000 rgba=437F0000,437F0000,437F0000,437F0000 st0=437F0000,437F0000,00000000
348 pid=FFFF8AF7 t=645753 grDrawTriangle#46 swap=2
349 pid=FFFF8AF7 t=645753 grDrawTriangle#46   va x=49401100 y=49400100 ooz=00000000 oow=3F800000 rgba=437F0000,437F0000,437F0000,437F0000 st0=00000000,00000000,00492558
350 pid=FFFF8AF7 t=645753 grDrawTriangle#46   vb x=49401900 y=49400900 ooz=00000000 oow=3F800000 rgba=437F0000,437F0000,437F0000,437F0000 st0=437F0000,437F0000,00000000
351 pid=FFFF8AF7 t=645753 grDrawTriangle#46   vc x=49401100 y=49400900 ooz=00000000 oow=3F800000 rgba=437F0000,437F0000,437F0000,437F0000 st0=00000000,437F0000,018A904C
352 pid=FFFF8AF7 t=645754 grTexDownloadMipMap#24 tmu=0 addr=00006000 evenodd=3 lod=2..2 aspect=3 format=10 data=00EFB2B8
353 pid=FFFF8AF7 t=645754 grTexSource#24 tmu=0 addr=00006000 evenodd=3 lod=2..2 aspect=3 format=10
354 pid=FFFF8AF7 t=645754 grDrawTriangle#47 swap=2
355 pid=FFFF8AF7 t=645754 grDrawTriangle#47   va x=49401900 y=49400100 ooz=00000000 oow=3F800000 rgba=437F0000,437F0000,437F0000,437F0000 st0=00000000,00000000,00492558
356 pid=FFFF8AF7 t=645754 grDrawTriangle#47   vb x=49402100 y=49400100 ooz=00000000 oow=3F800000 rgba=437F0000,437F0000,437F0000,437F0000 st0=437F0000,00000000,00000000
357 pid=FFFF8AF7 t=645754 grDrawTriangle#47   vc x=49402100 y=49400900 ooz=00000000 oow=3F800000 rgba=437F0000,437F0000,437F0000,437F0000 st0=437F0000,437F0000,00000000
358 pid=FFFF8AF7 t=645754 grDrawTriangle#48 swap=2
359 pid=FFFF8AF7 t=645754 grDrawTriangle#48   va x=49401900 y=49400100 ooz=00000000 oow=3F800000 rgba=437F0000,437F0000,437F0000,437F0000 st0=00000000,00000000,00492558
360 pid=FFFF8AF7 t=645755 grDrawTriangle#48   vb x=49402100 y=49400900 ooz=00000000 oow=3F800000 rgba=437F0000,437F0000,437F0000,437F0000 st0=437F0000,437F0000,00000000
361 pid=FFFF8AF7 t=645755 grDrawTriangle#48   vc x=49401900 y=49400900 ooz=00000000 oow=3F800000 rgba=437F0000,437F0000,437F0000,437F0000 st0=00000000,437F0000,018A9078
362 pid=FFFF8AF7 t=645755 grTexDownloadMipMap#25 tmu=0 addr=00008000 evenodd=3 lod=2..2 aspect=3 format=10 data=00EFB2B8
363 pid=FFFF8AF7 t=645755 grTexSource#25 tmu=0 addr=00008000 evenodd=3 lod=2..2 aspect=3 format=10
364 pid=FFFF8AF7 t=645756 grDrawTriangle#49 swap=2
365 pid=FFFF8AF7 t=645756 grDrawTriangle#49   va x=49402100 y=49400100 ooz=00000000 oow=3F800000 rgba=437F0000,437F0000,437F0000,437F0000 st0=00000000,00000000,00492558
366 pid=FFFF8AF7 t=645756 grDrawTriangle#49   vb x=494026F0 y=49400100 ooz=00000000 oow=3F800000 rgba=437F0000,437F0000,437F0000,437F0000 st0=433D4200,00000000,00000000
367 pid=FFFF8AF7 t=645756 grDrawTriangle#49   vc x=494026F0 y=49400900 ooz=00000000 oow=3F800000 rgba=437F0000,437F0000,437F0000,437F0000 st0=433D4200,437F0000,00000000
368 pid=FFFF8AF7 t=645756 grDrawTriangle#50 swap=2
369 pid=FFFF8AF7 t=645756 grDrawTriangle#50   va x=49402100 y=49400100 ooz=00000000 oow=3F800000 rgba=437F0000,437F0000,437F0000,437F0000 st0=00000000,00000000,00492558
370 pid=FFFF8AF7 t=645756 grDrawTriangle#50   vb x=494026F0 y=49400900 ooz=00000000 oow=3F800000 rgba=437F0000,437F0000,437F0000,437F0000 st0=433D4200,437F0000,00000000
371 pid=FFFF8AF7 t=645756 grDrawTriangle#50   vc x=49402100 y=49400900 ooz=00000000 oow=3F800000 rgba=437F0000,437F0000,437F0000,437F0000 st0=00000000,437F0000,018A90A4
372 pid=FFFF8AF7 t=645757 grTexDownloadMipMap#26 tmu=0 addr=0000A000 evenodd=3 lod=2..2 aspect=3 format=10 data=00EFB2B8
373 pid=FFFF8AF7 t=645757 grTexSource#26 tmu=0 addr=0000A000 evenodd=3 lod=2..2 aspect=3 format=10
374 pid=FFFF8AF7 t=645757 grDrawTriangle#51 swap=2
375 pid=FFFF8AF7 t=645757 grDrawTriangle#51   va x=49400100 y=49400900 ooz=00000000 oow=3F800000 rgba=437F0000,437F0000,437F0000,437F0000 st0=00000000,00000000,00492558
376 pid=FFFF8AF7 t=645757 grDrawTriangle#51   vb x=49400900 y=49400900 ooz=00000000 oow=3F800000 rgba=437F0000,437F0000,437F0000,437F0000 st0=437F0000,00000000,00000000
377 pid=FFFF8AF7 t=645757 grDrawTriangle#51   vc x=49400900 y=49401100 ooz=00000000 oow=3F800000 rgba=437F0000,437F0000,437F0000,437F0000 st0=437F0000,437F0000,00000000
378 pid=FFFF8AF7 t=645757 grDrawTriangle#52 swap=2
379 pid=FFFF8AF7 t=645757 grDrawTriangle#52   va x=49400100 y=49400900 ooz=00000000 oow=3F800000 rgba=437F0000,437F0000,437F0000,437F0000 st0=00000000,00000000,00492558
380 pid=FFFF8AF7 t=645757 grDrawTriangle#52   vb x=49400900 y=49401100 ooz=00000000 oow=3F800000 rgba=437F0000,437F0000,437F0000,437F0000 st0=437F0000,437F0000,00000000
381 pid=FFFF8AF7 t=645759 grDrawTriangle#52   vc x=49400100 y=49401100 ooz=00000000 oow=3F800000 rgba=437F0000,437F0000,437F0000,437F0000 st0=00000000,437F0000,018A90D0
382 pid=FFFF8AF7 t=645759 grTexDownloadMipMap#27 tmu=0 addr=0000C000 evenodd=3 lod=2..2 aspect=3 format=10 data=00EFB2B8
383 pid=FFFF8AF7 t=645759 grTexSource#27 tmu=0 addr=0000C000 evenodd=3 lod=2..2 aspect=3 format=10
384 pid=FFFF8AF7 t=645759 grDrawTriangle#53 swap=2
385 pid=FFFF8AF7 t=645759 grDrawTriangle#53   va x=49400900 y=49400900 ooz=00000000 oow=3F800000 rgba=437F0000,437F0000,437F0000,437F0000 st0=00000000,00000000,00492558
386 pid=FFFF8AF7 t=645759 grDrawTriangle#53   vb x=49401100 y=49400900 ooz=00000000 oow=3F800000 rgba=437F0000,437F0000,437F0000,437F0000 st0=437F0000,00000000,00000000
387 pid=FFFF8AF7 t=645759 grDrawTriangle#53   vc x=49401100 y=49401100 ooz=00000000 oow=3F800000 rgba=437F0000,437F0000,437F0000,437F0000 st0=437F0000,437F0000,00000000
388 pid=FFFF8AF7 t=645759 grDrawTriangle#54 swap=2
389 pid=FFFF8AF7 t=645759 grDrawTriangle#54   va x=49400900 y=49400900 ooz=00000000 oow=3F800000 rgba=437F0000,437F0000,437F0000,437F0000 st0=00000000,00000000,00492558
390 pid=FFFF8AF7 t=645759 grDrawTriangle#54   vb x=49401100 y=49401100 ooz=00000000 oow=3F800000 rgba=437F0000,437F0000,437F0000,437F0000 st0=437F0000,437F0000,00000000
391 pid=FFFF8AF7 t=645759 grDrawTriangle#54   vc x=49400900 y=49401100 ooz=00000000 oow=3F800000 rgba=437F0000,437F0000,437F0000,437F0000 st0=00000000,437F0000,018A90FC
392 pid=FFFF8AF7 t=645760 grTexDownloadMipMap#28 tmu=0 addr=0000E000 evenodd=3 lod=2..2 aspect=3 format=10 data=00EFB2B8
393 pid=FFFF8AF7 t=645760 grTexSource#28 tmu=0 addr=0000E000 evenodd=3 lod=2..2 aspect=3 format=10
394 pid=FFFF8AF7 t=645760 grDrawTriangle#55 swap=2
395 pid=FFFF8AF7 t=645760 grDrawTriangle#55   va x=49401100 y=49400900 ooz=00000000 oow=3F800000 rgba=437F0000,437F0000,437F0000,437F0000 st0=00000000,00000000,00492558
396 pid=FFFF8AF7 t=645760 grDrawTriangle#55   vb x=49401900 y=49400900 ooz=00000000 oow=3F800000 rgba=437F0000,437F0000,437F0000,437F0000 st0=437F0000,00000000,00000000
397 pid=FFFF8AF7 t=645760 grDrawTriangle#55   vc x=49401900 y=49401100 ooz=00000000 oow=3F800000 rgba=437F0000,437F0000,437F0000,437F0000 st0=437F0000,437F0000,00000040
398 pid=FFFF8AF7 t=645760 grDrawTriangle#56 swap=2
399 pid=FFFF8AF7 t=645760 grDrawTriangle#56   va x=49401100 y=49400900 ooz=00000000 oow=3F800000 rgba=437F0000,437F0000,437F0000,437F0000 st0=00000000,00000000,00492558
400 pid=FFFF8AF7 t=645761 grDrawTriangle#56   vb x=49401900 y=49401100 ooz=00000000 oow=3F800000 rgba=437F0000,437F0000,437F0000,437F0000 st0=437F0000,437F0000,00000040
401 pid=FFFF8AF7 t=645761 grDrawTriangle#56   vc x=49401100 y=49401100 ooz=00000000 oow=3F800000 rgba=437F0000,437F0000,437F0000,437F0000 st0=00000000,437F0000,018A9128
402 pid=FFFF8AF7 t=645761 grTexDownloadMipMap#29 tmu=0 addr=00010000 evenodd=3 lod=2..2 aspect=3 format=10 data=00EFB2B8
403 pid=FFFF8AF7 t=645761 grTexSource#29 tmu=0 addr=00010000 evenodd=3 lod=2..2 aspect=3 format=10
404 pid=FFFF8AF7 t=645761 grDrawTriangle#57 swap=2
405 pid=FFFF8AF7 t=645761 grDrawTriangle#57   va x=49401900 y=49400900 ooz=00000000 oow=3F800000 rgba=437F0000,437F0000,437F0000,437F0000 st0=00000000,00000000,00492558
406 pid=FFFF8AF7 t=645761 grDrawTriangle#57   vb x=49402100 y=49400900 ooz=00000000 oow=3F800000 rgba=437F0000,437F0000,437F0000,437F0000 st0=437F0000,00000000,00000000
407 pid=FFFF8AF7 t=645761 grDrawTriangle#57   vc x=49402100 y=49401100 ooz=00000000 oow=3F800000 rgba=437F0000,437F0000,437F0000,437F0000 st0=437F0000,437F0000,00000040
408 pid=FFFF8AF7 t=645761 grDrawTriangle#58 swap=2
409 pid=FFFF8AF7 t=645761 grDrawTriangle#58   va x=49401900 y=49400900 ooz=00000000 oow=3F800000 rgba=437F0000,437F0000,437F0000,437F0000 st0=00000000,00000000,00492558
410 pid=FFFF8AF7 t=645762 grDrawTriangle#58   vb x=49402100 y=49401100 ooz=00000000 oow=3F800000 rgba=437F0000,437F0000,437F0000,437F0000 st0=437F0000,437F0000,00000040
411 pid=FFFF8AF7 t=645762 grDrawTriangle#58   vc x=49401900 y=49401100 ooz=00000000 oow=3F800000 rgba=437F0000,437F0000,437F0000,437F0000 st0=00000000,437F0000,018A9154
412 pid=FFFF8AF7 t=645762 grTexDownloadMipMap#30 tmu=0 addr=00012000 evenodd=3 lod=2..2 aspect=3 format=10 data=00EFB2B8
413 pid=FFFF8AF7 t=645762 grTexSource#30 tmu=0 addr=00012000 evenodd=3 lod=2..2 aspect=3 format=10
414 pid=FFFF8AF7 t=645763 grDrawTriangle#59 swap=2
415 pid=FFFF8AF7 t=645763 grDrawTriangle#59   va x=49402100 y=49400900 ooz=00000000 oow=3F800000 rgba=437F0000,437F0000,437F0000,437F0000 st0=00000000,00000000,00492558
416 pid=FFFF8AF7 t=645763 grDrawTriangle#59   vb x=494026F0 y=49400900 ooz=00000000 oow=3F800000 rgba=437F0000,437F0000,437F0000,437F0000 st0=433D4200,00000000,00000000
417 pid=FFFF8AF7 t=645763 grDrawTriangle#59   vc x=494026F0 y=49401100 ooz=00000000 oow=3F800000 rgba=437F0000,437F0000,437F0000,437F0000 st0=433D4200,437F0000,00000000
418 pid=FFFF8AF7 t=645763 grDrawTriangle#60 swap=2
419 pid=FFFF8AF7 t=645763 grDrawTriangle#60   va x=49402100 y=49400900 ooz=00000000 oow=3F800000 rgba=437F0000,437F0000,437F0000,437F0000 st0=00000000,00000000,00492558
420 pid=FFFF8AF7 t=645763 grDrawTriangle#60   vb x=494026F0 y=49401100 ooz=00000000 oow=3F800000 rgba=437F0000,437F0000,437F0000,437F0000 st0=433D4200,437F0000,00000000
421 pid=FFFF8AF7 t=645763 grDrawTriangle#60   vc x=49402100 y=49401100 ooz=00000000 oow=3F800000 rgba=437F0000,437F0000,437F0000,437F0000 st0=00000000,437F0000,018A9180
422 pid=FFFF8AF7 t=645764 grTexDownloadMipMap#31 tmu=0 addr=00014000 evenodd=3 lod=2..2 aspect=3 format=10 data=00EFB2B8
423 pid=FFFF8AF7 t=645764 grTexSource#31 tmu=0 addr=00014000 evenodd=3 lod=2..2 aspect=3 format=10
424 pid=FFFF8AF7 t=645764 grDrawTriangle#61 swap=2
425 pid=FFFF8AF7 t=645764 grDrawTriangle#61   va x=49400100 y=49401100 ooz=00000000 oow=3F800000 rgba=437F0000,437F0000,437F0000,437F0000 st0=00000000,00000000,00492558
426 pid=FFFF8AF7 t=645764 grDrawTriangle#61   vb x=49400900 y=49401100 ooz=00000000 oow=3F800000 rgba=437F0000,437F0000,437F0000,437F0000 st0=437F0000,00000000,00000000
427 pid=FFFF8AF7 t=645764 grDrawTriangle#61   vc x=49400900 y=49401900 ooz=00000000 oow=3F800000 rgba=437F0000,437F0000,437F0000,437F0000 st0=437F0000,437F0000,00000040
428 pid=FFFF8AF7 t=645764 grDrawTriangle#62 swap=2
429 pid=FFFF8AF7 t=645764 grDrawTriangle#62   va x=49400100 y=49401100 ooz=00000000 oow=3F800000 rgba=437F0000,437F0000,437F0000,437F0000 st0=00000000,00000000,00492558
430 pid=FFFF8AF7 t=645764 grDrawTriangle#62   vb x=49400900 y=49401900 ooz=00000000 oow=3F800000 rgba=437F0000,437F0000,437F0000,437F0000 st0=437F0000,437F0000,00000040
431 pid=FFFF8AF7 t=645765 grDrawTriangle#62   vc x=49400100 y=49401900 ooz=00000000 oow=3F800000 rgba=437F0000,437F0000,437F0000,437F0000 st0=00000000,437F0000,018A91AC
432 pid=FFFF8AF7 t=645765 grTexDownloadMipMap#32 tmu=0 addr=00016000 evenodd=3 lod=2..2 aspect=3 format=10 data=00EFB2B8
433 pid=FFFF8AF7 t=645765 grTexSource#32 tmu=0 addr=00016000 evenodd=3 lod=2..2 aspect=3 format=10
434 pid=FFFF8AF7 t=645767 grDrawTriangle#63 swap=2
435 pid=FFFF8AF7 t=645767 grDrawTriangle#63   va x=49400900 y=49401100 ooz=00000000 oow=3F800000 rgba=437F0000,437F0000,437F0000,437F0000 st0=00000000,00000000,00492558
436 pid=FFFF8AF7 t=645767 grDrawTriangle#63   vb x=49401100 y=49401100 ooz=00000000 oow=3F800000 rgba=437F0000,437F0000,437F0000,437F0000 st0=437F0000,00000000,00000000
437 pid=FFFF8AF7 t=645767 grDrawTriangle#63   vc x=49401100 y=49401900 ooz=00000000 oow=3F800000 rgba=437F0000,437F0000,437F0000,437F0000 st0=437F0000,437F0000,00000000
438 pid=FFFF8AF7 t=645767 grDrawTriangle#64 swap=2
439 pid=FFFF8AF7 t=645767 grDrawTriangle#64   va x=49400900 y=49401100 ooz=00000000 oow=3F800000 rgba=437F0000,437F0000,437F0000,437F0000 st0=00000000,00000000,00492558
440 pid=FFFF8AF7 t=645767 grDrawTriangle#64   vb x=49401100 y=49401900 ooz=00000000 oow=3F800000 rgba=437F0000,437F0000,437F0000,437F0000 st0=437F0000,437F0000,00000000
441 pid=FFFF8AF7 t=645767 grDrawTriangle#64   vc x=49400900 y=49401900 ooz=00000000 oow=3F800000 rgba=437F0000,437F0000,437F0000,437F0000 st0=00000000,437F0000,018A91D8
442 pid=FFFF8AF7 t=645767 grTexDownloadMipMap#33 tmu=0 addr=00018000 evenodd=3 lod=2..2 aspect=3 format=10 data=00EFB2B8
443 pid=FFFF8AF7 t=645767 grTexSource#33 tmu=0 addr=00018000 evenodd=3 lod=2..2 aspect=3 format=10
444 pid=FFFF8AF7 t=645767 grDrawTriangle#65 swap=2
445 pid=FFFF8AF7 t=645767 grDrawTriangle#65   va x=49401100 y=49401100 ooz=00000000 oow=3F800000 rgba=437F0000,437F0000,437F0000,437F0000 st0=00000000,00000000,00492558
446 pid=FFFF8AF7 t=645767 grDrawTriangle#65   vb x=49401900 y=49401100 ooz=00000000 oow=3F800000 rgba=437F0000,437F0000,437F0000,437F0000 st0=437F0000,00000000,00000000
447 pid=FFFF8AF7 t=645767 grDrawTriangle#65   vc x=49401900 y=49401900 ooz=00000000 oow=3F800000 rgba=437F0000,437F0000,437F0000,437F0000 st0=437F0000,437F0000,00000000
448 pid=FFFF8AF7 t=645767 grDrawTriangle#66 swap=2
449 pid=FFFF8AF7 t=645767 grDrawTriangle#66   va x=49401100 y=49401100 ooz=00000000 oow=3F800000 rgba=437F0000,437F0000,437F0000,437F0000 st0=00000000,00000000,00492558
450 pid=FFFF8AF7 t=645767 grDrawTriangle#66   vb x=49401900 y=49401900 ooz=00000000 oow=3F800000 rgba=437F0000,437F0000,437F0000,437F0000 st0=437F0000,437F0000,00000000
451 pid=FFFF8AF7 t=645767 grDrawTriangle#66   vc x=49401100 y=49401900 ooz=00000000 oow=3F800000 rgba=437F0000,437F0000,437F0000,437F0000 st0=00000000,437F0000,018A9204
452 pid=FFFF8AF7 t=645768 grTexDownloadMipMap#34 tmu=0 addr=0001A000 evenodd=3 lod=2..2 aspect=3 format=10 data=00EFB2B8
453 pid=FFFF8AF7 t=645768 grTexSource#34 tmu=0 addr=0001A000 evenodd=3 lod=2..2 aspect=3 format=10
454 pid=FFFF8AF7 t=645768 grDrawTriangle#67 swap=2
455 pid=FFFF8AF7 t=645768 grDrawTriangle#67   va x=49401900 y=49401100 ooz=00000000 oow=3F800000 rgba=437F0000,437F0000,437F0000,437F0000 st0=00000000,00000000,00492558
456 pid=FFFF8AF7 t=645768 grDrawTriangle#67   vb x=49402100 y=49401100 ooz=00000000 oow=3F800000 rgba=437F0000,437F0000,437F0000,437F0000 st0=437F0000,00000000,00000000
457 pid=FFFF8AF7 t=645768 grDrawTriangle#67   vc x=49402100 y=49401900 ooz=00000000 oow=3F800000 rgba=437F0000,437F0000,437F0000,437F0000 st0=437F0000,437F0000,00000000
458 pid=FFFF8AF7 t=645768 grDrawTriangle#68 swap=2
459 pid=FFFF8AF7 t=645769 grDrawTriangle#68   va x=49401900 y=49401100 ooz=00000000 oow=3F800000 rgba=437F0000,437F0000,437F0000,437F0000 st0=00000000,00000000,00492558
460 pid=FFFF8AF7 t=645769 grDrawTriangle#68   vb x=49402100 y=49401900 ooz=00000000 oow=3F800000 rgba=437F0000,437F0000,437F0000,437F0000 st0=437F0000,437F0000,00000000
461 pid=FFFF8AF7 t=645769 grDrawTriangle#68   vc x=49401900 y=49401900 ooz=00000000 oow=3F800000 rgba=437F0000,437F0000,437F0000,437F0000 st0=00000000,437F0000,018A9230
462 pid=FFFF8AF7 t=645769 grTexDownloadMipMap#35 tmu=0 addr=0001C000 evenodd=3 lod=2..2 aspect=3 format=10 data=00EFB2B8
463 pid=FFFF8AF7 t=645769 grTexSource#35 tmu=0 addr=0001C000 evenodd=3 lod=2..2 aspect=3 format=10
464 pid=FFFF8AF7 t=645770 grDrawTriangle#69 swap=2
465 pid=FFFF8AF7 t=645770 grDrawTriangle#69   va x=49402100 y=49401100 ooz=00000000 oow=3F800000 rgba=437F0000,437F0000,437F0000,437F0000 st0=00000000,00000000,00492558
466 pid=FFFF8AF7 t=645770 grDrawTriangle#69   vb x=494026F0 y=49401100 ooz=00000000 oow=3F800000 rgba=437F0000,437F0000,437F0000,437F0000 st0=433D4200,00000000,00000000
467 pid=FFFF8AF7 t=645770 grDrawTriangle#69   vc x=494026F0 y=49401900 ooz=00000000 oow=3F800000 rgba=437F0000,437F0000,437F0000,437F0000 st0=433D4200,437F0000,00000000
468 pid=FFFF8AF7 t=645770 grDrawTriangle#70 swap=2
469 pid=FFFF8AF7 t=645770 grDrawTriangle#70   va x=49402100 y=49401100 ooz=00000000 oow=3F800000 rgba=437F0000,437F0000,437F0000,437F0000 st0=00000000,00000000,00492558
470 pid=FFFF8AF7 t=645770 grDrawTriangle#70   vb x=494026F0 y=49401900 ooz=00000000 oow=3F800000 rgba=437F0000,437F0000,437F0000,437F0000 st0=433D4200,437F0000,00000000
471 pid=FFFF8AF7 t=645770 grDrawTriangle#70   vc x=49402100 y=49401900 ooz=00000000 oow=3F800000 rgba=437F0000,437F0000,437F0000,437F0000 st0=00000000,437F0000,018A925C
472 pid=FFFF8AF7 t=645770 grTexDownloadMipMap#36 tmu=0 addr=0001E000 evenodd=3 lod=2..2 aspect=3 format=10 data=00EFB2B8
473 pid=FFFF8AF7 t=645771 grTexSource#36 tmu=0 addr=0001E000 evenodd=3 lod=2..2 aspect=3 format=10
474 pid=FFFF8AF7 t=645771 grDrawTriangle#71 swap=2
475 pid=FFFF8AF7 t=645771 grDrawTriangle#71   va x=49400100 y=49401900 ooz=00000000 oow=3F800000 rgba=437F0000,437F0000,437F0000,437F0000 st0=00000000,00000000,00492558
476 pid=FFFF8AF7 t=645771 grDrawTriangle#71   vb x=49400900 y=49401900 ooz=00000000 oow=3F800000 rgba=437F0000,437F0000,437F0000,437F0000 st0=437F0000,00000000,00000000
477 pid=FFFF8AF7 t=645771 grDrawTriangle#71   vc x=49400900 y=49401CF0 ooz=00000000 oow=3F800000 rgba=437F0000,437F0000,437F0000,437F0000 st0=437F0000,42FB0400,00000040
478 pid=FFFF8AF7 t=645771 grDrawTriangle#72 swap=2
479 pid=FFFF8AF7 t=645771 grDrawTriangle#72   va x=49400100 y=49401900 ooz=00000000 oow=3F800000 rgba=437F0000,437F0000,437F0000,437F0000 st0=00000000,00000000,00492558
480 pid=FFFF8AF7 t=645771 grDrawTriangle#72   vb x=49400900 y=49401CF0 ooz=00000000 oow=3F800000 rgba=437F0000,437F0000,437F0000,437F0000 st0=437F0000,42FB0400,00000040
481 pid=FFFF8AF7 t=645772 grDrawTriangle#72   vc x=49400100 y=49401CF0 ooz=00000000 oow=3F800000 rgba=437F0000,437F0000,437F0000,437F0000 st0=00000000,42FB0400,018A9288
482 pid=FFFF8AF7 t=645772 grTexDownloadMipMap#37 tmu=0 addr=00020000 evenodd=3 lod=2..2 aspect=3 format=10 data=00EFB2B8
483 pid=FFFF8AF7 t=645772 grTexSource#37 tmu=0 addr=00020000 evenodd=3 lod=2..2 aspect=3 format=10
484 pid=FFFF8AF7 t=645772 grDrawTriangle#73 swap=2
485 pid=FFFF8AF7 t=645772 grDrawTriangle#73   va x=49400900 y=49401900 ooz=00000000 oow=3F800000 rgba=437F0000,437F0000,437F0000,437F0000 st0=00000000,00000000,00492558
486 pid=FFFF8AF7 t=645772 grDrawTriangle#73   vb x=49401100 y=49401900 ooz=00000000 oow=3F800000 rgba=437F0000,437F0000,437F0000,437F0000 st0=437F0000,00000000,00000000
487 pid=FFFF8AF7 t=645772 grDrawTriangle#73   vc x=49401100 y=49401CF0 ooz=00000000 oow=3F800000 rgba=437F0000,437F0000,437F0000,437F0000 st0=437F0000,42FB0400,00000040
488 pid=FFFF8AF7 t=645772 grDrawTriangle#74 swap=2
489 pid=FFFF8AF7 t=645772 grDrawTriangle#74   va x=49400900 y=49401900 ooz=00000000 oow=3F800000 rgba=437F0000,437F0000,437F0000,437F0000 st0=00000000,00000000,00492558
490 pid=FFFF8AF7 t=645772 grDrawTriangle#74   vb x=49401100 y=49401CF0 ooz=00000000 oow=3F800000 rgba=437F0000,437F0000,437F0000,437F0000 st0=437F0000,42FB0400,00000040
491 pid=FFFF8AF7 t=645773 grDrawTriangle#74   vc x=49400900 y=49401CF0 ooz=00000000 oow=3F800000 rgba=437F0000,437F0000,437F0000,437F0000 st0=00000000,42FB0400,018A92B4
492 pid=FFFF8AF7 t=645773 grTexDownloadMipMap#38 tmu=0 addr=00022000 evenodd=3 lod=2..2 aspect=3 format=10 data=00EFB2B8
493 pid=FFFF8AF7 t=645773 grTexSource#38 tmu=0 addr=00022000 evenodd=3 lod=2..2 aspect=3 format=10
494 pid=FFFF8AF7 t=645773 grDrawTriangle#75 swap=2
495 pid=FFFF8AF7 t=645773 grDrawTriangle#75   va x=49401100 y=49401900 ooz=00000000 oow=3F800000 rgba=437F0000,437F0000,437F0000,437F0000 st0=00000000,00000000,00492558
496 pid=FFFF8AF7 t=645773 grDrawTriangle#75   vb x=49401900 y=49401900 ooz=00000000 oow=3F800000 rgba=437F0000,437F0000,437F0000,437F0000 st0=437F0000,00000000,00000000
497 pid=FFFF8AF7 t=645773 grDrawTriangle#75   vc x=49401900 y=49401CF0 ooz=00000000 oow=3F800000 rgba=437F0000,437F0000,437F0000,437F0000 st0=437F0000,42FB0400,00000000
498 pid=FFFF8AF7 t=645773 grDrawTriangle#76 swap=2
499 pid=FFFF8AF7 t=645773 grDrawTriangle#76   va x=49401100 y=49401900 ooz=00000000 oow=3F800000 rgba=437F0000,437F0000,437F0000,437F0000 st0=00000000,00000000,00492558
500 pid=FFFF8AF7 t=645775 grDrawTriangle#76   vb x=49401900 y=49401CF0 ooz=00000000 oow=3F800000 rgba=437F0000,437F0000,437F0000,437F0000 st0=437F0000,42FB0400,00000000
501 pid=FFFF8AF7 t=645775 grDrawTriangle#76   vc x=49401100 y=49401CF0 ooz=00000000 oow=3F800000 rgba=437F0000,437F0000,437F0000,437F0000 st0=00000000,42FB0400,018A92E0
502 pid=FFFF8AF7 t=645775 grTexDownloadMipMap#39 tmu=0 addr=00024000 evenodd=3 lod=2..2 aspect=3 format=10 data=00EFB2B8
503 pid=FFFF8AF7 t=645775 grTexSource#39 tmu=0 addr=00024000 evenodd=3 lod=2..2 aspect=3 format=10
504 pid=FFFF8AF7 t=645775 grDrawTriangle#77 swap=2
505 pid=FFFF8AF7 t=645775 grDrawTriangle#77   va x=49401900 y=49401900 ooz=00000000 oow=3F800000 rgba=437F0000,437F0000,437F0000,437F0000 st0=00000000,00000000,00492558
506 pid=FFFF8AF7 t=645775 grDrawTriangle#77   vb x=49402100 y=49401900 ooz=00000000 oow=3F800000 rgba=437F0000,437F0000,437F0000,437F0000 st0=437F0000,00000000,00000000
507 pid=FFFF8AF7 t=645775 grDrawTriangle#77   vc x=49402100 y=49401CF0 ooz=00000000 oow=3F800000 rgba=437F0000,437F0000,437F0000,437F0000 st0=437F0000,42FB0400,00000000
508 pid=FFFF8AF7 t=645775 grDrawTriangle#78 swap=2
509 pid=FFFF8AF7 t=645775 grDrawTriangle#78   va x=49401900 y=49401900 ooz=00000000 oow=3F800000 rgba=437F0000,437F0000,437F0000,437F0000 st0=00000000,00000000,00492558
510 pid=FFFF8AF7 t=645775 grDrawTriangle#78   vb x=49402100 y=49401CF0 ooz=00000000 oow=3F800000 rgba=437F0000,437F0000,437F0000,437F0000 st0=437F0000,42FB0400,00000000
511 pid=FFFF8AF7 t=645775 grDrawTriangle#78   vc x=49401900 y=49401CF0 ooz=00000000 oow=3F800000 rgba=437F0000,437F0000,437F0000,437F0000 st0=00000000,42FB0400,018A930C
512 pid=FFFF8AF7 t=645775 grTexDownloadMipMap#40 tmu=0 addr=00026000 evenodd=3 lod=2..2 aspect=3 format=10 data=00EFB2B8
513 pid=FFFF8AF7 t=645775 grTexSource#40 tmu=0 addr=00026000 evenodd=3 lod=2..2 aspect=3 format=10
514 pid=FFFF8AF7 t=645775 grDrawTriangle#79 swap=2
515 pid=FFFF8AF7 t=645775 grDrawTriangle#79   va x=49402100 y=49401900 ooz=00000000 oow=3F800000 rgba=437F0000,437F0000,437F0000,437F0000 st0=00000000,00000000,00492558
516 pid=FFFF8AF7 t=645775 grDrawTriangle#79   vb x=494026F0 y=49401900 ooz=00000000 oow=3F800000 rgba=437F0000,437F0000,437F0000,437F0000 st0=433D4200,00000000,00000000
517 pid=FFFF8AF7 t=645775 grDrawTriangle#79   vc x=494026F0 y=49401CF0 ooz=00000000 oow=3F800000 rgba=437F0000,437F0000,437F0000,437F0000 st0=433D4200,42FB0400,00000000
518 pid=FFFF8AF7 t=645776 grDrawTriangle#80 swap=2
519 pid=FFFF8AF7 t=645776 grDrawTriangle#80   va x=49402100 y=49401900 ooz=00000000 oow=3F800000 rgba=437F0000,437F0000,437F0000,437F0000 st0=00000000,00000000,00492558
520 pid=FFFF8AF7 t=645776 grDrawTriangle#80   vb x=494026F0 y=49401CF0 ooz=00000000 oow=3F800000 rgba=437F0000,437F0000,437F0000,437F0000 st0=433D4200,42FB0400,00000000
521 pid=FFFF8AF7 t=645776 grDrawTriangle#80   vc x=49402100 y=49401CF0 ooz=00000000 oow=3F800000 rgba=437F0000,437F0000,437F0000,437F0000 st0=00000000,42FB0400,018A9338
522 pid=FFFF8AF7 t=645776 grBufferSwap#3 interval=1
523 pid=FFFF8AF7 t=645782 grRenderBuffer#13 buffer=1
524 pid=FFFF8AF7 t=645782 grBufferClear#10 color=00000000 alpha=00 depth=FFFF
525 pid=FFFF8AF7 t=645878 grTexDownloadMipMap#41 tmu=0 addr=00000000 evenodd=3 lod=2..2 aspect=3 format=10 data=00EFB2B8
526 pid=FFFF8AF7 t=645878 grTexSource#41 tmu=0 addr=00000000 evenodd=3 lod=2..2 aspect=3 format=10
527 pid=FFFF8AF7 t=645878 grTexDownloadMipMap#42 tmu=0 addr=00002000 evenodd=3 lod=2..2 aspect=3 format=10 data=00EFB2B8
528 pid=FFFF8AF7 t=645878 grTexSource#42 tmu=0 addr=00002000 evenodd=3 lod=2..2 aspect=3 format=10
529 pid=FFFF8AF7 t=645879 grTexDownloadMipMap#43 tmu=0 addr=00004000 evenodd=3 lod=2..2 aspect=3 format=10 data=00EFB2B8
530 pid=FFFF8AF7 t=645879 grTexSource#43 tmu=0 addr=00004000 evenodd=3 lod=2..2 aspect=3 format=10
531 pid=FFFF8AF7 t=645880 grTexDownloadMipMap#44 tmu=0 addr=00006000 evenodd=3 lod=2..2 aspect=3 format=10 data=00EFB2B8
532 pid=FFFF8AF7 t=645880 grTexSource#44 tmu=0 addr=00006000 evenodd=3 lod=2..2 aspect=3 format=10
533 pid=FFFF8AF7 t=645881 grTexDownloadMipMap#45 tmu=0 addr=00008000 evenodd=3 lod=2..2 aspect=3 format=10 data=00EFB2B8
534 pid=FFFF8AF7 t=645881 grTexSource#45 tmu=0 addr=00008000 evenodd=3 lod=2..2 aspect=3 format=10
535 pid=FFFF8AF7 t=645882 grTexDownloadMipMap#46 tmu=0 addr=0000A000 evenodd=3 lod=2..2 aspect=3 format=10 data=00EFB2B8
536 pid=FFFF8AF7 t=645882 grTexSource#46 tmu=0 addr=0000A000 evenodd=3 lod=2..2 aspect=3 format=10
537 pid=FFFF8AF7 t=645884 grTexDownloadMipMap#47 tmu=0 addr=0000C000 evenodd=3 lod=2..2 aspect=3 format=10 data=00EFB2B8
538 pid=FFFF8AF7 t=645884 grTexSource#47 tmu=0 addr=0000C000 evenodd=3 lod=2..2 aspect=3 format=10
539 pid=FFFF8AF7 t=645884 grTexDownloadMipMap#48 tmu=0 addr=0000E000 evenodd=3 lod=2..2 aspect=3 format=10 data=00EFB2B8
540 pid=FFFF8AF7 t=645884 grTexSource#48 tmu=0 addr=0000E000 evenodd=3 lod=2..2 aspect=3 format=10
541 pid=FFFF8AF7 t=645885 grTexDownloadMipMap#49 tmu=0 addr=00010000 evenodd=3 lod=2..2 aspect=3 format=10 data=00EFB2B8
542 pid=FFFF8AF7 t=645885 grTexSource#49 tmu=0 addr=00010000 evenodd=3 lod=2..2 aspect=3 format=10
543 pid=FFFF8AF7 t=645886 grTexDownloadMipMap#50 tmu=0 addr=00012000 evenodd=3 lod=2..2 aspect=3 format=10 data=00EFB2B8
544 pid=FFFF8AF7 t=645886 grTexSource#50 tmu=0 addr=00012000 evenodd=3 lod=2..2 aspect=3 format=10
545 pid=FFFF8AF7 t=645887 grTexDownloadMipMap#51 tmu=0 addr=00014000 evenodd=3 lod=2..2 aspect=3 format=10 data=00EFB2B8
546 pid=FFFF8AF7 t=645887 grTexSource#51 tmu=0 addr=00014000 evenodd=3 lod=2..2 aspect=3 format=10
547 pid=FFFF8AF7 t=645888 grTexDownloadMipMap#52 tmu=0 addr=00016000 evenodd=3 lod=2..2 aspect=3 format=10 data=00EFB2B8
548 pid=FFFF8AF7 t=645888 grTexSource#52 tmu=0 addr=00016000 evenodd=3 lod=2..2 aspect=3 format=10
549 pid=FFFF8AF7 t=645889 grTexDownloadMipMap#53 tmu=0 addr=00018000 evenodd=3 lod=2..2 aspect=3 format=10 data=00EFB2B8
550 pid=FFFF8AF7 t=645889 grTexSource#53 tmu=0 addr=00018000 evenodd=3 lod=2..2 aspect=3 format=10
551 pid=FFFF8AF7 t=645890 grTexDownloadMipMap#54 tmu=0 addr=0001A000 evenodd=3 lod=2..2 aspect=3 format=10 data=00EFB2B8
552 pid=FFFF8AF7 t=645890 grTexSource#54 tmu=0 addr=0001A000 evenodd=3 lod=2..2 aspect=3 format=10
553 pid=FFFF8AF7 t=645892 grTexDownloadMipMap#55 tmu=0 addr=0001C000 evenodd=3 lod=2..2 aspect=3 format=10 data=00EFB2B8
554 pid=FFFF8AF7 t=645892 grTexSource#55 tmu=0 addr=0001C000 evenodd=3 lod=2..2 aspect=3 format=10
555 pid=FFFF8AF7 t=645892 grTexDownloadMipMap#56 tmu=0 addr=0001E000 evenodd=3 lod=2..2 aspect=3 format=10 data=00EFB2B8
556 pid=FFFF8AF7 t=645892 grTexSource#56 tmu=0 addr=0001E000 evenodd=3 lod=2..2 aspect=3 format=10
557 pid=FFFF8AF7 t=645892 grTexDownloadMipMap#57 tmu=0 addr=00020000 evenodd=3 lod=2..2 aspect=3 format=10 data=00EFB2B8
558 pid=FFFF8AF7 t=645892 grTexSource#57 tmu=0 addr=00020000 evenodd=3 lod=2..2 aspect=3 format=10
559 pid=FFFF8AF7 t=645894 grTexDownloadMipMap#58 tmu=0 addr=00022000 evenodd=3 lod=2..2 aspect=3 format=10 data=00EFB2B8
560 pid=FFFF8AF7 t=645894 grTexSource#58 tmu=0 addr=00022000 evenodd=3 lod=2..2 aspect=3 format=10
561 pid=FFFF8AF7 t=645894 grTexDownloadMipMap#59 tmu=0 addr=00024000 evenodd=3 lod=2..2 aspect=3 format=10 data=00EFB2B8
562 pid=FFFF8AF7 t=645894 grTexSource#59 tmu=0 addr=00024000 evenodd=3 lod=2..2 aspect=3 format=10
563 pid=FFFF8AF7 t=645895 grTexDownloadMipMap#60 tmu=0 addr=00026000 evenodd=3 lod=2..2 aspect=3 format=10 data=00EFB2B8
564 pid=FFFF8AF7 t=645895 grTexSource#60 tmu=0 addr=00026000 evenodd=3 lod=2..2 aspect=3 format=10
565 pid=FFFF8AF7 t=645896 grBufferSwap#4 interval=1
566 pid=FFFF8AF7 t=646010 grBufferSwap#5 interval=1
567 pid=FFFF8AF7 t=646122 grBufferSwap#6 interval=1
568 pid=FFFF8AF7 t=646235 grBufferSwap#7 interval=1
569 pid=FFFF8AF7 t=646347 grBufferSwap#8 interval=1
570 pid=FFFF8AF7 t=646460 grBufferSwap#9 interval=1
571 pid=FFFF8AF7 t=646573 grBufferSwap#10 interval=1
572 pid=FFFF8AF7 t=646685 grBufferSwap#11 interval=1
573 pid=FFFF8AF7 t=646799 grBufferSwap#12 interval=1
574 pid=FFFF8AF7 t=646912 grBufferSwap#13 interval=1
575 pid=FFFF8AF7 t=647026 grBufferSwap#14 interval=1
576 pid=FFFF8AF7 t=647139 grBufferSwap#15 interval=1
577 pid=FFFF8AF7 t=647252 grBufferSwap#16 interval=1
578 pid=FFFF8AF7 t=647366 grBufferSwap#17 interval=1
579 pid=FFFF8AF7 t=647480 grBufferSwap#18 interval=1
580 pid=FFFF8AF7 t=647594 grBufferSwap#19 interval=1
581 pid=FFFF8AF7 t=647708 grBufferSwap#20 interval=1
582 pid=FFFF8AF7 t=647822 grBufferSwap#21 interval=1
583 pid=FFFF8AF7 t=647934 grBufferSwap#22 interval=1
584 pid=FFFF8AF7 t=648049 grBufferSwap#23 interval=1
585 pid=FFFF8AF7 t=648153 hwtex create 00400040 format=1 hr=8876017C
586 pid=FFFF8AF7 t=648154 hwtex create 00400040 format=1 hr=8876017C
587 pid=FFFF8AF7 t=648155 hwtex create 00400040 format=1 hr=8876017C
588 pid=FFFF8AF7 t=648156 hwtex create 00400040 format=1 hr=8876017C
589 pid=FFFF8AF7 t=648157 hwtex create 00400040 format=1 hr=8876017C
590 pid=FFFF8AF7 t=648159 hwtex create 00400040 format=1 hr=8876017C
591 pid=FFFF8AF7 t=648159 hwtex create 00400040 format=1 hr=8876017C
592 pid=FFFF8AF7 t=648160 hwtex create 00400040 format=1 hr=8876017C
593 pid=FFFF8AF7 t=648163 grBufferSwap#24 interval=1
594 pid=FFFF8AF7 t=658278 census periodic swaps=116
595 pid=FFFF8AF7 t=658278 census   draws: drawn=4600 refused=0 culled=0 skipped-textured=0
596 pid=FFFF8AF7 t=658278 census   draws: fog-dropped=0 uploads=1336 surface-hits=964 evictions=916
597 pid=FFFF8AF7 t=658278 census   grAlphaBlendFunction calls=1 lines=1
598 pid=FFFF8AF7 t=658278 census   grAlphaCombine calls=2 lines=2
599 pid=FFFF8AF7 t=658278 census   grAlphaTestFunction calls=1 lines=1
600 pid=FFFF8AF7 t=658278 census   grAlphaTestReferenceValue calls=1 lines=1
601 pid=FFFF8AF7 t=658279 census   grBufferClear calls=122 lines=10
602 pid=FFFF8AF7 t=658279 census   grBufferSwap calls=116 lines=24
603 pid=FFFF8AF7 t=658279 census   grChromakeyMode calls=2 lines=2
604 pid=FFFF8AF7 t=658279 census   grChromakeyValue calls=1 lines=1
605 pid=FFFF8AF7 t=658279 census   grColorCombine calls=2 lines=2
606 pid=FFFF8AF7 t=658279 census   grCullMode calls=2 lines=2
607 pid=FFFF8AF7 t=658279 census   grDepthBufferFunction calls=2 lines=2
608 pid=FFFF8AF7 t=658279 census   grDepthBufferMode calls=2 lines=2
609 pid=FFFF8AF7 t=658279 census   grDepthMask calls=2 lines=2
610 pid=FFFF8AF7 t=658279 census   grDitherMode calls=1 lines=1
611 pid=FFFF8AF7 t=658279 census   grDrawTriangle calls=4600 lines=320
612 pid=FFFF8AF7 t=658279 census   grFogColorValue calls=1 lines=1
613 pid=FFFF8AF7 t=658279 census   grFogMode calls=1 lines=1
614 pid=FFFF8AF7 t=658279 census   grGammaCorrectionValue calls=2 lines=2
615 pid=FFFF8AF7 t=658279 census   grGlideInit calls=1 lines=1
616 pid=FFFF8AF7 t=658279 census   grLfbLock calls=4 lines=4
617 pid=FFFF8AF7 t=658279 census   grLfbUnlock calls=4 lines=4
618 pid=FFFF8AF7 t=658280 census   grRenderBuffer calls=125 lines=13
619 pid=FFFF8AF7 t=658280 census   grSstIdle calls=5 lines=5
620 pid=FFFF8AF7 t=658280 census   grSstQueryHardware calls=1 lines=1
621 pid=FFFF8AF7 t=658280 census   grSstSelect calls=1 lines=1
622 pid=FFFF8AF7 t=658280 census   grSstWinOpen calls=1 lines=1
623 pid=FFFF8AF7 t=658280 census   grTexCalcMemRequired calls=21 lines=21
624 pid=FFFF8AF7 t=658280 census   grTexClampMode calls=1 lines=1
625 pid=FFFF8AF7 t=658280 census   grTexCombine calls=1 lines=1
626 pid=FFFF8AF7 t=658280 census   grTexCombineFunction calls=1 lines=1
627 pid=FFFF8AF7 t=658280 census   grTexDownloadMipMap calls=2300 lines=60
628 pid=FFFF8AF7 t=658280 census   grTexFilterMode calls=2 lines=2
629 pid=FFFF8AF7 t=658280 census   grTexMaxAddress calls=21 lines=21
630 pid=FFFF8AF7 t=658280 census   grTexMinAddress calls=3 lines=3
631 pid=FFFF8AF7 t=658280 census   grTexMipMapMode calls=1 lines=1
632 pid=FFFF8AF7 t=658280 census   grTexSource calls=2300 lines=60
633 pid=FFFF8AF7 t=668625 grSstIdle#6 
634 pid=FFFF8AF7 t=668625 grTexMinAddress#4 tmu=0 -> 00000000
635 pid=FFFF8AF7 t=668626 grSstIdle#7 
636 pid=FFFF8AF7 t=668724 grTexCalcMemRequired#22 lodmin=3 lodmax=3 aspect=3 format=10 -> 2048
637 pid=FFFF8AF7 t=668724 grTexMaxAddress#22 tmu=0 -> 00200000
638 pid=FFFF8AF7 t=668724 grSstIdle#8 
639 pid=FFFF8AF7 t=668820 grGammaCorrectionValue#3 gamma-bits=3FC00000
640 pid=FFFF8AF7 t=668831 grSstIdle#9 
641 pid=FFFF8AF7 t=668927 grTexDownloadMipMap#4081 tmu=0 addr=00000000 evenodd=3 lod=3..3 aspect=3 format=10 data=017C97A8
642 pid=FFFF8AF7 t=668927 grTexSource#4081 tmu=0 addr=00000000 evenodd=3 lod=3..3 aspect=3 format=10
643 pid=FFFF8AF7 t=672987 grTexCalcMemRequired#24 lodmin=3 lodmax=3 aspect=3 format=11 -> 2048
644 pid=FFFF8AF7 t=672988 grTexCalcMemRequired#624 lodmin=0 lodmax=0 aspect=3 format=12 -> 131072
645 pid=FFFF8AF7 t=672996 grTexDownloadMipMap#4381 tmu=0 addr=0012C800 evenodd=3 lod=0..0 aspect=3 format=12 data=013EEAF0
646 pid=FFFF8AF7 t=673002 grTexDownloadMipMap#4382 tmu=0 addr=0014C800 evenodd=3 lod=0..0 aspect=3 format=12 data=013EEAF0
647 pid=FFFF8AF7 t=673002 grTexCalcMemRequired#627 lodmin=3 lodmax=3 aspect=3 format=12 -> 2048
648 pid=FFFF8AF7 t=673002 grTexCalcMemRequired#727 lodmin=1 lodmax=1 aspect=3 format=11 -> 32768
649 pid=FFFF8AF7 t=673002 grCullMode#3 mode=00000000
650 pid=FFFF8AF7 t=673002 grTexDownloadMipMap#4383 tmu=0 addr=001EE800 evenodd=3 lod=3..3 aspect=3 format=12 data=013AFAF0
651 pid=FFFF8AF7 t=673008 grTexDownloadMipMap#4384 tmu=0 addr=00001000 evenodd=3 lod=3..3 aspect=3 format=11 data=017C97A8
652 pid=FFFF8AF7 t=673008 grTexDownloadMipMap#4385 tmu=0 addr=00002000 evenodd=3 lod=3..3 aspect=3 format=11 data=017C97A8
653 pid=FFFF8AF7 t=673008 grTexDownloadMipMap#4386 tmu=0 addr=00003000 evenodd=3 lod=3..3 aspect=3 format=11 data=017C97A8
654 pid=FFFF8AF7 t=673010 grTexDownloadMipMap#4387 tmu=0 addr=00004000 evenodd=3 lod=3..3 aspect=3 format=11 data=017C97A8
655 pid=FFFF8AF7 t=673010 grTexDownloadMipMap#4388 tmu=0 addr=00005000 evenodd=3 lod=3..3 aspect=3 format=11 data=017C97A8
656 pid=FFFF8AF7 t=673010 grTexDownloadMipMap#4389 tmu=0 addr=00006000 evenodd=3 lod=3..3 aspect=3 format=11 data=017C97A8
657 pid=FFFF8AF7 t=673010 grTexDownloadMipMap#4390 tmu=0 addr=00007000 evenodd=3 lod=3..3 aspect=3 format=11 data=017C97A8
658 pid=FFFF8AF7 t=673010 grTexDownloadMipMap#4391 tmu=0 addr=00008000 evenodd=3 lod=3..3 aspect=3 format=11 data=017C97A8
659 pid=FFFF8AF7 t=673010 grTexDownloadMipMap#4392 tmu=0 addr=00009000 evenodd=3 lod=3..3 aspect=3 format=11 data=017C97A8
660 pid=FFFF8AF7 t=673010 grTexDownloadMipMap#4393 tmu=0 addr=0000A000 evenodd=3 lod=3..3 aspect=3 format=11 data=017C97A8
661 pid=FFFF8AF7 t=673011 grTexDownloadMipMap#4394 tmu=0 addr=0000B000 evenodd=3 lod=3..3 aspect=3 format=11 data=017C97A8
662 pid=FFFF8AF7 t=673011 grTexDownloadMipMap#4395 tmu=0 addr=0000C000 evenodd=3 lod=3..3 aspect=3 format=11 data=017C97A8
663 pid=FFFF8AF7 t=673011 grTexDownloadMipMap#4396 tmu=0 addr=0000D000 evenodd=3 lod=3..3 aspect=3 format=11 data=017C97A8
664 pid=FFFF8AF7 t=673011 grTexDownloadMipMap#4397 tmu=0 addr=0000E000 evenodd=3 lod=3..3 aspect=3 format=11 data=017C97A8
665 pid=FFFF8AF7 t=673012 grTexDownloadMipMap#4398 tmu=0 addr=0000F000 evenodd=3 lod=3..3 aspect=3 format=11 data=017C97A8
666 pid=FFFF8AF7 t=673012 grTexDownloadMipMap#4399 tmu=0 addr=00010000 evenodd=3 lod=3..3 aspect=3 format=11 data=017C97A8
667 pid=FFFF8AF7 t=673012 grTexDownloadMipMap#4400 tmu=0 addr=00011000 evenodd=3 lod=3..3 aspect=3 format=11 data=017C97A8
668 pid=FFFF8AF7 t=673012 grTexDownloadMipMap#4401 tmu=0 addr=00012000 evenodd=3 lod=3..3 aspect=3 format=11 data=017C97A8
669 pid=FFFF8AF7 t=673013 grTexDownloadMipMap#4402 tmu=0 addr=00013000 evenodd=3 lod=3..3 aspect=3 format=11 data=017C97A8
670 pid=FFFF8AF7 t=673013 grTexDownloadMipMap#4403 tmu=0 addr=00014000 evenodd=3 lod=3..3 aspect=3 format=11 data=017C97A8
671 pid=FFFF8AF7 t=673013 grTexDownloadMipMap#4404 tmu=0 addr=00015000 evenodd=3 lod=3..3 aspect=3 format=11 data=017C97A8
672 pid=FFFF8AF7 t=673013 grTexDownloadMipMap#4405 tmu=0 addr=00016000 evenodd=3 lod=3..3 aspect=3 format=11 data=017C97A8
673 pid=FFFF8AF7 t=673014 grTexDownloadMipMap#4406 tmu=0 addr=00017000 evenodd=3 lod=3..3 aspect=3 format=11 data=017C97A8
674 pid=FFFF8AF7 t=673014 grTexDownloadMipMap#4407 tmu=0 addr=00018000 evenodd=3 lod=3..3 aspect=3 format=11 data=017C97A8
675 pid=FFFF8AF7 t=673014 grTexDownloadMipMap#4408 tmu=0 addr=00019000 evenodd=3 lod=3..3 aspect=3 format=11 data=017C97A8
676 pid=FFFF8AF7 t=673014 grTexDownloadMipMap#4409 tmu=0 addr=0001A000 evenodd=3 lod=3..3 aspect=3 format=11 data=017C97A8
677 pid=FFFF8AF7 t=673015 grTexDownloadMipMap#4410 tmu=0 addr=0001B000 evenodd=3 lod=3..3 aspect=3 format=11 data=017C97A8
678 pid=FFFF8AF7 t=673015 grTexDownloadMipMap#4411 tmu=0 addr=0001C000 evenodd=3 lod=3..3 aspect=3 format=11 data=017C97A8
679 pid=FFFF8AF7 t=673015 grTexDownloadMipMap#4412 tmu=0 addr=0001D000 evenodd=3 lod=3..3 aspect=3 format=11 data=017C97A8
680 pid=FFFF8AF7 t=673015 grTexDownloadMipMap#4413 tmu=0 addr=0001E000 evenodd=3 lod=3..3 aspect=3 format=11 data=017C97A8
681 pid=FFFF8AF7 t=673017 grTexDownloadMipMap#4414 tmu=0 addr=0001F000 evenodd=3 lod=3..3 aspect=3 format=11 data=017C97A8
682 pid=FFFF8AF7 t=673017 grTexDownloadMipMap#4415 tmu=0 addr=00020000 evenodd=3 lod=3..3 aspect=3 format=11 data=017C97A8
683 pid=FFFF8AF7 t=673017 grTexDownloadMipMap#4416 tmu=0 addr=00021000 evenodd=3 lod=3..3 aspect=3 format=11 data=017C97A8
684 pid=FFFF8AF7 t=673017 grTexDownloadMipMap#4417 tmu=0 addr=00022000 evenodd=3 lod=3..3 aspect=3 format=11 data=017C97A8
685 pid=FFFF8AF7 t=673017 grTexDownloadMipMap#4418 tmu=0 addr=00023000 evenodd=3 lod=3..3 aspect=3 format=11 data=017C97A8
686 pid=FFFF8AF7 t=673017 grTexDownloadMipMap#4419 tmu=0 addr=00024000 evenodd=3 lod=3..3 aspect=3 format=11 data=017C97A8
687 pid=FFFF8AF7 t=673017 grTexDownloadMipMap#4420 tmu=0 addr=00025000 evenodd=3 lod=3..3 aspect=3 format=11 data=017C97A8
688 pid=FFFF8AF7 t=673018 grTexDownloadMipMap#4421 tmu=0 addr=00026000 evenodd=3 lod=3..3 aspect=3 format=11 data=017C97A8
689 pid=FFFF8AF7 t=673018 grTexDownloadMipMap#4422 tmu=0 addr=00027000 evenodd=3 lod=3..3 aspect=3 format=11 data=017C97A8
690 pid=FFFF8AF7 t=673018 grTexDownloadMipMap#4423 tmu=0 addr=00028000 evenodd=3 lod=3..3 aspect=3 format=11 data=017C97A8
691 pid=FFFF8AF7 t=673018 grTexDownloadMipMap#4424 tmu=0 addr=00029000 evenodd=3 lod=3..3 aspect=3 format=11 data=017C97A8
692 pid=FFFF8AF7 t=673019 grTexDownloadMipMap#4425 tmu=0 addr=0002A000 evenodd=3 lod=3..3 aspect=3 format=11 data=017C97A8
693 pid=FFFF8AF7 t=673019 grTexDownloadMipMap#4426 tmu=0 addr=0002B000 evenodd=3 lod=3..3 aspect=3 format=11 data=017C97A8
694 pid=FFFF8AF7 t=673019 grTexDownloadMipMap#4427 tmu=0 addr=0002C000 evenodd=3 lod=3..3 aspect=3 format=11 data=017C97A8
695 pid=FFFF8AF7 t=673019 grTexDownloadMipMap#4428 tmu=0 addr=0002D000 evenodd=3 lod=3..3 aspect=3 format=11 data=017C97A8
696 pid=FFFF8AF7 t=673020 grTexDownloadMipMap#4429 tmu=0 addr=0002E000 evenodd=3 lod=3..3 aspect=3 format=11 data=017C97A8
697 pid=FFFF8AF7 t=673020 grTexDownloadMipMap#4430 tmu=0 addr=0002F000 evenodd=3 lod=3..3 aspect=3 format=11 data=017C97A8
698 pid=FFFF8AF7 t=673020 grTexDownloadMipMap#4431 tmu=0 addr=00030000 evenodd=3 lod=3..3 aspect=3 format=11 data=017C97A8
699 pid=FFFF8AF7 t=673020 grTexDownloadMipMap#4432 tmu=0 addr=00031000 evenodd=3 lod=3..3 aspect=3 format=11 data=017C97A8
700 pid=FFFF8AF7 t=673021 grTexDownloadMipMap#4433 tmu=0 addr=00032000 evenodd=3 lod=3..3 aspect=3 format=11 data=017C97A8
701 pid=FFFF8AF7 t=673021 grTexDownloadMipMap#4434 tmu=0 addr=00033000 evenodd=3 lod=3..3 aspect=3 format=11 data=017C97A8
702 pid=FFFF8AF7 t=673021 grTexDownloadMipMap#4435 tmu=0 addr=00034000 evenodd=3 lod=3..3 aspect=3 format=11 data=017C97A8
703 pid=FFFF8AF7 t=673021 grTexDownloadMipMap#4436 tmu=0 addr=00035000 evenodd=3 lod=3..3 aspect=3 format=11 data=017C97A8
704 pid=FFFF8AF7 t=673022 grTexDownloadMipMap#4437 tmu=0 addr=00036000 evenodd=3 lod=3..3 aspect=3 format=11 data=017C97A8
705 pid=FFFF8AF7 t=673022 grTexDownloadMipMap#4438 tmu=0 addr=00037000 evenodd=3 lod=3..3 aspect=3 format=11 data=017C97A8
706 pid=FFFF8AF7 t=673022 grTexDownloadMipMap#4439 tmu=0 addr=00038000 evenodd=3 lod=3..3 aspect=3 format=11 data=017C97A8
707 pid=FFFF8AF7 t=673022 grTexDownloadMipMap#4440 tmu=0 addr=00039000 evenodd=3 lod=3..3 aspect=3 format=11 data=017C97A8
708 pid=FFFF8AF7 t=673023 grTexDownloadMipMap#4441 tmu=0 addr=0003A000 evenodd=3 lod=3..3 aspect=3 format=11 data=017C97A8
709 pid=FFFF8AF7 t=673023 grTexDownloadMipMap#4442 tmu=0 addr=0003B000 evenodd=3 lod=3..3 aspect=3 format=11 data=017C97A8
710 pid=FFFF8AF7 t=673023 grTexDownloadMipMap#4443 tmu=0 addr=0003C000 evenodd=3 lod=3..3 aspect=3 format=11 data=017C97A8
711 pid=FFFF8AF7 t=673023 grTexDownloadMipMap#4444 tmu=0 addr=0003D000 evenodd=3 lod=3..3 aspect=3 format=11 data=017C97A8
712 pid=FFFF8AF7 t=673025 grTexDownloadMipMap#4445 tmu=0 addr=0003E000 evenodd=3 lod=3..3 aspect=3 format=11 data=017C97A8
713 pid=FFFF8AF7 t=673025 grTexDownloadMipMap#4446 tmu=0 addr=0003F000 evenodd=3 lod=3..3 aspect=3 format=11 data=017C97A8
714 pid=FFFF8AF7 t=673025 grTexDownloadMipMap#4447 tmu=0 addr=00040000 evenodd=3 lod=3..3 aspect=3 format=11 data=017C97A8
715 pid=FFFF8AF7 t=673025 grTexDownloadMipMap#4448 tmu=0 addr=00041000 evenodd=3 lod=3..3 aspect=3 format=11 data=017C97A8
716 pid=FFFF8AF7 t=673025 grTexDownloadMipMap#4449 tmu=0 addr=00042000 evenodd=3 lod=3..3 aspect=3 format=11 data=017C97A8
717 pid=FFFF8AF7 t=673025 grTexDownloadMipMap#4450 tmu=0 addr=00043000 evenodd=3 lod=3..3 aspect=3 format=11 data=017C97A8
718 pid=FFFF8AF7 t=673025 grTexDownloadMipMap#4451 tmu=0 addr=00044000 evenodd=3 lod=3..3 aspect=3 format=11 data=017C97A8
719 pid=FFFF8AF7 t=673025 grTexDownloadMipMap#4452 tmu=0 addr=00045000 evenodd=3 lod=3..3 aspect=3 format=11 data=017C97A8
720 pid=FFFF8AF7 t=673026 grTexDownloadMipMap#4453 tmu=0 addr=00046000 evenodd=3 lod=3..3 aspect=3 format=11 data=017C97A8
721 pid=FFFF8AF7 t=673026 grTexDownloadMipMap#4454 tmu=0 addr=00047000 evenodd=3 lod=3..3 aspect=3 format=11 data=017C97A8
722 pid=FFFF8AF7 t=673026 grTexDownloadMipMap#4455 tmu=0 addr=00048000 evenodd=3 lod=3..3 aspect=3 format=11 data=017C97A8
723 pid=FFFF8AF7 t=673026 grTexDownloadMipMap#4456 tmu=0 addr=00049000 evenodd=3 lod=3..3 aspect=3 format=11 data=017C97A8
724 pid=FFFF8AF7 t=673027 grTexDownloadMipMap#4457 tmu=0 addr=0004A000 evenodd=3 lod=3..3 aspect=3 format=11 data=017C97A8
725 pid=FFFF8AF7 t=673027 grTexDownloadMipMap#4458 tmu=0 addr=0004B000 evenodd=3 lod=3..3 aspect=3 format=11 data=017C97A8
726 pid=FFFF8AF7 t=673027 grTexDownloadMipMap#4459 tmu=0 addr=0004C000 evenodd=3 lod=3..3 aspect=3 format=11 data=017C97A8
727 pid=FFFF8AF7 t=673027 grTexDownloadMipMap#4460 tmu=0 addr=0004D000 evenodd=3 lod=3..3 aspect=3 format=11 data=017C97A8
728 pid=FFFF8AF7 t=673028 grTexDownloadMipMap#4461 tmu=0 addr=0004E000 evenodd=3 lod=3..3 aspect=3 format=11 data=017C97A8
729 pid=FFFF8AF7 t=673028 grTexDownloadMipMap#4462 tmu=0 addr=0004F000 evenodd=3 lod=3..3 aspect=3 format=11 data=017C97A8
730 pid=FFFF8AF7 t=673028 grTexDownloadMipMap#4463 tmu=0 addr=00050000 evenodd=3 lod=3..3 aspect=3 format=11 data=017C97A8
731 pid=FFFF8AF7 t=673028 grTexDownloadMipMap#4464 tmu=0 addr=00051000 evenodd=3 lod=3..3 aspect=3 format=11 data=017C97A8
732 pid=FFFF8AF7 t=673029 grTexDownloadMipMap#4465 tmu=0 addr=00052000 evenodd=3 lod=3..3 aspect=3 format=11 data=017C97A8
733 pid=FFFF8AF7 t=673029 grTexDownloadMipMap#4466 tmu=0 addr=00053000 evenodd=3 lod=3..3 aspect=3 format=11 data=017C97A8
734 pid=FFFF8AF7 t=673029 grTexDownloadMipMap#4467 tmu=0 addr=00054000 evenodd=3 lod=3..3 aspect=3 format=11 data=017C97A8
735 pid=FFFF8AF7 t=673029 grTexDownloadMipMap#4468 tmu=0 addr=00055000 evenodd=3 lod=3..3 aspect=3 format=11 data=017C97A8
736 pid=FFFF8AF7 t=673030 grTexDownloadMipMap#4469 tmu=0 addr=00056000 evenodd=3 lod=3..3 aspect=3 format=11 data=017C97A8
737 pid=FFFF8AF7 t=673030 grTexDownloadMipMap#4470 tmu=0 addr=00057000 evenodd=3 lod=3..3 aspect=3 format=11 data=017C97A8
738 pid=FFFF8AF7 t=673030 grTexDownloadMipMap#4471 tmu=0 addr=00058000 evenodd=3 lod=3..3 aspect=3 format=11 data=017C97A8
739 pid=FFFF8AF7 t=673030 grTexDownloadMipMap#4472 tmu=0 addr=00059000 evenodd=3 lod=3..3 aspect=3 format=11 data=017C97A8
740 pid=FFFF8AF7 t=673031 grTexDownloadMipMap#4473 tmu=0 addr=0005A000 evenodd=3 lod=3..3 aspect=3 format=11 data=017C97A8
741 pid=FFFF8AF7 t=673031 grTexDownloadMipMap#4474 tmu=0 addr=0005B000 evenodd=3 lod=3..3 aspect=3 format=11 data=017C97A8
742 pid=FFFF8AF7 t=673031 grTexDownloadMipMap#4475 tmu=0 addr=0005C000 evenodd=3 lod=3..3 aspect=3 format=11 data=017C97A8
743 pid=FFFF8AF7 t=673032 grTexDownloadMipMap#4476 tmu=0 addr=0005D000 evenodd=3 lod=3..3 aspect=3 format=11 data=017C97A8
744 pid=FFFF8AF7 t=673032 grTexDownloadMipMap#4477 tmu=0 addr=0005E000 evenodd=3 lod=3..3 aspect=3 format=11 data=017C97A8
745 pid=FFFF8AF7 t=673032 grTexDownloadMipMap#4478 tmu=0 addr=0005F000 evenodd=3 lod=3..3 aspect=3 format=11 data=017C97A8
746 pid=FFFF8AF7 t=673032 grTexDownloadMipMap#4479 tmu=0 addr=00060000 evenodd=3 lod=3..3 aspect=3 format=11 data=017C97A8
747 pid=FFFF8AF7 t=673034 grTexDownloadMipMap#4480 tmu=0 addr=00061000 evenodd=3 lod=3..3 aspect=3 format=11 data=017C97A8
748 pid=FFFF8AF7 t=673034 grTexDownloadMipMap#4481 tmu=0 addr=00062000 evenodd=3 lod=3..3 aspect=3 format=11 data=017C97A8
749 pid=FFFF8AF7 t=673034 grTexDownloadMipMap#4482 tmu=0 addr=00063000 evenodd=3 lod=3..3 aspect=3 format=11 data=017C97A8
750 pid=FFFF8AF7 t=673034 grTexDownloadMipMap#4483 tmu=0 addr=00064000 evenodd=3 lod=3..3 aspect=3 format=11 data=017C97A8
751 pid=FFFF8AF7 t=673034 grTexDownloadMipMap#4484 tmu=0 addr=00065000 evenodd=3 lod=3..3 aspect=3 format=11 data=017C97A8
752 pid=FFFF8AF7 t=673034 grTexDownloadMipMap#4485 tmu=0 addr=00066000 evenodd=3 lod=3..3 aspect=3 format=11 data=017C97A8
753 pid=FFFF8AF7 t=673034 grTexDownloadMipMap#4486 tmu=0 addr=00067000 evenodd=3 lod=3..3 aspect=3 format=11 data=017C97A8
754 pid=FFFF8AF7 t=673034 grTexDownloadMipMap#4487 tmu=0 addr=00068000 evenodd=3 lod=3..3 aspect=3 format=11 data=017C97A8
755 pid=FFFF8AF7 t=673035 grTexDownloadMipMap#4488 tmu=0 addr=00069000 evenodd=3 lod=3..3 aspect=3 format=11 data=017C97A8
756 pid=FFFF8AF7 t=673035 grTexDownloadMipMap#4489 tmu=0 addr=0006A000 evenodd=3 lod=3..3 aspect=3 format=11 data=017C97A8
757 pid=FFFF8AF7 t=673035 grTexDownloadMipMap#4490 tmu=0 addr=0006B000 evenodd=3 lod=3..3 aspect=3 format=11 data=017C97A8
758 pid=FFFF8AF7 t=673035 grTexDownloadMipMap#4491 tmu=0 addr=0006C000 evenodd=3 lod=3..3 aspect=3 format=11 data=017C97A8
759 pid=FFFF8AF7 t=673036 grTexDownloadMipMap#4492 tmu=0 addr=0006D000 evenodd=3 lod=3..3 aspect=3 format=11 data=017C97A8
760 pid=FFFF8AF7 t=673036 grTexDownloadMipMap#4493 tmu=0 addr=0006E000 evenodd=3 lod=3..3 aspect=3 format=11 data=017C97A8
761 pid=FFFF8AF7 t=673036 grTexDownloadMipMap#4494 tmu=0 addr=0006F000 evenodd=3 lod=3..3 aspect=3 format=11 data=017C97A8
762 pid=FFFF8AF7 t=673036 grTexDownloadMipMap#4495 tmu=0 addr=00070000 evenodd=3 lod=3..3 aspect=3 format=11 data=017C97A8
763 pid=FFFF8AF7 t=673037 grTexDownloadMipMap#4496 tmu=0 addr=00071000 evenodd=3 lod=3..3 aspect=3 format=11 data=017C97A8
764 pid=FFFF8AF7 t=673037 grTexDownloadMipMap#4497 tmu=0 addr=00072000 evenodd=3 lod=3..3 aspect=3 format=11 data=017C97A8
765 pid=FFFF8AF7 t=673037 grTexDownloadMipMap#4498 tmu=0 addr=00073000 evenodd=3 lod=3..3 aspect=3 format=11 data=017C97A8
766 pid=FFFF8AF7 t=673037 grTexDownloadMipMap#4499 tmu=0 addr=00074000 evenodd=3 lod=3..3 aspect=3 format=11 data=017C97A8
767 pid=FFFF8AF7 t=673038 grTexDownloadMipMap#4500 tmu=0 addr=00075000 evenodd=3 lod=3..3 aspect=3 format=11 data=017C97A8
768 pid=FFFF8AF7 t=673038 grTexDownloadMipMap#4501 tmu=0 addr=00076000 evenodd=3 lod=3..3 aspect=3 format=11 data=017C97A8
769 pid=FFFF8AF7 t=673038 grTexDownloadMipMap#4502 tmu=0 addr=00077000 evenodd=3 lod=3..3 aspect=3 format=11 data=017C97A8
770 pid=FFFF8AF7 t=673038 grTexDownloadMipMap#4503 tmu=0 addr=00078000 evenodd=3 lod=3..3 aspect=3 format=11 data=017C97A8
771 pid=FFFF8AF7 t=673040 grTexDownloadMipMap#4504 tmu=0 addr=00079000 evenodd=3 lod=3..3 aspect=3 format=11 data=017C97A8
772 pid=FFFF8AF7 t=673040 grTexDownloadMipMap#4505 tmu=0 addr=0007A000 evenodd=3 lod=3..3 aspect=3 format=11 data=017C97A8
773 pid=FFFF8AF7 t=673040 grTexDownloadMipMap#4506 tmu=0 addr=0007B000 evenodd=3 lod=3..3 aspect=3 format=11 data=017C97A8
774 pid=FFFF8AF7 t=673040 grTexDownloadMipMap#4507 tmu=0 addr=0007C000 evenodd=3 lod=3..3 aspect=3 format=11 data=017C97A8
775 pid=FFFF8AF7 t=673040 grTexDownloadMipMap#4508 tmu=0 addr=0007D000 evenodd=3 lod=3..3 aspect=3 format=11 data=017C97A8
776 pid=FFFF8AF7 t=673040 grTexDownloadMipMap#4509 tmu=0 addr=0007E000 evenodd=3 lod=3..3 aspect=3 format=11 data=017C97A8
777 pid=FFFF8AF7 t=673040 grTexDownloadMipMap#4510 tmu=0 addr=0007F000 evenodd=3 lod=3..3 aspect=3 format=11 data=017C97A8
778 pid=FFFF8AF7 t=673041 grTexDownloadMipMap#4511 tmu=0 addr=00080000 evenodd=3 lod=3..3 aspect=3 format=11 data=017C97A8
779 pid=FFFF8AF7 t=673041 grTexDownloadMipMap#4512 tmu=0 addr=00081000 evenodd=3 lod=3..3 aspect=3 format=11 data=017C97A8
780 pid=FFFF8AF7 t=673041 grTexDownloadMipMap#4513 tmu=0 addr=00082000 evenodd=3 lod=3..3 aspect=3 format=11 data=017C97A8
781 pid=FFFF8AF7 t=673041 grTexDownloadMipMap#4514 tmu=0 addr=00083000 evenodd=3 lod=3..3 aspect=3 format=11 data=017C97A8
782 pid=FFFF8AF7 t=673042 grTexDownloadMipMap#4515 tmu=0 addr=00084000 evenodd=3 lod=3..3 aspect=3 format=11 data=017C97A8
783 pid=FFFF8AF7 t=673042 grTexDownloadMipMap#4516 tmu=0 addr=00085000 evenodd=3 lod=3..3 aspect=3 format=11 data=017C97A8
784 pid=FFFF8AF7 t=673042 grTexDownloadMipMap#4517 tmu=0 addr=00086000 evenodd=3 lod=3..3 aspect=3 format=11 data=017C97A8
785 pid=FFFF8AF7 t=673042 grTexDownloadMipMap#4518 tmu=0 addr=00087000 evenodd=3 lod=3..3 aspect=3 format=11 data=017C97A8
786 pid=FFFF8AF7 t=673043 grTexDownloadMipMap#4519 tmu=0 addr=00088000 evenodd=3 lod=3..3 aspect=3 format=11 data=017C97A8
787 pid=FFFF8AF7 t=673043 grTexDownloadMipMap#4520 tmu=0 addr=00089000 evenodd=3 lod=3..3 aspect=3 format=11 data=017C97A8
788 pid=FFFF8AF7 t=673043 grTexDownloadMipMap#4521 tmu=0 addr=0008A000 evenodd=3 lod=3..3 aspect=3 format=11 data=017C97A8
789 pid=FFFF8AF7 t=673043 grTexDownloadMipMap#4522 tmu=0 addr=0008B000 evenodd=3 lod=3..3 aspect=3 format=11 data=017C97A8
790 pid=FFFF8AF7 t=673044 grTexDownloadMipMap#4523 tmu=0 addr=0008C000 evenodd=3 lod=3..3 aspect=3 format=11 data=017C97A8
791 pid=FFFF8AF7 t=673044 grTexDownloadMipMap#4524 tmu=0 addr=0008D000 evenodd=3 lod=3..3 aspect=3 format=11 data=017C97A8
792 pid=FFFF8AF7 t=673044 grTexDownloadMipMap#4525 tmu=0 addr=0008E000 evenodd=3 lod=3..3 aspect=3 format=11 data=017C97A8
793 pid=FFFF8AF7 t=673044 grTexDownloadMipMap#4526 tmu=0 addr=0008F000 evenodd=3 lod=3..3 aspect=3 format=11 data=017C97A8
794 pid=FFFF8AF7 t=673045 grTexDownloadMipMap#4527 tmu=0 addr=00090000 evenodd=3 lod=3..3 aspect=3 format=11 data=017C97A8
795 pid=FFFF8AF7 t=673045 grTexDownloadMipMap#4528 tmu=0 addr=00091000 evenodd=3 lod=3..3 aspect=3 format=11 data=017C97A8
796 pid=FFFF8AF7 t=673045 grTexDownloadMipMap#4529 tmu=0 addr=00092000 evenodd=3 lod=3..3 aspect=3 format=11 data=017C97A8
797 pid=FFFF8AF7 t=673045 grTexDownloadMipMap#4530 tmu=0 addr=00093000 evenodd=3 lod=3..3 aspect=3 format=11 data=017C97A8
798 pid=FFFF8AF7 t=673046 grTexDownloadMipMap#4531 tmu=0 addr=00094000 evenodd=3 lod=3..3 aspect=3 format=11 data=017C97A8
799 pid=FFFF8AF7 t=673046 grTexDownloadMipMap#4532 tmu=0 addr=00095000 evenodd=3 lod=3..3 aspect=3 format=11 data=017C97A8
800 pid=FFFF8AF7 t=673046 grTexDownloadMipMap#4533 tmu=0 addr=00096000 evenodd=3 lod=3..3 aspect=3 format=11 data=017C97A8
801 pid=FFFF8AF7 t=673046 grTexDownloadMipMap#4534 tmu=0 addr=00097000 evenodd=3 lod=3..3 aspect=3 format=11 data=017C97A8
802 pid=FFFF8AF7 t=673048 grTexDownloadMipMap#4535 tmu=0 addr=00098000 evenodd=3 lod=3..3 aspect=3 format=11 data=017C97A8
803 pid=FFFF8AF7 t=673048 grTexDownloadMipMap#4536 tmu=0 addr=00099000 evenodd=3 lod=3..3 aspect=3 format=11 data=017C97A8
804 pid=FFFF8AF7 t=673048 grTexDownloadMipMap#4537 tmu=0 addr=0009A000 evenodd=3 lod=3..3 aspect=3 format=11 data=017C97A8
805 pid=FFFF8AF7 t=673048 grTexDownloadMipMap#4538 tmu=0 addr=0009B000 evenodd=3 lod=3..3 aspect=3 format=11 data=017C97A8
806 pid=FFFF8AF7 t=673048 grTexDownloadMipMap#4539 tmu=0 addr=0009C000 evenodd=3 lod=3..3 aspect=3 format=11 data=017C97A8
807 pid=FFFF8AF7 t=673048 grTexDownloadMipMap#4540 tmu=0 addr=0009D000 evenodd=3 lod=3..3 aspect=3 format=11 data=017C97A8
808 pid=FFFF8AF7 t=673048 grTexDownloadMipMap#4541 tmu=0 addr=0009E000 evenodd=3 lod=3..3 aspect=3 format=11 data=017C97A8
809 pid=FFFF8AF7 t=673049 grTexDownloadMipMap#4542 tmu=0 addr=0009F000 evenodd=3 lod=3..3 aspect=3 format=11 data=017C97A8
810 pid=FFFF8AF7 t=673049 grTexDownloadMipMap#4543 tmu=0 addr=000A0000 evenodd=3 lod=3..3 aspect=3 format=11 data=017C97A8
811 pid=FFFF8AF7 t=673049 grTexDownloadMipMap#4544 tmu=0 addr=000A1000 evenodd=3 lod=3..3 aspect=3 format=11 data=017C97A8
812 pid=FFFF8AF7 t=673049 grTexDownloadMipMap#4545 tmu=0 addr=000A2000 evenodd=3 lod=3..3 aspect=3 format=11 data=017C97A8
813 pid=FFFF8AF7 t=673050 grTexDownloadMipMap#4546 tmu=0 addr=000A3000 evenodd=3 lod=3..3 aspect=3 format=11 data=017C97A8
814 pid=FFFF8AF7 t=673050 grTexDownloadMipMap#4547 tmu=0 addr=000A4000 evenodd=3 lod=3..3 aspect=3 format=11 data=017C97A8
815 pid=FFFF8AF7 t=673050 grTexDownloadMipMap#4548 tmu=0 addr=000A5000 evenodd=3 lod=3..3 aspect=3 format=11 data=017C97A8
816 pid=FFFF8AF7 t=673050 grTexDownloadMipMap#4549 tmu=0 addr=000A6000 evenodd=3 lod=3..3 aspect=3 format=11 data=017C97A8
817 pid=FFFF8AF7 t=673051 grTexDownloadMipMap#4550 tmu=0 addr=000A7000 evenodd=3 lod=3..3 aspect=3 format=11 data=017C97A8
818 pid=FFFF8AF7 t=673051 grTexDownloadMipMap#4551 tmu=0 addr=000A8000 evenodd=3 lod=3..3 aspect=3 format=11 data=017C97A8
819 pid=FFFF8AF7 t=673051 grTexDownloadMipMap#4552 tmu=0 addr=000A9000 evenodd=3 lod=3..3 aspect=3 format=11 data=017C97A8
820 pid=FFFF8AF7 t=673051 grTexDownloadMipMap#4553 tmu=0 addr=000AA000 evenodd=3 lod=3..3 aspect=3 format=11 data=017C97A8
821 pid=FFFF8AF7 t=673052 grTexDownloadMipMap#4554 tmu=0 addr=000AB000 evenodd=3 lod=3..3 aspect=3 format=11 data=017C97A8
822 pid=FFFF8AF7 t=673052 grTexDownloadMipMap#4555 tmu=0 addr=000AC000 evenodd=3 lod=3..3 aspect=3 format=11 data=017C97A8
823 pid=FFFF8AF7 t=673052 grTexDownloadMipMap#4556 tmu=0 addr=000AD000 evenodd=3 lod=3..3 aspect=3 format=11 data=017C97A8
824 pid=FFFF8AF7 t=673052 grTexDownloadMipMap#4557 tmu=0 addr=000AE000 evenodd=3 lod=3..3 aspect=3 format=11 data=017C97A8
825 pid=FFFF8AF7 t=673053 grTexDownloadMipMap#4558 tmu=0 addr=000AF000 evenodd=3 lod=3..3 aspect=3 format=11 data=017C97A8
826 pid=FFFF8AF7 t=673053 grTexDownloadMipMap#4559 tmu=0 addr=000B0000 evenodd=3 lod=3..3 aspect=3 format=11 data=017C97A8
827 pid=FFFF8AF7 t=673053 grTexDownloadMipMap#4560 tmu=0 addr=000B1000 evenodd=3 lod=3..3 aspect=3 format=11 data=017C97A8
828 pid=FFFF8AF7 t=673053 grTexDownloadMipMap#4561 tmu=0 addr=000B2000 evenodd=3 lod=3..3 aspect=3 format=11 data=017C97A8
829 pid=FFFF8AF7 t=673054 grTexDownloadMipMap#4562 tmu=0 addr=000B3000 evenodd=3 lod=3..3 aspect=3 format=11 data=017C97A8
830 pid=FFFF8AF7 t=673054 grTexDownloadMipMap#4563 tmu=0 addr=000B4000 evenodd=3 lod=3..3 aspect=3 format=11 data=017C97A8
831 pid=FFFF8AF7 t=673054 grTexDownloadMipMap#4564 tmu=0 addr=000B5000 evenodd=3 lod=3..3 aspect=3 format=11 data=017C97A8
832 pid=FFFF8AF7 t=673054 grTexDownloadMipMap#4565 tmu=0 addr=000B6000 evenodd=3 lod=3..3 aspect=3 format=11 data=017C97A8
833 pid=FFFF8AF7 t=673056 grTexDownloadMipMap#4566 tmu=0 addr=000B7000 evenodd=3 lod=3..3 aspect=3 format=11 data=017C97A8
834 pid=FFFF8AF7 t=673056 grTexDownloadMipMap#4567 tmu=0 addr=000B8000 evenodd=3 lod=3..3 aspect=3 format=11 data=017C97A8
835 pid=FFFF8AF7 t=673056 grTexDownloadMipMap#4568 tmu=0 addr=000B9000 evenodd=3 lod=3..3 aspect=3 format=11 data=017C97A8
836 pid=FFFF8AF7 t=673056 grTexDownloadMipMap#4569 tmu=0 addr=000BA000 evenodd=3 lod=3..3 aspect=3 format=11 data=017C97A8
837 pid=FFFF8AF7 t=673056 grTexDownloadMipMap#4570 tmu=0 addr=000BB000 evenodd=3 lod=3..3 aspect=3 format=11 data=017C97A8
838 pid=FFFF8AF7 t=673056 grTexDownloadMipMap#4571 tmu=0 addr=000BC000 evenodd=3 lod=3..3 aspect=3 format=11 data=017C97A8
839 pid=FFFF8AF7 t=673056 grTexDownloadMipMap#4572 tmu=0 addr=000BD000 evenodd=3 lod=3..3 aspect=3 format=11 data=017C97A8
840 pid=FFFF8AF7 t=673056 grTexDownloadMipMap#4573 tmu=0 addr=000BE000 evenodd=3 lod=3..3 aspect=3 format=11 data=017C97A8
841 pid=FFFF8AF7 t=673057 grTexDownloadMipMap#4574 tmu=0 addr=000BF000 evenodd=3 lod=3..3 aspect=3 format=11 data=017C97A8
842 pid=FFFF8AF7 t=673057 grTexDownloadMipMap#4575 tmu=0 addr=000C0000 evenodd=3 lod=3..3 aspect=3 format=11 data=017C97A8
843 pid=FFFF8AF7 t=673057 grTexDownloadMipMap#4576 tmu=0 addr=000C1000 evenodd=3 lod=3..3 aspect=3 format=11 data=017C97A8
844 pid=FFFF8AF7 t=673057 grTexDownloadMipMap#4577 tmu=0 addr=000C2000 evenodd=3 lod=3..3 aspect=3 format=11 data=017C97A8
845 pid=FFFF8AF7 t=673058 grTexDownloadMipMap#4578 tmu=0 addr=000C3000 evenodd=3 lod=3..3 aspect=3 format=11 data=017C97A8
846 pid=FFFF8AF7 t=673058 grTexDownloadMipMap#4579 tmu=0 addr=000C4000 evenodd=3 lod=3..3 aspect=3 format=11 data=017C97A8
847 pid=FFFF8AF7 t=673058 grTexDownloadMipMap#4580 tmu=0 addr=000C5000 evenodd=3 lod=3..3 aspect=3 format=11 data=017C97A8
848 pid=FFFF8AF7 t=673058 grTexDownloadMipMap#4581 tmu=0 addr=000C6000 evenodd=3 lod=3..3 aspect=3 format=11 data=017C97A8
849 pid=FFFF8AF7 t=673059 grTexDownloadMipMap#4582 tmu=0 addr=000C7000 evenodd=3 lod=3..3 aspect=3 format=11 data=017C97A8
850 pid=FFFF8AF7 t=673059 grTexDownloadMipMap#4583 tmu=0 addr=000C8000 evenodd=3 lod=3..3 aspect=3 format=11 data=017C97A8
851 pid=FFFF8AF7 t=673059 grTexDownloadMipMap#4584 tmu=0 addr=000C9000 evenodd=3 lod=3..3 aspect=3 format=11 data=017C97A8
852 pid=FFFF8AF7 t=673059 grTexDownloadMipMap#4585 tmu=0 addr=000CA000 evenodd=3 lod=3..3 aspect=3 format=11 data=017C97A8
853 pid=FFFF8AF7 t=673060 grTexDownloadMipMap#4586 tmu=0 addr=000CB000 evenodd=3 lod=3..3 aspect=3 format=11 data=017C97A8
854 pid=FFFF8AF7 t=673060 grTexDownloadMipMap#4587 tmu=0 addr=000CC000 evenodd=3 lod=3..3 aspect=3 format=11 data=017C97A8
855 pid=FFFF8AF7 t=673060 grTexDownloadMipMap#4588 tmu=0 addr=000CD000 evenodd=3 lod=3..3 aspect=3 format=11 data=017C97A8
856 pid=FFFF8AF7 t=673061 grTexDownloadMipMap#4589 tmu=0 addr=000CE000 evenodd=3 lod=3..3 aspect=3 format=11 data=017C97A8
857 pid=FFFF8AF7 t=673061 grTexDownloadMipMap#4590 tmu=0 addr=000CF000 evenodd=3 lod=3..3 aspect=3 format=11 data=017C97A8
858 pid=FFFF8AF7 t=673061 grTexDownloadMipMap#4591 tmu=0 addr=000D0000 evenodd=3 lod=3..3 aspect=3 format=11 data=017C97A8
859 pid=FFFF8AF7 t=673061 grTexDownloadMipMap#4592 tmu=0 addr=000D1000 evenodd=3 lod=3..3 aspect=3 format=11 data=017C97A8
860 pid=FFFF8AF7 t=673062 grTexDownloadMipMap#4593 tmu=0 addr=000D2000 evenodd=3 lod=3..3 aspect=3 format=11 data=017C97A8
861 pid=FFFF8AF7 t=673062 grTexDownloadMipMap#4594 tmu=0 addr=000D3000 evenodd=3 lod=3..3 aspect=3 format=11 data=017C97A8
862 pid=FFFF8AF7 t=673062 grTexDownloadMipMap#4595 tmu=0 addr=000D4000 evenodd=3 lod=3..3 aspect=3 format=11 data=017C97A8
863 pid=FFFF8AF7 t=673062 grTexDownloadMipMap#4596 tmu=0 addr=000D5000 evenodd=3 lod=3..3 aspect=3 format=11 data=017C97A8
864 pid=FFFF8AF7 t=673063 grTexDownloadMipMap#4597 tmu=0 addr=000D6000 evenodd=3 lod=3..3 aspect=3 format=11 data=017C97A8
865 pid=FFFF8AF7 t=673063 grTexDownloadMipMap#4598 tmu=0 addr=000D7000 evenodd=3 lod=3..3 aspect=3 format=11 data=017C97A8
866 pid=FFFF8AF7 t=673063 grTexDownloadMipMap#4599 tmu=0 addr=000D8000 evenodd=3 lod=3..3 aspect=3 format=11 data=017C97A8
867 pid=FFFF8AF7 t=673063 grTexDownloadMipMap#4600 tmu=0 addr=000D9000 evenodd=3 lod=3..3 aspect=3 format=11 data=017C97A8
868 pid=FFFF8AF7 t=673065 grTexDownloadMipMap#4601 tmu=0 addr=000DA000 evenodd=3 lod=3..3 aspect=3 format=11 data=017C97A8
869 pid=FFFF8AF7 t=673065 grTexDownloadMipMap#4602 tmu=0 addr=000DB000 evenodd=3 lod=3..3 aspect=3 format=11 data=017C97A8
870 pid=FFFF8AF7 t=673065 grTexDownloadMipMap#4603 tmu=0 addr=000DC000 evenodd=3 lod=3..3 aspect=3 format=11 data=017C97A8
871 pid=FFFF8AF7 t=673065 grTexDownloadMipMap#4604 tmu=0 addr=000DD000 evenodd=3 lod=3..3 aspect=3 format=11 data=017C97A8
872 pid=FFFF8AF7 t=673065 grTexDownloadMipMap#4605 tmu=0 addr=000DE000 evenodd=3 lod=3..3 aspect=3 format=11 data=017C97A8
873 pid=FFFF8AF7 t=673065 grTexDownloadMipMap#4606 tmu=0 addr=000DF000 evenodd=3 lod=3..3 aspect=3 format=11 data=017C97A8
874 pid=FFFF8AF7 t=673065 grTexDownloadMipMap#4607 tmu=0 addr=000E0000 evenodd=3 lod=3..3 aspect=3 format=11 data=017C97A8
875 pid=FFFF8AF7 t=673065 grTexDownloadMipMap#4608 tmu=0 addr=000E1000 evenodd=3 lod=3..3 aspect=3 format=11 data=017C97A8
876 pid=FFFF8AF7 t=673066 grTexDownloadMipMap#4609 tmu=0 addr=000E2000 evenodd=3 lod=3..3 aspect=3 format=11 data=017C97A8
877 pid=FFFF8AF7 t=673066 grTexDownloadMipMap#4610 tmu=0 addr=000E3000 evenodd=3 lod=3..3 aspect=3 format=11 data=017C97A8
878 pid=FFFF8AF7 t=673066 grTexDownloadMipMap#4611 tmu=0 addr=000E4000 evenodd=3 lod=3..3 aspect=3 format=11 data=017C97A8
879 pid=FFFF8AF7 t=673066 grTexDownloadMipMap#4612 tmu=0 addr=000E5000 evenodd=3 lod=3..3 aspect=3 format=11 data=017C97A8
880 pid=FFFF8AF7 t=673067 grTexDownloadMipMap#4613 tmu=0 addr=000E6000 evenodd=3 lod=3..3 aspect=3 format=11 data=017C97A8
881 pid=FFFF8AF7 t=673067 grTexDownloadMipMap#4614 tmu=0 addr=000E7000 evenodd=3 lod=3..3 aspect=3 format=11 data=017C97A8
882 pid=FFFF8AF7 t=673067 grTexDownloadMipMap#4615 tmu=0 addr=000E8000 evenodd=3 lod=3..3 aspect=3 format=11 data=017C97A8
883 pid=FFFF8AF7 t=673067 grTexDownloadMipMap#4616 tmu=0 addr=000E9000 evenodd=3 lod=3..3 aspect=3 format=11 data=017C97A8
884 pid=FFFF8AF7 t=673068 grTexDownloadMipMap#4617 tmu=0 addr=000EA000 evenodd=3 lod=3..3 aspect=3 format=11 data=017C97A8
885 pid=FFFF8AF7 t=673068 grTexDownloadMipMap#4618 tmu=0 addr=000EB000 evenodd=3 lod=3..3 aspect=3 format=11 data=017C97A8
886 pid=FFFF8AF7 t=673068 grTexDownloadMipMap#4619 tmu=0 addr=000EC000 evenodd=3 lod=3..3 aspect=3 format=11 data=017C97A8
887 pid=FFFF8AF7 t=673068 grTexDownloadMipMap#4620 tmu=0 addr=000ED000 evenodd=3 lod=3..3 aspect=3 format=11 data=017C97A8
888 pid=FFFF8AF7 t=673069 grTexDownloadMipMap#4621 tmu=0 addr=000EE000 evenodd=3 lod=3..3 aspect=3 format=11 data=017C97A8
889 pid=FFFF8AF7 t=673069 grTexDownloadMipMap#4622 tmu=0 addr=000EF000 evenodd=3 lod=3..3 aspect=3 format=11 data=017C97A8
890 pid=FFFF8AF7 t=673069 grTexDownloadMipMap#4623 tmu=0 addr=000F0000 evenodd=3 lod=3..3 aspect=3 format=11 data=017C97A8
891 pid=FFFF8AF7 t=673069 grTexDownloadMipMap#4624 tmu=0 addr=000F1000 evenodd=3 lod=3..3 aspect=3 format=11 data=017C97A8
892 pid=FFFF8AF7 t=673070 grTexDownloadMipMap#4625 tmu=0 addr=000F2000 evenodd=3 lod=3..3 aspect=3 format=11 data=017C97A8
893 pid=FFFF8AF7 t=673070 grTexDownloadMipMap#4626 tmu=0 addr=000F3000 evenodd=3 lod=3..3 aspect=3 format=11 data=017C97A8
894 pid=FFFF8AF7 t=673070 grTexDownloadMipMap#4627 tmu=0 addr=000F4000 evenodd=3 lod=3..3 aspect=3 format=11 data=017C97A8
895 pid=FFFF8AF7 t=673070 grTexDownloadMipMap#4628 tmu=0 addr=000F5000 evenodd=3 lod=3..3 aspect=3 format=11 data=017C97A8
896 pid=FFFF8AF7 t=673072 grTexDownloadMipMap#4629 tmu=0 addr=000F6000 evenodd=3 lod=3..3 aspect=3 format=11 data=017C97A8
897 pid=FFFF8AF7 t=673072 grTexDownloadMipMap#4630 tmu=0 addr=000F7000 evenodd=3 lod=3..3 aspect=3 format=11 data=017C97A8
898 pid=FFFF8AF7 t=673072 grTexDownloadMipMap#4631 tmu=0 addr=000F8000 evenodd=3 lod=3..3 aspect=3 format=11 data=017C97A8
899 pid=FFFF8AF7 t=673072 grTexDownloadMipMap#4632 tmu=0 addr=000F9000 evenodd=3 lod=3..3 aspect=3 format=11 data=017C97A8
900 pid=FFFF8AF7 t=673072 grTexDownloadMipMap#4633 tmu=0 addr=000FA000 evenodd=3 lod=3..3 aspect=3 format=11 data=017C97A8
901 pid=FFFF8AF7 t=673072 grTexDownloadMipMap#4634 tmu=0 addr=000FB000 evenodd=3 lod=3..3 aspect=3 format=11 data=017C97A8
902 pid=FFFF8AF7 t=673072 grTexDownloadMipMap#4635 tmu=0 addr=000FC000 evenodd=3 lod=3..3 aspect=3 format=11 data=017C97A8
903 pid=FFFF8AF7 t=673073 grTexDownloadMipMap#4636 tmu=0 addr=000FD000 evenodd=3 lod=3..3 aspect=3 format=11 data=017C97A8
904 pid=FFFF8AF7 t=673073 grTexDownloadMipMap#4637 tmu=0 addr=000FE000 evenodd=3 lod=3..3 aspect=3 format=11 data=017C97A8
905 pid=FFFF8AF7 t=673073 grTexDownloadMipMap#4638 tmu=0 addr=000FF000 evenodd=3 lod=3..3 aspect=3 format=11 data=017C97A8
906 pid=FFFF8AF7 t=673073 grTexDownloadMipMap#4639 tmu=0 addr=00100000 evenodd=3 lod=3..3 aspect=3 format=11 data=017C97A8
907 pid=FFFF8AF7 t=673074 grTexDownloadMipMap#4640 tmu=0 addr=00101000 evenodd=3 lod=3..3 aspect=3 format=11 data=017C97A8
908 pid=FFFF8AF7 t=673074 grTexDownloadMipMap#4641 tmu=0 addr=00102000 evenodd=3 lod=3..3 aspect=3 format=11 data=017C97A8
909 pid=FFFF8AF7 t=673074 grTexDownloadMipMap#4642 tmu=0 addr=00103000 evenodd=3 lod=3..3 aspect=3 format=11 data=017C97A8
910 pid=FFFF8AF7 t=673074 grTexDownloadMipMap#4643 tmu=0 addr=00104000 evenodd=3 lod=3..3 aspect=3 format=11 data=017C97A8
911 pid=FFFF8AF7 t=673075 grTexDownloadMipMap#4644 tmu=0 addr=00105000 evenodd=3 lod=3..3 aspect=3 format=11 data=017C97A8
912 pid=FFFF8AF7 t=673075 grTexDownloadMipMap#4645 tmu=0 addr=00106000 evenodd=3 lod=3..3 aspect=3 format=11 data=017C97A8
913 pid=FFFF8AF7 t=673075 grTexDownloadMipMap#4646 tmu=0 addr=00107000 evenodd=3 lod=3..3 aspect=3 format=11 data=017C97A8
914 pid=FFFF8AF7 t=673075 grTexDownloadMipMap#4647 tmu=0 addr=00108000 evenodd=3 lod=3..3 aspect=3 format=11 data=017C97A8
915 pid=FFFF8AF7 t=673076 grTexDownloadMipMap#4648 tmu=0 addr=00109000 evenodd=3 lod=3..3 aspect=3 format=11 data=017C97A8
916 pid=FFFF8AF7 t=673076 grTexDownloadMipMap#4649 tmu=0 addr=0010A000 evenodd=3 lod=3..3 aspect=3 format=11 data=017C97A8
917 pid=FFFF8AF7 t=673076 grTexDownloadMipMap#4650 tmu=0 addr=0010B000 evenodd=3 lod=3..3 aspect=3 format=11 data=017C97A8
918 pid=FFFF8AF7 t=673076 grTexDownloadMipMap#4651 tmu=0 addr=0010C000 evenodd=3 lod=3..3 aspect=3 format=11 data=017C97A8
919 pid=FFFF8AF7 t=673077 grTexDownloadMipMap#4652 tmu=0 addr=0010D000 evenodd=3 lod=3..3 aspect=3 format=11 data=017C97A8
920 pid=FFFF8AF7 t=673077 grTexDownloadMipMap#4653 tmu=0 addr=0010E000 evenodd=3 lod=3..3 aspect=3 format=11 data=017C97A8
921 pid=FFFF8AF7 t=673077 grTexDownloadMipMap#4654 tmu=0 addr=0010F000 evenodd=3 lod=3..3 aspect=3 format=11 data=017C97A8
922 pid=FFFF8AF7 t=673077 grTexDownloadMipMap#4655 tmu=0 addr=00110000 evenodd=3 lod=3..3 aspect=3 format=11 data=017C97A8
923 pid=FFFF8AF7 t=673078 grTexDownloadMipMap#4656 tmu=0 addr=00111000 evenodd=3 lod=3..3 aspect=3 format=11 data=017C97A8
924 pid=FFFF8AF7 t=673078 grTexDownloadMipMap#4657 tmu=0 addr=00112000 evenodd=3 lod=3..3 aspect=3 format=11 data=017C97A8
925 pid=FFFF8AF7 t=673078 grTexDownloadMipMap#4658 tmu=0 addr=00113000 evenodd=3 lod=3..3 aspect=3 format=11 data=017C97A8
926 pid=FFFF8AF7 t=673080 grTexDownloadMipMap#4659 tmu=0 addr=00114000 evenodd=3 lod=3..3 aspect=3 format=11 data=017C97A8
927 pid=FFFF8AF7 t=673080 grTexDownloadMipMap#4660 tmu=0 addr=00115000 evenodd=3 lod=3..3 aspect=3 format=11 data=017C97A8
928 pid=FFFF8AF7 t=673080 grTexDownloadMipMap#4661 tmu=0 addr=00116000 evenodd=3 lod=3..3 aspect=3 format=11 data=017C97A8
929 pid=FFFF8AF7 t=673080 grTexDownloadMipMap#4662 tmu=0 addr=00117000 evenodd=3 lod=3..3 aspect=3 format=11 data=017C97A8
930 pid=FFFF8AF7 t=673080 grTexDownloadMipMap#4663 tmu=0 addr=00118000 evenodd=3 lod=3..3 aspect=3 format=11 data=017C97A8
931 pid=FFFF8AF7 t=673080 grTexDownloadMipMap#4664 tmu=0 addr=00119000 evenodd=3 lod=3..3 aspect=3 format=11 data=017C97A8
932 pid=FFFF8AF7 t=673080 grTexDownloadMipMap#4665 tmu=0 addr=0011A000 evenodd=3 lod=3..3 aspect=3 format=11 data=017C97A8
933 pid=FFFF8AF7 t=673080 grTexDownloadMipMap#4666 tmu=0 addr=0011B000 evenodd=3 lod=3..3 aspect=3 format=11 data=017C97A8
934 pid=FFFF8AF7 t=673081 grTexDownloadMipMap#4667 tmu=0 addr=0011C000 evenodd=3 lod=3..3 aspect=3 format=11 data=017C97A8
935 pid=FFFF8AF7 t=673081 grTexDownloadMipMap#4668 tmu=0 addr=0011D000 evenodd=3 lod=3..3 aspect=3 format=11 data=017C97A8
936 pid=FFFF8AF7 t=673081 grTexDownloadMipMap#4669 tmu=0 addr=0011E000 evenodd=3 lod=3..3 aspect=3 format=11 data=017C97A8
937 pid=FFFF8AF7 t=673081 grTexDownloadMipMap#4670 tmu=0 addr=0011F000 evenodd=3 lod=3..3 aspect=3 format=11 data=017C97A8
938 pid=FFFF8AF7 t=673082 grTexDownloadMipMap#4671 tmu=0 addr=00120000 evenodd=3 lod=3..3 aspect=3 format=11 data=017C97A8
939 pid=FFFF8AF7 t=673082 grTexDownloadMipMap#4672 tmu=0 addr=00121000 evenodd=3 lod=3..3 aspect=3 format=11 data=017C97A8
940 pid=FFFF8AF7 t=673082 grTexDownloadMipMap#4673 tmu=0 addr=00122000 evenodd=3 lod=3..3 aspect=3 format=11 data=017C97A8
941 pid=FFFF8AF7 t=673083 grTexDownloadMipMap#4674 tmu=0 addr=00123000 evenodd=3 lod=3..3 aspect=3 format=11 data=017C97A8
942 pid=FFFF8AF7 t=673083 grTexDownloadMipMap#4675 tmu=0 addr=00124000 evenodd=3 lod=3..3 aspect=3 format=11 data=017C97A8
943 pid=FFFF8AF7 t=673083 grTexDownloadMipMap#4676 tmu=0 addr=00125000 evenodd=3 lod=3..3 aspect=3 format=11 data=017C97A8
944 pid=FFFF8AF7 t=673083 grTexDownloadMipMap#4677 tmu=0 addr=00126000 evenodd=3 lod=3..3 aspect=3 format=11 data=017C97A8
945 pid=FFFF8AF7 t=673084 grTexDownloadMipMap#4678 tmu=0 addr=00127000 evenodd=3 lod=3..3 aspect=3 format=11 data=017C97A8
946 pid=FFFF8AF7 t=673084 grTexDownloadMipMap#4679 tmu=0 addr=00128000 evenodd=3 lod=3..3 aspect=3 format=11 data=017C97A8
947 pid=FFFF8AF7 t=673084 grTexDownloadMipMap#4680 tmu=0 addr=00129000 evenodd=3 lod=3..3 aspect=3 format=11 data=017C97A8
948 pid=FFFF8AF7 t=673084 grTexDownloadMipMap#4681 tmu=0 addr=0012A000 evenodd=3 lod=3..3 aspect=3 format=11 data=017C97A8
949 pid=FFFF8AF7 t=673085 grTexDownloadMipMap#4682 tmu=0 addr=0012B000 evenodd=3 lod=3..3 aspect=3 format=11 data=017C97A8
950 pid=FFFF8AF7 t=673085 grTexDownloadMipMap#4683 tmu=0 addr=0012C000 evenodd=3 lod=3..3 aspect=3 format=11 data=017C97A8
951 pid=FFFF8AF7 t=673086 grTexDownloadMipMap#4684 tmu=0 addr=00000800 evenodd=3 lod=3..3 aspect=3 format=11 data=017C97A8
952 pid=FFFF8AF7 t=673086 grTexDownloadMipMap#4685 tmu=0 addr=00001800 evenodd=3 lod=3..3 aspect=3 format=11 data=017C97A8
953 pid=FFFF8AF7 t=673086 grTexDownloadMipMap#4686 tmu=0 addr=00002800 evenodd=3 lod=3..3 aspect=3 format=11 data=017C97A8
954 pid=FFFF8AF7 t=673088 grTexDownloadMipMap#4687 tmu=0 addr=00003800 evenodd=3 lod=3..3 aspect=3 format=11 data=017C97A8
955 pid=FFFF8AF7 t=673088 grTexDownloadMipMap#4688 tmu=0 addr=00004800 evenodd=3 lod=3..3 aspect=3 format=11 data=017C97A8
956 pid=FFFF8AF7 t=673088 grTexDownloadMipMap#4689 tmu=0 addr=00005800 evenodd=3 lod=3..3 aspect=3 format=11 data=017C97A8
957 pid=FFFF8AF7 t=673088 grTexDownloadMipMap#4690 tmu=0 addr=00006800 evenodd=3 lod=3..3 aspect=3 format=11 data=017C97A8
958 pid=FFFF8AF7 t=673088 grTexDownloadMipMap#4691 tmu=0 addr=00007800 evenodd=3 lod=3..3 aspect=3 format=11 data=017C97A8
959 pid=FFFF8AF7 t=673088 grTexDownloadMipMap#4692 tmu=0 addr=00008800 evenodd=3 lod=3..3 aspect=3 format=11 data=017C97A8
960 pid=FFFF8AF7 t=673088 grTexDownloadMipMap#4693 tmu=0 addr=00009800 evenodd=3 lod=3..3 aspect=3 format=11 data=017C97A8
961 pid=FFFF8AF7 t=673089 grTexDownloadMipMap#4694 tmu=0 addr=0000A800 evenodd=3 lod=3..3 aspect=3 format=11 data=017C97A8
962 pid=FFFF8AF7 t=673089 grTexDownloadMipMap#4695 tmu=0 addr=0000B800 evenodd=3 lod=3..3 aspect=3 format=11 data=017C97A8
963 pid=FFFF8AF7 t=673089 grTexDownloadMipMap#4696 tmu=0 addr=0000C800 evenodd=3 lod=3..3 aspect=3 format=11 data=017C97A8
964 pid=FFFF8AF7 t=673089 grTexDownloadMipMap#4697 tmu=0 addr=0000D800 evenodd=3 lod=3..3 aspect=3 format=11 data=017C97A8
965 pid=FFFF8AF7 t=673090 grTexDownloadMipMap#4698 tmu=0 addr=0000E800 evenodd=3 lod=3..3 aspect=3 format=11 data=017C97A8
966 pid=FFFF8AF7 t=673090 grTexDownloadMipMap#4699 tmu=0 addr=0000F800 evenodd=3 lod=3..3 aspect=3 format=11 data=017C97A8
967 pid=FFFF8AF7 t=673090 grTexDownloadMipMap#4700 tmu=0 addr=00010800 evenodd=3 lod=3..3 aspect=3 format=11 data=017C97A8
968 pid=FFFF8AF7 t=673090 grTexDownloadMipMap#4701 tmu=0 addr=00011800 evenodd=3 lod=3..3 aspect=3 format=11 data=017C97A8
969 pid=FFFF8AF7 t=673091 grTexDownloadMipMap#4702 tmu=0 addr=00012800 evenodd=3 lod=3..3 aspect=3 format=11 data=017C97A8
970 pid=FFFF8AF7 t=673091 grTexDownloadMipMap#4703 tmu=0 addr=00013800 evenodd=3 lod=3..3 aspect=3 format=11 data=017C97A8
971 pid=FFFF8AF7 t=673091 grTexDownloadMipMap#4704 tmu=0 addr=00014800 evenodd=3 lod=3..3 aspect=3 format=11 data=017C97A8
972 pid=FFFF8AF7 t=673091 grTexDownloadMipMap#4705 tmu=0 addr=00015800 evenodd=3 lod=3..3 aspect=3 format=11 data=017C97A8
973 pid=FFFF8AF7 t=673092 grTexDownloadMipMap#4706 tmu=0 addr=00016800 evenodd=3 lod=3..3 aspect=3 format=11 data=017C97A8
974 pid=FFFF8AF7 t=673092 grTexDownloadMipMap#4707 tmu=0 addr=00017800 evenodd=3 lod=3..3 aspect=3 format=11 data=017C97A8
975 pid=FFFF8AF7 t=673092 grTexDownloadMipMap#4708 tmu=0 addr=00018800 evenodd=3 lod=3..3 aspect=3 format=11 data=017C97A8
976 pid=FFFF8AF7 t=673093 grTexDownloadMipMap#4709 tmu=0 addr=00019800 evenodd=3 lod=3..3 aspect=3 format=11 data=017C97A8
977 pid=FFFF8AF7 t=673093 grTexDownloadMipMap#4710 tmu=0 addr=0001A800 evenodd=3 lod=3..3 aspect=3 format=11 data=017C97A8
978 pid=FFFF8AF7 t=673093 grTexDownloadMipMap#4711 tmu=0 addr=0001B800 evenodd=3 lod=3..3 aspect=3 format=11 data=017C97A8
979 pid=FFFF8AF7 t=673093 grTexDownloadMipMap#4712 tmu=0 addr=0001C800 evenodd=3 lod=3..3 aspect=3 format=11 data=017C97A8
980 pid=FFFF8AF7 t=673094 grTexDownloadMipMap#4713 tmu=0 addr=0001D800 evenodd=3 lod=3..3 aspect=3 format=11 data=017C97A8
981 pid=FFFF8AF7 t=673094 grTexDownloadMipMap#4714 tmu=0 addr=0001E800 evenodd=3 lod=3..3 aspect=3 format=11 data=017C97A8
982 pid=FFFF8AF7 t=673094 grTexDownloadMipMap#4715 tmu=0 addr=0001F800 evenodd=3 lod=3..3 aspect=3 format=11 data=017C97A8
983 pid=FFFF8AF7 t=673094 grTexDownloadMipMap#4716 tmu=0 addr=00020800 evenodd=3 lod=3..3 aspect=3 format=11 data=017C97A8
984 pid=FFFF8AF7 t=673096 grTexDownloadMipMap#4717 tmu=0 addr=00021800 evenodd=3 lod=3..3 aspect=3 format=11 data=017C97A8
985 pid=FFFF8AF7 t=673096 grTexDownloadMipMap#4718 tmu=0 addr=00022800 evenodd=3 lod=3..3 aspect=3 format=11 data=017C97A8
986 pid=FFFF8AF7 t=673096 grTexDownloadMipMap#4719 tmu=0 addr=00023800 evenodd=3 lod=3..3 aspect=3 format=11 data=017C97A8
987 pid=FFFF8AF7 t=673096 grTexDownloadMipMap#4720 tmu=0 addr=00024800 evenodd=3 lod=3..3 aspect=3 format=11 data=017C97A8
988 pid=FFFF8AF7 t=673096 grTexDownloadMipMap#4721 tmu=0 addr=00025800 evenodd=3 lod=3..3 aspect=3 format=11 data=017C97A8
989 pid=FFFF8AF7 t=673096 grTexDownloadMipMap#4722 tmu=0 addr=00026800 evenodd=3 lod=3..3 aspect=3 format=11 data=017C97A8
990 pid=FFFF8AF7 t=673096 grTexDownloadMipMap#4723 tmu=0 addr=00027800 evenodd=3 lod=3..3 aspect=3 format=11 data=017C97A8
991 pid=FFFF8AF7 t=673096 grTexDownloadMipMap#4724 tmu=0 addr=00028800 evenodd=3 lod=3..3 aspect=3 format=11 data=017C97A8
992 pid=FFFF8AF7 t=673097 grTexDownloadMipMap#4725 tmu=0 addr=00029800 evenodd=3 lod=3..3 aspect=3 format=11 data=017C97A8
993 pid=FFFF8AF7 t=673097 grTexDownloadMipMap#4726 tmu=0 addr=0002A800 evenodd=3 lod=3..3 aspect=3 format=11 data=017C97A8
994 pid=FFFF8AF7 t=673097 grTexDownloadMipMap#4727 tmu=0 addr=0002B800 evenodd=3 lod=3..3 aspect=3 format=11 data=017C97A8
995 pid=FFFF8AF7 t=673097 grTexDownloadMipMap#4728 tmu=0 addr=0002C800 evenodd=3 lod=3..3 aspect=3 format=11 data=017C97A8
996 pid=FFFF8AF7 t=673098 grTexDownloadMipMap#4729 tmu=0 addr=0002D800 evenodd=3 lod=3..3 aspect=3 format=11 data=017C97A8
997 pid=FFFF8AF7 t=673098 grTexDownloadMipMap#4730 tmu=0 addr=0002E800 evenodd=3 lod=3..3 aspect=3 format=11 data=017C97A8
998 pid=FFFF8AF7 t=673098 grTexDownloadMipMap#4731 tmu=0 addr=0002F800 evenodd=3 lod=3..3 aspect=3 format=11 data=017C97A8
999 pid=FFFF8AF7 t=673099 grTexDownloadMipMap#4732 tmu=0 addr=00030800 evenodd=3 lod=3..3 aspect=3 format=11 data=017C97A8
1000 pid=FFFF8AF7 t=673099 grTexDownloadMipMap#4733 tmu=0 addr=00031800 evenodd=3 lod=3..3 aspect=3 format=11 data=017C97A8
1001 pid=FFFF8AF7 t=673099 grTexDownloadMipMap#4734 tmu=0 addr=00032800 evenodd=3 lod=3..3 aspect=3 format=11 data=017C97A8
1002 pid=FFFF8AF7 t=673099 grTexDownloadMipMap#4735 tmu=0 addr=00033800 evenodd=3 lod=3..3 aspect=3 format=11 data=017C97A8
1003 pid=FFFF8AF7 t=673100 grTexDownloadMipMap#4736 tmu=0 addr=00034800 evenodd=3 lod=3..3 aspect=3 format=11 data=017C97A8
1004 pid=FFFF8AF7 t=673100 grTexDownloadMipMap#4737 tmu=0 addr=00035800 evenodd=3 lod=3..3 aspect=3 format=11 data=017C97A8
1005 pid=FFFF8AF7 t=673100 grTexDownloadMipMap#4738 tmu=0 addr=00036800 evenodd=3 lod=3..3 aspect=3 format=11 data=017C97A8
1006 pid=FFFF8AF7 t=673100 grTexDownloadMipMap#4739 tmu=0 addr=00037800 evenodd=3 lod=3..3 aspect=3 format=11 data=017C97A8
1007 pid=FFFF8AF7 t=673101 grTexDownloadMipMap#4740 tmu=0 addr=00038800 evenodd=3 lod=3..3 aspect=3 format=11 data=017C97A8
1008 pid=FFFF8AF7 t=673101 grTexDownloadMipMap#4741 tmu=0 addr=00039800 evenodd=3 lod=3..3 aspect=3 format=11 data=017C97A8
1009 pid=FFFF8AF7 t=673101 grTexDownloadMipMap#4742 tmu=0 addr=0003A800 evenodd=3 lod=3..3 aspect=3 format=11 data=017C97A8
1010 pid=FFFF8AF7 t=673101 grTexDownloadMipMap#4743 tmu=0 addr=0003B800 evenodd=3 lod=3..3 aspect=3 format=11 data=017C97A8
1011 pid=FFFF8AF7 t=673103 grTexDownloadMipMap#4744 tmu=0 addr=0003C800 evenodd=3 lod=3..3 aspect=3 format=11 data=017C97A8
1012 pid=FFFF8AF7 t=673103 grTexDownloadMipMap#4745 tmu=0 addr=0003D800 evenodd=3 lod=3..3 aspect=3 format=11 data=017C97A8
1013 pid=FFFF8AF7 t=673103 grTexDownloadMipMap#4746 tmu=0 addr=0003E800 evenodd=3 lod=3..3 aspect=3 format=11 data=017C97A8
1014 pid=FFFF8AF7 t=673103 grTexDownloadMipMap#4747 tmu=0 addr=0003F800 evenodd=3 lod=3..3 aspect=3 format=11 data=017C97A8
1015 pid=FFFF8AF7 t=673103 grTexDownloadMipMap#4748 tmu=0 addr=00040800 evenodd=3 lod=3..3 aspect=3 format=11 data=017C97A8
1016 pid=FFFF8AF7 t=673103 grTexDownloadMipMap#4749 tmu=0 addr=00041800 evenodd=3 lod=3..3 aspect=3 format=11 data=017C97A8
1017 pid=FFFF8AF7 t=673103 grTexDownloadMipMap#4750 tmu=0 addr=00042800 evenodd=3 lod=3..3 aspect=3 format=11 data=017C97A8
1018 pid=FFFF8AF7 t=673104 grTexDownloadMipMap#4751 tmu=0 addr=00043800 evenodd=3 lod=3..3 aspect=3 format=11 data=017C97A8
1019 pid=FFFF8AF7 t=673104 grTexDownloadMipMap#4752 tmu=0 addr=00044800 evenodd=3 lod=3..3 aspect=3 format=11 data=017C97A8
1020 pid=FFFF8AF7 t=673104 grTexDownloadMipMap#4753 tmu=0 addr=00045800 evenodd=3 lod=3..3 aspect=3 format=11 data=017C97A8
1021 pid=FFFF8AF7 t=673104 grTexDownloadMipMap#4754 tmu=0 addr=00046800 evenodd=3 lod=3..3 aspect=3 format=11 data=017C97A8
1022 pid=FFFF8AF7 t=673105 grTexDownloadMipMap#4755 tmu=0 addr=00047800 evenodd=3 lod=3..3 aspect=3 format=11 data=017C97A8
1023 pid=FFFF8AF7 t=673105 grTexDownloadMipMap#4756 tmu=0 addr=00048800 evenodd=3 lod=3..3 aspect=3 format=11 data=017C97A8
1024 pid=FFFF8AF7 t=673105 grTexDownloadMipMap#4757 tmu=0 addr=00049800 evenodd=3 lod=3..3 aspect=3 format=11 data=017C97A8
1025 pid=FFFF8AF7 t=673105 grTexDownloadMipMap#4758 tmu=0 addr=0004A800 evenodd=3 lod=3..3 aspect=3 format=11 data=017C97A8
1026 pid=FFFF8AF7 t=673106 grTexDownloadMipMap#4759 tmu=0 addr=0004B800 evenodd=3 lod=3..3 aspect=3 format=11 data=017C97A8
1027 pid=FFFF8AF7 t=673106 grTexDownloadMipMap#4760 tmu=0 addr=0004C800 evenodd=3 lod=3..3 aspect=3 format=11 data=017C97A8
1028 pid=FFFF8AF7 t=673106 grTexDownloadMipMap#4761 tmu=0 addr=0004D800 evenodd=3 lod=3..3 aspect=3 format=11 data=017C97A8
1029 pid=FFFF8AF7 t=673106 grTexDownloadMipMap#4762 tmu=0 addr=0004E800 evenodd=3 lod=3..3 aspect=3 format=11 data=017C97A8
1030 pid=FFFF8AF7 t=673107 grTexDownloadMipMap#4763 tmu=0 addr=0004F800 evenodd=3 lod=3..3 aspect=3 format=11 data=017C97A8
1031 pid=FFFF8AF7 t=673107 grTexDownloadMipMap#4764 tmu=0 addr=00050800 evenodd=3 lod=3..3 aspect=3 format=11 data=017C97A8
1032 pid=FFFF8AF7 t=673107 grTexDownloadMipMap#4765 tmu=0 addr=00051800 evenodd=3 lod=3..3 aspect=3 format=11 data=017C97A8
1033 pid=FFFF8AF7 t=673107 grTexDownloadMipMap#4766 tmu=0 addr=00052800 evenodd=3 lod=3..3 aspect=3 format=11 data=017C97A8
1034 pid=FFFF8AF7 t=673108 grTexDownloadMipMap#4767 tmu=0 addr=00053800 evenodd=3 lod=3..3 aspect=3 format=11 data=017C97A8
1035 pid=FFFF8AF7 t=673108 grTexDownloadMipMap#4768 tmu=0 addr=00054800 evenodd=3 lod=3..3 aspect=3 format=11 data=017C97A8
1036 pid=FFFF8AF7 t=673108 grTexDownloadMipMap#4769 tmu=0 addr=00055800 evenodd=3 lod=3..3 aspect=3 format=11 data=017C97A8
1037 pid=FFFF8AF7 t=673108 grTexDownloadMipMap#4770 tmu=0 addr=00056800 evenodd=3 lod=3..3 aspect=3 format=11 data=017C97A8
1038 pid=FFFF8AF7 t=673109 grTexDownloadMipMap#4771 tmu=0 addr=00057800 evenodd=3 lod=3..3 aspect=3 format=11 data=017C97A8
1039 pid=FFFF8AF7 t=673109 grTexDownloadMipMap#4772 tmu=0 addr=00058800 evenodd=3 lod=3..3 aspect=3 format=11 data=017C97A8
1040 pid=FFFF8AF7 t=673109 grTexDownloadMipMap#4773 tmu=0 addr=00059800 evenodd=3 lod=3..3 aspect=3 format=11 data=017C97A8
1041 pid=FFFF8AF7 t=673110 grTexDownloadMipMap#4774 tmu=0 addr=0005A800 evenodd=3 lod=3..3 aspect=3 format=11 data=017C97A8
1042 pid=FFFF8AF7 t=673110 grTexDownloadMipMap#4775 tmu=0 addr=0005B800 evenodd=3 lod=3..3 aspect=3 format=11 data=017C97A8
1043 pid=FFFF8AF7 t=673110 grTexDownloadMipMap#4776 tmu=0 addr=0005C800 evenodd=3 lod=3..3 aspect=3 format=11 data=017C97A8
1044 pid=FFFF8AF7 t=673110 grTexDownloadMipMap#4777 tmu=0 addr=0005D800 evenodd=3 lod=3..3 aspect=3 format=11 data=017C97A8
1045 pid=FFFF8AF7 t=673112 grTexDownloadMipMap#4778 tmu=0 addr=0005E800 evenodd=3 lod=3..3 aspect=3 format=11 data=017C97A8
1046 pid=FFFF8AF7 t=673112 grTexDownloadMipMap#4779 tmu=0 addr=0005F800 evenodd=3 lod=3..3 aspect=3 format=11 data=017C97A8
1047 pid=FFFF8AF7 t=673112 grTexDownloadMipMap#4780 tmu=0 addr=00060800 evenodd=3 lod=3..3 aspect=3 format=11 data=017C97A8
1048 pid=FFFF8AF7 t=673112 grTexDownloadMipMap#4781 tmu=0 addr=00061800 evenodd=3 lod=3..3 aspect=3 format=11 data=017C97A8
1049 pid=FFFF8AF7 t=673112 grTexDownloadMipMap#4782 tmu=0 addr=00062800 evenodd=3 lod=3..3 aspect=3 format=11 data=017C97A8
1050 pid=FFFF8AF7 t=673112 grTexDownloadMipMap#4783 tmu=0 addr=00063800 evenodd=3 lod=3..3 aspect=3 format=11 data=017C97A8
1051 pid=FFFF8AF7 t=673112 grTexDownloadMipMap#4784 tmu=0 addr=00064800 evenodd=3 lod=3..3 aspect=3 format=11 data=017C97A8
1052 pid=FFFF8AF7 t=673113 grTexDownloadMipMap#4785 tmu=0 addr=00065800 evenodd=3 lod=3..3 aspect=3 format=11 data=017C97A8
1053 pid=FFFF8AF7 t=673113 grTexDownloadMipMap#4786 tmu=0 addr=00066800 evenodd=3 lod=3..3 aspect=3 format=11 data=017C97A8
1054 pid=FFFF8AF7 t=673113 grTexDownloadMipMap#4787 tmu=0 addr=00067800 evenodd=3 lod=3..3 aspect=3 format=11 data=017C97A8
1055 pid=FFFF8AF7 t=673113 grTexDownloadMipMap#4788 tmu=0 addr=00068800 evenodd=3 lod=3..3 aspect=3 format=11 data=017C97A8
1056 pid=FFFF8AF7 t=673114 grTexDownloadMipMap#4789 tmu=0 addr=00069800 evenodd=3 lod=3..3 aspect=3 format=11 data=017C97A8
1057 pid=FFFF8AF7 t=673114 grTexDownloadMipMap#4790 tmu=0 addr=0006A800 evenodd=3 lod=3..3 aspect=3 format=11 data=017C97A8
1058 pid=FFFF8AF7 t=673114 grTexDownloadMipMap#4791 tmu=0 addr=0006B800 evenodd=3 lod=3..3 aspect=3 format=11 data=017C97A8
1059 pid=FFFF8AF7 t=673114 grTexDownloadMipMap#4792 tmu=0 addr=0006C800 evenodd=3 lod=3..3 aspect=3 format=11 data=017C97A8
1060 pid=FFFF8AF7 t=673115 grTexDownloadMipMap#4793 tmu=0 addr=0006D800 evenodd=3 lod=3..3 aspect=3 format=11 data=017C97A8
1061 pid=FFFF8AF7 t=673115 grTexDownloadMipMap#4794 tmu=0 addr=0006E800 evenodd=3 lod=3..3 aspect=3 format=11 data=017C97A8
1062 pid=FFFF8AF7 t=673115 grTexDownloadMipMap#4795 tmu=0 addr=0006F800 evenodd=3 lod=3..3 aspect=3 format=11 data=017C97A8
1063 pid=FFFF8AF7 t=673116 grTexDownloadMipMap#4796 tmu=0 addr=00070800 evenodd=3 lod=3..3 aspect=3 format=11 data=017C97A8
1064 pid=FFFF8AF7 t=673116 grTexDownloadMipMap#4797 tmu=0 addr=00071800 evenodd=3 lod=3..3 aspect=3 format=11 data=017C97A8
1065 pid=FFFF8AF7 t=673116 grTexDownloadMipMap#4798 tmu=0 addr=00072800 evenodd=3 lod=3..3 aspect=3 format=11 data=017C97A8
1066 pid=FFFF8AF7 t=673116 grTexDownloadMipMap#4799 tmu=0 addr=00073800 evenodd=3 lod=3..3 aspect=3 format=11 data=017C97A8
1067 pid=FFFF8AF7 t=673118 grTexDownloadMipMap#4800 tmu=0 addr=00074800 evenodd=3 lod=3..3 aspect=3 format=11 data=017C97A8
1068 pid=FFFF8AF7 t=673118 grTexDownloadMipMap#4801 tmu=0 addr=00075800 evenodd=3 lod=3..3 aspect=3 format=11 data=017C97A8
1069 pid=FFFF8AF7 t=673118 grTexDownloadMipMap#4802 tmu=0 addr=00076800 evenodd=3 lod=3..3 aspect=3 format=11 data=017C97A8
1070 pid=FFFF8AF7 t=673118 grTexDownloadMipMap#4803 tmu=0 addr=00077800 evenodd=3 lod=3..3 aspect=3 format=11 data=017C97A8
1071 pid=FFFF8AF7 t=673118 grTexDownloadMipMap#4804 tmu=0 addr=00078800 evenodd=3 lod=3..3 aspect=3 format=11 data=017C97A8
1072 pid=FFFF8AF7 t=673118 grTexDownloadMipMap#4805 tmu=0 addr=00079800 evenodd=3 lod=3..3 aspect=3 format=11 data=017C97A8
1073 pid=FFFF8AF7 t=673118 grTexDownloadMipMap#4806 tmu=0 addr=0007A800 evenodd=3 lod=3..3 aspect=3 format=11 data=017C97A8
1074 pid=FFFF8AF7 t=673118 grTexDownloadMipMap#4807 tmu=0 addr=0007B800 evenodd=3 lod=3..3 aspect=3 format=11 data=017C97A8
1075 pid=FFFF8AF7 t=673119 grTexDownloadMipMap#4808 tmu=0 addr=0007C800 evenodd=3 lod=3..3 aspect=3 format=11 data=017C97A8
1076 pid=FFFF8AF7 t=673119 grTexDownloadMipMap#4809 tmu=0 addr=0007D800 evenodd=3 lod=3..3 aspect=3 format=11 data=017C97A8
1077 pid=FFFF8AF7 t=673119 grTexDownloadMipMap#4810 tmu=0 addr=0007E800 evenodd=3 lod=3..3 aspect=3 format=11 data=017C97A8
1078 pid=FFFF8AF7 t=673120 grTexDownloadMipMap#4811 tmu=0 addr=0007F800 evenodd=3 lod=3..3 aspect=3 format=11 data=017C97A8
1079 pid=FFFF8AF7 t=673120 grTexDownloadMipMap#4812 tmu=0 addr=00080800 evenodd=3 lod=3..3 aspect=3 format=11 data=017C97A8
1080 pid=FFFF8AF7 t=673120 grTexDownloadMipMap#4813 tmu=0 addr=00081800 evenodd=3 lod=3..3 aspect=3 format=11 data=017C97A8
1081 pid=FFFF8AF7 t=673120 grTexDownloadMipMap#4814 tmu=0 addr=00082800 evenodd=3 lod=3..3 aspect=3 format=11 data=017C97A8
1082 pid=FFFF8AF7 t=673121 grTexDownloadMipMap#4815 tmu=0 addr=00083800 evenodd=3 lod=3..3 aspect=3 format=11 data=017C97A8
1083 pid=FFFF8AF7 t=673121 grTexDownloadMipMap#4816 tmu=0 addr=00084800 evenodd=3 lod=3..3 aspect=3 format=11 data=017C97A8
1084 pid=FFFF8AF7 t=673121 grTexDownloadMipMap#4817 tmu=0 addr=00085800 evenodd=3 lod=3..3 aspect=3 format=11 data=017C97A8
1085 pid=FFFF8AF7 t=673121 grTexDownloadMipMap#4818 tmu=0 addr=00086800 evenodd=3 lod=3..3 aspect=3 format=11 data=017C97A8
1086 pid=FFFF8AF7 t=673122 grTexDownloadMipMap#4819 tmu=0 addr=00087800 evenodd=3 lod=3..3 aspect=3 format=11 data=017C97A8
1087 pid=FFFF8AF7 t=673122 grTexDownloadMipMap#4820 tmu=0 addr=00088800 evenodd=3 lod=3..3 aspect=3 format=11 data=017C97A8
1088 pid=FFFF8AF7 t=673122 grTexDownloadMipMap#4821 tmu=0 addr=00089800 evenodd=3 lod=3..3 aspect=3 format=11 data=017C97A8
1089 pid=FFFF8AF7 t=673122 grTexDownloadMipMap#4822 tmu=0 addr=0008A800 evenodd=3 lod=3..3 aspect=3 format=11 data=017C97A8
1090 pid=FFFF8AF7 t=673123 grTexDownloadMipMap#4823 tmu=0 addr=0008B800 evenodd=3 lod=3..3 aspect=3 format=11 data=017C97A8
1091 pid=FFFF8AF7 t=673123 grTexDownloadMipMap#4824 tmu=0 addr=0008C800 evenodd=3 lod=3..3 aspect=3 format=11 data=017C97A8
1092 pid=FFFF8AF7 t=673123 grTexDownloadMipMap#4825 tmu=0 addr=0008D800 evenodd=3 lod=3..3 aspect=3 format=11 data=017C97A8
1093 pid=FFFF8AF7 t=673123 grTexDownloadMipMap#4826 tmu=0 addr=0008E800 evenodd=3 lod=3..3 aspect=3 format=11 data=017C97A8
1094 pid=FFFF8AF7 t=673124 grTexDownloadMipMap#4827 tmu=0 addr=0008F800 evenodd=3 lod=3..3 aspect=3 format=11 data=017C97A8
1095 pid=FFFF8AF7 t=673124 grTexDownloadMipMap#4828 tmu=0 addr=00090800 evenodd=3 lod=3..3 aspect=3 format=11 data=017C97A8
1096 pid=FFFF8AF7 t=673124 grTexDownloadMipMap#4829 tmu=0 addr=00091800 evenodd=3 lod=3..3 aspect=3 format=11 data=017C97A8
1097 pid=FFFF8AF7 t=673124 grTexDownloadMipMap#4830 tmu=0 addr=00092800 evenodd=3 lod=3..3 aspect=3 format=11 data=017C97A8
1098 pid=FFFF8AF7 t=673126 grTexDownloadMipMap#4831 tmu=0 addr=00093800 evenodd=3 lod=3..3 aspect=3 format=11 data=017C97A8
1099 pid=FFFF8AF7 t=673126 grTexDownloadMipMap#4832 tmu=0 addr=00094800 evenodd=3 lod=3..3 aspect=3 format=11 data=017C97A8
1100 pid=FFFF8AF7 t=673126 grTexDownloadMipMap#4833 tmu=0 addr=00095800 evenodd=3 lod=3..3 aspect=3 format=11 data=017C97A8
1101 pid=FFFF8AF7 t=673126 grTexDownloadMipMap#4834 tmu=0 addr=00096800 evenodd=3 lod=3..3 aspect=3 format=11 data=017C97A8
1102 pid=FFFF8AF7 t=673126 grTexDownloadMipMap#4835 tmu=0 addr=00097800 evenodd=3 lod=3..3 aspect=3 format=11 data=017C97A8
1103 pid=FFFF8AF7 t=673126 grTexDownloadMipMap#4836 tmu=0 addr=00098800 evenodd=3 lod=3..3 aspect=3 format=11 data=017C97A8
1104 pid=FFFF8AF7 t=673126 grTexDownloadMipMap#4837 tmu=0 addr=00099800 evenodd=3 lod=3..3 aspect=3 format=11 data=017C97A8
1105 pid=FFFF8AF7 t=673127 grTexDownloadMipMap#4838 tmu=0 addr=0009A800 evenodd=3 lod=3..3 aspect=3 format=11 data=017C97A8
1106 pid=FFFF8AF7 t=673127 grTexDownloadMipMap#4839 tmu=0 addr=0009B800 evenodd=3 lod=3..3 aspect=3 format=11 data=017C97A8
1107 pid=FFFF8AF7 t=673127 grTexDownloadMipMap#4840 tmu=0 addr=0009C800 evenodd=3 lod=3..3 aspect=3 format=11 data=017C97A8
1108 pid=FFFF8AF7 t=673127 grTexDownloadMipMap#4841 tmu=0 addr=0009D800 evenodd=3 lod=3..3 aspect=3 format=11 data=017C97A8
1109 pid=FFFF8AF7 t=673128 grTexDownloadMipMap#4842 tmu=0 addr=0009E800 evenodd=3 lod=3..3 aspect=3 format=11 data=017C97A8
1110 pid=FFFF8AF7 t=673128 grTexDownloadMipMap#4843 tmu=0 addr=0009F800 evenodd=3 lod=3..3 aspect=3 format=11 data=017C97A8
1111 pid=FFFF8AF7 t=673128 grTexDownloadMipMap#4844 tmu=0 addr=000A0800 evenodd=3 lod=3..3 aspect=3 format=11 data=017C97A8
1112 pid=FFFF8AF7 t=673128 grTexDownloadMipMap#4845 tmu=0 addr=000A1800 evenodd=3 lod=3..3 aspect=3 format=11 data=017C97A8
1113 pid=FFFF8AF7 t=673129 grTexDownloadMipMap#4846 tmu=0 addr=000A2800 evenodd=3 lod=3..3 aspect=3 format=11 data=017C97A8
1114 pid=FFFF8AF7 t=673129 grTexDownloadMipMap#4847 tmu=0 addr=000A3800 evenodd=3 lod=3..3 aspect=3 format=11 data=017C97A8
1115 pid=FFFF8AF7 t=673129 grTexDownloadMipMap#4848 tmu=0 addr=000A4800 evenodd=3 lod=3..3 aspect=3 format=11 data=017C97A8
1116 pid=FFFF8AF7 t=673129 grTexDownloadMipMap#4849 tmu=0 addr=000A5800 evenodd=3 lod=3..3 aspect=3 format=11 data=017C97A8
1117 pid=FFFF8AF7 t=673130 grTexDownloadMipMap#4850 tmu=0 addr=000A6800 evenodd=3 lod=3..3 aspect=3 format=11 data=017C97A8
1118 pid=FFFF8AF7 t=673130 grTexDownloadMipMap#4851 tmu=0 addr=000A7800 evenodd=3 lod=3..3 aspect=3 format=11 data=017C97A8
1119 pid=FFFF8AF7 t=673130 grTexDownloadMipMap#4852 tmu=0 addr=000A8800 evenodd=3 lod=3..3 aspect=3 format=11 data=017C97A8
1120 pid=FFFF8AF7 t=673131 grTexDownloadMipMap#4853 tmu=0 addr=000A9800 evenodd=3 lod=3..3 aspect=3 format=11 data=017C97A8
1121 pid=FFFF8AF7 t=673131 grTexDownloadMipMap#4854 tmu=0 addr=000AA800 evenodd=3 lod=3..3 aspect=3 format=11 data=017C97A8
1122 pid=FFFF8AF7 t=673131 grTexDownloadMipMap#4855 tmu=0 addr=000AB800 evenodd=3 lod=3..3 aspect=3 format=11 data=017C97A8
1123 pid=FFFF8AF7 t=673131 grTexDownloadMipMap#4856 tmu=0 addr=000AC800 evenodd=3 lod=3..3 aspect=3 format=11 data=017C97A8
1124 pid=FFFF8AF7 t=673132 grTexDownloadMipMap#4857 tmu=0 addr=000AD800 evenodd=3 lod=3..3 aspect=3 format=11 data=017C97A8
1125 pid=FFFF8AF7 t=673132 grTexDownloadMipMap#4858 tmu=0 addr=000AE800 evenodd=3 lod=3..3 aspect=3 format=11 data=017C97A8
1126 pid=FFFF8AF7 t=673132 grTexDownloadMipMap#4859 tmu=0 addr=000AF800 evenodd=3 lod=3..3 aspect=3 format=11 data=017C97A8
1127 pid=FFFF8AF7 t=673132 grTexDownloadMipMap#4860 tmu=0 addr=000B0800 evenodd=3 lod=3..3 aspect=3 format=11 data=017C97A8
1128 pid=FFFF8AF7 t=673134 grTexDownloadMipMap#4861 tmu=0 addr=000B1800 evenodd=3 lod=3..3 aspect=3 format=11 data=017C97A8
1129 pid=FFFF8AF7 t=673134 grTexDownloadMipMap#4862 tmu=0 addr=000B2800 evenodd=3 lod=3..3 aspect=3 format=11 data=017C97A8
1130 pid=FFFF8AF7 t=673134 grTexDownloadMipMap#4863 tmu=0 addr=000B3800 evenodd=3 lod=3..3 aspect=3 format=11 data=017C97A8
1131 pid=FFFF8AF7 t=673134 grTexDownloadMipMap#4864 tmu=0 addr=000B4800 evenodd=3 lod=3..3 aspect=3 format=11 data=017C97A8
1132 pid=FFFF8AF7 t=673134 grTexDownloadMipMap#4865 tmu=0 addr=000B5800 evenodd=3 lod=3..3 aspect=3 format=11 data=017C97A8
1133 pid=FFFF8AF7 t=673134 grTexDownloadMipMap#4866 tmu=0 addr=000B6800 evenodd=3 lod=3..3 aspect=3 format=11 data=017C97A8
1134 pid=FFFF8AF7 t=673134 grTexDownloadMipMap#4867 tmu=0 addr=000B7800 evenodd=3 lod=3..3 aspect=3 format=11 data=017C97A8
1135 pid=FFFF8AF7 t=673135 grTexDownloadMipMap#4868 tmu=0 addr=000B8800 evenodd=3 lod=3..3 aspect=3 format=11 data=017C97A8
1136 pid=FFFF8AF7 t=673135 grTexDownloadMipMap#4869 tmu=0 addr=000B9800 evenodd=3 lod=3..3 aspect=3 format=11 data=017C97A8
1137 pid=FFFF8AF7 t=673135 grTexDownloadMipMap#4870 tmu=0 addr=000BA800 evenodd=3 lod=3..3 aspect=3 format=11 data=017C97A8
1138 pid=FFFF8AF7 t=673135 grTexDownloadMipMap#4871 tmu=0 addr=000BB800 evenodd=3 lod=3..3 aspect=3 format=11 data=017C97A8
1139 pid=FFFF8AF7 t=673136 grTexDownloadMipMap#4872 tmu=0 addr=000BC800 evenodd=3 lod=3..3 aspect=3 format=11 data=017C97A8
1140 pid=FFFF8AF7 t=673136 grTexDownloadMipMap#4873 tmu=0 addr=000BD800 evenodd=3 lod=3..3 aspect=3 format=11 data=017C97A8
1141 pid=FFFF8AF7 t=673136 grTexDownloadMipMap#4874 tmu=0 addr=000BE800 evenodd=3 lod=3..3 aspect=3 format=11 data=017C97A8
1142 pid=FFFF8AF7 t=673136 grTexDownloadMipMap#4875 tmu=0 addr=000BF800 evenodd=3 lod=3..3 aspect=3 format=11 data=017C97A8
1143 pid=FFFF8AF7 t=673137 grTexDownloadMipMap#4876 tmu=0 addr=000C0800 evenodd=3 lod=3..3 aspect=3 format=11 data=017C97A8
1144 pid=FFFF8AF7 t=673137 grTexDownloadMipMap#4877 tmu=0 addr=000C1800 evenodd=3 lod=3..3 aspect=3 format=11 data=017C97A8
1145 pid=FFFF8AF7 t=673137 grTexDownloadMipMap#4878 tmu=0 addr=000C2800 evenodd=3 lod=3..3 aspect=3 format=11 data=017C97A8
1146 pid=FFFF8AF7 t=673137 grTexDownloadMipMap#4879 tmu=0 addr=000C3800 evenodd=3 lod=3..3 aspect=3 format=11 data=017C97A8
1147 pid=FFFF8AF7 t=673138 grTexDownloadMipMap#4880 tmu=0 addr=000C4800 evenodd=3 lod=3..3 aspect=3 format=11 data=017C97A8
1148 pid=FFFF8AF7 t=673138 grTexDownloadMipMap#4881 tmu=0 addr=000C5800 evenodd=3 lod=3..3 aspect=3 format=11 data=017C97A8
1149 pid=FFFF8AF7 t=673138 grTexDownloadMipMap#4882 tmu=0 addr=000C6800 evenodd=3 lod=3..3 aspect=3 format=11 data=017C97A8
1150 pid=FFFF8AF7 t=673139 grTexDownloadMipMap#4883 tmu=0 addr=000C7800 evenodd=3 lod=3..3 aspect=3 format=11 data=017C97A8
1151 pid=FFFF8AF7 t=673139 grTexDownloadMipMap#4884 tmu=0 addr=000C8800 evenodd=3 lod=3..3 aspect=3 format=11 data=017C97A8
1152 pid=FFFF8AF7 t=673139 grTexDownloadMipMap#4885 tmu=0 addr=000C9800 evenodd=3 lod=3..3 aspect=3 format=11 data=017C97A8
1153 pid=FFFF8AF7 t=673139 grTexDownloadMipMap#4886 tmu=0 addr=000CA800 evenodd=3 lod=3..3 aspect=3 format=11 data=017C97A8
1154 pid=FFFF8AF7 t=673140 grTexDownloadMipMap#4887 tmu=0 addr=000CB800 evenodd=3 lod=3..3 aspect=3 format=11 data=017C97A8
1155 pid=FFFF8AF7 t=673140 grTexDownloadMipMap#4888 tmu=0 addr=000CC800 evenodd=3 lod=3..3 aspect=3 format=11 data=017C97A8
1156 pid=FFFF8AF7 t=673140 grTexDownloadMipMap#4889 tmu=0 addr=000CD800 evenodd=3 lod=3..3 aspect=3 format=11 data=017C97A8
1157 pid=FFFF8AF7 t=673140 grTexDownloadMipMap#4890 tmu=0 addr=000CE800 evenodd=3 lod=3..3 aspect=3 format=11 data=017C97A8
1158 pid=FFFF8AF7 t=673142 grTexDownloadMipMap#4891 tmu=0 addr=000CF800 evenodd=3 lod=3..3 aspect=3 format=11 data=017C97A8
1159 pid=FFFF8AF7 t=673142 grTexDownloadMipMap#4892 tmu=0 addr=000D0800 evenodd=3 lod=3..3 aspect=3 format=11 data=017C97A8
1160 pid=FFFF8AF7 t=673142 grTexDownloadMipMap#4893 tmu=0 addr=000D1800 evenodd=3 lod=3..3 aspect=3 format=11 data=017C97A8
1161 pid=FFFF8AF7 t=673142 grTexDownloadMipMap#4894 tmu=0 addr=000D2800 evenodd=3 lod=3..3 aspect=3 format=11 data=017C97A8
1162 pid=FFFF8AF7 t=673142 grTexDownloadMipMap#4895 tmu=0 addr=000D3800 evenodd=3 lod=3..3 aspect=3 format=11 data=017C97A8
1163 pid=FFFF8AF7 t=673142 grTexDownloadMipMap#4896 tmu=0 addr=000D4800 evenodd=3 lod=3..3 aspect=3 format=11 data=017C97A8
1164 pid=FFFF8AF7 t=673142 grTexDownloadMipMap#4897 tmu=0 addr=000D5800 evenodd=3 lod=3..3 aspect=3 format=11 data=017C97A8
1165 pid=FFFF8AF7 t=673143 grTexDownloadMipMap#4898 tmu=0 addr=000D6800 evenodd=3 lod=3..3 aspect=3 format=11 data=017C97A8
1166 pid=FFFF8AF7 t=673143 grTexDownloadMipMap#4899 tmu=0 addr=000D7800 evenodd=3 lod=3..3 aspect=3 format=11 data=017C97A8
1167 pid=FFFF8AF7 t=673143 grTexDownloadMipMap#4900 tmu=0 addr=000D8800 evenodd=3 lod=3..3 aspect=3 format=11 data=017C97A8
1168 pid=FFFF8AF7 t=673143 grTexDownloadMipMap#4901 tmu=0 addr=000D9800 evenodd=3 lod=3..3 aspect=3 format=11 data=017C97A8
1169 pid=FFFF8AF7 t=673144 grTexDownloadMipMap#4902 tmu=0 addr=000DA800 evenodd=3 lod=3..3 aspect=3 format=11 data=017C97A8
1170 pid=FFFF8AF7 t=673144 grTexDownloadMipMap#4903 tmu=0 addr=000DB800 evenodd=3 lod=3..3 aspect=3 format=11 data=017C97A8
1171 pid=FFFF8AF7 t=673144 grTexDownloadMipMap#4904 tmu=0 addr=000DC800 evenodd=3 lod=3..3 aspect=3 format=11 data=017C97A8
1172 pid=FFFF8AF7 t=673144 grTexDownloadMipMap#4905 tmu=0 addr=000DD800 evenodd=3 lod=3..3 aspect=3 format=11 data=017C97A8
1173 pid=FFFF8AF7 t=673145 grTexDownloadMipMap#4906 tmu=0 addr=000DE800 evenodd=3 lod=3..3 aspect=3 format=11 data=017C97A8
1174 pid=FFFF8AF7 t=673145 grTexDownloadMipMap#4907 tmu=0 addr=000DF800 evenodd=3 lod=3..3 aspect=3 format=11 data=017C97A8
1175 pid=FFFF8AF7 t=673145 grTexDownloadMipMap#4908 tmu=0 addr=000E0800 evenodd=3 lod=3..3 aspect=3 format=11 data=017C97A8
1176 pid=FFFF8AF7 t=673145 grTexDownloadMipMap#4909 tmu=0 addr=000E1800 evenodd=3 lod=3..3 aspect=3 format=11 data=017C97A8
1177 pid=FFFF8AF7 t=673146 grTexDownloadMipMap#4910 tmu=0 addr=000E2800 evenodd=3 lod=3..3 aspect=3 format=11 data=017C97A8
1178 pid=FFFF8AF7 t=673146 grTexDownloadMipMap#4911 tmu=0 addr=000E3800 evenodd=3 lod=3..3 aspect=3 format=11 data=017C97A8
1179 pid=FFFF8AF7 t=673146 grTexDownloadMipMap#4912 tmu=0 addr=000E4800 evenodd=3 lod=3..3 aspect=3 format=11 data=017C97A8
1180 pid=FFFF8AF7 t=673147 grTexDownloadMipMap#4913 tmu=0 addr=000E5800 evenodd=3 lod=3..3 aspect=3 format=11 data=017C97A8
1181 pid=FFFF8AF7 t=673147 grTexDownloadMipMap#4914 tmu=0 addr=000E6800 evenodd=3 lod=3..3 aspect=3 format=11 data=017C97A8
1182 pid=FFFF8AF7 t=673147 grTexDownloadMipMap#4915 tmu=0 addr=000E7800 evenodd=3 lod=3..3 aspect=3 format=11 data=017C97A8
1183 pid=FFFF8AF7 t=673147 grTexDownloadMipMap#4916 tmu=0 addr=000E8800 evenodd=3 lod=3..3 aspect=3 format=11 data=017C97A8
1184 pid=FFFF8AF7 t=673148 grTexDownloadMipMap#4917 tmu=0 addr=000E9800 evenodd=3 lod=3..3 aspect=3 format=11 data=017C97A8
1185 pid=FFFF8AF7 t=673148 grTexDownloadMipMap#4918 tmu=0 addr=000EA800 evenodd=3 lod=3..3 aspect=3 format=11 data=017C97A8
1186 pid=FFFF8AF7 t=673148 grTexDownloadMipMap#4919 tmu=0 addr=000EB800 evenodd=3 lod=3..3 aspect=3 format=11 data=017C97A8
1187 pid=FFFF8AF7 t=673148 grTexDownloadMipMap#4920 tmu=0 addr=000EC800 evenodd=3 lod=3..3 aspect=3 format=11 data=017C97A8
1188 pid=FFFF8AF7 t=673149 grTexDownloadMipMap#4921 tmu=0 addr=000ED800 evenodd=3 lod=3..3 aspect=3 format=11 data=017C97A8
1189 pid=FFFF8AF7 t=673149 grTexDownloadMipMap#4922 tmu=0 addr=000EE800 evenodd=3 lod=3..3 aspect=3 format=11 data=017C97A8
1190 pid=FFFF8AF7 t=673149 grTexDownloadMipMap#4923 tmu=0 addr=000EF800 evenodd=3 lod=3..3 aspect=3 format=11 data=017C97A8
1191 pid=FFFF8AF7 t=673149 grTexDownloadMipMap#4924 tmu=0 addr=000F0800 evenodd=3 lod=3..3 aspect=3 format=11 data=017C97A8
1192 pid=FFFF8AF7 t=673151 grTexDownloadMipMap#4925 tmu=0 addr=000F1800 evenodd=3 lod=3..3 aspect=3 format=11 data=017C97A8
1193 pid=FFFF8AF7 t=673151 grTexDownloadMipMap#4926 tmu=0 addr=000F2800 evenodd=3 lod=3..3 aspect=3 format=11 data=017C97A8
1194 pid=FFFF8AF7 t=673151 grTexDownloadMipMap#4927 tmu=0 addr=000F3800 evenodd=3 lod=3..3 aspect=3 format=11 data=017C97A8
1195 pid=FFFF8AF7 t=673151 grTexDownloadMipMap#4928 tmu=0 addr=000F4800 evenodd=3 lod=3..3 aspect=3 format=11 data=017C97A8
1196 pid=FFFF8AF7 t=673151 grTexDownloadMipMap#4929 tmu=0 addr=000F5800 evenodd=3 lod=3..3 aspect=3 format=11 data=017C97A8
1197 pid=FFFF8AF7 t=673151 grTexDownloadMipMap#4930 tmu=0 addr=000F6800 evenodd=3 lod=3..3 aspect=3 format=11 data=017C97A8
1198 pid=FFFF8AF7 t=673151 grTexDownloadMipMap#4931 tmu=0 addr=000F7800 evenodd=3 lod=3..3 aspect=3 format=11 data=017C97A8
1199 pid=FFFF8AF7 t=673152 grTexDownloadMipMap#4932 tmu=0 addr=000F8800 evenodd=3 lod=3..3 aspect=3 format=11 data=017C97A8
1200 pid=FFFF8AF7 t=673152 grTexDownloadMipMap#4933 tmu=0 addr=000F9800 evenodd=3 lod=3..3 aspect=3 format=11 data=017C97A8
1201 pid=FFFF8AF7 t=673152 grTexDownloadMipMap#4934 tmu=0 addr=000FA800 evenodd=3 lod=3..3 aspect=3 format=11 data=017C97A8
1202 pid=FFFF8AF7 t=673153 grTexDownloadMipMap#4935 tmu=0 addr=000FB800 evenodd=3 lod=3..3 aspect=3 format=11 data=017C97A8
1203 pid=FFFF8AF7 t=673153 grTexDownloadMipMap#4936 tmu=0 addr=000FC800 evenodd=3 lod=3..3 aspect=3 format=11 data=017C97A8
1204 pid=FFFF8AF7 t=673153 grTexDownloadMipMap#4937 tmu=0 addr=000FD800 evenodd=3 lod=3..3 aspect=3 format=11 data=017C97A8
1205 pid=FFFF8AF7 t=673153 grTexDownloadMipMap#4938 tmu=0 addr=000FE800 evenodd=3 lod=3..3 aspect=3 format=11 data=017C97A8
1206 pid=FFFF8AF7 t=673154 grTexDownloadMipMap#4939 tmu=0 addr=000FF800 evenodd=3 lod=3..3 aspect=3 format=11 data=017C97A8
1207 pid=FFFF8AF7 t=673154 grTexDownloadMipMap#4940 tmu=0 addr=00100800 evenodd=3 lod=3..3 aspect=3 format=11 data=017C97A8
1208 pid=FFFF8AF7 t=673154 grTexDownloadMipMap#4941 tmu=0 addr=00101800 evenodd=3 lod=3..3 aspect=3 format=11 data=017C97A8
1209 pid=FFFF8AF7 t=673154 grTexDownloadMipMap#4942 tmu=0 addr=00102800 evenodd=3 lod=3..3 aspect=3 format=11 data=017C97A8
1210 pid=FFFF8AF7 t=673155 grTexDownloadMipMap#4943 tmu=0 addr=00103800 evenodd=3 lod=3..3 aspect=3 format=11 data=017C97A8
1211 pid=FFFF8AF7 t=673155 grTexDownloadMipMap#4944 tmu=0 addr=00104800 evenodd=3 lod=3..3 aspect=3 format=11 data=017C97A8
1212 pid=FFFF8AF7 t=673155 grTexDownloadMipMap#4945 tmu=0 addr=00105800 evenodd=3 lod=3..3 aspect=3 format=11 data=017C97A8
1213 pid=FFFF8AF7 t=673155 grTexDownloadMipMap#4946 tmu=0 addr=00106800 evenodd=3 lod=3..3 aspect=3 format=11 data=017C97A8
1214 pid=FFFF8AF7 t=673156 grTexDownloadMipMap#4947 tmu=0 addr=00107800 evenodd=3 lod=3..3 aspect=3 format=11 data=017C97A8
1215 pid=FFFF8AF7 t=673156 grTexDownloadMipMap#4948 tmu=0 addr=00108800 evenodd=3 lod=3..3 aspect=3 format=11 data=017C97A8
1216 pid=FFFF8AF7 t=673156 grTexDownloadMipMap#4949 tmu=0 addr=00109800 evenodd=3 lod=3..3 aspect=3 format=11 data=017C97A8
1217 pid=FFFF8AF7 t=673156 grTexDownloadMipMap#4950 tmu=0 addr=0010A800 evenodd=3 lod=3..3 aspect=3 format=11 data=017C97A8
1218 pid=FFFF8AF7 t=673158 grTexDownloadMipMap#4951 tmu=0 addr=0010B800 evenodd=3 lod=3..3 aspect=3 format=11 data=017C97A8
1219 pid=FFFF8AF7 t=673158 grTexDownloadMipMap#4952 tmu=0 addr=0010C800 evenodd=3 lod=3..3 aspect=3 format=11 data=017C97A8
1220 pid=FFFF8AF7 t=673158 grTexDownloadMipMap#4953 tmu=0 addr=0010D800 evenodd=3 lod=3..3 aspect=3 format=11 data=017C97A8
1221 pid=FFFF8AF7 t=673158 grTexDownloadMipMap#4954 tmu=0 addr=0010E800 evenodd=3 lod=3..3 aspect=3 format=11 data=017C97A8
1222 pid=FFFF8AF7 t=673158 grTexDownloadMipMap#4955 tmu=0 addr=0010F800 evenodd=3 lod=3..3 aspect=3 format=11 data=017C97A8
1223 pid=FFFF8AF7 t=673158 grTexDownloadMipMap#4956 tmu=0 addr=00110800 evenodd=3 lod=3..3 aspect=3 format=11 data=017C97A8
1224 pid=FFFF8AF7 t=673158 grTexDownloadMipMap#4957 tmu=0 addr=00111800 evenodd=3 lod=3..3 aspect=3 format=11 data=017C97A8
1225 pid=FFFF8AF7 t=673159 grTexDownloadMipMap#4958 tmu=0 addr=00112800 evenodd=3 lod=3..3 aspect=3 format=11 data=017C97A8
1226 pid=FFFF8AF7 t=673159 grTexDownloadMipMap#4959 tmu=0 addr=00113800 evenodd=3 lod=3..3 aspect=3 format=11 data=017C97A8
1227 pid=FFFF8AF7 t=673159 grTexDownloadMipMap#4960 tmu=0 addr=00114800 evenodd=3 lod=3..3 aspect=3 format=11 data=017C97A8
1228 pid=FFFF8AF7 t=673159 grTexDownloadMipMap#4961 tmu=0 addr=00115800 evenodd=3 lod=3..3 aspect=3 format=11 data=017C97A8
1229 pid=FFFF8AF7 t=673160 grTexDownloadMipMap#4962 tmu=0 addr=00116800 evenodd=3 lod=3..3 aspect=3 format=11 data=017C97A8
1230 pid=FFFF8AF7 t=673160 grTexDownloadMipMap#4963 tmu=0 addr=00117800 evenodd=3 lod=3..3 aspect=3 format=11 data=017C97A8
1231 pid=FFFF8AF7 t=673160 grTexDownloadMipMap#4964 tmu=0 addr=00118800 evenodd=3 lod=3..3 aspect=3 format=11 data=017C97A8
1232 pid=FFFF8AF7 t=673161 grTexDownloadMipMap#4965 tmu=0 addr=00119800 evenodd=3 lod=3..3 aspect=3 format=11 data=017C97A8
1233 pid=FFFF8AF7 t=673161 grTexDownloadMipMap#4966 tmu=0 addr=0011A800 evenodd=3 lod=3..3 aspect=3 format=11 data=017C97A8
1234 pid=FFFF8AF7 t=673161 grTexDownloadMipMap#4967 tmu=0 addr=0011B800 evenodd=3 lod=3..3 aspect=3 format=11 data=017C97A8
1235 pid=FFFF8AF7 t=673161 grTexDownloadMipMap#4968 tmu=0 addr=0011C800 evenodd=3 lod=3..3 aspect=3 format=11 data=017C97A8
1236 pid=FFFF8AF7 t=673162 grTexDownloadMipMap#4969 tmu=0 addr=0011D800 evenodd=3 lod=3..3 aspect=3 format=11 data=017C97A8
1237 pid=FFFF8AF7 t=673162 grTexDownloadMipMap#4970 tmu=0 addr=0011E800 evenodd=3 lod=3..3 aspect=3 format=11 data=017C97A8
1238 pid=FFFF8AF7 t=673162 grTexDownloadMipMap#4971 tmu=0 addr=0011F800 evenodd=3 lod=3..3 aspect=3 format=11 data=017C97A8
1239 pid=FFFF8AF7 t=673162 grTexDownloadMipMap#4972 tmu=0 addr=00120800 evenodd=3 lod=3..3 aspect=3 format=11 data=017C97A8
1240 pid=FFFF8AF7 t=673163 grTexDownloadMipMap#4973 tmu=0 addr=00121800 evenodd=3 lod=3..3 aspect=3 format=11 data=017C97A8
1241 pid=FFFF8AF7 t=673163 grTexDownloadMipMap#4974 tmu=0 addr=00122800 evenodd=3 lod=3..3 aspect=3 format=11 data=017C97A8
1242 pid=FFFF8AF7 t=673163 grTexDownloadMipMap#4975 tmu=0 addr=00123800 evenodd=3 lod=3..3 aspect=3 format=11 data=017C97A8
1243 pid=FFFF8AF7 t=673163 grTexDownloadMipMap#4976 tmu=0 addr=00124800 evenodd=3 lod=3..3 aspect=3 format=11 data=017C97A8
1244 pid=FFFF8AF7 t=673165 grTexDownloadMipMap#4977 tmu=0 addr=00125800 evenodd=3 lod=3..3 aspect=3 format=11 data=017C97A8
1245 pid=FFFF8AF7 t=673165 grTexDownloadMipMap#4978 tmu=0 addr=00126800 evenodd=3 lod=3..3 aspect=3 format=11 data=017C97A8
1246 pid=FFFF8AF7 t=673165 grTexDownloadMipMap#4979 tmu=0 addr=00127800 evenodd=3 lod=3..3 aspect=3 format=11 data=017C97A8
1247 pid=FFFF8AF7 t=673165 grTexDownloadMipMap#4980 tmu=0 addr=00128800 evenodd=3 lod=3..3 aspect=3 format=11 data=017C97A8
1248 pid=FFFF8AF7 t=673165 grTexDownloadMipMap#4981 tmu=0 addr=00129800 evenodd=3 lod=3..3 aspect=3 format=11 data=017C97A8
1249 pid=FFFF8AF7 t=673165 grTexDownloadMipMap#4982 tmu=0 addr=0012A800 evenodd=3 lod=3..3 aspect=3 format=11 data=017C97A8
1250 pid=FFFF8AF7 t=673166 grTexDownloadMipMap#4983 tmu=0 addr=0012B800 evenodd=3 lod=3..3 aspect=3 format=11 data=017C97A8
1251 pid=FFFF8AF7 t=673166 grSstIdle#10 
1252 pid=FFFF8AF7 t=673322 census periodic swaps=208
1253 pid=FFFF8AF7 t=673322 census   draws: drawn=9360 refused=0 culled=0 skipped-textured=0
1254 pid=FFFF8AF7 t=673322 census   draws: fog-dropped=0 uploads=3417 surface-hits=1263 evictions=2846
1255 pid=FFFF8AF7 t=673322 census   grAlphaBlendFunction calls=1 lines=1
1256 pid=FFFF8AF7 t=673322 census   grAlphaCombine calls=2 lines=2
1257 pid=FFFF8AF7 t=673322 census   grAlphaTestFunction calls=1 lines=1
1258 pid=FFFF8AF7 t=673322 census   grAlphaTestReferenceValue calls=1 lines=1
1259 pid=FFFF8AF7 t=673322 census   grBufferClear calls=215 lines=10
1260 pid=FFFF8AF7 t=673322 census   grBufferSwap calls=208 lines=24
1261 pid=FFFF8AF7 t=673322 census   grChromakeyMode calls=2 lines=2
1262 pid=FFFF8AF7 t=673322 census   grChromakeyValue calls=1 lines=1
1263 pid=FFFF8AF7 t=673322 census   grColorCombine calls=2 lines=2
1264 pid=FFFF8AF7 t=673322 census   grCullMode calls=3 lines=3
1265 pid=FFFF8AF7 t=673322 census   grDepthBufferFunction calls=2 lines=2
1266 pid=FFFF8AF7 t=673322 census   grDepthBufferMode calls=2 lines=2
1267 pid=FFFF8AF7 t=673322 census   grDepthMask calls=2 lines=2
1268 pid=FFFF8AF7 t=673322 census   grDitherMode calls=1 lines=1
1269 pid=FFFF8AF7 t=673322 census   grDrawTriangle calls=9360 lines=320
1270 pid=FFFF8AF7 t=673322 census   grFogColorValue calls=1 lines=1
1271 pid=FFFF8AF7 t=673322 census   grFogMode calls=1 lines=1
1272 pid=FFFF8AF7 t=673322 census   grGammaCorrectionValue calls=3 lines=3
1273 pid=FFFF8AF7 t=673322 census   grGlideInit calls=1 lines=1
1274 pid=FFFF8AF7 t=673322 census   grLfbLock calls=4 lines=4
1275 pid=FFFF8AF7 t=673322 census   grLfbUnlock calls=4 lines=4
1276 pid=FFFF8AF7 t=673322 census   grRenderBuffer calls=218 lines=13
1277 pid=FFFF8AF7 t=673322 census   grSstIdle calls=10 lines=10
1278 pid=FFFF8AF7 t=673322 census   grSstQueryHardware calls=1 lines=1
1279 pid=FFFF8AF7 t=673322 census   grSstSelect calls=1 lines=1
1280 pid=FFFF8AF7 t=673322 census   grSstWinOpen calls=1 lines=1
1281 pid=FFFF8AF7 t=673322 census   grTexCalcMemRequired calls=733 lines=26
1282 pid=FFFF8AF7 t=673322 census   grTexClampMode calls=1 lines=1
1283 pid=FFFF8AF7 t=673322 census   grTexCombine calls=1 lines=1
1284 pid=FFFF8AF7 t=673323 census   grTexCombineFunction calls=1 lines=1
1285 pid=FFFF8AF7 t=673323 census   grTexDownloadMipMap calls=5283 lines=664
1286 pid=FFFF8AF7 t=673323 census   grTexFilterMode calls=2 lines=2
1287 pid=FFFF8AF7 t=673323 census   grTexMaxAddress calls=733 lines=22
1288 pid=FFFF8AF7 t=673323 census   grTexMinAddress calls=6 lines=4
1289 pid=FFFF8AF7 t=673323 census   grTexMipMapMode calls=1 lines=1
1290 pid=FFFF8AF7 t=673323 census   grTexSource calls=4680 lines=61
1291 pid=FFFF8AF7 t=673323 grSstIdle#11 
1292 pid=FFFF8AF7 t=673600 grTexSource#4681 tmu=0 addr=00000800 evenodd=3 lod=3..3 aspect=3 format=11
1293 pid=FFFF8AF7 t=673601 grTexSource#4682 tmu=0 addr=00001800 evenodd=3 lod=3..3 aspect=3 format=11
1294 pid=FFFF8AF7 t=673601 grTexSource#4683 tmu=0 addr=00002800 evenodd=3 lod=3..3 aspect=3 format=11
1295 pid=FFFF8AF7 t=673601 grTexSource#4684 tmu=0 addr=00003800 evenodd=3 lod=3..3 aspect=3 format=11
1296 pid=FFFF8AF7 t=673601 grTexSource#4685 tmu=0 addr=00004800 evenodd=3 lod=3..3 aspect=3 format=11
1297 pid=FFFF8AF7 t=673603 grTexSource#4686 tmu=0 addr=00005800 evenodd=3 lod=3..3 aspect=3 format=11
1298 pid=FFFF8AF7 t=673603 grTexSource#4687 tmu=0 addr=00006800 evenodd=3 lod=3..3 aspect=3 format=11
1299 pid=FFFF8AF7 t=673603 grTexSource#4688 tmu=0 addr=00007800 evenodd=3 lod=3..3 aspect=3 format=11
1300 pid=FFFF8AF7 t=673603 grTexSource#4689 tmu=0 addr=00008800 evenodd=3 lod=3..3 aspect=3 format=11
1301 pid=FFFF8AF7 t=673603 grTexSource#4690 tmu=0 addr=00009800 evenodd=3 lod=3..3 aspect=3 format=11
1302 pid=FFFF8AF7 t=673603 grTexSource#4691 tmu=0 addr=0000A800 evenodd=3 lod=3..3 aspect=3 format=11
1303 pid=FFFF8AF7 t=673604 grTexSource#4692 tmu=0 addr=0000B800 evenodd=3 lod=3..3 aspect=3 format=11
1304 pid=FFFF8AF7 t=673604 grTexSource#4693 tmu=0 addr=0000C800 evenodd=3 lod=3..3 aspect=3 format=11
1305 pid=FFFF8AF7 t=673605 grTexSource#4694 tmu=0 addr=0000D800 evenodd=3 lod=3..3 aspect=3 format=11
1306 pid=FFFF8AF7 t=673605 grTexSource#4695 tmu=0 addr=0000E800 evenodd=3 lod=3..3 aspect=3 format=11
1307 pid=FFFF8AF7 t=673605 grTexSource#4696 tmu=0 addr=0000F800 evenodd=3 lod=3..3 aspect=3 format=11
1308 pid=FFFF8AF7 t=673606 grTexSource#4697 tmu=0 addr=00010800 evenodd=3 lod=3..3 aspect=3 format=11
1309 pid=FFFF8AF7 t=673606 grTexSource#4698 tmu=0 addr=00011800 evenodd=3 lod=3..3 aspect=3 format=11
1310 pid=FFFF8AF7 t=673606 grTexSource#4699 tmu=0 addr=00012800 evenodd=3 lod=3..3 aspect=3 format=11
1311 pid=FFFF8AF7 t=673607 grTexSource#4700 tmu=0 addr=00013800 evenodd=3 lod=3..3 aspect=3 format=11
1312 pid=FFFF8AF7 t=673607 grTexSource#4701 tmu=0 addr=00014800 evenodd=3 lod=3..3 aspect=3 format=11
1313 pid=FFFF8AF7 t=673607 grTexSource#4702 tmu=0 addr=00015800 evenodd=3 lod=3..3 aspect=3 format=11
1314 pid=FFFF8AF7 t=673608 grTexSource#4703 tmu=0 addr=00016800 evenodd=3 lod=3..3 aspect=3 format=11
1315 pid=FFFF8AF7 t=673608 grTexSource#4704 tmu=0 addr=00017800 evenodd=3 lod=3..3 aspect=3 format=11
1316 pid=FFFF8AF7 t=673608 grTexSource#4705 tmu=0 addr=00018800 evenodd=3 lod=3..3 aspect=3 format=11
1317 pid=FFFF8AF7 t=673609 grTexSource#4706 tmu=0 addr=00019800 evenodd=3 lod=3..3 aspect=3 format=11
1318 pid=FFFF8AF7 t=673609 grTexSource#4707 tmu=0 addr=0001A800 evenodd=3 lod=3..3 aspect=3 format=11
1319 pid=FFFF8AF7 t=673611 grTexSource#4708 tmu=0 addr=0001B800 evenodd=3 lod=3..3 aspect=3 format=11
1320 pid=FFFF8AF7 t=673611 grTexSource#4709 tmu=0 addr=0001C800 evenodd=3 lod=3..3 aspect=3 format=11
1321 pid=FFFF8AF7 t=673611 grTexSource#4710 tmu=0 addr=0001D800 evenodd=3 lod=3..3 aspect=3 format=11
1322 pid=FFFF8AF7 t=673611 grTexSource#4711 tmu=0 addr=0001E800 evenodd=3 lod=3..3 aspect=3 format=11
1323 pid=FFFF8AF7 t=673611 grTexSource#4712 tmu=0 addr=0001F800 evenodd=3 lod=3..3 aspect=3 format=11
1324 pid=FFFF8AF7 t=673611 grTexSource#4713 tmu=0 addr=00020800 evenodd=3 lod=3..3 aspect=3 format=11
1325 pid=FFFF8AF7 t=673612 grTexSource#4714 tmu=0 addr=00021800 evenodd=3 lod=3..3 aspect=3 format=11
1326 pid=FFFF8AF7 t=673612 grTexSource#4715 tmu=0 addr=00022800 evenodd=3 lod=3..3 aspect=3 format=11
1327 pid=FFFF8AF7 t=673613 grTexSource#4716 tmu=0 addr=00023800 evenodd=3 lod=3..3 aspect=3 format=11
1328 pid=FFFF8AF7 t=673613 grTexSource#4717 tmu=0 addr=00024800 evenodd=3 lod=3..3 aspect=3 format=11
1329 pid=FFFF8AF7 t=673613 grTexSource#4718 tmu=0 addr=00025800 evenodd=3 lod=3..3 aspect=3 format=11
1330 pid=FFFF8AF7 t=673614 grTexSource#4719 tmu=0 addr=00026800 evenodd=3 lod=3..3 aspect=3 format=11
1331 pid=FFFF8AF7 t=673614 grTexSource#4720 tmu=0 addr=00027800 evenodd=3 lod=3..3 aspect=3 format=11
1332 pid=FFFF8AF7 t=673614 grTexSource#4721 tmu=0 addr=00028800 evenodd=3 lod=3..3 aspect=3 format=11
1333 pid=FFFF8AF7 t=673615 grTexSource#4722 tmu=0 addr=00029800 evenodd=3 lod=3..3 aspect=3 format=11
1334 pid=FFFF8AF7 t=673615 grTexSource#4723 tmu=0 addr=0002A800 evenodd=3 lod=3..3 aspect=3 format=11
1335 pid=FFFF8AF7 t=673615 grTexSource#4724 tmu=0 addr=0002B800 evenodd=3 lod=3..3 aspect=3 format=11
1336 pid=FFFF8AF7 t=673616 grTexSource#4725 tmu=0 addr=0002C800 evenodd=3 lod=3..3 aspect=3 format=11
1337 pid=FFFF8AF7 t=673616 grTexSource#4726 tmu=0 addr=0002D800 evenodd=3 lod=3..3 aspect=3 format=11
1338 pid=FFFF8AF7 t=673616 grTexSource#4727 tmu=0 addr=0002E800 evenodd=3 lod=3..3 aspect=3 format=11
1339 pid=FFFF8AF7 t=673617 grTexSource#4728 tmu=0 addr=0002F800 evenodd=3 lod=3..3 aspect=3 format=11
1340 pid=FFFF8AF7 t=673617 grTexSource#4729 tmu=0 addr=00030800 evenodd=3 lod=3..3 aspect=3 format=11
1341 pid=FFFF8AF7 t=673619 grTexSource#4730 tmu=0 addr=00031800 evenodd=3 lod=3..3 aspect=3 format=11
1342 pid=FFFF8AF7 t=673619 grTexSource#4731 tmu=0 addr=00032800 evenodd=3 lod=3..3 aspect=3 format=11
1343 pid=FFFF8AF7 t=673619 grTexSource#4732 tmu=0 addr=00033800 evenodd=3 lod=3..3 aspect=3 format=11
1344 pid=FFFF8AF7 t=673619 grTexSource#4733 tmu=0 addr=00034800 evenodd=3 lod=3..3 aspect=3 format=11
1345 pid=FFFF8AF7 t=673619 grTexSource#4734 tmu=0 addr=00035800 evenodd=3 lod=3..3 aspect=3 format=11
1346 pid=FFFF8AF7 t=673619 grTexSource#4735 tmu=0 addr=00036800 evenodd=3 lod=3..3 aspect=3 format=11
1347 pid=FFFF8AF7 t=673620 grTexSource#4736 tmu=0 addr=00037800 evenodd=3 lod=3..3 aspect=3 format=11
1348 pid=FFFF8AF7 t=673620 grTexSource#4737 tmu=0 addr=00038800 evenodd=3 lod=3..3 aspect=3 format=11
1349 pid=FFFF8AF7 t=673621 grTexSource#4738 tmu=0 addr=00039800 evenodd=3 lod=3..3 aspect=3 format=11
1350 pid=FFFF8AF7 t=673621 grTexSource#4739 tmu=0 addr=0003A800 evenodd=3 lod=3..3 aspect=3 format=11
1351 pid=FFFF8AF7 t=673621 grTexSource#4740 tmu=0 addr=0003B800 evenodd=3 lod=3..3 aspect=3 format=11
1352 pid=FFFF8AF7 t=673622 grTexSource#4741 tmu=0 addr=0003C800 evenodd=3 lod=3..3 aspect=3 format=11
1353 pid=FFFF8AF7 t=673622 grTexSource#4742 tmu=0 addr=0003D800 evenodd=3 lod=3..3 aspect=3 format=11
1354 pid=FFFF8AF7 t=673622 grTexSource#4743 tmu=0 addr=0003E800 evenodd=3 lod=3..3 aspect=3 format=11
1355 pid=FFFF8AF7 t=673623 grTexSource#4744 tmu=0 addr=0003F800 evenodd=3 lod=3..3 aspect=3 format=11
1356 pid=FFFF8AF7 t=673623 grTexSource#4745 tmu=0 addr=00040800 evenodd=3 lod=3..3 aspect=3 format=11
1357 pid=FFFF8AF7 t=673623 grTexSource#4746 tmu=0 addr=00041800 evenodd=3 lod=3..3 aspect=3 format=11
1358 pid=FFFF8AF7 t=673624 grTexSource#4747 tmu=0 addr=00042800 evenodd=3 lod=3..3 aspect=3 format=11
1359 pid=FFFF8AF7 t=673624 grTexSource#4748 tmu=0 addr=00043800 evenodd=3 lod=3..3 aspect=3 format=11
1360 pid=FFFF8AF7 t=673624 grTexSource#4749 tmu=0 addr=00044800 evenodd=3 lod=3..3 aspect=3 format=11
1361 pid=FFFF8AF7 t=673626 grTexSource#4750 tmu=0 addr=00045800 evenodd=3 lod=3..3 aspect=3 format=11
1362 pid=FFFF8AF7 t=673626 grTexSource#4751 tmu=0 addr=00046800 evenodd=3 lod=3..3 aspect=3 format=11
1363 pid=FFFF8AF7 t=673626 grTexSource#4752 tmu=0 addr=00047800 evenodd=3 lod=3..3 aspect=3 format=11
1364 pid=FFFF8AF7 t=673626 grTexSource#4753 tmu=0 addr=00048800 evenodd=3 lod=3..3 aspect=3 format=11
1365 pid=FFFF8AF7 t=673626 grTexSource#4754 tmu=0 addr=00049800 evenodd=3 lod=3..3 aspect=3 format=11
1366 pid=FFFF8AF7 t=673627 grTexSource#4755 tmu=0 addr=0004A800 evenodd=3 lod=3..3 aspect=3 format=11
1367 pid=FFFF8AF7 t=673627 grTexSource#4756 tmu=0 addr=0004B800 evenodd=3 lod=3..3 aspect=3 format=11
1368 pid=FFFF8AF7 t=673627 grTexSource#4757 tmu=0 addr=0004C800 evenodd=3 lod=3..3 aspect=3 format=11
1369 pid=FFFF8AF7 t=673628 grTexSource#4758 tmu=0 addr=0004D800 evenodd=3 lod=3..3 aspect=3 format=11
1370 pid=FFFF8AF7 t=673628 grTexSource#4759 tmu=0 addr=0004E800 evenodd=3 lod=3..3 aspect=3 format=11
1371 pid=FFFF8AF7 t=673629 grTexSource#4760 tmu=0 addr=0004F800 evenodd=3 lod=3..3 aspect=3 format=11
1372 pid=FFFF8AF7 t=673629 grTexSource#4761 tmu=0 addr=00050800 evenodd=3 lod=3..3 aspect=3 format=11
1373 pid=FFFF8AF7 t=673629 grTexSource#4762 tmu=0 addr=00051800 evenodd=3 lod=3..3 aspect=3 format=11
1374 pid=FFFF8AF7 t=673630 grTexSource#4763 tmu=0 addr=00052800 evenodd=3 lod=3..3 aspect=3 format=11
1375 pid=FFFF8AF7 t=673630 grTexSource#4764 tmu=0 addr=00053800 evenodd=3 lod=3..3 aspect=3 format=11
1376 pid=FFFF8AF7 t=673631 grTexSource#4765 tmu=0 addr=00054800 evenodd=3 lod=3..3 aspect=3 format=11
1377 pid=FFFF8AF7 t=673631 grTexSource#4766 tmu=0 addr=00055800 evenodd=3 lod=3..3 aspect=3 format=11
1378 pid=FFFF8AF7 t=673631 grTexSource#4767 tmu=0 addr=00056800 evenodd=3 lod=3..3 aspect=3 format=11
1379 pid=FFFF8AF7 t=673632 grTexSource#4768 tmu=0 addr=00057800 evenodd=3 lod=3..3 aspect=3 format=11
1380 pid=FFFF8AF7 t=673632 grTexSource#4769 tmu=0 addr=00058800 evenodd=3 lod=3..3 aspect=3 format=11
1381 pid=FFFF8AF7 t=673632 grTexSource#4770 tmu=0 addr=00059800 evenodd=3 lod=3..3 aspect=3 format=11
1382 pid=FFFF8AF7 t=673634 grTexSource#4771 tmu=0 addr=0005A800 evenodd=3 lod=3..3 aspect=3 format=11
1383 pid=FFFF8AF7 t=673634 grTexSource#4772 tmu=0 addr=0005B800 evenodd=3 lod=3..3 aspect=3 format=11
1384 pid=FFFF8AF7 t=673634 grTexSource#4773 tmu=0 addr=0005C800 evenodd=3 lod=3..3 aspect=3 format=11
1385 pid=FFFF8AF7 t=673634 grTexSource#4774 tmu=0 addr=0005D800 evenodd=3 lod=3..3 aspect=3 format=11
1386 pid=FFFF8AF7 t=673634 grTexSource#4775 tmu=0 addr=0005E800 evenodd=3 lod=3..3 aspect=3 format=11
1387 pid=FFFF8AF7 t=673635 grTexSource#4776 tmu=0 addr=0005F800 evenodd=3 lod=3..3 aspect=3 format=11
1388 pid=FFFF8AF7 t=673635 grTexSource#4777 tmu=0 addr=00060800 evenodd=3 lod=3..3 aspect=3 format=11
1389 pid=FFFF8AF7 t=673635 grTexSource#4778 tmu=0 addr=00061800 evenodd=3 lod=3..3 aspect=3 format=11
1390 pid=FFFF8AF7 t=673636 grTexSource#4779 tmu=0 addr=00062800 evenodd=3 lod=3..3 aspect=3 format=11
1391 pid=FFFF8AF7 t=673636 grTexSource#4780 tmu=0 addr=00063800 evenodd=3 lod=3..3 aspect=3 format=11
1392 pid=FFFF8AF7 t=673636 grTexSource#4781 tmu=0 addr=00064800 evenodd=3 lod=3..3 aspect=3 format=11
1393 pid=FFFF8AF7 t=673637 grTexSource#4782 tmu=0 addr=00065800 evenodd=3 lod=3..3 aspect=3 format=11
1394 pid=FFFF8AF7 t=673637 grTexSource#4783 tmu=0 addr=00066800 evenodd=3 lod=3..3 aspect=3 format=11
1395 pid=FFFF8AF7 t=673638 grTexSource#4784 tmu=0 addr=00067800 evenodd=3 lod=3..3 aspect=3 format=11
1396 pid=FFFF8AF7 t=673638 grTexSource#4785 tmu=0 addr=00068800 evenodd=3 lod=3..3 aspect=3 format=11
1397 pid=FFFF8AF7 t=673638 grTexSource#4786 tmu=0 addr=00069800 evenodd=3 lod=3..3 aspect=3 format=11
1398 pid=FFFF8AF7 t=673639 grTexSource#4787 tmu=0 addr=0006A800 evenodd=3 lod=3..3 aspect=3 format=11
1399 pid=FFFF8AF7 t=673639 grTexSource#4788 tmu=0 addr=0006B800 evenodd=3 lod=3..3 aspect=3 format=11
1400 pid=FFFF8AF7 t=673639 grTexSource#4789 tmu=0 addr=0006C800 evenodd=3 lod=3..3 aspect=3 format=11
1401 pid=FFFF8AF7 t=673640 grTexSource#4790 tmu=0 addr=0006D800 evenodd=3 lod=3..3 aspect=3 format=11
1402 pid=FFFF8AF7 t=673640 grTexSource#4791 tmu=0 addr=0006E800 evenodd=3 lod=3..3 aspect=3 format=11
1403 pid=FFFF8AF7 t=673642 grTexSource#4792 tmu=0 addr=0006F800 evenodd=3 lod=3..3 aspect=3 format=11
1404 pid=FFFF8AF7 t=673642 grTexSource#4793 tmu=0 addr=00070800 evenodd=3 lod=3..3 aspect=3 format=11
1405 pid=FFFF8AF7 t=673642 grTexSource#4794 tmu=0 addr=00071800 evenodd=3 lod=3..3 aspect=3 format=11
1406 pid=FFFF8AF7 t=673686 grTexSource#4795 tmu=0 addr=00072800 evenodd=3 lod=3..3 aspect=3 format=11
1407 pid=FFFF8AF7 t=673686 grTexSource#4796 tmu=0 addr=00073800 evenodd=3 lod=3..3 aspect=3 format=11
1408 pid=FFFF8AF7 t=673686 grTexSource#4797 tmu=0 addr=00074800 evenodd=3 lod=3..3 aspect=3 format=11
1409 pid=FFFF8AF7 t=673686 grTexSource#4798 tmu=0 addr=00075800 evenodd=3 lod=3..3 aspect=3 format=11
1410 pid=FFFF8AF7 t=673687 grTexSource#4799 tmu=0 addr=00076800 evenodd=3 lod=3..3 aspect=3 format=11
1411 pid=FFFF8AF7 t=673687 grTexSource#4800 tmu=0 addr=00077800 evenodd=3 lod=3..3 aspect=3 format=11
1412 pid=FFFF8AF7 t=673689 grTexSource#4801 tmu=0 addr=00078800 evenodd=3 lod=3..3 aspect=3 format=11
1413 pid=FFFF8AF7 t=673689 grTexSource#4802 tmu=0 addr=00079800 evenodd=3 lod=3..3 aspect=3 format=11
1414 pid=FFFF8AF7 t=673689 grTexSource#4803 tmu=0 addr=0007A800 evenodd=3 lod=3..3 aspect=3 format=11
1415 pid=FFFF8AF7 t=673689 grTexSource#4804 tmu=0 addr=0007B800 evenodd=3 lod=3..3 aspect=3 format=11
1416 pid=FFFF8AF7 t=673689 grTexSource#4805 tmu=0 addr=0007C800 evenodd=3 lod=3..3 aspect=3 format=11
1417 pid=FFFF8AF7 t=673689 grTexSource#4806 tmu=0 addr=0007D800 evenodd=3 lod=3..3 aspect=3 format=11
1418 pid=FFFF8AF7 t=673689 grTexSource#4807 tmu=0 addr=0007E800 evenodd=3 lod=3..3 aspect=3 format=11
1419 pid=FFFF8AF7 t=673689 grTexSource#4808 tmu=0 addr=0007F800 evenodd=3 lod=3..3 aspect=3 format=11
1420 pid=FFFF8AF7 t=673689 grTexSource#4809 tmu=0 addr=00080800 evenodd=3 lod=3..3 aspect=3 format=11
1421 pid=FFFF8AF7 t=673689 grTexSource#4810 tmu=0 addr=00081800 evenodd=3 lod=3..3 aspect=3 format=11
1422 pid=FFFF8AF7 t=673689 grTexSource#4811 tmu=0 addr=00082800 evenodd=3 lod=3..3 aspect=3 format=11
1423 pid=FFFF8AF7 t=673690 grTexSource#4812 tmu=0 addr=00083800 evenodd=3 lod=3..3 aspect=3 format=11
1424 pid=FFFF8AF7 t=673690 grTexSource#4813 tmu=0 addr=00084800 evenodd=3 lod=3..3 aspect=3 format=11
1425 pid=FFFF8AF7 t=673690 grTexSource#4814 tmu=0 addr=00085800 evenodd=3 lod=3..3 aspect=3 format=11
1426 pid=FFFF8AF7 t=673691 grTexSource#4815 tmu=0 addr=00086800 evenodd=3 lod=3..3 aspect=3 format=11
1427 pid=FFFF8AF7 t=673691 grTexSource#4816 tmu=0 addr=00087800 evenodd=3 lod=3..3 aspect=3 format=11
1428 pid=FFFF8AF7 t=673691 grTexSource#4817 tmu=0 addr=00088800 evenodd=3 lod=3..3 aspect=3 format=11
1429 pid=FFFF8AF7 t=673692 grTexSource#4818 tmu=0 addr=00089800 evenodd=3 lod=3..3 aspect=3 format=11
1430 pid=FFFF8AF7 t=673692 grTexSource#4819 tmu=0 addr=0008A800 evenodd=3 lod=3..3 aspect=3 format=11
1431 pid=FFFF8AF7 t=673692 grTexSource#4820 tmu=0 addr=0008B800 evenodd=3 lod=3..3 aspect=3 format=11
1432 pid=FFFF8AF7 t=673692 grTexSource#4821 tmu=0 addr=0008C800 evenodd=3 lod=3..3 aspect=3 format=11
1433 pid=FFFF8AF7 t=673692 grTexSource#4822 tmu=0 addr=0008D800 evenodd=3 lod=3..3 aspect=3 format=11
1434 pid=FFFF8AF7 t=673692 grTexSource#4823 tmu=0 addr=0008E800 evenodd=3 lod=3..3 aspect=3 format=11
1435 pid=FFFF8AF7 t=673692 grTexSource#4824 tmu=0 addr=0008F800 evenodd=3 lod=3..3 aspect=3 format=11
1436 pid=FFFF8AF7 t=673692 grTexSource#4825 tmu=0 addr=00090800 evenodd=3 lod=3..3 aspect=3 format=11
1437 pid=FFFF8AF7 t=673692 grTexSource#4826 tmu=0 addr=00091800 evenodd=3 lod=3..3 aspect=3 format=11
1438 pid=FFFF8AF7 t=673692 grTexSource#4827 tmu=0 addr=00092800 evenodd=3 lod=3..3 aspect=3 format=11
1439 pid=FFFF8AF7 t=673692 grTexSource#4828 tmu=0 addr=00093800 evenodd=3 lod=3..3 aspect=3 format=11
1440 pid=FFFF8AF7 t=673692 grTexSource#4829 tmu=0 addr=00094800 evenodd=3 lod=3..3 aspect=3 format=11
1441 pid=FFFF8AF7 t=673693 grTexSource#4830 tmu=0 addr=00095800 evenodd=3 lod=3..3 aspect=3 format=11
1442 pid=FFFF8AF7 t=673693 grTexSource#4831 tmu=0 addr=00096800 evenodd=3 lod=3..3 aspect=3 format=11
1443 pid=FFFF8AF7 t=673693 grTexSource#4832 tmu=0 addr=00097800 evenodd=3 lod=3..3 aspect=3 format=11
1444 pid=FFFF8AF7 t=673693 grTexSource#4833 tmu=0 addr=00098800 evenodd=3 lod=3..3 aspect=3 format=11
1445 pid=FFFF8AF7 t=673694 grTexSource#4834 tmu=0 addr=00099800 evenodd=3 lod=3..3 aspect=3 format=11
1446 pid=FFFF8AF7 t=673694 grTexSource#4835 tmu=0 addr=0009A800 evenodd=3 lod=3..3 aspect=3 format=11
1447 pid=FFFF8AF7 t=673694 grTexSource#4836 tmu=0 addr=0009B800 evenodd=3 lod=3..3 aspect=3 format=11
1448 pid=FFFF8AF7 t=673694 grTexSource#4837 tmu=0 addr=0009C800 evenodd=3 lod=3..3 aspect=3 format=11
1449 pid=FFFF8AF7 t=673694 grTexSource#4838 tmu=0 addr=0009D800 evenodd=3 lod=3..3 aspect=3 format=11
1450 pid=FFFF8AF7 t=673694 grTexSource#4839 tmu=0 addr=0009E800 evenodd=3 lod=3..3 aspect=3 format=11
1451 pid=FFFF8AF7 t=673694 grTexSource#4840 tmu=0 addr=0009F800 evenodd=3 lod=3..3 aspect=3 format=11
1452 pid=FFFF8AF7 t=673694 grTexSource#4841 tmu=0 addr=000A0800 evenodd=3 lod=3..3 aspect=3 format=11
1453 pid=FFFF8AF7 t=673694 grTexSource#4842 tmu=0 addr=000A1800 evenodd=3 lod=3..3 aspect=3 format=11
1454 pid=FFFF8AF7 t=673694 grTexSource#4843 tmu=0 addr=000A2800 evenodd=3 lod=3..3 aspect=3 format=11
1455 pid=FFFF8AF7 t=673694 grTexSource#4844 tmu=0 addr=000A3800 evenodd=3 lod=3..3 aspect=3 format=11
1456 pid=FFFF8AF7 t=673694 grTexSource#4845 tmu=0 addr=000A4800 evenodd=3 lod=3..3 aspect=3 format=11
1457 pid=FFFF8AF7 t=673695 grTexSource#4846 tmu=0 addr=000A5800 evenodd=3 lod=3..3 aspect=3 format=11
1458 pid=FFFF8AF7 t=673695 grTexSource#4847 tmu=0 addr=000A6800 evenodd=3 lod=3..3 aspect=3 format=11
1459 pid=FFFF8AF7 t=673695 grTexSource#4848 tmu=0 addr=000A7800 evenodd=3 lod=3..3 aspect=3 format=11
1460 pid=FFFF8AF7 t=673695 grTexSource#4849 tmu=0 addr=000A8800 evenodd=3 lod=3..3 aspect=3 format=11
1461 pid=FFFF8AF7 t=673695 grTexSource#4850 tmu=0 addr=000A9800 evenodd=3 lod=3..3 aspect=3 format=11
1462 pid=FFFF8AF7 t=673695 grTexSource#4851 tmu=0 addr=000AA800 evenodd=3 lod=3..3 aspect=3 format=11
1463 pid=FFFF8AF7 t=673695 grTexSource#4852 tmu=0 addr=000AB800 evenodd=3 lod=3..3 aspect=3 format=11
1464 pid=FFFF8AF7 t=673695 grTexSource#4853 tmu=0 addr=000AC800 evenodd=3 lod=3..3 aspect=3 format=11
1465 pid=FFFF8AF7 t=673695 grTexSource#4854 tmu=0 addr=000AD800 evenodd=3 lod=3..3 aspect=3 format=11
1466 pid=FFFF8AF7 t=673695 grTexSource#4855 tmu=0 addr=000AE800 evenodd=3 lod=3..3 aspect=3 format=11
1467 pid=FFFF8AF7 t=673697 grTexSource#4856 tmu=0 addr=000AF800 evenodd=3 lod=3..3 aspect=3 format=11
1468 pid=FFFF8AF7 t=673697 grTexSource#4857 tmu=0 addr=000B0800 evenodd=3 lod=3..3 aspect=3 format=11
1469 pid=FFFF8AF7 t=673697 grTexSource#4858 tmu=0 addr=000B1800 evenodd=3 lod=3..3 aspect=3 format=11
1470 pid=FFFF8AF7 t=673697 grTexSource#4859 tmu=0 addr=000B2800 evenodd=3 lod=3..3 aspect=3 format=11
1471 pid=FFFF8AF7 t=673697 grTexSource#4860 tmu=0 addr=000B3800 evenodd=3 lod=3..3 aspect=3 format=11
1472 pid=FFFF8AF7 t=673697 grTexSource#4861 tmu=0 addr=000B4800 evenodd=3 lod=3..3 aspect=3 format=11
1473 pid=FFFF8AF7 t=673697 grTexSource#4862 tmu=0 addr=000B5800 evenodd=3 lod=3..3 aspect=3 format=11
1474 pid=FFFF8AF7 t=673697 grTexSource#4863 tmu=0 addr=000B6800 evenodd=3 lod=3..3 aspect=3 format=11
1475 pid=FFFF8AF7 t=673697 grTexSource#4864 tmu=0 addr=000B7800 evenodd=3 lod=3..3 aspect=3 format=11
1476 pid=FFFF8AF7 t=673697 grTexSource#4865 tmu=0 addr=000B8800 evenodd=3 lod=3..3 aspect=3 format=11
1477 pid=FFFF8AF7 t=673697 grTexSource#4866 tmu=0 addr=000B9800 evenodd=3 lod=3..3 aspect=3 format=11
1478 pid=FFFF8AF7 t=673697 grTexSource#4867 tmu=0 addr=000BA800 evenodd=3 lod=3..3 aspect=3 format=11
1479 pid=FFFF8AF7 t=673697 grTexSource#4868 tmu=0 addr=000BB800 evenodd=3 lod=3..3 aspect=3 format=11
1480 pid=FFFF8AF7 t=673697 grTexSource#4869 tmu=0 addr=000BC800 evenodd=3 lod=3..3 aspect=3 format=11
1481 pid=FFFF8AF7 t=673697 grTexSource#4870 tmu=0 addr=000BD800 evenodd=3 lod=3..3 aspect=3 format=11
1482 pid=FFFF8AF7 t=673697 grTexSource#4871 tmu=0 addr=000BE800 evenodd=3 lod=3..3 aspect=3 format=11
1483 pid=FFFF8AF7 t=673697 grTexSource#4872 tmu=0 addr=000BF800 evenodd=3 lod=3..3 aspect=3 format=11
1484 pid=FFFF8AF7 t=673697 grTexSource#4873 tmu=0 addr=000C0800 evenodd=3 lod=3..3 aspect=3 format=11
1485 pid=FFFF8AF7 t=673697 grTexSource#4874 tmu=0 addr=000C1800 evenodd=3 lod=3..3 aspect=3 format=11
1486 pid=FFFF8AF7 t=673697 grTexSource#4875 tmu=0 addr=000C2800 evenodd=3 lod=3..3 aspect=3 format=11
1487 pid=FFFF8AF7 t=673697 grTexSource#4876 tmu=0 addr=000C3800 evenodd=3 lod=3..3 aspect=3 format=11
1488 pid=FFFF8AF7 t=673697 grTexSource#4877 tmu=0 addr=000C4800 evenodd=3 lod=3..3 aspect=3 format=11
1489 pid=FFFF8AF7 t=673697 grTexSource#4878 tmu=0 addr=000C5800 evenodd=3 lod=3..3 aspect=3 format=11
1490 pid=FFFF8AF7 t=673698 grTexSource#4879 tmu=0 addr=000C6800 evenodd=3 lod=3..3 aspect=3 format=11
1491 pid=FFFF8AF7 t=673698 grTexSource#4880 tmu=0 addr=000C7800 evenodd=3 lod=3..3 aspect=3 format=11
1492 pid=FFFF8AF7 t=673698 grTexSource#4881 tmu=0 addr=000C8800 evenodd=3 lod=3..3 aspect=3 format=11
1493 pid=FFFF8AF7 t=673698 grTexSource#4882 tmu=0 addr=000C9800 evenodd=3 lod=3..3 aspect=3 format=11
1494 pid=FFFF8AF7 t=673698 grTexSource#4883 tmu=0 addr=000CA800 evenodd=3 lod=3..3 aspect=3 format=11
1495 pid=FFFF8AF7 t=673698 grTexSource#4884 tmu=0 addr=000CB800 evenodd=3 lod=3..3 aspect=3 format=11
1496 pid=FFFF8AF7 t=673698 grTexSource#4885 tmu=0 addr=000CC800 evenodd=3 lod=3..3 aspect=3 format=11
1497 pid=FFFF8AF7 t=673698 grTexSource#4886 tmu=0 addr=000CD800 evenodd=3 lod=3..3 aspect=3 format=11
1498 pid=FFFF8AF7 t=673698 grTexSource#4887 tmu=0 addr=000CE800 evenodd=3 lod=3..3 aspect=3 format=11
1499 pid=FFFF8AF7 t=673698 grTexSource#4888 tmu=0 addr=000CF800 evenodd=3 lod=3..3 aspect=3 format=11
1500 pid=FFFF8AF7 t=673698 grTexSource#4889 tmu=0 addr=000D0800 evenodd=3 lod=3..3 aspect=3 format=11
1501 pid=FFFF8AF7 t=673698 grTexSource#4890 tmu=0 addr=000D1800 evenodd=3 lod=3..3 aspect=3 format=11
1502 pid=FFFF8AF7 t=673699 grTexSource#4891 tmu=0 addr=000D2800 evenodd=3 lod=3..3 aspect=3 format=11
1503 pid=FFFF8AF7 t=673699 grTexSource#4892 tmu=0 addr=000D3800 evenodd=3 lod=3..3 aspect=3 format=11
1504 pid=FFFF8AF7 t=673699 grTexSource#4893 tmu=0 addr=000D4800 evenodd=3 lod=3..3 aspect=3 format=11
1505 pid=FFFF8AF7 t=673699 grTexSource#4894 tmu=0 addr=000D5800 evenodd=3 lod=3..3 aspect=3 format=11
1506 pid=FFFF8AF7 t=673699 grTexSource#4895 tmu=0 addr=000D6800 evenodd=3 lod=3..3 aspect=3 format=11
1507 pid=FFFF8AF7 t=673699 grTexSource#4896 tmu=0 addr=000D7800 evenodd=3 lod=3..3 aspect=3 format=11
1508 pid=FFFF8AF7 t=673699 grTexSource#4897 tmu=0 addr=000D8800 evenodd=3 lod=3..3 aspect=3 format=11
1509 pid=FFFF8AF7 t=673699 grTexSource#4898 tmu=0 addr=000D9800 evenodd=3 lod=3..3 aspect=3 format=11
1510 pid=FFFF8AF7 t=673699 grTexSource#4899 tmu=0 addr=000DA800 evenodd=3 lod=3..3 aspect=3 format=11
1511 pid=FFFF8AF7 t=673699 grTexSource#4900 tmu=0 addr=000DB800 evenodd=3 lod=3..3 aspect=3 format=11
1512 pid=FFFF8AF7 t=673699 grTexSource#4901 tmu=0 addr=000DC800 evenodd=3 lod=3..3 aspect=3 format=11
1513 pid=FFFF8AF7 t=673699 grTexSource#4902 tmu=0 addr=000DD800 evenodd=3 lod=3..3 aspect=3 format=11
1514 pid=FFFF8AF7 t=673699 grTexSource#4903 tmu=0 addr=000DE800 evenodd=3 lod=3..3 aspect=3 format=11
1515 pid=FFFF8AF7 t=673700 grTexSource#4904 tmu=0 addr=000DF800 evenodd=3 lod=3..3 aspect=3 format=11
1516 pid=FFFF8AF7 t=673700 grTexSource#4905 tmu=0 addr=000E0800 evenodd=3 lod=3..3 aspect=3 format=11
1517 pid=FFFF8AF7 t=673700 grTexSource#4906 tmu=0 addr=000E1800 evenodd=3 lod=3..3 aspect=3 format=11
1518 pid=FFFF8AF7 t=673700 grTexSource#4907 tmu=0 addr=000E2800 evenodd=3 lod=3..3 aspect=3 format=11
1519 pid=FFFF8AF7 t=673700 grTexSource#4908 tmu=0 addr=000E3800 evenodd=3 lod=3..3 aspect=3 format=11
1520 pid=FFFF8AF7 t=673700 grTexSource#4909 tmu=0 addr=000E4800 evenodd=3 lod=3..3 aspect=3 format=11
1521 pid=FFFF8AF7 t=673700 grTexSource#4910 tmu=0 addr=000E5800 evenodd=3 lod=3..3 aspect=3 format=11
1522 pid=FFFF8AF7 t=673700 grTexSource#4911 tmu=0 addr=000E6800 evenodd=3 lod=3..3 aspect=3 format=11
1523 pid=FFFF8AF7 t=673700 grTexSource#4912 tmu=0 addr=000E7800 evenodd=3 lod=3..3 aspect=3 format=11
1524 pid=FFFF8AF7 t=673700 grTexSource#4913 tmu=0 addr=000E8800 evenodd=3 lod=3..3 aspect=3 format=11
1525 pid=FFFF8AF7 t=673701 grTexSource#4914 tmu=0 addr=000E9800 evenodd=3 lod=3..3 aspect=3 format=11
1526 pid=FFFF8AF7 t=673701 grTexSource#4915 tmu=0 addr=000EA800 evenodd=3 lod=3..3 aspect=3 format=11
1527 pid=FFFF8AF7 t=673701 grTexSource#4916 tmu=0 addr=000EB800 evenodd=3 lod=3..3 aspect=3 format=11
1528 pid=FFFF8AF7 t=673701 grTexSource#4917 tmu=0 addr=000EC800 evenodd=3 lod=3..3 aspect=3 format=11
1529 pid=FFFF8AF7 t=673701 grTexSource#4918 tmu=0 addr=000ED800 evenodd=3 lod=3..3 aspect=3 format=11
1530 pid=FFFF8AF7 t=673701 grTexSource#4919 tmu=0 addr=000EE800 evenodd=3 lod=3..3 aspect=3 format=11
1531 pid=FFFF8AF7 t=673701 grTexSource#4920 tmu=0 addr=000EF800 evenodd=3 lod=3..3 aspect=3 format=11
1532 pid=FFFF8AF7 t=673701 grTexSource#4921 tmu=0 addr=000F0800 evenodd=3 lod=3..3 aspect=3 format=11
1533 pid=FFFF8AF7 t=673701 grTexSource#4922 tmu=0 addr=000F1800 evenodd=3 lod=3..3 aspect=3 format=11
1534 pid=FFFF8AF7 t=673701 grTexSource#4923 tmu=0 addr=000F2800 evenodd=3 lod=3..3 aspect=3 format=11
1535 pid=FFFF8AF7 t=673701 grTexSource#4924 tmu=0 addr=000F3800 evenodd=3 lod=3..3 aspect=3 format=11
1536 pid=FFFF8AF7 t=673701 grTexSource#4925 tmu=0 addr=000F4800 evenodd=3 lod=3..3 aspect=3 format=11
1537 pid=FFFF8AF7 t=673701 grTexSource#4926 tmu=0 addr=000F5800 evenodd=3 lod=3..3 aspect=3 format=11
1538 pid=FFFF8AF7 t=673702 grTexSource#4927 tmu=0 addr=000F6800 evenodd=3 lod=3..3 aspect=3 format=11
1539 pid=FFFF8AF7 t=673702 grTexSource#4928 tmu=0 addr=000F7800 evenodd=3 lod=3..3 aspect=3 format=11
1540 pid=FFFF8AF7 t=673702 grTexSource#4929 tmu=0 addr=000F8800 evenodd=3 lod=3..3 aspect=3 format=11
1541 pid=FFFF8AF7 t=673702 grTexSource#4930 tmu=0 addr=000F9800 evenodd=3 lod=3..3 aspect=3 format=11
1542 pid=FFFF8AF7 t=673702 grTexSource#4931 tmu=0 addr=000FA800 evenodd=3 lod=3..3 aspect=3 format=11
1543 pid=FFFF8AF7 t=673702 grTexSource#4932 tmu=0 addr=000FB800 evenodd=3 lod=3..3 aspect=3 format=11
1544 pid=FFFF8AF7 t=673702 grTexSource#4933 tmu=0 addr=000FC800 evenodd=3 lod=3..3 aspect=3 format=11
1545 pid=FFFF8AF7 t=673702 grTexSource#4934 tmu=0 addr=000FD800 evenodd=3 lod=3..3 aspect=3 format=11
1546 pid=FFFF8AF7 t=673702 grTexSource#4935 tmu=0 addr=000FE800 evenodd=3 lod=3..3 aspect=3 format=11
1547 pid=FFFF8AF7 t=673702 grTexSource#4936 tmu=0 addr=000FF800 evenodd=3 lod=3..3 aspect=3 format=11
1548 pid=FFFF8AF7 t=673702 grTexSource#4937 tmu=0 addr=00100800 evenodd=3 lod=3..3 aspect=3 format=11
1549 pid=FFFF8AF7 t=673702 grTexSource#4938 tmu=0 addr=00101800 evenodd=3 lod=3..3 aspect=3 format=11
1550 pid=FFFF8AF7 t=673702 grTexSource#4939 tmu=0 addr=00102800 evenodd=3 lod=3..3 aspect=3 format=11
1551 pid=FFFF8AF7 t=673704 grTexSource#4940 tmu=0 addr=00103800 evenodd=3 lod=3..3 aspect=3 format=11
1552 pid=FFFF8AF7 t=673704 grTexSource#4941 tmu=0 addr=00104800 evenodd=3 lod=3..3 aspect=3 format=11
1553 pid=FFFF8AF7 t=673704 grTexSource#4942 tmu=0 addr=00105800 evenodd=3 lod=3..3 aspect=3 format=11
1554 pid=FFFF8AF7 t=673704 grTexSource#4943 tmu=0 addr=00106800 evenodd=3 lod=3..3 aspect=3 format=11
1555 pid=FFFF8AF7 t=673704 grTexSource#4944 tmu=0 addr=00107800 evenodd=3 lod=3..3 aspect=3 format=11
1556 pid=FFFF8AF7 t=673704 grTexSource#4945 tmu=0 addr=00108800 evenodd=3 lod=3..3 aspect=3 format=11
1557 pid=FFFF8AF7 t=673704 grTexSource#4946 tmu=0 addr=00109800 evenodd=3 lod=3..3 aspect=3 format=11
1558 pid=FFFF8AF7 t=673704 grTexSource#4947 tmu=0 addr=0010A800 evenodd=3 lod=3..3 aspect=3 format=11
1559 pid=FFFF8AF7 t=673704 grTexSource#4948 tmu=0 addr=0010B800 evenodd=3 lod=3..3 aspect=3 format=11
1560 pid=FFFF8AF7 t=673704 grTexSource#4949 tmu=0 addr=0010C800 evenodd=3 lod=3..3 aspect=3 format=11
1561 pid=FFFF8AF7 t=673704 grTexSource#4950 tmu=0 addr=0010D800 evenodd=3 lod=3..3 aspect=3 format=11
1562 pid=FFFF8AF7 t=673704 grTexSource#4951 tmu=0 addr=0010E800 evenodd=3 lod=3..3 aspect=3 format=11
1563 pid=FFFF8AF7 t=673704 grTexSource#4952 tmu=0 addr=0010F800 evenodd=3 lod=3..3 aspect=3 format=11
1564 pid=FFFF8AF7 t=673704 grTexSource#4953 tmu=0 addr=00110800 evenodd=3 lod=3..3 aspect=3 format=11
1565 pid=FFFF8AF7 t=673704 grTexSource#4954 tmu=0 addr=00111800 evenodd=3 lod=3..3 aspect=3 format=11
1566 pid=FFFF8AF7 t=673704 grTexSource#4955 tmu=0 addr=00112800 evenodd=3 lod=3..3 aspect=3 format=11
1567 pid=FFFF8AF7 t=673704 grTexSource#4956 tmu=0 addr=00113800 evenodd=3 lod=3..3 aspect=3 format=11
1568 pid=FFFF8AF7 t=673704 grTexSource#4957 tmu=0 addr=00114800 evenodd=3 lod=3..3 aspect=3 format=11
1569 pid=FFFF8AF7 t=673704 grTexSource#4958 tmu=0 addr=00115800 evenodd=3 lod=3..3 aspect=3 format=11
1570 pid=FFFF8AF7 t=673704 grTexSource#4959 tmu=0 addr=00116800 evenodd=3 lod=3..3 aspect=3 format=11
1571 pid=FFFF8AF7 t=673704 grTexSource#4960 tmu=0 addr=00117800 evenodd=3 lod=3..3 aspect=3 format=11
1572 pid=FFFF8AF7 t=673704 grTexSource#4961 tmu=0 addr=00118800 evenodd=3 lod=3..3 aspect=3 format=11
1573 pid=FFFF8AF7 t=673705 grTexSource#4962 tmu=0 addr=00119800 evenodd=3 lod=3..3 aspect=3 format=11
1574 pid=FFFF8AF7 t=673705 grTexSource#4963 tmu=0 addr=0011A800 evenodd=3 lod=3..3 aspect=3 format=11
1575 pid=FFFF8AF7 t=673705 grTexSource#4964 tmu=0 addr=0011B800 evenodd=3 lod=3..3 aspect=3 format=11
1576 pid=FFFF8AF7 t=673705 grTexSource#4965 tmu=0 addr=0011C800 evenodd=3 lod=3..3 aspect=3 format=11
1577 pid=FFFF8AF7 t=673705 grTexSource#4966 tmu=0 addr=0011D800 evenodd=3 lod=3..3 aspect=3 format=11
1578 pid=FFFF8AF7 t=673705 grTexSource#4967 tmu=0 addr=0011E800 evenodd=3 lod=3..3 aspect=3 format=11
1579 pid=FFFF8AF7 t=673705 grTexSource#4968 tmu=0 addr=0011F800 evenodd=3 lod=3..3 aspect=3 format=11
1580 pid=FFFF8AF7 t=673705 grTexSource#4969 tmu=0 addr=00120800 evenodd=3 lod=3..3 aspect=3 format=11
1581 pid=FFFF8AF7 t=673705 grTexSource#4970 tmu=0 addr=00121800 evenodd=3 lod=3..3 aspect=3 format=11
1582 pid=FFFF8AF7 t=673705 grTexSource#4971 tmu=0 addr=00122800 evenodd=3 lod=3..3 aspect=3 format=11
1583 pid=FFFF8AF7 t=673705 grTexSource#4972 tmu=0 addr=00123800 evenodd=3 lod=3..3 aspect=3 format=11
1584 pid=FFFF8AF7 t=673705 grTexSource#4973 tmu=0 addr=00124800 evenodd=3 lod=3..3 aspect=3 format=11
1585 pid=FFFF8AF7 t=673706 grTexSource#4974 tmu=0 addr=00125800 evenodd=3 lod=3..3 aspect=3 format=11
1586 pid=FFFF8AF7 t=673706 grTexSource#4975 tmu=0 addr=00126800 evenodd=3 lod=3..3 aspect=3 format=11
1587 pid=FFFF8AF7 t=673706 grTexSource#4976 tmu=0 addr=00127800 evenodd=3 lod=3..3 aspect=3 format=11
1588 pid=FFFF8AF7 t=673706 grTexSource#4977 tmu=0 addr=00128800 evenodd=3 lod=3..3 aspect=3 format=11
1589 pid=FFFF8AF7 t=673706 grTexSource#4978 tmu=0 addr=00129800 evenodd=3 lod=3..3 aspect=3 format=11
1590 pid=FFFF8AF7 t=673706 grTexSource#4979 tmu=0 addr=0012A800 evenodd=3 lod=3..3 aspect=3 format=11
1591 pid=FFFF8AF7 t=673706 grTexSource#4980 tmu=0 addr=0012B800 evenodd=3 lod=3..3 aspect=3 format=11
1592 pid=FFFF8AF7 t=677050 grTexSource#14581 tmu=0 addr=00001000 evenodd=3 lod=3..3 aspect=3 format=11
1593 pid=FFFF8AF7 t=677051 grTexSource#14582 tmu=0 addr=00002000 evenodd=3 lod=3..3 aspect=3 format=11
1594 pid=FFFF8AF7 t=677051 grTexSource#14583 tmu=0 addr=00003000 evenodd=3 lod=3..3 aspect=3 format=11
1595 pid=FFFF8AF7 t=677051 grTexSource#14584 tmu=0 addr=00004000 evenodd=3 lod=3..3 aspect=3 format=11
1596 pid=FFFF8AF7 t=677052 grTexSource#14585 tmu=0 addr=00005000 evenodd=3 lod=3..3 aspect=3 format=11
1597 pid=FFFF8AF7 t=677052 grTexSource#14586 tmu=0 addr=00006000 evenodd=3 lod=3..3 aspect=3 format=11
1598 pid=FFFF8AF7 t=677052 grTexSource#14587 tmu=0 addr=00007000 evenodd=3 lod=3..3 aspect=3 format=11
1599 pid=FFFF8AF7 t=677052 grTexSource#14588 tmu=0 addr=00008000 evenodd=3 lod=3..3 aspect=3 format=11
1600 pid=FFFF8AF7 t=677053 grTexSource#14589 tmu=0 addr=00009000 evenodd=3 lod=3..3 aspect=3 format=11
1601 pid=FFFF8AF7 t=677053 grTexSource#14590 tmu=0 addr=0000A000 evenodd=3 lod=3..3 aspect=3 format=11
1602 pid=FFFF8AF7 t=677053 grTexSource#14591 tmu=0 addr=0000B000 evenodd=3 lod=3..3 aspect=3 format=11
1603 pid=FFFF8AF7 t=677053 grTexSource#14592 tmu=0 addr=0000C000 evenodd=3 lod=3..3 aspect=3 format=11
1604 pid=FFFF8AF7 t=677053 grTexSource#14593 tmu=0 addr=0000D000 evenodd=3 lod=3..3 aspect=3 format=11
1605 pid=FFFF8AF7 t=677053 grTexSource#14594 tmu=0 addr=0000E000 evenodd=3 lod=3..3 aspect=3 format=11
1606 pid=FFFF8AF7 t=677053 grTexSource#14595 tmu=0 addr=0000F000 evenodd=3 lod=3..3 aspect=3 format=11
1607 pid=FFFF8AF7 t=677053 grTexSource#14596 tmu=0 addr=00010000 evenodd=3 lod=3..3 aspect=3 format=11
1608 pid=FFFF8AF7 t=677053 grTexSource#14597 tmu=0 addr=00011000 evenodd=3 lod=3..3 aspect=3 format=11
1609 pid=FFFF8AF7 t=677053 grTexSource#14598 tmu=0 addr=00012000 evenodd=3 lod=3..3 aspect=3 format=11
1610 pid=FFFF8AF7 t=677053 grTexSource#14599 tmu=0 addr=00013000 evenodd=3 lod=3..3 aspect=3 format=11
1611 pid=FFFF8AF7 t=677053 grTexSource#14600 tmu=0 addr=00014000 evenodd=3 lod=3..3 aspect=3 format=11
1612 pid=FFFF8AF7 t=677054 grTexSource#14601 tmu=0 addr=00015000 evenodd=3 lod=3..3 aspect=3 format=11
1613 pid=FFFF8AF7 t=677054 grTexSource#14602 tmu=0 addr=00016000 evenodd=3 lod=3..3 aspect=3 format=11
1614 pid=FFFF8AF7 t=677054 grTexSource#14603 tmu=0 addr=00017000 evenodd=3 lod=3..3 aspect=3 format=11
1615 pid=FFFF8AF7 t=677054 grTexSource#14604 tmu=0 addr=00018000 evenodd=3 lod=3..3 aspect=3 format=11
1616 pid=FFFF8AF7 t=677054 grTexSource#14605 tmu=0 addr=00019000 evenodd=3 lod=3..3 aspect=3 format=11
1617 pid=FFFF8AF7 t=677054 grTexSource#14606 tmu=0 addr=0001A000 evenodd=3 lod=3..3 aspect=3 format=11
1618 pid=FFFF8AF7 t=677054 grTexSource#14607 tmu=0 addr=0001B000 evenodd=3 lod=3..3 aspect=3 format=11
1619 pid=FFFF8AF7 t=677054 grTexSource#14608 tmu=0 addr=0001C000 evenodd=3 lod=3..3 aspect=3 format=11
1620 pid=FFFF8AF7 t=677054 grTexSource#14609 tmu=0 addr=0001D000 evenodd=3 lod=3..3 aspect=3 format=11
1621 pid=FFFF8AF7 t=677054 grTexSource#14610 tmu=0 addr=0001E000 evenodd=3 lod=3..3 aspect=3 format=11
1622 pid=FFFF8AF7 t=677054 grTexSource#14611 tmu=0 addr=0001F000 evenodd=3 lod=3..3 aspect=3 format=11
1623 pid=FFFF8AF7 t=677054 grTexSource#14612 tmu=0 addr=00020000 evenodd=3 lod=3..3 aspect=3 format=11
1624 pid=FFFF8AF7 t=677054 grTexSource#14613 tmu=0 addr=00021000 evenodd=3 lod=3..3 aspect=3 format=11
1625 pid=FFFF8AF7 t=677056 grTexSource#14614 tmu=0 addr=00022000 evenodd=3 lod=3..3 aspect=3 format=11
1626 pid=FFFF8AF7 t=677056 grTexSource#14615 tmu=0 addr=00023000 evenodd=3 lod=3..3 aspect=3 format=11
1627 pid=FFFF8AF7 t=677056 grTexSource#14616 tmu=0 addr=00024000 evenodd=3 lod=3..3 aspect=3 format=11
1628 pid=FFFF8AF7 t=677056 grTexSource#14617 tmu=0 addr=00025000 evenodd=3 lod=3..3 aspect=3 format=11
1629 pid=FFFF8AF7 t=677056 grTexSource#14618 tmu=0 addr=00026000 evenodd=3 lod=3..3 aspect=3 format=11
1630 pid=FFFF8AF7 t=677056 grTexSource#14619 tmu=0 addr=00027000 evenodd=3 lod=3..3 aspect=3 format=11
1631 pid=FFFF8AF7 t=677056 grTexSource#14620 tmu=0 addr=00028000 evenodd=3 lod=3..3 aspect=3 format=11
1632 pid=FFFF8AF7 t=677056 grTexSource#14621 tmu=0 addr=00029000 evenodd=3 lod=3..3 aspect=3 format=11
1633 pid=FFFF8AF7 t=677056 grTexSource#14622 tmu=0 addr=0002A000 evenodd=3 lod=3..3 aspect=3 format=11
1634 pid=FFFF8AF7 t=677056 grTexSource#14623 tmu=0 addr=0002B000 evenodd=3 lod=3..3 aspect=3 format=11
1635 pid=FFFF8AF7 t=677056 grTexSource#14624 tmu=0 addr=0002C000 evenodd=3 lod=3..3 aspect=3 format=11
1636 pid=FFFF8AF7 t=677056 grTexSource#14625 tmu=0 addr=0002D000 evenodd=3 lod=3..3 aspect=3 format=11
1637 pid=FFFF8AF7 t=677056 grTexSource#14626 tmu=0 addr=0002E000 evenodd=3 lod=3..3 aspect=3 format=11
1638 pid=FFFF8AF7 t=677056 grTexSource#14627 tmu=0 addr=0002F000 evenodd=3 lod=3..3 aspect=3 format=11
1639 pid=FFFF8AF7 t=677056 grTexSource#14628 tmu=0 addr=00030000 evenodd=3 lod=3..3 aspect=3 format=11
1640 pid=FFFF8AF7 t=677056 grTexSource#14629 tmu=0 addr=00031000 evenodd=3 lod=3..3 aspect=3 format=11
1641 pid=FFFF8AF7 t=677056 grTexSource#14630 tmu=0 addr=00032000 evenodd=3 lod=3..3 aspect=3 format=11
1642 pid=FFFF8AF7 t=677056 grTexSource#14631 tmu=0 addr=00033000 evenodd=3 lod=3..3 aspect=3 format=11
1643 pid=FFFF8AF7 t=677056 grTexSource#14632 tmu=0 addr=00034000 evenodd=3 lod=3..3 aspect=3 format=11
1644 pid=FFFF8AF7 t=677056 grTexSource#14633 tmu=0 addr=00035000 evenodd=3 lod=3..3 aspect=3 format=11
1645 pid=FFFF8AF7 t=677056 grTexSource#14634 tmu=0 addr=00036000 evenodd=3 lod=3..3 aspect=3 format=11
1646 pid=FFFF8AF7 t=677056 grTexSource#14635 tmu=0 addr=00037000 evenodd=3 lod=3..3 aspect=3 format=11
1647 pid=FFFF8AF7 t=677057 grTexSource#14636 tmu=0 addr=00038000 evenodd=3 lod=3..3 aspect=3 format=11
1648 pid=FFFF8AF7 t=677057 grTexSource#14637 tmu=0 addr=00039000 evenodd=3 lod=3..3 aspect=3 format=11
1649 pid=FFFF8AF7 t=677057 grTexSource#14638 tmu=0 addr=0003A000 evenodd=3 lod=3..3 aspect=3 format=11
1650 pid=FFFF8AF7 t=677057 grTexSource#14639 tmu=0 addr=0003B000 evenodd=3 lod=3..3 aspect=3 format=11
1651 pid=FFFF8AF7 t=677057 grTexSource#14640 tmu=0 addr=0003C000 evenodd=3 lod=3..3 aspect=3 format=11
1652 pid=FFFF8AF7 t=677057 grTexSource#14641 tmu=0 addr=0003D000 evenodd=3 lod=3..3 aspect=3 format=11
1653 pid=FFFF8AF7 t=677057 grTexSource#14642 tmu=0 addr=0003E000 evenodd=3 lod=3..3 aspect=3 format=11
1654 pid=FFFF8AF7 t=677057 grTexSource#14643 tmu=0 addr=0003F000 evenodd=3 lod=3..3 aspect=3 format=11
1655 pid=FFFF8AF7 t=677057 grTexSource#14644 tmu=0 addr=00040000 evenodd=3 lod=3..3 aspect=3 format=11
1656 pid=FFFF8AF7 t=677057 grTexSource#14645 tmu=0 addr=00041000 evenodd=3 lod=3..3 aspect=3 format=11
1657 pid=FFFF8AF7 t=677057 grTexSource#14646 tmu=0 addr=00042000 evenodd=3 lod=3..3 aspect=3 format=11
1658 pid=FFFF8AF7 t=677057 grTexSource#14647 tmu=0 addr=00043000 evenodd=3 lod=3..3 aspect=3 format=11
1659 pid=FFFF8AF7 t=677057 grTexSource#14648 tmu=0 addr=00044000 evenodd=3 lod=3..3 aspect=3 format=11
1660 pid=FFFF8AF7 t=677058 grTexSource#14649 tmu=0 addr=00045000 evenodd=3 lod=3..3 aspect=3 format=11
1661 pid=FFFF8AF7 t=677058 grTexSource#14650 tmu=0 addr=00046000 evenodd=3 lod=3..3 aspect=3 format=11
1662 pid=FFFF8AF7 t=677058 grTexSource#14651 tmu=0 addr=00047000 evenodd=3 lod=3..3 aspect=3 format=11
1663 pid=FFFF8AF7 t=677058 grTexSource#14652 tmu=0 addr=00048000 evenodd=3 lod=3..3 aspect=3 format=11
1664 pid=FFFF8AF7 t=677058 grTexSource#14653 tmu=0 addr=00049000 evenodd=3 lod=3..3 aspect=3 format=11
1665 pid=FFFF8AF7 t=677058 grTexSource#14654 tmu=0 addr=0004A000 evenodd=3 lod=3..3 aspect=3 format=11
1666 pid=FFFF8AF7 t=677058 grTexSource#14655 tmu=0 addr=0004B000 evenodd=3 lod=3..3 aspect=3 format=11
1667 pid=FFFF8AF7 t=677058 grTexSource#14656 tmu=0 addr=0004C000 evenodd=3 lod=3..3 aspect=3 format=11
1668 pid=FFFF8AF7 t=677058 grTexSource#14657 tmu=0 addr=0004D000 evenodd=3 lod=3..3 aspect=3 format=11
1669 pid=FFFF8AF7 t=677058 grTexSource#14658 tmu=0 addr=0004E000 evenodd=3 lod=3..3 aspect=3 format=11
1670 pid=FFFF8AF7 t=677059 grTexSource#14659 tmu=0 addr=0004F000 evenodd=3 lod=3..3 aspect=3 format=11
1671 pid=FFFF8AF7 t=677059 grTexSource#14660 tmu=0 addr=00050000 evenodd=3 lod=3..3 aspect=3 format=11
1672 pid=FFFF8AF7 t=677059 grTexSource#14661 tmu=0 addr=00051000 evenodd=3 lod=3..3 aspect=3 format=11
1673 pid=FFFF8AF7 t=677059 grTexSource#14662 tmu=0 addr=00052000 evenodd=3 lod=3..3 aspect=3 format=11
1674 pid=FFFF8AF7 t=677059 grTexSource#14663 tmu=0 addr=00053000 evenodd=3 lod=3..3 aspect=3 format=11
1675 pid=FFFF8AF7 t=677059 grTexSource#14664 tmu=0 addr=00054000 evenodd=3 lod=3..3 aspect=3 format=11
1676 pid=FFFF8AF7 t=677059 grTexSource#14665 tmu=0 addr=00055000 evenodd=3 lod=3..3 aspect=3 format=11
1677 pid=FFFF8AF7 t=677059 grTexSource#14666 tmu=0 addr=00056000 evenodd=3 lod=3..3 aspect=3 format=11
1678 pid=FFFF8AF7 t=677059 grTexSource#14667 tmu=0 addr=00057000 evenodd=3 lod=3..3 aspect=3 format=11
1679 pid=FFFF8AF7 t=677059 grTexSource#14668 tmu=0 addr=00058000 evenodd=3 lod=3..3 aspect=3 format=11
1680 pid=FFFF8AF7 t=677059 grTexSource#14669 tmu=0 addr=00059000 evenodd=3 lod=3..3 aspect=3 format=11
1681 pid=FFFF8AF7 t=677059 grTexSource#14670 tmu=0 addr=0005A000 evenodd=3 lod=3..3 aspect=3 format=11
1682 pid=FFFF8AF7 t=677059 grTexSource#14671 tmu=0 addr=0005B000 evenodd=3 lod=3..3 aspect=3 format=11
1683 pid=FFFF8AF7 t=677060 grTexSource#14672 tmu=0 addr=0005C000 evenodd=3 lod=3..3 aspect=3 format=11
1684 pid=FFFF8AF7 t=677060 grTexSource#14673 tmu=0 addr=0005D000 evenodd=3 lod=3..3 aspect=3 format=11
1685 pid=FFFF8AF7 t=677060 grTexSource#14674 tmu=0 addr=0005E000 evenodd=3 lod=3..3 aspect=3 format=11
1686 pid=FFFF8AF7 t=677060 grTexSource#14675 tmu=0 addr=0005F000 evenodd=3 lod=3..3 aspect=3 format=11
1687 pid=FFFF8AF7 t=677061 grTexSource#14676 tmu=0 addr=00060000 evenodd=3 lod=3..3 aspect=3 format=11
1688 pid=FFFF8AF7 t=677061 grTexSource#14677 tmu=0 addr=00061000 evenodd=3 lod=3..3 aspect=3 format=11
1689 pid=FFFF8AF7 t=677061 grTexSource#14678 tmu=0 addr=00062000 evenodd=3 lod=3..3 aspect=3 format=11
1690 pid=FFFF8AF7 t=677061 grTexSource#14679 tmu=0 addr=00063000 evenodd=3 lod=3..3 aspect=3 format=11
1691 pid=FFFF8AF7 t=677062 grTexSource#14680 tmu=0 addr=00064000 evenodd=3 lod=3..3 aspect=3 format=11
1692 pid=FFFF8AF7 t=677062 grTexSource#14681 tmu=0 addr=00065000 evenodd=3 lod=3..3 aspect=3 format=11
1693 pid=FFFF8AF7 t=677062 grTexSource#14682 tmu=0 addr=00066000 evenodd=3 lod=3..3 aspect=3 format=11
1694 pid=FFFF8AF7 t=677062 grTexSource#14683 tmu=0 addr=00067000 evenodd=3 lod=3..3 aspect=3 format=11
1695 pid=FFFF8AF7 t=677062 grTexSource#14684 tmu=0 addr=00068000 evenodd=3 lod=3..3 aspect=3 format=11
1696 pid=FFFF8AF7 t=677063 grTexSource#14685 tmu=0 addr=00069000 evenodd=3 lod=3..3 aspect=3 format=11
1697 pid=FFFF8AF7 t=677063 grTexSource#14686 tmu=0 addr=0006A000 evenodd=3 lod=3..3 aspect=3 format=11
1698 pid=FFFF8AF7 t=677063 grTexSource#14687 tmu=0 addr=0006B000 evenodd=3 lod=3..3 aspect=3 format=11
1699 pid=FFFF8AF7 t=677063 grTexSource#14688 tmu=0 addr=0006C000 evenodd=3 lod=3..3 aspect=3 format=11
1700 pid=FFFF8AF7 t=677065 grTexSource#14689 tmu=0 addr=0006D000 evenodd=3 lod=3..3 aspect=3 format=11
1701 pid=FFFF8AF7 t=677065 grTexSource#14690 tmu=0 addr=0006E000 evenodd=3 lod=3..3 aspect=3 format=11
1702 pid=FFFF8AF7 t=677065 grTexSource#14691 tmu=0 addr=0006F000 evenodd=3 lod=3..3 aspect=3 format=11
1703 pid=FFFF8AF7 t=677065 grTexSource#14692 tmu=0 addr=00070000 evenodd=3 lod=3..3 aspect=3 format=11
1704 pid=FFFF8AF7 t=677065 grTexSource#14693 tmu=0 addr=00071000 evenodd=3 lod=3..3 aspect=3 format=11
1705 pid=FFFF8AF7 t=677066 grTexSource#14694 tmu=0 addr=00072000 evenodd=3 lod=3..3 aspect=3 format=11
1706 pid=FFFF8AF7 t=677066 grTexSource#14695 tmu=0 addr=00073000 evenodd=3 lod=3..3 aspect=3 format=11
1707 pid=FFFF8AF7 t=677067 grTexSource#14696 tmu=0 addr=00074000 evenodd=3 lod=3..3 aspect=3 format=11
1708 pid=FFFF8AF7 t=677067 grTexSource#14697 tmu=0 addr=00075000 evenodd=3 lod=3..3 aspect=3 format=11
1709 pid=FFFF8AF7 t=677067 grTexSource#14698 tmu=0 addr=00076000 evenodd=3 lod=3..3 aspect=3 format=11
1710 pid=FFFF8AF7 t=677068 grTexSource#14699 tmu=0 addr=00077000 evenodd=3 lod=3..3 aspect=3 format=11
1711 pid=FFFF8AF7 t=677068 grTexSource#14700 tmu=0 addr=00078000 evenodd=3 lod=3..3 aspect=3 format=11
1712 pid=FFFF8AF7 t=677068 grTexSource#14701 tmu=0 addr=00079000 evenodd=3 lod=3..3 aspect=3 format=11
1713 pid=FFFF8AF7 t=677068 grTexSource#14702 tmu=0 addr=0007A000 evenodd=3 lod=3..3 aspect=3 format=11
1714 pid=FFFF8AF7 t=677069 grTexSource#14703 tmu=0 addr=0007B000 evenodd=3 lod=3..3 aspect=3 format=11
1715 pid=FFFF8AF7 t=677069 grTexSource#14704 tmu=0 addr=0007C000 evenodd=3 lod=3..3 aspect=3 format=11
1716 pid=FFFF8AF7 t=677069 grTexSource#14705 tmu=0 addr=0007D000 evenodd=3 lod=3..3 aspect=3 format=11
1717 pid=FFFF8AF7 t=677070 grTexSource#14706 tmu=0 addr=0007E000 evenodd=3 lod=3..3 aspect=3 format=11
1718 pid=FFFF8AF7 t=677070 grTexSource#14707 tmu=0 addr=0007F000 evenodd=3 lod=3..3 aspect=3 format=11
1719 pid=FFFF8AF7 t=677071 grTexSource#14708 tmu=0 addr=00080000 evenodd=3 lod=3..3 aspect=3 format=11
1720 pid=FFFF8AF7 t=677071 grTexSource#14709 tmu=0 addr=00081000 evenodd=3 lod=3..3 aspect=3 format=11
1721 pid=FFFF8AF7 t=677071 grTexSource#14710 tmu=0 addr=00082000 evenodd=3 lod=3..3 aspect=3 format=11
1722 pid=FFFF8AF7 t=677073 grTexSource#14711 tmu=0 addr=00083000 evenodd=3 lod=3..3 aspect=3 format=11
1723 pid=FFFF8AF7 t=677073 grTexSource#14712 tmu=0 addr=00084000 evenodd=3 lod=3..3 aspect=3 format=11
1724 pid=FFFF8AF7 t=677073 grTexSource#14713 tmu=0 addr=00085000 evenodd=3 lod=3..3 aspect=3 format=11
1725 pid=FFFF8AF7 t=677073 grTexSource#14714 tmu=0 addr=00086000 evenodd=3 lod=3..3 aspect=3 format=11
1726 pid=FFFF8AF7 t=677073 grTexSource#14715 tmu=0 addr=00087000 evenodd=3 lod=3..3 aspect=3 format=11
1727 pid=FFFF8AF7 t=677073 grTexSource#14716 tmu=0 addr=00088000 evenodd=3 lod=3..3 aspect=3 format=11
1728 pid=FFFF8AF7 t=677074 grTexSource#14717 tmu=0 addr=00089000 evenodd=3 lod=3..3 aspect=3 format=11
1729 pid=FFFF8AF7 t=677074 grTexSource#14718 tmu=0 addr=0008A000 evenodd=3 lod=3..3 aspect=3 format=11
1730 pid=FFFF8AF7 t=677075 grTexSource#14719 tmu=0 addr=0008B000 evenodd=3 lod=3..3 aspect=3 format=11
1731 pid=FFFF8AF7 t=677075 grTexSource#14720 tmu=0 addr=0008C000 evenodd=3 lod=3..3 aspect=3 format=11
1732 pid=FFFF8AF7 t=677075 grTexSource#14721 tmu=0 addr=0008D000 evenodd=3 lod=3..3 aspect=3 format=11
1733 pid=FFFF8AF7 t=677076 grTexSource#14722 tmu=0 addr=0008E000 evenodd=3 lod=3..3 aspect=3 format=11
1734 pid=FFFF8AF7 t=677076 grTexSource#14723 tmu=0 addr=0008F000 evenodd=3 lod=3..3 aspect=3 format=11
1735 pid=FFFF8AF7 t=677076 grTexSource#14724 tmu=0 addr=00090000 evenodd=3 lod=3..3 aspect=3 format=11
1736 pid=FFFF8AF7 t=677077 grTexSource#14725 tmu=0 addr=00091000 evenodd=3 lod=3..3 aspect=3 format=11
1737 pid=FFFF8AF7 t=677077 grTexSource#14726 tmu=0 addr=00092000 evenodd=3 lod=3..3 aspect=3 format=11
1738 pid=FFFF8AF7 t=677079 grTexSource#14727 tmu=0 addr=00093000 evenodd=3 lod=3..3 aspect=3 format=11
1739 pid=FFFF8AF7 t=677079 grTexSource#14728 tmu=0 addr=00094000 evenodd=3 lod=3..3 aspect=3 format=11
1740 pid=FFFF8AF7 t=677079 grTexSource#14729 tmu=0 addr=00095000 evenodd=3 lod=3..3 aspect=3 format=11
1741 pid=FFFF8AF7 t=677079 grTexSource#14730 tmu=0 addr=00096000 evenodd=3 lod=3..3 aspect=3 format=11
1742 pid=FFFF8AF7 t=677079 grTexSource#14731 tmu=0 addr=00097000 evenodd=3 lod=3..3 aspect=3 format=11
1743 pid=FFFF8AF7 t=677080 grTexSource#14732 tmu=0 addr=00098000 evenodd=3 lod=3..3 aspect=3 format=11
1744 pid=FFFF8AF7 t=677080 grTexSource#14733 tmu=0 addr=00099000 evenodd=3 lod=3..3 aspect=3 format=11
1745 pid=FFFF8AF7 t=677080 grTexSource#14734 tmu=0 addr=0009A000 evenodd=3 lod=3..3 aspect=3 format=11
1746 pid=FFFF8AF7 t=677081 grTexSource#14735 tmu=0 addr=0009B000 evenodd=3 lod=3..3 aspect=3 format=11
1747 pid=FFFF8AF7 t=677081 grTexSource#14736 tmu=0 addr=0009C000 evenodd=3 lod=3..3 aspect=3 format=11
1748 pid=FFFF8AF7 t=677082 grTexSource#14737 tmu=0 addr=0009D000 evenodd=3 lod=3..3 aspect=3 format=11
1749 pid=FFFF8AF7 t=677082 grTexSource#14738 tmu=0 addr=0009E000 evenodd=3 lod=3..3 aspect=3 format=11
1750 pid=FFFF8AF7 t=677082 grTexSource#14739 tmu=0 addr=0009F000 evenodd=3 lod=3..3 aspect=3 format=11
1751 pid=FFFF8AF7 t=677083 grTexSource#14740 tmu=0 addr=000A0000 evenodd=3 lod=3..3 aspect=3 format=11
1752 pid=FFFF8AF7 t=677083 grTexSource#14741 tmu=0 addr=000A1000 evenodd=3 lod=3..3 aspect=3 format=11
1753 pid=FFFF8AF7 t=677083 grTexSource#14742 tmu=0 addr=000A2000 evenodd=3 lod=3..3 aspect=3 format=11
1754 pid=FFFF8AF7 t=677084 grTexSource#14743 tmu=0 addr=000A3000 evenodd=3 lod=3..3 aspect=3 format=11
1755 pid=FFFF8AF7 t=677084 grTexSource#14744 tmu=0 addr=000A4000 evenodd=3 lod=3..3 aspect=3 format=11
1756 pid=FFFF8AF7 t=677085 grTexSource#14745 tmu=0 addr=000A5000 evenodd=3 lod=3..3 aspect=3 format=11
1757 pid=FFFF8AF7 t=677085 grTexSource#14746 tmu=0 addr=000A6000 evenodd=3 lod=3..3 aspect=3 format=11
1758 pid=FFFF8AF7 t=677085 grTexSource#14747 tmu=0 addr=000A7000 evenodd=3 lod=3..3 aspect=3 format=11
1759 pid=FFFF8AF7 t=677087 grTexSource#14748 tmu=0 addr=000A8000 evenodd=3 lod=3..3 aspect=3 format=11
1760 pid=FFFF8AF7 t=677087 grTexSource#14749 tmu=0 addr=000A9000 evenodd=3 lod=3..3 aspect=3 format=11
1761 pid=FFFF8AF7 t=677087 grTexSource#14750 tmu=0 addr=000AA000 evenodd=3 lod=3..3 aspect=3 format=11
1762 pid=FFFF8AF7 t=677087 grTexSource#14751 tmu=0 addr=000AB000 evenodd=3 lod=3..3 aspect=3 format=11
1763 pid=FFFF8AF7 t=677087 grTexSource#14752 tmu=0 addr=000AC000 evenodd=3 lod=3..3 aspect=3 format=11
1764 pid=FFFF8AF7 t=677088 grTexSource#14753 tmu=0 addr=000AD000 evenodd=3 lod=3..3 aspect=3 format=11
1765 pid=FFFF8AF7 t=677088 grTexSource#14754 tmu=0 addr=000AE000 evenodd=3 lod=3..3 aspect=3 format=11
1766 pid=FFFF8AF7 t=677089 grTexSource#14755 tmu=0 addr=000AF000 evenodd=3 lod=3..3 aspect=3 format=11
1767 pid=FFFF8AF7 t=677089 grTexSource#14756 tmu=0 addr=000B0000 evenodd=3 lod=3..3 aspect=3 format=11
1768 pid=FFFF8AF7 t=677089 grTexSource#14757 tmu=0 addr=000B1000 evenodd=3 lod=3..3 aspect=3 format=11
1769 pid=FFFF8AF7 t=677090 grTexSource#14758 tmu=0 addr=000B2000 evenodd=3 lod=3..3 aspect=3 format=11
1770 pid=FFFF8AF7 t=677090 grTexSource#14759 tmu=0 addr=000B3000 evenodd=3 lod=3..3 aspect=3 format=11
1771 pid=FFFF8AF7 t=677090 grTexSource#14760 tmu=0 addr=000B4000 evenodd=3 lod=3..3 aspect=3 format=11
1772 pid=FFFF8AF7 t=677091 grTexSource#14761 tmu=0 addr=000B5000 evenodd=3 lod=3..3 aspect=3 format=11
1773 pid=FFFF8AF7 t=677091 grTexSource#14762 tmu=0 addr=000B6000 evenodd=3 lod=3..3 aspect=3 format=11
1774 pid=FFFF8AF7 t=677092 grTexSource#14763 tmu=0 addr=000B7000 evenodd=3 lod=3..3 aspect=3 format=11
1775 pid=FFFF8AF7 t=677092 grTexSource#14764 tmu=0 addr=000B8000 evenodd=3 lod=3..3 aspect=3 format=11
1776 pid=FFFF8AF7 t=677092 grTexSource#14765 tmu=0 addr=000B9000 evenodd=3 lod=3..3 aspect=3 format=11
1777 pid=FFFF8AF7 t=677093 grTexSource#14766 tmu=0 addr=000BA000 evenodd=3 lod=3..3 aspect=3 format=11
1778 pid=FFFF8AF7 t=677093 grTexSource#14767 tmu=0 addr=000BB000 evenodd=3 lod=3..3 aspect=3 format=11
1779 pid=FFFF8AF7 t=677093 grTexSource#14768 tmu=0 addr=000BC000 evenodd=3 lod=3..3 aspect=3 format=11
1780 pid=FFFF8AF7 t=677095 grTexSource#14769 tmu=0 addr=000BD000 evenodd=3 lod=3..3 aspect=3 format=11
1781 pid=FFFF8AF7 t=677095 grTexSource#14770 tmu=0 addr=000BE000 evenodd=3 lod=3..3 aspect=3 format=11
1782 pid=FFFF8AF7 t=677095 grTexSource#14771 tmu=0 addr=000BF000 evenodd=3 lod=3..3 aspect=3 format=11
1783 pid=FFFF8AF7 t=677095 grTexSource#14772 tmu=0 addr=000C0000 evenodd=3 lod=3..3 aspect=3 format=11
1784 pid=FFFF8AF7 t=677096 grTexSource#14773 tmu=0 addr=000C1000 evenodd=3 lod=3..3 aspect=3 format=11
1785 pid=FFFF8AF7 t=677096 grTexSource#14774 tmu=0 addr=000C2000 evenodd=3 lod=3..3 aspect=3 format=11
1786 pid=FFFF8AF7 t=677096 grTexSource#14775 tmu=0 addr=000C3000 evenodd=3 lod=3..3 aspect=3 format=11
1787 pid=FFFF8AF7 t=677097 grTexSource#14776 tmu=0 addr=000C4000 evenodd=3 lod=3..3 aspect=3 format=11
1788 pid=FFFF8AF7 t=677097 grTexSource#14777 tmu=0 addr=000C5000 evenodd=3 lod=3..3 aspect=3 format=11
1789 pid=FFFF8AF7 t=677097 grTexSource#14778 tmu=0 addr=000C6000 evenodd=3 lod=3..3 aspect=3 format=11
1790 pid=FFFF8AF7 t=677098 grTexSource#14779 tmu=0 addr=000C7000 evenodd=3 lod=3..3 aspect=3 format=11
1791 pid=FFFF8AF7 t=677098 grTexSource#14780 tmu=0 addr=000C8000 evenodd=3 lod=3..3 aspect=3 format=11
1792 pid=FFFF8AF7 t=677099 grTexSource#14781 tmu=0 addr=000C9000 evenodd=3 lod=3..3 aspect=3 format=11
1793 pid=FFFF8AF7 t=677099 grTexSource#14782 tmu=0 addr=000CA000 evenodd=3 lod=3..3 aspect=3 format=11
1794 pid=FFFF8AF7 t=677099 grTexSource#14783 tmu=0 addr=000CB000 evenodd=3 lod=3..3 aspect=3 format=11
1795 pid=FFFF8AF7 t=677100 grTexSource#14784 tmu=0 addr=000CC000 evenodd=3 lod=3..3 aspect=3 format=11
1796 pid=FFFF8AF7 t=677100 grTexSource#14785 tmu=0 addr=000CD000 evenodd=3 lod=3..3 aspect=3 format=11
1797 pid=FFFF8AF7 t=677100 grTexSource#14786 tmu=0 addr=000CE000 evenodd=3 lod=3..3 aspect=3 format=11
1798 pid=FFFF8AF7 t=677101 grTexSource#14787 tmu=0 addr=000CF000 evenodd=3 lod=3..3 aspect=3 format=11
1799 pid=FFFF8AF7 t=677102 grTexSource#14788 tmu=0 addr=000D0000 evenodd=3 lod=3..3 aspect=3 format=11
1800 pid=FFFF8AF7 t=677102 grTexSource#14789 tmu=0 addr=000D1000 evenodd=3 lod=3..3 aspect=3 format=11
1801 pid=FFFF8AF7 t=677102 grTexSource#14790 tmu=0 addr=000D2000 evenodd=3 lod=3..3 aspect=3 format=11
1802 pid=FFFF8AF7 t=677103 grTexSource#14791 tmu=0 addr=000D3000 evenodd=3 lod=3..3 aspect=3 format=11
1803 pid=FFFF8AF7 t=677103 grTexSource#14792 tmu=0 addr=000D4000 evenodd=3 lod=3..3 aspect=3 format=11
1804 pid=FFFF8AF7 t=677103 grTexSource#14793 tmu=0 addr=000D5000 evenodd=3 lod=3..3 aspect=3 format=11
1805 pid=FFFF8AF7 t=677104 grTexSource#14794 tmu=0 addr=000D6000 evenodd=3 lod=3..3 aspect=3 format=11
1806 pid=FFFF8AF7 t=677104 grTexSource#14795 tmu=0 addr=000D7000 evenodd=3 lod=3..3 aspect=3 format=11
1807 pid=FFFF8AF7 t=677104 grTexSource#14796 tmu=0 addr=000D8000 evenodd=3 lod=3..3 aspect=3 format=11
1808 pid=FFFF8AF7 t=677105 grTexSource#14797 tmu=0 addr=000D9000 evenodd=3 lod=3..3 aspect=3 format=11
1809 pid=FFFF8AF7 t=677105 grTexSource#14798 tmu=0 addr=000DA000 evenodd=3 lod=3..3 aspect=3 format=11
1810 pid=FFFF8AF7 t=677106 grTexSource#14799 tmu=0 addr=000DB000 evenodd=3 lod=3..3 aspect=3 format=11
1811 pid=FFFF8AF7 t=677106 grTexSource#14800 tmu=0 addr=000DC000 evenodd=3 lod=3..3 aspect=3 format=11
1812 pid=FFFF8AF7 t=677106 grTexSource#14801 tmu=0 addr=000DD000 evenodd=3 lod=3..3 aspect=3 format=11
1813 pid=FFFF8AF7 t=677107 grTexSource#14802 tmu=0 addr=000DE000 evenodd=3 lod=3..3 aspect=3 format=11
1814 pid=FFFF8AF7 t=677107 grTexSource#14803 tmu=0 addr=000DF000 evenodd=3 lod=3..3 aspect=3 format=11
1815 pid=FFFF8AF7 t=677108 grTexSource#14804 tmu=0 addr=000E0000 evenodd=3 lod=3..3 aspect=3 format=11
1816 pid=FFFF8AF7 t=677108 grTexSource#14805 tmu=0 addr=000E1000 evenodd=3 lod=3..3 aspect=3 format=11
1817 pid=FFFF8AF7 t=677108 grTexSource#14806 tmu=0 addr=000E2000 evenodd=3 lod=3..3 aspect=3 format=11
1818 pid=FFFF8AF7 t=677109 grTexSource#14807 tmu=0 addr=000E3000 evenodd=3 lod=3..3 aspect=3 format=11
1819 pid=FFFF8AF7 t=677109 grTexSource#14808 tmu=0 addr=000E4000 evenodd=3 lod=3..3 aspect=3 format=11
1820 pid=FFFF8AF7 t=677111 grTexSource#14809 tmu=0 addr=000E5000 evenodd=3 lod=3..3 aspect=3 format=11
1821 pid=FFFF8AF7 t=677111 grTexSource#14810 tmu=0 addr=000E6000 evenodd=3 lod=3..3 aspect=3 format=11
1822 pid=FFFF8AF7 t=677111 grTexSource#14811 tmu=0 addr=000E7000 evenodd=3 lod=3..3 aspect=3 format=11
1823 pid=FFFF8AF7 t=677111 grTexSource#14812 tmu=0 addr=000E8000 evenodd=3 lod=3..3 aspect=3 format=11
1824 pid=FFFF8AF7 t=677111 grTexSource#14813 tmu=0 addr=000E9000 evenodd=3 lod=3..3 aspect=3 format=11
1825 pid=FFFF8AF7 t=677112 grTexSource#14814 tmu=0 addr=000EA000 evenodd=3 lod=3..3 aspect=3 format=11
1826 pid=FFFF8AF7 t=677112 grTexSource#14815 tmu=0 addr=000EB000 evenodd=3 lod=3..3 aspect=3 format=11
1827 pid=FFFF8AF7 t=677112 grTexSource#14816 tmu=0 addr=000EC000 evenodd=3 lod=3..3 aspect=3 format=11
1828 pid=FFFF8AF7 t=677113 grTexSource#14817 tmu=0 addr=000ED000 evenodd=3 lod=3..3 aspect=3 format=11
1829 pid=FFFF8AF7 t=677113 grTexSource#14818 tmu=0 addr=000EE000 evenodd=3 lod=3..3 aspect=3 format=11
1830 pid=FFFF8AF7 t=677114 grTexSource#14819 tmu=0 addr=000EF000 evenodd=3 lod=3..3 aspect=3 format=11
1831 pid=FFFF8AF7 t=677114 grTexSource#14820 tmu=0 addr=000F0000 evenodd=3 lod=3..3 aspect=3 format=11
1832 pid=FFFF8AF7 t=677114 grTexSource#14821 tmu=0 addr=000F1000 evenodd=3 lod=3..3 aspect=3 format=11
1833 pid=FFFF8AF7 t=677115 grTexSource#14822 tmu=0 addr=000F2000 evenodd=3 lod=3..3 aspect=3 format=11
1834 pid=FFFF8AF7 t=677115 grTexSource#14823 tmu=0 addr=000F3000 evenodd=3 lod=3..3 aspect=3 format=11
1835 pid=FFFF8AF7 t=677116 grTexSource#14824 tmu=0 addr=000F4000 evenodd=3 lod=3..3 aspect=3 format=11
1836 pid=FFFF8AF7 t=677116 grTexSource#14825 tmu=0 addr=000F5000 evenodd=3 lod=3..3 aspect=3 format=11
1837 pid=FFFF8AF7 t=677116 grTexSource#14826 tmu=0 addr=000F6000 evenodd=3 lod=3..3 aspect=3 format=11
1838 pid=FFFF8AF7 t=677118 grTexSource#14827 tmu=0 addr=000F7000 evenodd=3 lod=3..3 aspect=3 format=11
1839 pid=FFFF8AF7 t=677118 grTexSource#14828 tmu=0 addr=000F8000 evenodd=3 lod=3..3 aspect=3 format=11
1840 pid=FFFF8AF7 t=677118 grTexSource#14829 tmu=0 addr=000F9000 evenodd=3 lod=3..3 aspect=3 format=11
1841 pid=FFFF8AF7 t=677118 grTexSource#14830 tmu=0 addr=000FA000 evenodd=3 lod=3..3 aspect=3 format=11
1842 pid=FFFF8AF7 t=677118 grTexSource#14831 tmu=0 addr=000FB000 evenodd=3 lod=3..3 aspect=3 format=11
1843 pid=FFFF8AF7 t=677119 grTexSource#14832 tmu=0 addr=000FC000 evenodd=3 lod=3..3 aspect=3 format=11
1844 pid=FFFF8AF7 t=677119 grTexSource#14833 tmu=0 addr=000FD000 evenodd=3 lod=3..3 aspect=3 format=11
1845 pid=FFFF8AF7 t=677120 grTexSource#14834 tmu=0 addr=000FE000 evenodd=3 lod=3..3 aspect=3 format=11
1846 pid=FFFF8AF7 t=677120 grTexSource#14835 tmu=0 addr=000FF000 evenodd=3 lod=3..3 aspect=3 format=11
1847 pid=FFFF8AF7 t=677120 grTexSource#14836 tmu=0 addr=00100000 evenodd=3 lod=3..3 aspect=3 format=11
1848 pid=FFFF8AF7 t=677121 grTexSource#14837 tmu=0 addr=00101000 evenodd=3 lod=3..3 aspect=3 format=11
1849 pid=FFFF8AF7 t=677121 grTexSource#14838 tmu=0 addr=00102000 evenodd=3 lod=3..3 aspect=3 format=11
1850 pid=FFFF8AF7 t=677122 grTexSource#14839 tmu=0 addr=00103000 evenodd=3 lod=3..3 aspect=3 format=11
1851 pid=FFFF8AF7 t=677122 grTexSource#14840 tmu=0 addr=00104000 evenodd=3 lod=3..3 aspect=3 format=11
1852 pid=FFFF8AF7 t=677122 grTexSource#14841 tmu=0 addr=00105000 evenodd=3 lod=3..3 aspect=3 format=11
1853 pid=FFFF8AF7 t=677123 grTexSource#14842 tmu=0 addr=00106000 evenodd=3 lod=3..3 aspect=3 format=11
1854 pid=FFFF8AF7 t=677123 grTexSource#14843 tmu=0 addr=00107000 evenodd=3 lod=3..3 aspect=3 format=11
1855 pid=FFFF8AF7 t=677124 grTexSource#14844 tmu=0 addr=00108000 evenodd=3 lod=3..3 aspect=3 format=11
1856 pid=FFFF8AF7 t=677124 grTexSource#14845 tmu=0 addr=00109000 evenodd=3 lod=3..3 aspect=3 format=11
1857 pid=FFFF8AF7 t=677124 grTexSource#14846 tmu=0 addr=0010A000 evenodd=3 lod=3..3 aspect=3 format=11
1858 pid=FFFF8AF7 t=677126 grTexSource#14847 tmu=0 addr=0010B000 evenodd=3 lod=3..3 aspect=3 format=11
1859 pid=FFFF8AF7 t=677126 grTexSource#14848 tmu=0 addr=0010C000 evenodd=3 lod=3..3 aspect=3 format=11
1860 pid=FFFF8AF7 t=677126 grTexSource#14849 tmu=0 addr=0010D000 evenodd=3 lod=3..3 aspect=3 format=11
1861 pid=FFFF8AF7 t=677126 grTexSource#14850 tmu=0 addr=0010E000 evenodd=3 lod=3..3 aspect=3 format=11
1862 pid=FFFF8AF7 t=677126 grTexSource#14851 tmu=0 addr=0010F000 evenodd=3 lod=3..3 aspect=3 format=11
1863 pid=FFFF8AF7 t=677127 grTexSource#14852 tmu=0 addr=00110000 evenodd=3 lod=3..3 aspect=3 format=11
1864 pid=FFFF8AF7 t=677127 grTexSource#14853 tmu=0 addr=00111000 evenodd=3 lod=3..3 aspect=3 format=11
1865 pid=FFFF8AF7 t=677128 grTexSource#14854 tmu=0 addr=00112000 evenodd=3 lod=3..3 aspect=3 format=11
1866 pid=FFFF8AF7 t=677128 grTexSource#14855 tmu=0 addr=00113000 evenodd=3 lod=3..3 aspect=3 format=11
1867 pid=FFFF8AF7 t=677128 grTexSource#14856 tmu=0 addr=00114000 evenodd=3 lod=3..3 aspect=3 format=11
1868 pid=FFFF8AF7 t=677129 grTexSource#14857 tmu=0 addr=00115000 evenodd=3 lod=3..3 aspect=3 format=11
1869 pid=FFFF8AF7 t=677129 grTexSource#14858 tmu=0 addr=00116000 evenodd=3 lod=3..3 aspect=3 format=11
1870 pid=FFFF8AF7 t=677130 grTexSource#14859 tmu=0 addr=00117000 evenodd=3 lod=3..3 aspect=3 format=11
1871 pid=FFFF8AF7 t=677130 grTexSource#14860 tmu=0 addr=00118000 evenodd=3 lod=3..3 aspect=3 format=11
1872 pid=FFFF8AF7 t=677130 grTexSource#14861 tmu=0 addr=00119000 evenodd=3 lod=3..3 aspect=3 format=11
1873 pid=FFFF8AF7 t=677131 grTexSource#14862 tmu=0 addr=0011A000 evenodd=3 lod=3..3 aspect=3 format=11
1874 pid=FFFF8AF7 t=677131 grTexSource#14863 tmu=0 addr=0011B000 evenodd=3 lod=3..3 aspect=3 format=11
1875 pid=FFFF8AF7 t=677132 grTexSource#14864 tmu=0 addr=0011C000 evenodd=3 lod=3..3 aspect=3 format=11
1876 pid=FFFF8AF7 t=677132 grTexSource#14865 tmu=0 addr=0011D000 evenodd=3 lod=3..3 aspect=3 format=11
1877 pid=FFFF8AF7 t=677132 grTexSource#14866 tmu=0 addr=0011E000 evenodd=3 lod=3..3 aspect=3 format=11
1878 pid=FFFF8AF7 t=677134 grTexSource#14867 tmu=0 addr=0011F000 evenodd=3 lod=3..3 aspect=3 format=11
1879 pid=FFFF8AF7 t=677134 grTexSource#14868 tmu=0 addr=00120000 evenodd=3 lod=3..3 aspect=3 format=11
1880 pid=FFFF8AF7 t=677134 grTexSource#14869 tmu=0 addr=00121000 evenodd=3 lod=3..3 aspect=3 format=11
1881 pid=FFFF8AF7 t=677134 grTexSource#14870 tmu=0 addr=00122000 evenodd=3 lod=3..3 aspect=3 format=11
1882 pid=FFFF8AF7 t=677135 grTexSource#14871 tmu=0 addr=00123000 evenodd=3 lod=3..3 aspect=3 format=11
1883 pid=FFFF8AF7 t=677135 grTexSource#14872 tmu=0 addr=00124000 evenodd=3 lod=3..3 aspect=3 format=11
1884 pid=FFFF8AF7 t=677135 grTexSource#14873 tmu=0 addr=00125000 evenodd=3 lod=3..3 aspect=3 format=11
1885 pid=FFFF8AF7 t=677136 grTexSource#14874 tmu=0 addr=00126000 evenodd=3 lod=3..3 aspect=3 format=11
1886 pid=FFFF8AF7 t=677136 grTexSource#14875 tmu=0 addr=00127000 evenodd=3 lod=3..3 aspect=3 format=11
1887 pid=FFFF8AF7 t=677136 grTexSource#14876 tmu=0 addr=00128000 evenodd=3 lod=3..3 aspect=3 format=11
1888 pid=FFFF8AF7 t=677137 grTexSource#14877 tmu=0 addr=00129000 evenodd=3 lod=3..3 aspect=3 format=11
1889 pid=FFFF8AF7 t=677137 grTexSource#14878 tmu=0 addr=0012A000 evenodd=3 lod=3..3 aspect=3 format=11
1890 pid=FFFF8AF7 t=677138 grTexSource#14879 tmu=0 addr=0012B000 evenodd=3 lod=3..3 aspect=3 format=11
1891 pid=FFFF8AF7 t=677138 grTexSource#14880 tmu=0 addr=0012C000 evenodd=3 lod=3..3 aspect=3 format=11
1892 pid=FFFF8AF7 t=679928 grTexDownloadMipMap#6184 tmu=0 addr=001BE800 evenodd=3 lod=1..1 aspect=3 format=11 data=01400928
1893 pid=FFFF8AF7 t=679929 grTexDownloadMipMap#6185 tmu=0 addr=001C6800 evenodd=3 lod=1..1 aspect=3 format=11 data=01400928
1894 pid=FFFF8AF7 t=679931 grTexDownloadMipMap#6186 tmu=0 addr=001CE800 evenodd=3 lod=1..1 aspect=3 format=11 data=01400928
1895 pid=FFFF8AF7 t=679931 grTexDownloadMipMap#6187 tmu=0 addr=001D6800 evenodd=3 lod=1..1 aspect=3 format=11 data=01400928
1896 pid=FFFF8AF7 t=679932 grTexDownloadMipMap#6188 tmu=0 addr=001E6800 evenodd=3 lod=1..1 aspect=3 format=11 data=01400928
1897 pid=FFFF8AF7 t=680043 grTexSource#30481 tmu=0 addr=0012C800 evenodd=3 lod=0..0 aspect=3 format=12
1898 pid=FFFF8AF7 t=680051 grTexSource#30585 tmu=0 addr=001BE800 evenodd=3 lod=1..1 aspect=3 format=11
1899 pid=FFFF8AF7 t=680053 grTexSource#30586 tmu=0 addr=001C6800 evenodd=3 lod=1..1 aspect=3 format=11
1900 pid=FFFF8AF7 t=680056 grTexSource#30587 tmu=0 addr=001CE800 evenodd=3 lod=1..1 aspect=3 format=11
1901 pid=FFFF8AF7 t=680057 grTexSource#30588 tmu=0 addr=001D6800 evenodd=3 lod=1..1 aspect=3 format=11
1902 pid=FFFF8AF7 t=680059 grTexSource#30589 tmu=0 addr=001E6800 evenodd=3 lod=1..1 aspect=3 format=11
1903 pid=FFFF8AF7 t=680062 grTexSource#30590 tmu=0 addr=001EE800 evenodd=3 lod=3..3 aspect=3 format=12
1904 pid=FFFF8AF7 t=680062 grSstIdle#12 
1905 pid=FFFF8AF7 t=680169 grSstIdle#13 
1906 pid=FFFF8AF7 t=680277 grSstIdle#14 
1907 pid=FFFF8AF7 t=680384 grSstIdle#15 
1908 pid=FFFF8AF7 t=680491 grSstIdle#16 
1909 pid=FFFF8AF7 t=680599 grSstIdle#17 
1910 pid=FFFF8AF7 t=680706 grSstIdle#18 
1911 pid=FFFF8AF7 t=680814 grSstIdle#19 
1912 pid=FFFF8AF7 t=680920 grSstIdle#20 
1913 pid=FFFF8AF7 t=681027 grSstIdle#21 
1914 pid=FFFF8AF7 t=681137 grSstIdle#22 
1915 pid=FFFF8AF7 t=681244 grSstIdle#23 
1916 pid=FFFF8AF7 t=681351 grSstIdle#24 
1917 pid=FFFF8AF7 t=688441 census periodic swaps=343
1918 pid=FFFF8AF7 t=688441 census   draws: drawn=122612 refused=0 culled=0 skipped-textured=0
1919 pid=FFFF8AF7 t=688441 census   draws: fog-dropped=0 uploads=3779 surface-hits=2428 evictions=3050
1920 pid=FFFF8AF7 t=688441 census   grAlphaBlendFunction calls=1 lines=1
1921 pid=FFFF8AF7 t=688441 census   grAlphaCombine calls=2 lines=2
1922 pid=FFFF8AF7 t=688442 census   grAlphaTestFunction calls=1 lines=1
1923 pid=FFFF8AF7 t=688442 census   grAlphaTestReferenceValue calls=1 lines=1
1924 pid=FFFF8AF7 t=688442 census   grBufferClear calls=351 lines=10
1925 pid=FFFF8AF7 t=688442 census   grBufferSwap calls=343 lines=24
1926 pid=FFFF8AF7 t=688442 census   grChromakeyMode calls=2 lines=2
1927 pid=FFFF8AF7 t=688442 census   grChromakeyValue calls=1 lines=1
1928 pid=FFFF8AF7 t=688442 census   grColorCombine calls=2 lines=2
1929 pid=FFFF8AF7 t=688442 census   grCullMode calls=3 lines=3
1930 pid=FFFF8AF7 t=688442 census   grDepthBufferFunction calls=2 lines=2
1931 pid=FFFF8AF7 t=688442 census   grDepthBufferMode calls=2 lines=2
1932 pid=FFFF8AF7 t=688442 census   grDepthMask calls=2 lines=2
1933 pid=FFFF8AF7 t=688442 census   grDitherMode calls=1 lines=1
1934 pid=FFFF8AF7 t=688442 census   grDrawTriangle calls=122536 lines=320
1935 pid=FFFF8AF7 t=688442 census   grFogColorValue calls=1 lines=1
1936 pid=FFFF8AF7 t=688442 census   grFogMode calls=1 lines=1
1937 pid=FFFF8AF7 t=688442 census   grGammaCorrectionValue calls=3 lines=3
1938 pid=FFFF8AF7 t=688442 census   grGlideInit calls=1 lines=1
1939 pid=FFFF8AF7 t=688442 census   grLfbLock calls=4 lines=4
1940 pid=FFFF8AF7 t=688443 census   grLfbUnlock calls=4 lines=4
1941 pid=FFFF8AF7 t=688443 census   grRenderBuffer calls=354 lines=13
1942 pid=FFFF8AF7 t=688443 census   grSstIdle calls=86 lines=24
1943 pid=FFFF8AF7 t=688443 census   grSstQueryHardware calls=1 lines=1
1944 pid=FFFF8AF7 t=688443 census   grSstSelect calls=1 lines=1
1945 pid=FFFF8AF7 t=688443 census   grSstWinOpen calls=1 lines=1
1946 pid=FFFF8AF7 t=688443 census   grTexCalcMemRequired calls=733 lines=26
1947 pid=FFFF8AF7 t=688443 census   grTexClampMode calls=1 lines=1
1948 pid=FFFF8AF7 t=688443 census   grTexCombine calls=1 lines=1
1949 pid=FFFF8AF7 t=688443 census   grTexCombineFunction calls=1 lines=1
1950 pid=FFFF8AF7 t=688443 census   grTexDownloadMipMap calls=7408 lines=669
1951 pid=FFFF8AF7 t=688443 census   grTexFilterMode calls=2 lines=2
1952 pid=FFFF8AF7 t=688443 census   grTexMaxAddress calls=733 lines=22
1953 pid=FFFF8AF7 t=688443 census   grTexMinAddress calls=6 lines=4
1954 pid=FFFF8AF7 t=688443 census   grTexMipMapMode calls=1 lines=1
1955 pid=FFFF8AF7 t=688443 census   grTexSource calls=61268 lines=668
1956 pid=FFFF8AF7 t=703517 census periodic swaps=434
1957 pid=FFFF8AF7 t=703517 census   draws: drawn=199728 refused=0 culled=0 skipped-textured=0
1958 pid=FFFF8AF7 t=703517 census   draws: fog-dropped=0 uploads=6761 surface-hits=13196 evictions=5966
1959 pid=FFFF8AF7 t=703517 census   grAlphaBlendFunction calls=1 lines=1
1960 pid=FFFF8AF7 t=703517 census   grAlphaCombine calls=2 lines=2
1961 pid=FFFF8AF7 t=703517 census   grAlphaTestFunction calls=1 lines=1
1962 pid=FFFF8AF7 t=703517 census   grAlphaTestReferenceValue calls=1 lines=1
1963 pid=FFFF8AF7 t=703517 census   grBufferClear calls=442 lines=10
1964 pid=FFFF8AF7 t=703517 census   grBufferSwap calls=434 lines=24
1965 pid=FFFF8AF7 t=703517 census   grChromakeyMode calls=2 lines=2
1966 pid=FFFF8AF7 t=703517 census   grChromakeyValue calls=1 lines=1
1967 pid=FFFF8AF7 t=703517 census   grColorCombine calls=2 lines=2
1968 pid=FFFF8AF7 t=703517 census   grCullMode calls=3 lines=3
1969 pid=FFFF8AF7 t=703517 census   grDepthBufferFunction calls=2 lines=2
1970 pid=FFFF8AF7 t=703517 census   grDepthBufferMode calls=2 lines=2
1971 pid=FFFF8AF7 t=703517 census   grDepthMask calls=2 lines=2
1972 pid=FFFF8AF7 t=703517 census   grDitherMode calls=1 lines=1
1973 pid=FFFF8AF7 t=703517 census   grDrawTriangle calls=199572 lines=320
1974 pid=FFFF8AF7 t=703518 census   grFogColorValue calls=1 lines=1
1975 pid=FFFF8AF7 t=703518 census   grFogMode calls=1 lines=1
1976 pid=FFFF8AF7 t=703518 census   grGammaCorrectionValue calls=3 lines=3
1977 pid=FFFF8AF7 t=703518 census   grGlideInit calls=1 lines=1
1978 pid=FFFF8AF7 t=703518 census   grLfbLock calls=4 lines=4
1979 pid=FFFF8AF7 t=703518 census   grLfbUnlock calls=4 lines=4
1980 pid=FFFF8AF7 t=703518 census   grRenderBuffer calls=445 lines=13
1981 pid=FFFF8AF7 t=703518 census   grSstIdle calls=143 lines=24
1982 pid=FFFF8AF7 t=703518 census   grSstQueryHardware calls=1 lines=1
1983 pid=FFFF8AF7 t=703518 census   grSstSelect calls=1 lines=1
1984 pid=FFFF8AF7 t=703518 census   grSstWinOpen calls=1 lines=1
1985 pid=FFFF8AF7 t=703518 census   grTexCalcMemRequired calls=733 lines=26
1986 pid=FFFF8AF7 t=703518 census   grTexClampMode calls=1 lines=1
1987 pid=FFFF8AF7 t=703518 census   grTexCombine calls=1 lines=1
1988 pid=FFFF8AF7 t=703518 census   grTexCombineFunction calls=1 lines=1
1989 pid=FFFF8AF7 t=703518 census   grTexDownloadMipMap calls=34358 lines=669
1990 pid=FFFF8AF7 t=703518 census   grTexFilterMode calls=2 lines=2
1991 pid=FFFF8AF7 t=703519 census   grTexMaxAddress calls=733 lines=22
1992 pid=FFFF8AF7 t=703519 census   grTexMinAddress calls=6 lines=4
1993 pid=FFFF8AF7 t=703519 census   grTexMipMapMode calls=1 lines=1
1994 pid=FFFF8AF7 t=703519 census   grTexSource calls=99786 lines=668
1995 pid=FFFF8AF7 t=706795 grTexCalcMemRequired#736 lodmin=5 lodmax=5 aspect=3 format=11 -> 128
1996 pid=FFFF8AF7 t=706795 grTexDownloadMipMap#35260 tmu=0 addr=00001000 evenodd=3 lod=5..5 aspect=3 format=11 data=013C7DF0
1997 pid=FFFF8AF7 t=706795 grTexDownloadMipMap#35261 tmu=0 addr=00001080 evenodd=3 lod=3..3 aspect=3 format=11 data=013C7DF0
1998 pid=FFFF8AF7 t=707243 grColorCombine#3 func=1 factor=0 local=0 other=2 invert=0
1999 pid=FFFF8AF7 t=707243 grAlphaCombine#3 func=1 factor=0 local=0 other=2 invert=0
2000 pid=FFFF8AF7 t=707382 grTexDownloadMipMap#36162 tmu=0 addr=00001880 evenodd=3 lod=5..5 aspect=3 format=11 data=014A0130
2001 pid=FFFF8AF7 t=707382 grTexDownloadMipMap#36163 tmu=0 addr=00001900 evenodd=3 lod=5..5 aspect=3 format=11 data=014A0130
2002 pid=FFFF8AF7 t=707382 grTexDownloadMipMap#36164 tmu=0 addr=00001980 evenodd=3 lod=5..5 aspect=3 format=11 data=014A0130
2003 pid=FFFF8AF7 t=707382 grTexDownloadMipMap#36165 tmu=0 addr=00001A00 evenodd=3 lod=5..5 aspect=3 format=11 data=014A0130
2004 pid=FFFF8AF7 t=707382 grTexDownloadMipMap#36166 tmu=0 addr=00001A80 evenodd=3 lod=5..5 aspect=3 format=11 data=014A0130
2005 pid=FFFF8AF7 t=707384 grTexDownloadMipMap#36168 tmu=0 addr=00001B80 evenodd=3 lod=5..5 aspect=3 format=11 data=014A0130
2006 pid=FFFF8AF7 t=707384 grTexDownloadMipMap#36169 tmu=0 addr=00001C00 evenodd=3 lod=5..5 aspect=3 format=11 data=014A0130
2007 pid=FFFF8AF7 t=707384 grTexDownloadMipMap#36170 tmu=0 addr=00001C80 evenodd=3 lod=3..3 aspect=3 format=12 data=014A0130
2008 pid=FFFF8AF7 t=707384 grTexCalcMemRequired#747 lodmin=4 lodmax=4 aspect=3 format=11 -> 512
2009 pid=FFFF8AF7 t=707384 grTexDownloadMipMap#36171 tmu=0 addr=00002480 evenodd=3 lod=4..4 aspect=3 format=11 data=014A0130
2010 pid=FFFF8AF7 t=707384 grTexDownloadMipMap#36172 tmu=0 addr=00002680 evenodd=3 lod=4..4 aspect=3 format=11 data=014A0130
2011 pid=FFFF8AF7 t=707384 grTexDownloadMipMap#36173 tmu=0 addr=00002880 evenodd=3 lod=4..4 aspect=3 format=11 data=014A0130
2012 pid=FFFF8AF7 t=707384 grTexDownloadMipMap#36174 tmu=0 addr=00002A80 evenodd=3 lod=4..4 aspect=3 format=11 data=014A0130
2013 pid=FFFF8AF7 t=707385 grTexDownloadMipMap#36175 tmu=0 addr=00002C80 evenodd=3 lod=3..3 aspect=3 format=12 data=014A0130
2014 pid=FFFF8AF7 t=707385 grTexDownloadMipMap#36176 tmu=0 addr=00003480 evenodd=3 lod=3..3 aspect=3 format=11 data=014A0130
2015 pid=FFFF8AF7 t=707385 grTexDownloadMipMap#36177 tmu=0 addr=00003C80 evenodd=3 lod=3..3 aspect=3 format=11 data=014A0130
2016 pid=FFFF8AF7 t=707386 grTexDownloadMipMap#36178 tmu=0 addr=00004480 evenodd=3 lod=3..3 aspect=3 format=11 data=014A0130
2017 pid=FFFF8AF7 t=707386 grTexDownloadMipMap#36179 tmu=0 addr=00004C80 evenodd=3 lod=3..3 aspect=3 format=11 data=014A0130
2018 pid=FFFF8AF7 t=707386 grTexDownloadMipMap#36180 tmu=0 addr=00005480 evenodd=3 lod=3..3 aspect=3 format=11 data=014A0130
2019 pid=FFFF8AF7 t=707387 grTexDownloadMipMap#36181 tmu=0 addr=00005C80 evenodd=3 lod=3..3 aspect=3 format=11 data=014A0130
2020 pid=FFFF8AF7 t=707387 grTexDownloadMipMap#36182 tmu=0 addr=00006480 evenodd=3 lod=3..3 aspect=3 format=11 data=014A0130
2021 pid=FFFF8AF7 t=707387 grTexDownloadMipMap#36183 tmu=0 addr=00006C80 evenodd=3 lod=3..3 aspect=3 format=11 data=014A0130
2022 pid=FFFF8AF7 t=707388 grTexDownloadMipMap#36184 tmu=0 addr=00007480 evenodd=3 lod=3..3 aspect=3 format=11 data=014A0130
2023 pid=FFFF8AF7 t=707388 grTexDownloadMipMap#36185 tmu=0 addr=00007C80 evenodd=3 lod=3..3 aspect=3 format=11 data=014A0130
2024 pid=FFFF8AF7 t=707388 grTexDownloadMipMap#36186 tmu=0 addr=00008480 evenodd=3 lod=3..3 aspect=3 format=11 data=014A0130
2025 pid=FFFF8AF7 t=707389 grTexDownloadMipMap#36187 tmu=0 addr=00008C80 evenodd=3 lod=3..3 aspect=3 format=11 data=014A0130
2026 pid=FFFF8AF7 t=707389 grTexDownloadMipMap#36188 tmu=0 addr=00009480 evenodd=3 lod=3..3 aspect=3 format=11 data=014A0130
2027 pid=FFFF8AF7 t=707389 grTexDownloadMipMap#36189 tmu=0 addr=00009C80 evenodd=3 lod=3..3 aspect=3 format=11 data=014A0130
2028 pid=FFFF8AF7 t=707390 grTexDownloadMipMap#36190 tmu=0 addr=0000A480 evenodd=3 lod=3..3 aspect=3 format=11 data=014A0130
2029 pid=FFFF8AF7 t=707390 grTexDownloadMipMap#36191 tmu=0 addr=0000AC80 evenodd=3 lod=3..3 aspect=3 format=11 data=014A0130
2030 pid=FFFF8AF7 t=707390 grTexDownloadMipMap#36192 tmu=0 addr=0000B480 evenodd=3 lod=3..3 aspect=3 format=11 data=014A0130
2031 pid=FFFF8AF7 t=707392 grTexDownloadMipMap#36193 tmu=0 addr=0000BC80 evenodd=3 lod=3..3 aspect=3 format=11 data=014A0130
2032 pid=FFFF8AF7 t=707392 grTexDownloadMipMap#36194 tmu=0 addr=0000C480 evenodd=3 lod=3..3 aspect=3 format=11 data=014A0130
2033 pid=FFFF8AF7 t=707392 grTexDownloadMipMap#36195 tmu=0 addr=0000CC80 evenodd=3 lod=3..3 aspect=3 format=11 data=014A0130
2034 pid=FFFF8AF7 t=707392 grTexDownloadMipMap#36196 tmu=0 addr=0000D480 evenodd=3 lod=3..3 aspect=3 format=11 data=014A0130
2035 pid=FFFF8AF7 t=707392 grTexDownloadMipMap#36197 tmu=0 addr=0000DC80 evenodd=3 lod=3..3 aspect=3 format=11 data=014A0130
2036 pid=FFFF8AF7 t=707393 grTexDownloadMipMap#36198 tmu=0 addr=0000E480 evenodd=3 lod=3..3 aspect=3 format=11 data=014A0130
2037 pid=FFFF8AF7 t=707393 grTexDownloadMipMap#36199 tmu=0 addr=0000EC80 evenodd=3 lod=3..3 aspect=3 format=11 data=014A0130
2038 pid=FFFF8AF7 t=707393 grTexDownloadMipMap#36200 tmu=0 addr=0000F480 evenodd=3 lod=3..3 aspect=3 format=11 data=014A0130
2039 pid=FFFF8AF7 t=707394 grTexDownloadMipMap#36201 tmu=0 addr=0000FC80 evenodd=3 lod=3..3 aspect=3 format=11 data=014A0130
2040 pid=FFFF8AF7 t=707394 grTexDownloadMipMap#36202 tmu=0 addr=00010480 evenodd=3 lod=3..3 aspect=3 format=11 data=014A0130
2041 pid=FFFF8AF7 t=707394 grTexDownloadMipMap#36203 tmu=0 addr=00010C80 evenodd=3 lod=3..3 aspect=3 format=11 data=014A0130
2042 pid=FFFF8AF7 t=707395 grTexDownloadMipMap#36204 tmu=0 addr=00011480 evenodd=3 lod=3..3 aspect=3 format=11 data=014A0130
2043 pid=FFFF8AF7 t=707395 grTexDownloadMipMap#36205 tmu=0 addr=00011C80 evenodd=3 lod=3..3 aspect=3 format=11 data=014A0130
2044 pid=FFFF8AF7 t=707395 grTexDownloadMipMap#36206 tmu=0 addr=00012480 evenodd=3 lod=3..3 aspect=3 format=11 data=014A0130
2045 pid=FFFF8AF7 t=707396 grTexDownloadMipMap#36207 tmu=0 addr=00012C80 evenodd=3 lod=3..3 aspect=3 format=11 data=014A0130
2046 pid=FFFF8AF7 t=707396 grTexDownloadMipMap#36208 tmu=0 addr=00013480 evenodd=3 lod=3..3 aspect=3 format=11 data=014A0130
2047 pid=FFFF8AF7 t=707396 grTexCalcMemRequired#785 lodmin=0 lodmax=0 aspect=3 format=11 -> 131072
2048 pid=FFFF8AF7 t=707418 grTexCalcMemRequired#786 lodmin=2 lodmax=2 aspect=3 format=12 -> 8192
2049 pid=FFFF8AF7 t=707418 grTexDownloadMipMap#36209 tmu=0 addr=00033C80 evenodd=3 lod=2..2 aspect=3 format=12 data=01504510
2050 pid=FFFF8AF7 t=707426 grTexDownloadMipMap#36210 tmu=0 addr=00013C80 evenodd=3 lod=0..0 aspect=3 format=11 data=014A0130
2051 pid=FFFF8AF7 t=707426 grTexDownloadMipMap#36211 tmu=0 addr=00035C80 evenodd=3 lod=3..3 aspect=3 format=11 data=01504510
2052 pid=FFFF8AF7 t=707426 grTexCalcMemRequired#788 lodmin=6 lodmax=6 aspect=3 format=11 -> 32
2053 pid=FFFF8AF7 t=707426 grTexDownloadMipMap#36212 tmu=0 addr=00036480 evenodd=3 lod=6..6 aspect=3 format=11 data=01504510
2054 pid=FFFF8AF7 t=707427 grTexDownloadMipMap#36213 tmu=0 addr=000364A0 evenodd=3 lod=6..6 aspect=3 format=11 data=01504510
2055 pid=FFFF8AF7 t=707427 grTexDownloadMipMap#36214 tmu=0 addr=000364C0 evenodd=3 lod=5..5 aspect=3 format=11 data=01504510
2056 pid=FFFF8AF7 t=707427 grTexDownloadMipMap#36215 tmu=0 addr=00036540 evenodd=3 lod=6..6 aspect=3 format=11 data=01504510
2057 pid=FFFF8AF7 t=707427 grTexDownloadMipMap#36216 tmu=0 addr=00036560 evenodd=3 lod=6..6 aspect=3 format=11 data=01504510
2058 pid=FFFF8AF7 t=707428 grTexDownloadMipMap#36217 tmu=0 addr=00036580 evenodd=3 lod=6..6 aspect=3 format=11 data=01504510
2059 pid=FFFF8AF7 t=707428 grTexDownloadMipMap#36218 tmu=0 addr=000365A0 evenodd=3 lod=5..5 aspect=3 format=11 data=01504510
2060 pid=FFFF8AF7 t=707428 grTexDownloadMipMap#36219 tmu=0 addr=00036620 evenodd=3 lod=5..5 aspect=3 format=11 data=01504510
2061 pid=FFFF8AF7 t=707428 grTexDownloadMipMap#36220 tmu=0 addr=000366A0 evenodd=3 lod=6..6 aspect=3 format=11 data=01504510
2062 pid=FFFF8AF7 t=707429 grTexDownloadMipMap#36221 tmu=0 addr=000366C0 evenodd=3 lod=5..5 aspect=3 format=11 data=01504510
2063 pid=FFFF8AF7 t=707429 grTexDownloadMipMap#36222 tmu=0 addr=00036740 evenodd=3 lod=6..6 aspect=3 format=11 data=01504510
2064 pid=FFFF8AF7 t=707429 grTexDownloadMipMap#36223 tmu=0 addr=00036760 evenodd=3 lod=5..5 aspect=3 format=11 data=01504510
2065 pid=FFFF8AF7 t=707429 grTexDownloadMipMap#36224 tmu=0 addr=000367E0 evenodd=3 lod=5..5 aspect=3 format=11 data=01504510
2066 pid=FFFF8AF7 t=707429 grTexDownloadMipMap#36225 tmu=0 addr=00036860 evenodd=3 lod=6..6 aspect=3 format=11 data=01504510
2067 pid=FFFF8AF7 t=707431 grTexDownloadMipMap#36226 tmu=0 addr=00036880 evenodd=3 lod=5..5 aspect=3 format=11 data=01504510
2068 pid=FFFF8AF7 t=707431 grTexDownloadMipMap#36227 tmu=0 addr=00036900 evenodd=3 lod=5..5 aspect=3 format=11 data=01504510
2069 pid=FFFF8AF7 t=707431 grTexDownloadMipMap#36228 tmu=0 addr=00036980 evenodd=3 lod=5..5 aspect=3 format=11 data=01504510
2070 pid=FFFF8AF7 t=707431 grTexDownloadMipMap#36229 tmu=0 addr=00036A00 evenodd=3 lod=5..5 aspect=3 format=11 data=01504510
2071 pid=FFFF8AF7 t=707431 grTexDownloadMipMap#36230 tmu=0 addr=00036A80 evenodd=3 lod=5..5 aspect=3 format=11 data=01504510
2072 pid=FFFF8AF7 t=707431 grTexDownloadMipMap#36232 tmu=0 addr=00036B80 evenodd=3 lod=5..5 aspect=3 format=11 data=01504510
2073 pid=FFFF8AF7 t=707431 grTexDownloadMipMap#36233 tmu=0 addr=00036C00 evenodd=3 lod=5..5 aspect=3 format=11 data=01504510
2074 pid=FFFF8AF7 t=707432 grTexDownloadMipMap#36234 tmu=0 addr=00036C80 evenodd=3 lod=6..6 aspect=3 format=11 data=01504510
2075 pid=FFFF8AF7 t=707432 grTexDownloadMipMap#36235 tmu=0 addr=00036CA0 evenodd=3 lod=6..6 aspect=3 format=11 data=01504510
2076 pid=FFFF8AF7 t=707432 grTexDownloadMipMap#36236 tmu=0 addr=00036CC0 evenodd=3 lod=5..5 aspect=3 format=11 data=01504510
2077 pid=FFFF8AF7 t=707432 grTexDownloadMipMap#36237 tmu=0 addr=00036D40 evenodd=3 lod=5..5 aspect=3 format=11 data=01504510
2078 pid=FFFF8AF7 t=707432 grTexDownloadMipMap#36238 tmu=0 addr=00036DC0 evenodd=3 lod=5..5 aspect=3 format=11 data=01504510
2079 pid=FFFF8AF7 t=707433 grTexDownloadMipMap#36239 tmu=0 addr=00036E40 evenodd=3 lod=5..5 aspect=3 format=11 data=01504510
2080 pid=FFFF8AF7 t=707433 grTexDownloadMipMap#36240 tmu=0 addr=00036EC0 evenodd=3 lod=5..5 aspect=3 format=11 data=01504510
2081 pid=FFFF8AF7 t=707433 grTexDownloadMipMap#36241 tmu=0 addr=00036F40 evenodd=3 lod=5..5 aspect=3 format=11 data=01504510
2082 pid=FFFF8AF7 t=707433 grTexDownloadMipMap#36242 tmu=0 addr=00036FC0 evenodd=3 lod=5..5 aspect=3 format=11 data=01504510
2083 pid=FFFF8AF7 t=707434 grTexDownloadMipMap#36243 tmu=0 addr=00037040 evenodd=3 lod=5..5 aspect=3 format=11 data=01504510
2084 pid=FFFF8AF7 t=707434 grTexDownloadMipMap#36244 tmu=0 addr=000370C0 evenodd=3 lod=5..5 aspect=3 format=11 data=01504510
2085 pid=FFFF8AF7 t=707434 grTexDownloadMipMap#36245 tmu=0 addr=00037140 evenodd=3 lod=5..5 aspect=3 format=11 data=01504510
2086 pid=FFFF8AF7 t=707434 grTexDownloadMipMap#36246 tmu=0 addr=000371C0 evenodd=3 lod=6..6 aspect=3 format=11 data=01504510
2087 pid=FFFF8AF7 t=707435 grTexDownloadMipMap#36247 tmu=0 addr=000371E0 evenodd=3 lod=5..5 aspect=3 format=11 data=01504510
2088 pid=FFFF8AF7 t=707435 grTexDownloadMipMap#36248 tmu=0 addr=00037260 evenodd=3 lod=5..5 aspect=3 format=11 data=01504510
2089 pid=FFFF8AF7 t=707435 grTexDownloadMipMap#36249 tmu=0 addr=000372E0 evenodd=3 lod=5..5 aspect=3 format=11 data=01504510
2090 pid=FFFF8AF7 t=707435 grTexDownloadMipMap#36250 tmu=0 addr=00037360 evenodd=3 lod=5..5 aspect=3 format=11 data=01504510
2091 pid=FFFF8AF7 t=707435 grTexDownloadMipMap#36251 tmu=0 addr=000373E0 evenodd=3 lod=5..5 aspect=3 format=11 data=01504510
2092 pid=FFFF8AF7 t=707436 grTexDownloadMipMap#36252 tmu=0 addr=00037460 evenodd=3 lod=5..5 aspect=3 format=11 data=01504510
2093 pid=FFFF8AF7 t=707436 grTexDownloadMipMap#36253 tmu=0 addr=000374E0 evenodd=3 lod=5..5 aspect=3 format=11 data=01504510
2094 pid=FFFF8AF7 t=707436 grTexDownloadMipMap#36254 tmu=0 addr=00037560 evenodd=3 lod=5..5 aspect=3 format=11 data=01504510
2095 pid=FFFF8AF7 t=707436 grTexDownloadMipMap#36255 tmu=0 addr=000375E0 evenodd=3 lod=5..5 aspect=3 format=11 data=01504510
2096 pid=FFFF8AF7 t=707437 grTexDownloadMipMap#36256 tmu=0 addr=00037660 evenodd=3 lod=5..5 aspect=3 format=11 data=01504510
2097 pid=FFFF8AF7 t=707437 grTexDownloadMipMap#36257 tmu=0 addr=000376E0 evenodd=3 lod=5..5 aspect=3 format=11 data=01504510
2098 pid=FFFF8AF7 t=707437 grTexDownloadMipMap#36258 tmu=0 addr=00037760 evenodd=3 lod=5..5 aspect=3 format=11 data=01504510
2099 pid=FFFF8AF7 t=707437 grTexDownloadMipMap#36259 tmu=0 addr=000377E0 evenodd=3 lod=5..5 aspect=3 format=11 data=01504510
2100 pid=FFFF8AF7 t=707439 grTexDownloadMipMap#36260 tmu=0 addr=00037860 evenodd=3 lod=5..5 aspect=3 format=11 data=01504510
2101 pid=FFFF8AF7 t=707439 grTexDownloadMipMap#36261 tmu=0 addr=000378E0 evenodd=3 lod=5..5 aspect=3 format=11 data=01504510
2102 pid=FFFF8AF7 t=707439 grTexDownloadMipMap#36262 tmu=0 addr=00037960 evenodd=3 lod=5..5 aspect=3 format=11 data=01504510
2103 pid=FFFF8AF7 t=707439 grTexDownloadMipMap#36263 tmu=0 addr=000379E0 evenodd=3 lod=5..5 aspect=3 format=11 data=01504510
2104 pid=FFFF8AF7 t=707439 grTexDownloadMipMap#36264 tmu=0 addr=00037A60 evenodd=3 lod=5..5 aspect=3 format=11 data=01504510
2105 pid=FFFF8AF7 t=707439 grTexDownloadMipMap#36265 tmu=0 addr=00037AE0 evenodd=3 lod=5..5 aspect=3 format=11 data=01504510
2106 pid=FFFF8AF7 t=707439 grTexDownloadMipMap#36266 tmu=0 addr=00037B60 evenodd=3 lod=6..6 aspect=3 format=11 data=01504510
2107 pid=FFFF8AF7 t=707439 grTexDownloadMipMap#36267 tmu=0 addr=00037B80 evenodd=3 lod=6..6 aspect=3 format=11 data=01504510
2108 pid=FFFF8AF7 t=707440 grTexDownloadMipMap#36268 tmu=0 addr=00037BA0 evenodd=3 lod=5..5 aspect=3 format=11 data=01504510
2109 pid=FFFF8AF7 t=707440 grTexDownloadMipMap#36269 tmu=0 addr=00037C20 evenodd=3 lod=6..6 aspect=3 format=11 data=01504510
2110 pid=FFFF8AF7 t=707440 grTexDownloadMipMap#36270 tmu=0 addr=00037C40 evenodd=3 lod=5..5 aspect=3 format=11 data=01504510
2111 pid=FFFF8AF7 t=707440 grTexDownloadMipMap#36271 tmu=0 addr=00037CC0 evenodd=3 lod=5..5 aspect=3 format=11 data=01504510
2112 pid=FFFF8AF7 t=707441 grTexDownloadMipMap#36272 tmu=0 addr=00037D40 evenodd=3 lod=5..5 aspect=3 format=11 data=01504510
2113 pid=FFFF8AF7 t=707441 grTexDownloadMipMap#36273 tmu=0 addr=00037DC0 evenodd=3 lod=5..5 aspect=3 format=11 data=01504510
2114 pid=FFFF8AF7 t=707441 grTexDownloadMipMap#36274 tmu=0 addr=00037E40 evenodd=3 lod=5..5 aspect=3 format=11 data=01504510
2115 pid=FFFF8AF7 t=707441 grTexDownloadMipMap#36275 tmu=0 addr=00037EC0 evenodd=3 lod=5..5 aspect=3 format=11 data=01504510
2116 pid=FFFF8AF7 t=707442 grTexDownloadMipMap#36276 tmu=0 addr=00037F40 evenodd=3 lod=6..6 aspect=3 format=11 data=01504510
2117 pid=FFFF8AF7 t=707442 grTexDownloadMipMap#36277 tmu=0 addr=00037F60 evenodd=3 lod=5..5 aspect=3 format=11 data=01504510
2118 pid=FFFF8AF7 t=707442 grTexDownloadMipMap#36278 tmu=0 addr=00037FE0 evenodd=3 lod=5..5 aspect=3 format=11 data=01504510
2119 pid=FFFF8AF7 t=707442 grTexDownloadMipMap#36279 tmu=0 addr=00038060 evenodd=3 lod=5..5 aspect=3 format=11 data=01504510
2120 pid=FFFF8AF7 t=707443 grTexDownloadMipMap#36280 tmu=0 addr=000380E0 evenodd=3 lod=5..5 aspect=3 format=11 data=01504510
2121 pid=FFFF8AF7 t=707443 grTexDownloadMipMap#36281 tmu=0 addr=00038160 evenodd=3 lod=5..5 aspect=3 format=11 data=01504510
2122 pid=FFFF8AF7 t=707502 grTexDownloadMipMap#36282 tmu=0 addr=000381E0 evenodd=3 lod=1..1 aspect=3 format=11 data=00FC1ED0
2123 pid=FFFF8AF7 t=707504 grTexDownloadMipMap#36283 tmu=0 addr=000401E0 evenodd=3 lod=1..1 aspect=3 format=11 data=00FC1ED0
2124 pid=FFFF8AF7 t=707506 grTexDownloadMipMap#36284 tmu=0 addr=000481E0 evenodd=3 lod=1..1 aspect=3 format=11 data=00FC1ED0
2125 pid=FFFF8AF7 t=707509 grTexDownloadMipMap#36285 tmu=0 addr=000501E0 evenodd=3 lod=1..1 aspect=3 format=11 data=00FC1ED0
2126 pid=FFFF8AF7 t=707510 grTexDownloadMipMap#36286 tmu=0 addr=000581E0 evenodd=3 lod=1..1 aspect=3 format=11 data=00FC1ED0
2127 pid=FFFF8AF7 t=707512 grTexDownloadMipMap#36287 tmu=0 addr=000601E0 evenodd=3 lod=1..1 aspect=3 format=11 data=00FC1ED0
2128 pid=FFFF8AF7 t=707514 grTexDownloadMipMap#36288 tmu=0 addr=000681E0 evenodd=3 lod=1..1 aspect=3 format=11 data=00FC1ED0
2129 pid=FFFF8AF7 t=707516 grTexDownloadMipMap#36289 tmu=0 addr=000701E0 evenodd=3 lod=1..1 aspect=3 format=11 data=00FC1ED0
2130 pid=FFFF8AF7 t=707518 grTexDownloadMipMap#36290 tmu=0 addr=000781E0 evenodd=3 lod=3..3 aspect=3 format=11 data=00FC1ED0
2131 pid=FFFF8AF7 t=707518 grTexDownloadMipMap#36291 tmu=0 addr=000789E0 evenodd=3 lod=3..3 aspect=3 format=11 data=00FC1ED0
2132 pid=FFFF8AF7 t=707518 grTexDownloadMipMap#36292 tmu=0 addr=000791E0 evenodd=3 lod=3..3 aspect=3 format=11 data=00FC1ED0
2133 pid=FFFF8AF7 t=707518 grTexDownloadMipMap#36293 tmu=0 addr=000799E0 evenodd=3 lod=3..3 aspect=3 format=11 data=00FC1ED0
2134 pid=FFFF8AF7 t=707518 grTexDownloadMipMap#36294 tmu=0 addr=0007A1E0 evenodd=3 lod=3..3 aspect=3 format=11 data=00FC1ED0
2135 pid=FFFF8AF7 t=707518 grTexDownloadMipMap#36295 tmu=0 addr=0007A9E0 evenodd=3 lod=3..3 aspect=3 format=11 data=00FC1ED0
2136 pid=FFFF8AF7 t=707519 grTexDownloadMipMap#36296 tmu=0 addr=0007B1E0 evenodd=3 lod=3..3 aspect=3 format=11 data=00FC1ED0
2137 pid=FFFF8AF7 t=707519 grTexDownloadMipMap#36297 tmu=0 addr=0007B9E0 evenodd=3 lod=3..3 aspect=3 format=11 data=00FC1ED0
2138 pid=FFFF8AF7 t=707519 grTexDownloadMipMap#36298 tmu=0 addr=0007C1E0 evenodd=3 lod=3..3 aspect=3 format=11 data=00FC1ED0
2139 pid=FFFF8AF7 t=707520 grTexDownloadMipMap#36299 tmu=0 addr=0007C9E0 evenodd=3 lod=4..4 aspect=3 format=11 data=00FC1ED0
2140 pid=FFFF8AF7 t=707520 grTexDownloadMipMap#36300 tmu=0 addr=0007CBE0 evenodd=3 lod=4..4 aspect=3 format=11 data=00FC1ED0
2141 pid=FFFF8AF7 t=707520 grTexDownloadMipMap#36301 tmu=0 addr=0007CDE0 evenodd=3 lod=4..4 aspect=3 format=11 data=00FC1ED0
2142 pid=FFFF8AF7 t=707520 grTexDownloadMipMap#36302 tmu=0 addr=0007CFE0 evenodd=3 lod=4..4 aspect=3 format=11 data=00FC1ED0
2143 pid=FFFF8AF7 t=707521 grTexDownloadMipMap#36303 tmu=0 addr=0007D1E0 evenodd=3 lod=4..4 aspect=3 format=11 data=00FC1ED0
2144 pid=FFFF8AF7 t=707521 grTexDownloadMipMap#36304 tmu=0 addr=0007D3E0 evenodd=3 lod=4..4 aspect=3 format=11 data=00FC1ED0
2145 pid=FFFF8AF7 t=707521 grTexDownloadMipMap#36305 tmu=0 addr=0007D5E0 evenodd=3 lod=4..4 aspect=3 format=11 data=00FC1ED0
2146 pid=FFFF8AF7 t=707521 grTexDownloadMipMap#36306 tmu=0 addr=0007D7E0 evenodd=3 lod=4..4 aspect=3 format=11 data=00FC1ED0
2147 pid=FFFF8AF7 t=707522 grTexDownloadMipMap#36307 tmu=0 addr=0007D9E0 evenodd=3 lod=4..4 aspect=3 format=11 data=00FC1ED0
2148 pid=FFFF8AF7 t=707522 grTexDownloadMipMap#36308 tmu=0 addr=0007DBE0 evenodd=3 lod=4..4 aspect=3 format=11 data=00FC1ED0
2149 pid=FFFF8AF7 t=707523 grTexDownloadMipMap#36309 tmu=0 addr=0007DDE0 evenodd=3 lod=4..4 aspect=3 format=11 data=00FC1ED0
2150 pid=FFFF8AF7 t=707523 grTexDownloadMipMap#36310 tmu=0 addr=0007DFE0 evenodd=3 lod=4..4 aspect=3 format=11 data=00FC1ED0
2151 pid=FFFF8AF7 t=707523 grTexDownloadMipMap#36311 tmu=0 addr=0007E1E0 evenodd=3 lod=3..3 aspect=3 format=11 data=00FC1ED0
2152 pid=FFFF8AF7 t=707523 grTexDownloadMipMap#36312 tmu=0 addr=0007E9E0 evenodd=3 lod=4..4 aspect=3 format=11 data=00FC1ED0
2153 pid=FFFF8AF7 t=707523 grTexDownloadMipMap#36313 tmu=0 addr=0007EBE0 evenodd=3 lod=4..4 aspect=3 format=11 data=00FC1ED0
2154 pid=FFFF8AF7 t=707523 grTexDownloadMipMap#36314 tmu=0 addr=0007EDE0 evenodd=3 lod=4..4 aspect=3 format=11 data=00FC1ED0
2155 pid=FFFF8AF7 t=707524 grTexDownloadMipMap#36315 tmu=0 addr=0007EFE0 evenodd=3 lod=4..4 aspect=3 format=11 data=00FC1ED0
2156 pid=FFFF8AF7 t=707524 grTexCalcMemRequired#892 lodmin=2 lodmax=2 aspect=3 format=11 -> 8192
2157 pid=FFFF8AF7 t=707524 grTexDownloadMipMap#36316 tmu=0 addr=0007F1E0 evenodd=3 lod=2..2 aspect=3 format=11 data=00FC1ED0
2158 pid=FFFF8AF7 t=707526 grTexDownloadMipMap#36317 tmu=0 addr=000811E0 evenodd=3 lod=2..2 aspect=3 format=11 data=00FC1ED0
2159 pid=FFFF8AF7 t=707526 grTexDownloadMipMap#36318 tmu=0 addr=000831E0 evenodd=3 lod=2..2 aspect=3 format=11 data=00FC1ED0
2160 pid=FFFF8AF7 t=707527 grTexDownloadMipMap#36319 tmu=0 addr=000851E0 evenodd=3 lod=2..2 aspect=3 format=11 data=00FC1ED0
2161 pid=FFFF8AF7 t=707527 grTexDownloadMipMap#36320 tmu=0 addr=000871E0 evenodd=3 lod=2..2 aspect=3 format=11 data=00FC1ED0
2162 pid=FFFF8AF7 t=707528 grTexDownloadMipMap#36321 tmu=0 addr=000891E0 evenodd=3 lod=2..2 aspect=3 format=11 data=00FC1ED0
2163 pid=FFFF8AF7 t=707528 grTexDownloadMipMap#36322 tmu=0 addr=0008B1E0 evenodd=3 lod=4..4 aspect=3 format=11 data=00FC1ED0
2164 pid=FFFF8AF7 t=707529 grTexDownloadMipMap#36323 tmu=0 addr=0008B3E0 evenodd=3 lod=2..2 aspect=3 format=11 data=00FC1ED0
2165 pid=FFFF8AF7 t=707530 grTexDownloadMipMap#36324 tmu=0 addr=0008D3E0 evenodd=3 lod=2..2 aspect=3 format=11 data=00FC1ED0
2166 pid=FFFF8AF7 t=707530 grTexDownloadMipMap#36325 tmu=0 addr=0008F3E0 evenodd=3 lod=2..2 aspect=3 format=11 data=00FC1ED0
2167 pid=FFFF8AF7 t=707531 grTexDownloadMipMap#36326 tmu=0 addr=000913E0 evenodd=3 lod=2..2 aspect=3 format=11 data=00FC1ED0
2168 pid=FFFF8AF7 t=707533 grTexDownloadMipMap#36327 tmu=0 addr=000933E0 evenodd=3 lod=2..2 aspect=3 format=11 data=00FC1ED0
2169 pid=FFFF8AF7 t=707533 grTexDownloadMipMap#36328 tmu=0 addr=000953E0 evenodd=3 lod=3..3 aspect=3 format=11 data=00FC1ED0
2170 pid=FFFF8AF7 t=707533 grTexDownloadMipMap#36329 tmu=0 addr=00095BE0 evenodd=3 lod=5..5 aspect=3 format=11 data=00FC1ED0
2171 pid=FFFF8AF7 t=707533 grTexDownloadMipMap#36330 tmu=0 addr=00095C60 evenodd=3 lod=5..5 aspect=3 format=11 data=00FC1ED0
2172 pid=FFFF8AF7 t=707533 grTexDownloadMipMap#36331 tmu=0 addr=00095CE0 evenodd=3 lod=5..5 aspect=3 format=11 data=00FC1ED0
2173 pid=FFFF8AF7 t=707533 grTexDownloadMipMap#36332 tmu=0 addr=00095D60 evenodd=3 lod=5..5 aspect=3 format=11 data=00FC1ED0
2174 pid=FFFF8AF7 t=707534 grTexDownloadMipMap#36333 tmu=0 addr=00095DE0 evenodd=3 lod=3..3 aspect=3 format=11 data=00FC1ED0
2175 pid=FFFF8AF7 t=707534 grTexDownloadMipMap#36334 tmu=0 addr=000965E0 evenodd=3 lod=4..4 aspect=3 format=11 data=00FC1ED0
2176 pid=FFFF8AF7 t=707534 grTexDownloadMipMap#36335 tmu=0 addr=000967E0 evenodd=3 lod=4..4 aspect=3 format=11 data=00FC1ED0
2177 pid=FFFF8AF7 t=707536 grTexDownloadMipMap#36336 tmu=0 addr=000969E0 evenodd=3 lod=1..1 aspect=3 format=11 data=00FC1ED0
2178 pid=FFFF8AF7 t=707536 grTexDownloadMipMap#36337 tmu=0 addr=0009E9E0 evenodd=3 lod=3..3 aspect=3 format=11 data=00FC1ED0
2179 pid=FFFF8AF7 t=707537 grTexDownloadMipMap#36338 tmu=0 addr=0009F1E0 evenodd=3 lod=3..3 aspect=3 format=11 data=00FC1ED0
2180 pid=FFFF8AF7 t=707537 grTexDownloadMipMap#36339 tmu=0 addr=0009F9E0 evenodd=3 lod=3..3 aspect=3 format=11 data=00FC1ED0
2181 pid=FFFF8AF7 t=707537 grTexDownloadMipMap#36340 tmu=0 addr=000A01E0 evenodd=3 lod=3..3 aspect=3 format=11 data=00FC1ED0
2182 pid=FFFF8AF7 t=707538 grTexDownloadMipMap#36341 tmu=0 addr=000A09E0 evenodd=3 lod=3..3 aspect=3 format=11 data=00FC1ED0
2183 pid=FFFF8AF7 t=707538 grTexDownloadMipMap#36342 tmu=0 addr=000A11E0 evenodd=3 lod=3..3 aspect=3 format=11 data=00FC1ED0
2184 pid=FFFF8AF7 t=707538 grTexDownloadMipMap#36343 tmu=0 addr=000A19E0 evenodd=3 lod=3..3 aspect=3 format=11 data=00FC1ED0
2185 pid=FFFF8AF7 t=707540 grTexDownloadMipMap#36344 tmu=0 addr=000A21E0 evenodd=3 lod=3..3 aspect=3 format=11 data=00FC1ED0
2186 pid=FFFF8AF7 t=707540 grTexDownloadMipMap#36345 tmu=0 addr=000A29E0 evenodd=3 lod=3..3 aspect=3 format=11 data=00FC1ED0
2187 pid=FFFF8AF7 t=707540 grTexDownloadMipMap#36346 tmu=0 addr=000A31E0 evenodd=3 lod=3..3 aspect=3 format=11 data=00FC1ED0
2188 pid=FFFF8AF7 t=707540 grTexDownloadMipMap#36347 tmu=0 addr=000A39E0 evenodd=3 lod=3..3 aspect=3 format=11 data=00FC1ED0
2189 pid=FFFF8AF7 t=707540 grTexDownloadMipMap#36348 tmu=0 addr=000A41E0 evenodd=3 lod=3..3 aspect=3 format=11 data=00FC1ED0
2190 pid=FFFF8AF7 t=707540 grTexDownloadMipMap#36349 tmu=0 addr=000A49E0 evenodd=3 lod=3..3 aspect=3 format=11 data=00FC1ED0
2191 pid=FFFF8AF7 t=707541 grTexDownloadMipMap#36350 tmu=0 addr=000A51E0 evenodd=3 lod=3..3 aspect=3 format=11 data=00FC1ED0
2192 pid=FFFF8AF7 t=707541 grTexDownloadMipMap#36351 tmu=0 addr=000A59E0 evenodd=3 lod=3..3 aspect=3 format=11 data=00FC1ED0
2193 pid=FFFF8AF7 t=707542 grTexDownloadMipMap#36352 tmu=0 addr=000A61E0 evenodd=3 lod=3..3 aspect=3 format=11 data=00FC1ED0
2194 pid=FFFF8AF7 t=707542 grTexDownloadMipMap#36353 tmu=0 addr=000A69E0 evenodd=3 lod=3..3 aspect=3 format=11 data=00FC1ED0
2195 pid=FFFF8AF7 t=707542 grTexDownloadMipMap#36354 tmu=0 addr=000A71E0 evenodd=3 lod=3..3 aspect=3 format=11 data=00FC1ED0
2196 pid=FFFF8AF7 t=707543 grTexDownloadMipMap#36355 tmu=0 addr=000A79E0 evenodd=3 lod=3..3 aspect=3 format=11 data=00FC1ED0
2197 pid=FFFF8AF7 t=707543 grTexDownloadMipMap#36356 tmu=0 addr=000A81E0 evenodd=3 lod=3..3 aspect=3 format=11 data=00FC1ED0
2198 pid=FFFF8AF7 t=707543 grTexDownloadMipMap#36357 tmu=0 addr=000A89E0 evenodd=3 lod=3..3 aspect=3 format=11 data=00FC1ED0
2199 pid=FFFF8AF7 t=707544 grTexDownloadMipMap#36358 tmu=0 addr=000A91E0 evenodd=3 lod=3..3 aspect=3 format=11 data=00FC1ED0
2200 pid=FFFF8AF7 t=707544 grTexDownloadMipMap#36359 tmu=0 addr=000A99E0 evenodd=3 lod=3..3 aspect=3 format=11 data=00FC1ED0
2201 pid=FFFF8AF7 t=707544 grTexDownloadMipMap#36360 tmu=0 addr=000AA1E0 evenodd=3 lod=3..3 aspect=3 format=11 data=00FC1ED0
2202 pid=FFFF8AF7 t=707545 grTexDownloadMipMap#36361 tmu=0 addr=000AA9E0 evenodd=3 lod=3..3 aspect=3 format=11 data=00FC1ED0
2203 pid=FFFF8AF7 t=707545 grTexDownloadMipMap#36362 tmu=0 addr=000AB1E0 evenodd=3 lod=4..4 aspect=3 format=11 data=00FC1ED0
2204 pid=FFFF8AF7 t=707545 grTexDownloadMipMap#36363 tmu=0 addr=000AB3E0 evenodd=3 lod=4..4 aspect=3 format=11 data=00FC1ED0
2205 pid=FFFF8AF7 t=707545 grTexDownloadMipMap#36364 tmu=0 addr=000AB5E0 evenodd=3 lod=4..4 aspect=3 format=11 data=00FC1ED0
2206 pid=FFFF8AF7 t=707546 grTexDownloadMipMap#36365 tmu=0 addr=000AB7E0 evenodd=3 lod=3..3 aspect=3 format=11 data=00FC1ED0
2207 pid=FFFF8AF7 t=707546 grTexDownloadMipMap#36366 tmu=0 addr=000ABFE0 evenodd=3 lod=3..3 aspect=3 format=11 data=00FC1ED0
2208 pid=FFFF8AF7 t=707548 grTexDownloadMipMap#36367 tmu=0 addr=000AC7E0 evenodd=3 lod=2..2 aspect=3 format=11 data=00FC1ED0
2209 pid=FFFF8AF7 t=707548 grTexDownloadMipMap#36368 tmu=0 addr=000AE7E0 evenodd=3 lod=2..2 aspect=3 format=11 data=00FC1ED0
2210 pid=FFFF8AF7 t=707548 grTexDownloadMipMap#36369 tmu=0 addr=000B07E0 evenodd=3 lod=3..3 aspect=3 format=11 data=00FC1ED0
2211 pid=FFFF8AF7 t=707548 grTexDownloadMipMap#36370 tmu=0 addr=000B0FE0 evenodd=3 lod=3..3 aspect=3 format=11 data=00FC1ED0
2212 pid=FFFF8AF7 t=707549 grTexDownloadMipMap#36371 tmu=0 addr=000B17E0 evenodd=3 lod=3..3 aspect=3 format=11 data=00FC1ED0
2213 pid=FFFF8AF7 t=707549 grTexDownloadMipMap#36372 tmu=0 addr=000B1FE0 evenodd=3 lod=3..3 aspect=3 format=11 data=00FC1ED0
2214 pid=FFFF8AF7 t=707549 grTexDownloadMipMap#36373 tmu=0 addr=000B27E0 evenodd=3 lod=3..3 aspect=3 format=11 data=00FC1ED0
2215 pid=FFFF8AF7 t=707550 grTexDownloadMipMap#36374 tmu=0 addr=000B2FE0 evenodd=3 lod=3..3 aspect=3 format=11 data=00FC1ED0
2216 pid=FFFF8AF7 t=707550 grTexDownloadMipMap#36375 tmu=0 addr=000B37E0 evenodd=3 lod=3..3 aspect=3 format=11 data=00FC1ED0
2217 pid=FFFF8AF7 t=707550 grTexDownloadMipMap#36376 tmu=0 addr=000B3FE0 evenodd=3 lod=3..3 aspect=3 format=11 data=00FC1ED0
2218 pid=FFFF8AF7 t=707551 grTexDownloadMipMap#36377 tmu=0 addr=000B47E0 evenodd=3 lod=3..3 aspect=3 format=11 data=00FC1ED0
2219 pid=FFFF8AF7 t=707551 grTexDownloadMipMap#36378 tmu=0 addr=000B4FE0 evenodd=3 lod=3..3 aspect=3 format=11 data=00FC1ED0
2220 pid=FFFF8AF7 t=707551 grTexDownloadMipMap#36379 tmu=0 addr=000B57E0 evenodd=3 lod=3..3 aspect=3 format=11 data=00FC1ED0
2221 pid=FFFF8AF7 t=707553 grTexDownloadMipMap#36380 tmu=0 addr=000B5FE0 evenodd=3 lod=3..3 aspect=3 format=11 data=00FC1ED0
2222 pid=FFFF8AF7 t=707553 grTexDownloadMipMap#36381 tmu=0 addr=000B67E0 evenodd=3 lod=3..3 aspect=3 format=11 data=00FC1ED0
2223 pid=FFFF8AF7 t=707553 grTexDownloadMipMap#36382 tmu=0 addr=000B6FE0 evenodd=3 lod=2..2 aspect=3 format=11 data=00FC1ED0
2224 pid=FFFF8AF7 t=707553 grTexDownloadMipMap#36383 tmu=0 addr=000B8FE0 evenodd=3 lod=3..3 aspect=3 format=11 data=00FC1ED0
2225 pid=FFFF8AF7 t=707554 grTexDownloadMipMap#36384 tmu=0 addr=000B97E0 evenodd=3 lod=2..2 aspect=3 format=11 data=00FC1ED0
2226 pid=FFFF8AF7 t=707554 grTexDownloadMipMap#36385 tmu=0 addr=000BB7E0 evenodd=3 lod=5..5 aspect=3 format=11 data=00FC1ED0
2227 pid=FFFF8AF7 t=707556 grTexDownloadMipMap#36386 tmu=0 addr=000BB860 evenodd=3 lod=2..2 aspect=3 format=11 data=00FC1ED0
2228 pid=FFFF8AF7 t=707556 grTexDownloadMipMap#36387 tmu=0 addr=000BD860 evenodd=3 lod=5..5 aspect=3 format=11 data=00FC1ED0
2229 pid=FFFF8AF7 t=707556 grTexDownloadMipMap#36388 tmu=0 addr=000BD8E0 evenodd=3 lod=3..3 aspect=3 format=11 data=00FC1ED0
2230 pid=FFFF8AF7 t=707556 grTexDownloadMipMap#36389 tmu=0 addr=000BE0E0 evenodd=3 lod=4..4 aspect=3 format=11 data=00FC1ED0
2231 pid=FFFF8AF7 t=707556 grTexDownloadMipMap#36390 tmu=0 addr=000BE2E0 evenodd=3 lod=2..2 aspect=3 format=11 data=00FC1ED0
2232 pid=FFFF8AF7 t=707557 grTexDownloadMipMap#36391 tmu=0 addr=000C02E0 evenodd=3 lod=4..4 aspect=3 format=11 data=00FC1ED0
2233 pid=FFFF8AF7 t=707557 grTexDownloadMipMap#36392 tmu=0 addr=000C04E0 evenodd=3 lod=3..3 aspect=3 format=11 data=00FC1ED0
2234 pid=FFFF8AF7 t=707557 grTexDownloadMipMap#36393 tmu=0 addr=000C0CE0 evenodd=3 lod=3..3 aspect=3 format=11 data=00FC1ED0
2235 pid=FFFF8AF7 t=707558 grTexDownloadMipMap#36394 tmu=0 addr=000C14E0 evenodd=3 lod=5..5 aspect=3 format=11 data=00FC1ED0
2236 pid=FFFF8AF7 t=707558 grTexDownloadMipMap#36395 tmu=0 addr=000C1560 evenodd=3 lod=4..4 aspect=3 format=11 data=00FC1ED0
2237 pid=FFFF8AF7 t=707558 grTexDownloadMipMap#36396 tmu=0 addr=000C1760 evenodd=3 lod=3..3 aspect=3 format=11 data=00FC1ED0
2238 pid=FFFF8AF7 t=707558 grTexDownloadMipMap#36397 tmu=0 addr=000C1F60 evenodd=3 lod=4..4 aspect=3 format=11 data=00FC1ED0
2239 pid=FFFF8AF7 t=707559 grTexDownloadMipMap#36398 tmu=0 addr=000C2160 evenodd=3 lod=5..5 aspect=3 format=11 data=00FC1ED0
2240 pid=FFFF8AF7 t=707559 grTexCalcMemRequired#975 lodmin=7 lodmax=7 aspect=3 format=11 -> 8
2241 pid=FFFF8AF7 t=707559 grTexDownloadMipMap#36399 tmu=0 addr=000C21E0 evenodd=3 lod=7..7 aspect=3 format=11 data=00FC1ED0
2242 pid=FFFF8AF7 t=707559 grTexDownloadMipMap#36400 tmu=0 addr=000C21E8 evenodd=3 lod=4..4 aspect=3 format=11 data=00FC1ED0
2243 pid=FFFF8AF7 t=707559 grTexDownloadMipMap#36401 tmu=0 addr=000C23E8 evenodd=3 lod=4..4 aspect=3 format=11 data=00FC1ED0
2244 pid=FFFF8AF7 t=707560 grTexDownloadMipMap#36402 tmu=0 addr=000C25E8 evenodd=3 lod=4..4 aspect=3 format=11 data=00FC1ED0
2245 pid=FFFF8AF7 t=707560 grTexDownloadMipMap#36403 tmu=0 addr=000C27E8 evenodd=3 lod=3..3 aspect=3 format=11 data=00FC1ED0
2246 pid=FFFF8AF7 t=707560 grTexDownloadMipMap#36404 tmu=0 addr=000C2FE8 evenodd=3 lod=3..3 aspect=3 format=11 data=00FC1ED0
2247 pid=FFFF8AF7 t=707561 grTexDownloadMipMap#36405 tmu=0 addr=000C37E8 evenodd=3 lod=4..4 aspect=3 format=11 data=00FC1ED0
2248 pid=FFFF8AF7 t=707561 grTexDownloadMipMap#36406 tmu=0 addr=000C39E8 evenodd=3 lod=5..5 aspect=3 format=11 data=00FC1ED0
2249 pid=FFFF8AF7 t=707561 grTexDownloadMipMap#36407 tmu=0 addr=000C3A68 evenodd=3 lod=5..5 aspect=3 format=11 data=00FC1ED0
2250 pid=FFFF8AF7 t=707561 grTexDownloadMipMap#36408 tmu=0 addr=000C3AE8 evenodd=3 lod=5..5 aspect=3 format=11 data=00FC1ED0
2251 pid=FFFF8AF7 t=707562 grTexDownloadMipMap#36409 tmu=0 addr=000C3B68 evenodd=3 lod=4..4 aspect=3 format=11 data=00FC1ED0
2252 pid=FFFF8AF7 t=707562 grTexDownloadMipMap#36410 tmu=0 addr=000C3D68 evenodd=3 lod=5..5 aspect=3 format=11 data=00FC1ED0
2253 pid=FFFF8AF7 t=707562 grTexDownloadMipMap#36411 tmu=0 addr=000C3DE8 evenodd=3 lod=5..5 aspect=3 format=11 data=00FC1ED0
2254 pid=FFFF8AF7 t=707562 grTexDownloadMipMap#36412 tmu=0 addr=000C3E68 evenodd=3 lod=3..3 aspect=3 format=11 data=00FC1ED0
2255 pid=FFFF8AF7 t=707564 grTexDownloadMipMap#36413 tmu=0 addr=000C4668 evenodd=3 lod=3..3 aspect=3 format=11 data=00FC1ED0
2256 pid=FFFF8AF7 t=707564 grTexDownloadMipMap#36414 tmu=0 addr=000C4E68 evenodd=3 lod=3..3 aspect=3 format=11 data=00FC1ED0
2257 pid=FFFF8AF7 t=707565 grTexDownloadMipMap#36415 tmu=0 addr=000C5668 evenodd=3 lod=1..1 aspect=3 format=11 data=00FC1ED0
2258 pid=FFFF8AF7 t=707567 grTexDownloadMipMap#36416 tmu=0 addr=000CD668 evenodd=3 lod=1..1 aspect=3 format=11 data=00FC1ED0
2259 pid=FFFF8AF7 t=707569 grTexDownloadMipMap#36417 tmu=0 addr=000D5668 evenodd=3 lod=1..1 aspect=3 format=11 data=00FC1ED0
2260 pid=FFFF8AF7 t=707572 grTexDownloadMipMap#36418 tmu=0 addr=000DD668 evenodd=3 lod=1..1 aspect=3 format=11 data=00FC1ED0
2261 pid=FFFF8AF7 t=707573 grTexDownloadMipMap#36419 tmu=0 addr=000E5668 evenodd=3 lod=1..1 aspect=3 format=11 data=00FC1ED0
2262 pid=FFFF8AF7 t=707576 grTexDownloadMipMap#36420 tmu=0 addr=000ED668 evenodd=3 lod=1..1 aspect=3 format=11 data=00FC1ED0
2263 pid=FFFF8AF7 t=707579 grTexDownloadMipMap#36421 tmu=0 addr=000F5668 evenodd=3 lod=1..1 aspect=3 format=11 data=00FC1ED0
2264 pid=FFFF8AF7 t=707580 grTexDownloadMipMap#36422 tmu=0 addr=000FD668 evenodd=3 lod=1..1 aspect=3 format=11 data=00FC1ED0
2265 pid=FFFF8AF7 t=707582 grTexDownloadMipMap#36423 tmu=0 addr=00105668 evenodd=3 lod=1..1 aspect=3 format=11 data=00FC1ED0
2266 pid=FFFF8AF7 t=707584 grTexDownloadMipMap#36424 tmu=0 addr=0010D668 evenodd=3 lod=1..1 aspect=3 format=11 data=00FC1ED0
2267 pid=FFFF8AF7 t=707587 grTexDownloadMipMap#36425 tmu=0 addr=00115668 evenodd=3 lod=1..1 aspect=3 format=11 data=00FC1ED0
2268 pid=FFFF8AF7 t=707588 grTexDownloadMipMap#36426 tmu=0 addr=0011D668 evenodd=3 lod=1..1 aspect=3 format=11 data=00FC1ED0
2269 pid=FFFF8AF7 t=707588 grTexDownloadMipMap#36427 tmu=0 addr=00125668 evenodd=3 lod=3..3 aspect=3 format=11 data=00FC1ED0
2270 pid=FFFF8AF7 t=707589 grTexDownloadMipMap#36428 tmu=0 addr=00125E68 evenodd=3 lod=3..3 aspect=3 format=11 data=00FC1ED0
2271 pid=FFFF8AF7 t=707589 grTexDownloadMipMap#36429 tmu=0 addr=00126668 evenodd=3 lod=3..3 aspect=3 format=11 data=00FC1ED0
2272 pid=FFFF8AF7 t=707590 grTexDownloadMipMap#36430 tmu=0 addr=00126E68 evenodd=3 lod=2..2 aspect=3 format=11 data=00FC1ED0
2273 pid=FFFF8AF7 t=707590 grTexDownloadMipMap#36431 tmu=0 addr=00128E68 evenodd=3 lod=2..2 aspect=3 format=11 data=00FC1ED0
2274 pid=FFFF8AF7 t=707591 grTexDownloadMipMap#36432 tmu=0 addr=0012AE68 evenodd=3 lod=7..7 aspect=3 format=11 data=00FC1ED0
2275 pid=FFFF8AF7 t=707591 grTexDownloadMipMap#36433 tmu=0 addr=0012AE70 evenodd=3 lod=3..3 aspect=3 format=11 data=00FC1ED0
2276 pid=FFFF8AF7 t=707591 grTexDownloadMipMap#36434 tmu=0 addr=0012B670 evenodd=3 lod=3..3 aspect=3 format=11 data=00FC1ED0
2277 pid=FFFF8AF7 t=707592 grTexDownloadMipMap#36435 tmu=0 addr=0012BE70 evenodd=3 lod=3..3 aspect=3 format=11 data=00FC1ED0
2278 pid=FFFF8AF7 t=707592 grTexDownloadMipMap#36436 tmu=0 addr=0012C670 evenodd=3 lod=3..3 aspect=3 format=11 data=00FC1ED0
2279 pid=FFFF8AF7 t=707592 grTexDownloadMipMap#36437 tmu=0 addr=0012CE70 evenodd=3 lod=3..3 aspect=3 format=11 data=00FC1ED0
2280 pid=FFFF8AF7 t=707593 grTexDownloadMipMap#36438 tmu=0 addr=0012D670 evenodd=3 lod=3..3 aspect=3 format=11 data=00FC1ED0
2281 pid=FFFF8AF7 t=707593 grTexDownloadMipMap#36439 tmu=0 addr=0012DE70 evenodd=3 lod=3..3 aspect=3 format=11 data=00FC1ED0
2282 pid=FFFF8AF7 t=707593 grTexDownloadMipMap#36440 tmu=0 addr=0012E670 evenodd=3 lod=4..4 aspect=3 format=11 data=00FC1ED0
2283 pid=FFFF8AF7 t=707594 grTexDownloadMipMap#36441 tmu=0 addr=0012E870 evenodd=3 lod=3..3 aspect=3 format=11 data=00FC1ED0
2284 pid=FFFF8AF7 t=707594 grTexDownloadMipMap#36442 tmu=0 addr=0012F070 evenodd=3 lod=5..5 aspect=3 format=11 data=00FC1ED0
2285 pid=FFFF8AF7 t=707594 grTexDownloadMipMap#36443 tmu=0 addr=0012F0F0 evenodd=3 lod=4..4 aspect=3 format=11 data=00FC1ED0
2286 pid=FFFF8AF7 t=707594 grTexDownloadMipMap#36444 tmu=0 addr=0012F2F0 evenodd=3 lod=3..3 aspect=3 format=11 data=00FC1ED0
2287 pid=FFFF8AF7 t=707596 grTexDownloadMipMap#36445 tmu=0 addr=0012FAF0 evenodd=3 lod=4..4 aspect=3 format=11 data=00FC1ED0
2288 pid=FFFF8AF7 t=707596 grTexDownloadMipMap#36446 tmu=0 addr=0012FCF0 evenodd=3 lod=4..4 aspect=3 format=11 data=00FC1ED0
2289 pid=FFFF8AF7 t=707596 grTexDownloadMipMap#36447 tmu=0 addr=0012FEF0 evenodd=3 lod=4..4 aspect=3 format=11 data=00FC1ED0
2290 pid=FFFF8AF7 t=707596 grTexDownloadMipMap#36448 tmu=0 addr=001300F0 evenodd=3 lod=3..3 aspect=3 format=11 data=00FC1ED0
2291 pid=FFFF8AF7 t=707596 grTexDownloadMipMap#36449 tmu=0 addr=001308F0 evenodd=3 lod=3..3 aspect=3 format=11 data=00FC1ED0
2292 pid=FFFF8AF7 t=707596 grTexDownloadMipMap#36450 tmu=0 addr=001310F0 evenodd=3 lod=3..3 aspect=3 format=11 data=00FC1ED0
2293 pid=FFFF8AF7 t=707597 grTexDownloadMipMap#36451 tmu=0 addr=001318F0 evenodd=3 lod=4..4 aspect=3 format=11 data=00FC1ED0
2294 pid=FFFF8AF7 t=707597 grTexDownloadMipMap#36452 tmu=0 addr=00131AF0 evenodd=3 lod=5..5 aspect=3 format=11 data=00FC1ED0
2295 pid=FFFF8AF7 t=707597 grTexDownloadMipMap#36453 tmu=0 addr=00131B70 evenodd=3 lod=4..4 aspect=3 format=11 data=00FC1ED0
2296 pid=FFFF8AF7 t=707597 grTexDownloadMipMap#36454 tmu=0 addr=00131D70 evenodd=3 lod=4..4 aspect=3 format=11 data=00FC1ED0
2297 pid=FFFF8AF7 t=707598 grTexDownloadMipMap#36455 tmu=0 addr=00131F70 evenodd=3 lod=4..4 aspect=3 format=11 data=00FC1ED0
2298 pid=FFFF8AF7 t=707598 grTexDownloadMipMap#36456 tmu=0 addr=00132170 evenodd=3 lod=5..5 aspect=3 format=11 data=00FC1ED0
2299 pid=FFFF8AF7 t=707598 grTexDownloadMipMap#36457 tmu=0 addr=001321F0 evenodd=3 lod=4..4 aspect=3 format=11 data=00FC1ED0
2300 pid=FFFF8AF7 t=707598 grTexDownloadMipMap#36458 tmu=0 addr=001323F0 evenodd=3 lod=4..4 aspect=3 format=11 data=00FC1ED0
2301 pid=FFFF8AF7 t=707598 grTexDownloadMipMap#36459 tmu=0 addr=001325F0 evenodd=3 lod=5..5 aspect=3 format=11 data=00FC1ED0
2302 pid=FFFF8AF7 t=707599 grTexDownloadMipMap#36460 tmu=0 addr=00132670 evenodd=3 lod=5..5 aspect=3 format=11 data=00FC1ED0
2303 pid=FFFF8AF7 t=707599 grTexDownloadMipMap#36461 tmu=0 addr=001326F0 evenodd=3 lod=4..4 aspect=3 format=11 data=00FC1ED0
2304 pid=FFFF8AF7 t=707599 grTexDownloadMipMap#36462 tmu=0 addr=001328F0 evenodd=3 lod=5..5 aspect=3 format=11 data=00FC1ED0
2305 pid=FFFF8AF7 t=707599 grTexDownloadMipMap#36463 tmu=0 addr=00132970 evenodd=3 lod=4..4 aspect=3 format=11 data=00FC1ED0
2306 pid=FFFF8AF7 t=707600 grTexDownloadMipMap#36464 tmu=0 addr=00132B70 evenodd=3 lod=6..6 aspect=3 format=11 data=00FC1ED0
2307 pid=FFFF8AF7 t=707600 grTexDownloadMipMap#36465 tmu=0 addr=00132B90 evenodd=3 lod=6..6 aspect=3 format=11 data=00FC1ED0
2308 pid=FFFF8AF7 t=707600 grTexDownloadMipMap#36466 tmu=0 addr=00132BB0 evenodd=3 lod=5..5 aspect=3 format=11 data=00FC1ED0
2309 pid=FFFF8AF7 t=707600 grTexDownloadMipMap#36467 tmu=0 addr=00132C30 evenodd=3 lod=4..4 aspect=3 format=11 data=00FC1ED0
2310 pid=FFFF8AF7 t=707601 grTexDownloadMipMap#36468 tmu=0 addr=00132E30 evenodd=3 lod=4..4 aspect=3 format=11 data=00FC1ED0
2311 pid=FFFF8AF7 t=707601 grTexDownloadMipMap#36469 tmu=0 addr=00133030 evenodd=3 lod=4..4 aspect=3 format=11 data=00FC1ED0
2312 pid=FFFF8AF7 t=707601 grTexDownloadMipMap#36470 tmu=0 addr=00133230 evenodd=3 lod=4..4 aspect=3 format=11 data=00FC1ED0
2313 pid=FFFF8AF7 t=707601 grTexDownloadMipMap#36471 tmu=0 addr=00133430 evenodd=3 lod=3..3 aspect=3 format=11 data=00FC1ED0
2314 pid=FFFF8AF7 t=707603 grTexDownloadMipMap#36472 tmu=0 addr=00133C30 evenodd=3 lod=3..3 aspect=3 format=11 data=00FC1ED0
2315 pid=FFFF8AF7 t=707603 grTexDownloadMipMap#36473 tmu=0 addr=00134430 evenodd=3 lod=4..4 aspect=3 format=11 data=00FC1ED0
2316 pid=FFFF8AF7 t=707603 grTexDownloadMipMap#36474 tmu=0 addr=00134630 evenodd=3 lod=3..3 aspect=3 format=11 data=00FC1ED0
2317 pid=FFFF8AF7 t=707603 grTexDownloadMipMap#36475 tmu=0 addr=00134E30 evenodd=3 lod=3..3 aspect=3 format=11 data=00FC1ED0
2318 pid=FFFF8AF7 t=707603 grTexDownloadMipMap#36476 tmu=0 addr=00135630 evenodd=3 lod=5..5 aspect=3 format=11 data=00FC1ED0
2319 pid=FFFF8AF7 t=707603 grTexDownloadMipMap#36477 tmu=0 addr=001356B0 evenodd=3 lod=4..4 aspect=3 format=11 data=00FC1ED0
2320 pid=FFFF8AF7 t=707604 grTexDownloadMipMap#36478 tmu=0 addr=001358B0 evenodd=3 lod=4..4 aspect=3 format=11 data=00FC1ED0
2321 pid=FFFF8AF7 t=707604 grTexDownloadMipMap#36479 tmu=0 addr=00135AB0 evenodd=3 lod=5..5 aspect=3 format=11 data=00FC1ED0
2322 pid=FFFF8AF7 t=707604 grTexDownloadMipMap#36480 tmu=0 addr=00135B30 evenodd=3 lod=4..4 aspect=3 format=11 data=00FC1ED0
2323 pid=FFFF8AF7 t=707604 grTexDownloadMipMap#36481 tmu=0 addr=00135D30 evenodd=3 lod=4..4 aspect=3 format=11 data=00FC1ED0
2324 pid=FFFF8AF7 t=707605 grTexDownloadMipMap#36482 tmu=0 addr=00135F30 evenodd=3 lod=4..4 aspect=3 format=11 data=00FC1ED0
2325 pid=FFFF8AF7 t=707605 grTexDownloadMipMap#36483 tmu=0 addr=00136130 evenodd=3 lod=3..3 aspect=3 format=11 data=00FC1ED0
2326 pid=FFFF8AF7 t=707605 grTexDownloadMipMap#36484 tmu=0 addr=00136930 evenodd=3 lod=3..3 aspect=3 format=11 data=00FC1ED0
2327 pid=FFFF8AF7 t=707606 grTexDownloadMipMap#36485 tmu=0 addr=00137130 evenodd=3 lod=3..3 aspect=3 format=11 data=00FC1ED0
2328 pid=FFFF8AF7 t=707606 grTexDownloadMipMap#36486 tmu=0 addr=00137930 evenodd=3 lod=3..3 aspect=3 format=11 data=00FC1ED0
2329 pid=FFFF8AF7 t=707606 grTexDownloadMipMap#36487 tmu=0 addr=00138130 evenodd=3 lod=3..3 aspect=3 format=11 data=00FC1ED0
2330 pid=FFFF8AF7 t=707607 grTexDownloadMipMap#36488 tmu=0 addr=00138930 evenodd=3 lod=3..3 aspect=3 format=11 data=00FC1ED0
2331 pid=FFFF8AF7 t=707607 grTexDownloadMipMap#36489 tmu=0 addr=00139130 evenodd=3 lod=3..3 aspect=3 format=11 data=00FC1ED0
2332 pid=FFFF8AF7 t=707607 grTexDownloadMipMap#36490 tmu=0 addr=00139930 evenodd=3 lod=4..4 aspect=3 format=11 data=00FC1ED0
2333 pid=FFFF8AF7 t=707607 grTexDownloadMipMap#36491 tmu=0 addr=00139B30 evenodd=3 lod=3..3 aspect=3 format=11 data=00FC1ED0
2334 pid=FFFF8AF7 t=707608 grTexDownloadMipMap#36492 tmu=0 addr=0013A330 evenodd=3 lod=3..3 aspect=3 format=11 data=00FC1ED0
2335 pid=FFFF8AF7 t=707608 grTexDownloadMipMap#36494 tmu=0 addr=0013AD30 evenodd=3 lod=4..4 aspect=3 format=11 data=00FC1ED0
2336 pid=FFFF8AF7 t=707608 grTexDownloadMipMap#36495 tmu=0 addr=0013AF30 evenodd=3 lod=4..4 aspect=3 format=11 data=00FC1ED0
2337 pid=FFFF8AF7 t=707609 grTexDownloadMipMap#36496 tmu=0 addr=0013B130 evenodd=3 lod=7..7 aspect=3 format=11 data=00FC1ED0
2338 pid=FFFF8AF7 t=707609 grTexDownloadMipMap#36497 tmu=0 addr=0013B138 evenodd=3 lod=4..4 aspect=3 format=11 data=00FC1ED0
2339 pid=FFFF8AF7 t=707609 grTexDownloadMipMap#36498 tmu=0 addr=0013B338 evenodd=3 lod=3..3 aspect=3 format=11 data=00FC1ED0
2340 pid=FFFF8AF7 t=707610 grTexDownloadMipMap#36499 tmu=0 addr=0013BB38 evenodd=3 lod=3..3 aspect=3 format=11 data=00FC1ED0
2341 pid=FFFF8AF7 t=707610 grTexDownloadMipMap#36500 tmu=0 addr=0013C338 evenodd=3 lod=3..3 aspect=3 format=11 data=00FC1ED0
2342 pid=FFFF8AF7 t=707610 grTexDownloadMipMap#36501 tmu=0 addr=0013CB38 evenodd=3 lod=3..3 aspect=3 format=11 data=00FC1ED0
2343 pid=FFFF8AF7 t=707612 grTexDownloadMipMap#36502 tmu=0 addr=0013D338 evenodd=3 lod=3..3 aspect=3 format=11 data=00FC1ED0
2344 pid=FFFF8AF7 t=707612 grTexDownloadMipMap#36503 tmu=0 addr=0013DB38 evenodd=3 lod=3..3 aspect=3 format=11 data=00FC1ED0
2345 pid=FFFF8AF7 t=707612 grTexDownloadMipMap#36504 tmu=0 addr=0013E338 evenodd=3 lod=3..3 aspect=3 format=11 data=00FC1ED0
2346 pid=FFFF8AF7 t=707612 grTexDownloadMipMap#36505 tmu=0 addr=0013EB38 evenodd=3 lod=3..3 aspect=3 format=11 data=00FC1ED0
2347 pid=FFFF8AF7 t=707612 grTexDownloadMipMap#36506 tmu=0 addr=0013F338 evenodd=3 lod=3..3 aspect=3 format=11 data=00FC1ED0
2348 pid=FFFF8AF7 t=707613 grTexDownloadMipMap#36507 tmu=0 addr=0013FB38 evenodd=3 lod=2..2 aspect=3 format=11 data=00FC1ED0
2349 pid=FFFF8AF7 t=707613 grTexDownloadMipMap#36508 tmu=0 addr=00141B38 evenodd=3 lod=3..3 aspect=3 format=11 data=00FC1ED0
2350 pid=FFFF8AF7 t=707613 grTexDownloadMipMap#36509 tmu=0 addr=00142338 evenodd=3 lod=3..3 aspect=3 format=11 data=00FC1ED0
2351 pid=FFFF8AF7 t=707614 grTexDownloadMipMap#36510 tmu=0 addr=00142B38 evenodd=3 lod=3..3 aspect=3 format=11 data=00FC1ED0
2352 pid=FFFF8AF7 t=707614 grTexDownloadMipMap#36511 tmu=0 addr=00143338 evenodd=3 lod=3..3 aspect=3 format=11 data=00FC1ED0
2353 pid=FFFF8AF7 t=707614 grTexDownloadMipMap#36512 tmu=0 addr=00143B38 evenodd=3 lod=3..3 aspect=3 format=11 data=00FC1ED0
2354 pid=FFFF8AF7 t=707615 grTexDownloadMipMap#36513 tmu=0 addr=00144338 evenodd=3 lod=3..3 aspect=3 format=11 data=00FC1ED0
2355 pid=FFFF8AF7 t=707615 grTexDownloadMipMap#36514 tmu=0 addr=00144B38 evenodd=3 lod=3..3 aspect=3 format=11 data=00FC1ED0
2356 pid=FFFF8AF7 t=707615 grTexDownloadMipMap#36515 tmu=0 addr=00145338 evenodd=3 lod=3..3 aspect=3 format=11 data=00FC1ED0
2357 pid=FFFF8AF7 t=707616 grTexDownloadMipMap#36516 tmu=0 addr=00145B38 evenodd=3 lod=3..3 aspect=3 format=11 data=00FC1ED0
2358 pid=FFFF8AF7 t=707616 grTexDownloadMipMap#36517 tmu=0 addr=00146338 evenodd=3 lod=4..4 aspect=3 format=11 data=00FC1ED0
2359 pid=FFFF8AF7 t=707616 grTexDownloadMipMap#36518 tmu=0 addr=00146538 evenodd=3 lod=4..4 aspect=3 format=11 data=00FC1ED0
2360 pid=FFFF8AF7 t=707618 grTexDownloadMipMap#36519 tmu=0 addr=00146738 evenodd=3 lod=4..4 aspect=3 format=11 data=00FC1ED0
2361 pid=FFFF8AF7 t=707618 grTexDownloadMipMap#36520 tmu=0 addr=00146938 evenodd=3 lod=4..4 aspect=3 format=11 data=00FC1ED0
2362 pid=FFFF8AF7 t=707618 grTexDownloadMipMap#36521 tmu=0 addr=00146B38 evenodd=3 lod=4..4 aspect=3 format=11 data=00FC1ED0
2363 pid=FFFF8AF7 t=707618 grTexDownloadMipMap#36522 tmu=0 addr=00146D38 evenodd=3 lod=7..7 aspect=3 format=11 data=00FC1ED0
2364 pid=FFFF8AF7 t=707618 grTexDownloadMipMap#36523 tmu=0 addr=00146D40 evenodd=3 lod=3..3 aspect=3 format=11 data=00FC1ED0
2365 pid=FFFF8AF7 t=707618 grTexDownloadMipMap#36524 tmu=0 addr=00147540 evenodd=3 lod=3..3 aspect=3 format=11 data=00FC1ED0
2366 pid=FFFF8AF7 t=707618 grTexDownloadMipMap#36525 tmu=0 addr=00147D40 evenodd=3 lod=5..5 aspect=3 format=11 data=00FC1ED0
2367 pid=FFFF8AF7 t=707619 grTexDownloadMipMap#36526 tmu=0 addr=00147DC0 evenodd=3 lod=5..5 aspect=3 format=11 data=00FC1ED0
2368 pid=FFFF8AF7 t=707619 grTexDownloadMipMap#36527 tmu=0 addr=00147E40 evenodd=3 lod=5..5 aspect=3 format=11 data=00FC1ED0
2369 pid=FFFF8AF7 t=707619 grTexDownloadMipMap#36528 tmu=0 addr=00147EC0 evenodd=3 lod=5..5 aspect=3 format=11 data=00FC1ED0
2370 pid=FFFF8AF7 t=707619 grTexDownloadMipMap#36529 tmu=0 addr=00147F40 evenodd=3 lod=5..5 aspect=3 format=11 data=00FC1ED0
2371 pid=FFFF8AF7 t=707620 grTexDownloadMipMap#36530 tmu=0 addr=00147FC0 evenodd=3 lod=3..3 aspect=3 format=11 data=00FC1ED0
2372 pid=FFFF8AF7 t=707620 grTexDownloadMipMap#36531 tmu=0 addr=001487C0 evenodd=3 lod=4..4 aspect=3 format=11 data=00FC1ED0
2373 pid=FFFF8AF7 t=707620 grTexDownloadMipMap#36532 tmu=0 addr=001489C0 evenodd=3 lod=4..4 aspect=3 format=11 data=00FC1ED0
2374 pid=FFFF8AF7 t=707620 grTexDownloadMipMap#36533 tmu=0 addr=00148BC0 evenodd=3 lod=4..4 aspect=3 format=11 data=00FC1ED0
2375 pid=FFFF8AF7 t=707621 grTexDownloadMipMap#36534 tmu=0 addr=00148DC0 evenodd=3 lod=2..2 aspect=3 format=11 data=00FC1ED0
2376 pid=FFFF8AF7 t=707622 grTexDownloadMipMap#36535 tmu=0 addr=0014ADC0 evenodd=3 lod=2..2 aspect=3 format=11 data=00FC1ED0
2377 pid=FFFF8AF7 t=707622 grTexDownloadMipMap#36536 tmu=0 addr=0014CDC0 evenodd=3 lod=2..2 aspect=3 format=11 data=00FC1ED0
2378 pid=FFFF8AF7 t=707623 grTexDownloadMipMap#36538 tmu=0 addr=00150DC0 evenodd=3 lod=7..7 aspect=3 format=11 data=00FC1ED0
2379 pid=FFFF8AF7 t=707747 grFogMode#2 mode=00000002
2380 pid=FFFF8AF7 t=707747 grFogColorValue#2 color=FF000204
2381 pid=FFFF8AF7 t=707747 guFogGenerateExp#1 table=004EA440 density-bits=3C03126F
2382 pid=FFFF8AF7 t=707747 guFogGenerateExp#2 table=004EA480 density-bits=3C1374BD
2383 pid=FFFF8AF7 t=707747 guFogGenerateExp#3 table=004EA4C0 density-bits=3C23D70B
2384 pid=FFFF8AF7 t=707747 guFogGenerateExp#4 table=004EA500 density-bits=3C343959
2385 pid=FFFF8AF7 t=707747 guFogGenerateExp#5 table=004EA540 density-bits=3C449BA7
2386 pid=FFFF8AF7 t=707747 guFogGenerateExp#6 table=004EA580 density-bits=3C54FDF5
2387 pid=FFFF8AF7 t=707747 guFogGenerateExp#7 table=004EA5C0 density-bits=3C656043
2388 pid=FFFF8AF7 t=707748 guFogGenerateExp#8 table=004EA600 density-bits=3C75C291
2389 pid=FFFF8AF7 t=707748 guFogGenerateExp#9 table=004EA640 density-bits=3C83126F
2390 pid=FFFF8AF7 t=707748 guFogGenerateExp#10 table=004EA680 density-bits=3C8B4396
2391 pid=FFFF8AF7 t=707748 guFogGenerateExp#11 table=004EA6C0 density-bits=3C9374BD
2392 pid=FFFF8AF7 t=707748 guFogGenerateExp#12 table=004EA700 density-bits=3C9BA5E4
2393 pid=FFFF8AF7 t=707748 guFogGenerateExp#13 table=004EA740 density-bits=3CA3D70B
2394 pid=FFFF8AF7 t=707748 guFogGenerateExp#14 table=004EA780 density-bits=3CAC0832
2395 pid=FFFF8AF7 t=707748 guFogGenerateExp#15 table=004EA7C0 density-bits=3CB43959
2396 pid=FFFF8AF7 t=707748 guFogGenerateExp#16 table=004EA800 density-bits=3CBC6A80
2397 pid=FFFF8AF7 t=707748 guFogGenerateExp#17 table=004EA840 density-bits=3CC49BA7
2398 pid=FFFF8AF7 t=707748 guFogGenerateExp#18 table=004EA880 density-bits=3CCCCCCE
2399 pid=FFFF8AF7 t=707748 guFogGenerateExp#19 table=004EA8C0 density-bits=3CD4FDF5
2400 pid=FFFF8AF7 t=707748 guFogGenerateExp#20 table=004EA900 density-bits=3CDD2F1C
2401 pid=FFFF8AF7 t=707748 grFogTable#1 0-31 00000000 00000000 00000000 00000000 00000000 00000000 00000000 00000000
2402 pid=FFFF8AF7 t=707749 grFogTable#1 32-63 00000000 00000000 00000000 00000000 00000000 00000000 00000000 00000000
2403 pid=FFFF8AF7 t=707764 grTexCalcMemRequired#1115 lodmin=5 lodmax=5 aspect=3 format=5 -> 64
2404 pid=FFFF8AF7 t=707765 grTexDownloadMipMap#36539 tmu=0 addr=00150DC8 evenodd=3 lod=5..5 aspect=3 format=5 data=00EC5880
2405 pid=FFFF8AF7 t=707765 grTexDownloadMipMap#36540 tmu=0 addr=00150E08 evenodd=3 lod=5..5 aspect=3 format=5 data=00EC5880
2406 pid=FFFF8AF7 t=707765 grTexDownloadMipMap#36541 tmu=0 addr=00150E48 evenodd=3 lod=5..5 aspect=3 format=5 data=00EC5880
2407 pid=FFFF8AF7 t=707765 grTexDownloadMipMap#36542 tmu=0 addr=00150E88 evenodd=3 lod=5..5 aspect=3 format=5 data=00EC5880
2408 pid=FFFF8AF7 t=707767 grTexDownloadMipMap#36543 tmu=0 addr=00150EC8 evenodd=3 lod=5..5 aspect=3 format=5 data=00EC5880
2409 pid=FFFF8AF7 t=707767 grTexDownloadMipMap#36544 tmu=0 addr=00150F08 evenodd=3 lod=5..5 aspect=3 format=5 data=00EC5880
2410 pid=FFFF8AF7 t=707767 grTexDownloadMipMap#36545 tmu=0 addr=00150F48 evenodd=3 lod=5..5 aspect=3 format=5 data=00EC5880
2411 pid=FFFF8AF7 t=707767 grTexDownloadMipMap#36546 tmu=0 addr=00150F88 evenodd=3 lod=5..5 aspect=3 format=5 data=00EC5880
2412 pid=FFFF8AF7 t=707767 grTexCalcMemRequired#1123 lodmin=6 lodmax=6 aspect=3 format=5 -> 16
2413 pid=FFFF8AF7 t=707767 grTexDownloadMipMap#36547 tmu=0 addr=00150FC8 evenodd=3 lod=6..6 aspect=3 format=5 data=00EC5880
2414 pid=FFFF8AF7 t=707767 grTexDownloadMipMap#36548 tmu=0 addr=00150FD8 evenodd=3 lod=6..6 aspect=3 format=5 data=00EC5880
2415 pid=FFFF8AF7 t=707767 grTexCalcMemRequired#1125 lodmin=4 lodmax=4 aspect=3 format=5 -> 256
2416 pid=FFFF8AF7 t=707767 grTexDownloadMipMap#36549 tmu=0 addr=00150FE8 evenodd=3 lod=4..4 aspect=3 format=5 data=00EC5880
2417 pid=FFFF8AF7 t=707767 grTexDownloadMipMap#36550 tmu=0 addr=001510E8 evenodd=3 lod=4..4 aspect=3 format=5 data=00EC5880
2418 pid=FFFF8AF7 t=707768 grTexDownloadMipMap#36551 tmu=0 addr=001511E8 evenodd=3 lod=5..5 aspect=3 format=5 data=00EC5880
2419 pid=FFFF8AF7 t=707768 grTexDownloadMipMap#36552 tmu=0 addr=00151228 evenodd=3 lod=5..5 aspect=3 format=5 data=00EC5880
2420 pid=FFFF8AF7 t=707768 grTexDownloadMipMap#36553 tmu=0 addr=00151268 evenodd=3 lod=4..4 aspect=3 format=5 data=00EC5880
2421 pid=FFFF8AF7 t=707768 grTexDownloadMipMap#36554 tmu=0 addr=00151368 evenodd=3 lod=4..4 aspect=3 format=5 data=00EC5880
2422 pid=FFFF8AF7 t=707769 grTexCalcMemRequired#1131 lodmin=3 lodmax=3 aspect=3 format=5 -> 1024
2423 pid=FFFF8AF7 t=707769 grTexDownloadMipMap#36555 tmu=0 addr=00151468 evenodd=3 lod=3..3 aspect=3 format=5 data=00EC5880
2424 pid=FFFF8AF7 t=707769 grTexDownloadMipMap#36556 tmu=0 addr=00151868 evenodd=3 lod=3..3 aspect=3 format=5 data=00EC5880
2425 pid=FFFF8AF7 t=707770 grTexDownloadMipMap#36557 tmu=0 addr=00151C68 evenodd=3 lod=3..3 aspect=3 format=5 data=00EC5880
2426 pid=FFFF8AF7 t=707770 grTexDownloadMipMap#36558 tmu=0 addr=00152068 evenodd=3 lod=3..3 aspect=3 format=5 data=00EC5880
2427 pid=FFFF8AF7 t=707770 grTexDownloadMipMap#36559 tmu=0 addr=00152468 evenodd=3 lod=3..3 aspect=3 format=5 data=00EC5880
2428 pid=FFFF8AF7 t=707771 grTexDownloadMipMap#36560 tmu=0 addr=00152868 evenodd=3 lod=3..3 aspect=3 format=5 data=00EC5880
2429 pid=FFFF8AF7 t=707771 grTexDownloadMipMap#36561 tmu=0 addr=00152C68 evenodd=3 lod=3..3 aspect=3 format=5 data=00EC5880
2430 pid=FFFF8AF7 t=707773 grTexDownloadMipMap#36562 tmu=0 addr=00153068 evenodd=3 lod=3..3 aspect=3 format=5 data=00EC5880
2431 pid=FFFF8AF7 t=707773 grTexCalcMemRequired#1139 lodmin=7 lodmax=7 aspect=3 format=5 -> 8
2432 pid=FFFF8AF7 t=707773 grTexDownloadMipMap#36563 tmu=0 addr=00153468 evenodd=3 lod=7..7 aspect=3 format=5 data=00EC5880
2433 pid=FFFF8AF7 t=707773 grTexDownloadMipMap#36564 tmu=0 addr=00153470 evenodd=3 lod=7..7 aspect=3 format=5 data=00EC5880
2434 pid=FFFF8AF7 t=707773 grTexDownloadMipMap#36565 tmu=0 addr=00153478 evenodd=3 lod=6..6 aspect=3 format=5 data=00EC5880
2435 pid=FFFF8AF7 t=707773 grTexDownloadMipMap#36566 tmu=0 addr=00153488 evenodd=3 lod=6..6 aspect=3 format=5 data=00EC5880
2436 pid=FFFF8AF7 t=707773 grTexDownloadMipMap#36567 tmu=0 addr=00153498 evenodd=3 lod=3..3 aspect=3 format=5 data=00EC5880
2437 pid=FFFF8AF7 t=707774 grTexDownloadMipMap#36568 tmu=0 addr=00153898 evenodd=3 lod=3..3 aspect=3 format=5 data=00EC5880
2438 pid=FFFF8AF7 t=707774 grTexDownloadMipMap#36569 tmu=0 addr=00153C98 evenodd=3 lod=3..3 aspect=3 format=5 data=00EC5880
2439 pid=FFFF8AF7 t=707774 grTexDownloadMipMap#36570 tmu=0 addr=00154098 evenodd=3 lod=3..3 aspect=3 format=5 data=00EC5880
2440 pid=FFFF8AF7 t=707776 grTexDownloadMipMap#36571 tmu=0 addr=00154498 evenodd=3 lod=5..5 aspect=3 format=5 data=00EC5880
2441 pid=FFFF8AF7 t=707776 grTexDownloadMipMap#36572 tmu=0 addr=001544D8 evenodd=3 lod=5..5 aspect=3 format=5 data=00EC5880
2442 pid=FFFF8AF7 t=707776 grTexDownloadMipMap#36573 tmu=0 addr=00154518 evenodd=3 lod=7..7 aspect=3 format=5 data=00EC5880
2443 pid=FFFF8AF7 t=707776 grTexDownloadMipMap#36574 tmu=0 addr=00154520 evenodd=3 lod=7..7 aspect=3 format=5 data=00EC5880
2444 pid=FFFF8AF7 t=707776 grTexDownloadMipMap#36575 tmu=0 addr=00154528 evenodd=3 lod=5..5 aspect=3 format=5 data=00EC5880
2445 pid=FFFF8AF7 t=707776 grTexDownloadMipMap#36576 tmu=0 addr=00154568 evenodd=3 lod=5..5 aspect=3 format=5 data=00EC5880
2446 pid=FFFF8AF7 t=707776 grTexDownloadMipMap#36577 tmu=0 addr=001545A8 evenodd=3 lod=6..6 aspect=3 format=5 data=00EC5880
2447 pid=FFFF8AF7 t=707776 grTexDownloadMipMap#36578 tmu=0 addr=001545B8 evenodd=3 lod=6..6 aspect=3 format=5 data=00EC5880
2448 pid=FFFF8AF7 t=707777 grTexDownloadMipMap#36579 tmu=0 addr=001545C8 evenodd=3 lod=3..3 aspect=3 format=5 data=00EC5880
2449 pid=FFFF8AF7 t=707777 grTexDownloadMipMap#36580 tmu=0 addr=001549C8 evenodd=3 lod=3..3 aspect=3 format=5 data=00EC5880
2450 pid=FFFF8AF7 t=707777 grTexDownloadMipMap#36581 tmu=0 addr=00154DC8 evenodd=3 lod=3..3 aspect=3 format=5 data=00EC5880
2451 pid=FFFF8AF7 t=707778 grTexDownloadMipMap#36582 tmu=0 addr=001551C8 evenodd=3 lod=3..3 aspect=3 format=5 data=00EC5880
2452 pid=FFFF8AF7 t=707778 grTexDownloadMipMap#36583 tmu=0 addr=001555C8 evenodd=3 lod=4..4 aspect=3 format=5 data=00EC5880
2453 pid=FFFF8AF7 t=707778 grTexDownloadMipMap#36584 tmu=0 addr=001556C8 evenodd=3 lod=4..4 aspect=3 format=5 data=00EC5880
2454 pid=FFFF8AF7 t=707779 grTexDownloadMipMap#36585 tmu=0 addr=001557C8 evenodd=3 lod=4..4 aspect=3 format=5 data=00EC5880
2455 pid=FFFF8AF7 t=707779 grTexDownloadMipMap#36586 tmu=0 addr=001558C8 evenodd=3 lod=4..4 aspect=3 format=5 data=00EC5880
2456 pid=FFFF8AF7 t=707779 grTexDownloadMipMap#36587 tmu=0 addr=001559C8 evenodd=3 lod=5..5 aspect=3 format=5 data=00EC5880
2457 pid=FFFF8AF7 t=707779 grTexDownloadMipMap#36588 tmu=0 addr=00155A08 evenodd=3 lod=5..5 aspect=3 format=5 data=00EC5880
2458 pid=FFFF8AF7 t=707780 grTexDownloadMipMap#36589 tmu=0 addr=00155A48 evenodd=3 lod=4..4 aspect=3 format=5 data=00EC5880
2459 pid=FFFF8AF7 t=707780 grTexDownloadMipMap#36590 tmu=0 addr=00155B48 evenodd=3 lod=4..4 aspect=3 format=5 data=00EC5880
2460 pid=FFFF8AF7 t=707780 grTexDownloadMipMap#36591 tmu=0 addr=00155C48 evenodd=3 lod=3..3 aspect=3 format=5 data=00EC5880
2461 pid=FFFF8AF7 t=707781 grTexDownloadMipMap#36592 tmu=0 addr=00156048 evenodd=3 lod=3..3 aspect=3 format=5 data=00EC5880
2462 pid=FFFF8AF7 t=707781 grTexDownloadMipMap#36593 tmu=0 addr=00156448 evenodd=3 lod=3..3 aspect=3 format=5 data=00EC5880
2463 pid=FFFF8AF7 t=707781 grTexDownloadMipMap#36594 tmu=0 addr=00156848 evenodd=3 lod=3..3 aspect=3 format=5 data=00EC5880
2464 pid=FFFF8AF7 t=707782 grTexDownloadMipMap#36595 tmu=0 addr=00156C48 evenodd=3 lod=3..3 aspect=3 format=5 data=00EC5880
2465 pid=FFFF8AF7 t=707782 grTexDownloadMipMap#36596 tmu=0 addr=00157048 evenodd=3 lod=3..3 aspect=3 format=5 data=00EC5880
2466 pid=FFFF8AF7 t=707784 grTexDownloadMipMap#36597 tmu=0 addr=00157448 evenodd=3 lod=3..3 aspect=3 format=5 data=00EC5880
2467 pid=FFFF8AF7 t=707784 grTexDownloadMipMap#36598 tmu=0 addr=00157848 evenodd=3 lod=3..3 aspect=3 format=5 data=00EC5880
2468 pid=FFFF8AF7 t=707784 grTexDownloadMipMap#36599 tmu=0 addr=00157C48 evenodd=3 lod=4..4 aspect=3 format=5 data=00EC5880
2469 pid=FFFF8AF7 t=707784 grTexDownloadMipMap#36600 tmu=0 addr=00157D48 evenodd=3 lod=4..4 aspect=3 format=5 data=00EC5880
2470 pid=FFFF8AF7 t=707784 grTexDownloadMipMap#36601 tmu=0 addr=00157E48 evenodd=3 lod=3..3 aspect=3 format=5 data=00EC5880
2471 pid=FFFF8AF7 t=707784 grTexDownloadMipMap#36602 tmu=0 addr=00158248 evenodd=3 lod=3..3 aspect=3 format=5 data=00EC5880
2472 pid=FFFF8AF7 t=707785 grTexDownloadMipMap#36603 tmu=0 addr=00158648 evenodd=3 lod=3..3 aspect=3 format=5 data=00EC5880
2473 pid=FFFF8AF7 t=707785 grTexDownloadMipMap#36604 tmu=0 addr=00158A48 evenodd=3 lod=3..3 aspect=3 format=5 data=00EC5880
2474 pid=FFFF8AF7 t=707786 grTexDownloadMipMap#36605 tmu=0 addr=00158E48 evenodd=3 lod=3..3 aspect=3 format=5 data=00EC5880
2475 pid=FFFF8AF7 t=707786 grTexDownloadMipMap#36606 tmu=0 addr=00159248 evenodd=3 lod=3..3 aspect=3 format=5 data=00EC5880
2476 pid=FFFF8AF7 t=707787 grTexDownloadMipMap#36607 tmu=0 addr=00159648 evenodd=3 lod=3..3 aspect=3 format=5 data=00EC5880
2477 pid=FFFF8AF7 t=707787 grTexDownloadMipMap#36608 tmu=0 addr=00159A48 evenodd=3 lod=3..3 aspect=3 format=5 data=00EC5880
2478 pid=FFFF8AF7 t=707787 grTexDownloadMipMap#36609 tmu=0 addr=00159E48 evenodd=3 lod=3..3 aspect=3 format=5 data=00EC5880
2479 pid=FFFF8AF7 t=707788 grTexDownloadMipMap#36610 tmu=0 addr=0015A248 evenodd=3 lod=3..3 aspect=3 format=5 data=00EC5880
2480 pid=FFFF8AF7 t=707788 grTexDownloadMipMap#36611 tmu=0 addr=0015A648 evenodd=3 lod=5..5 aspect=3 format=5 data=00EC5880
2481 pid=FFFF8AF7 t=707788 grTexDownloadMipMap#36612 tmu=0 addr=0015A688 evenodd=3 lod=5..5 aspect=3 format=5 data=00EC5880
2482 pid=FFFF8AF7 t=707788 grTexDownloadMipMap#36613 tmu=0 addr=0015A6C8 evenodd=3 lod=6..6 aspect=3 format=5 data=00EC5880
2483 pid=FFFF8AF7 t=707790 grTexDownloadMipMap#36614 tmu=0 addr=0015A6D8 evenodd=3 lod=4..4 aspect=3 format=5 data=00EC5880
2484 pid=FFFF8AF7 t=707790 grTexDownloadMipMap#36615 tmu=0 addr=0015A7D8 evenodd=3 lod=5..5 aspect=3 format=5 data=00EC5880
2485 pid=FFFF8AF7 t=707790 grTexDownloadMipMap#36616 tmu=0 addr=0015A818 evenodd=3 lod=4..4 aspect=3 format=5 data=00EC5880
2486 pid=FFFF8AF7 t=707790 grTexDownloadMipMap#36617 tmu=0 addr=0015A918 evenodd=3 lod=4..4 aspect=3 format=5 data=00EC5880
2487 pid=FFFF8AF7 t=707790 grTexDownloadMipMap#36618 tmu=0 addr=0015AA18 evenodd=3 lod=4..4 aspect=3 format=5 data=00EC5880
2488 pid=FFFF8AF7 t=707790 grTexDownloadMipMap#36619 tmu=0 addr=0015AB18 evenodd=3 lod=4..4 aspect=3 format=5 data=00EC5880
2489 pid=FFFF8AF7 t=707790 grTexDownloadMipMap#36620 tmu=0 addr=0015AC18 evenodd=3 lod=3..3 aspect=3 format=5 data=00EC5880
2490 pid=FFFF8AF7 t=707791 grTexDownloadMipMap#36621 tmu=0 addr=0015B018 evenodd=3 lod=3..3 aspect=3 format=5 data=00EC5880
2491 pid=FFFF8AF7 t=707791 grTexDownloadMipMap#36622 tmu=0 addr=0015B418 evenodd=3 lod=6..6 aspect=3 format=5 data=00EC5880
2492 pid=FFFF8AF7 t=707791 grTexDownloadMipMap#36623 tmu=0 addr=0015B428 evenodd=3 lod=4..4 aspect=3 format=5 data=00EC5880
2493 pid=FFFF8AF7 t=707792 grTexDownloadMipMap#36624 tmu=0 addr=0015B528 evenodd=3 lod=5..5 aspect=3 format=5 data=00EC5880
2494 pid=FFFF8AF7 t=707792 grTexDownloadMipMap#36625 tmu=0 addr=0015B568 evenodd=3 lod=4..4 aspect=3 format=5 data=00EC5880
2495 pid=FFFF8AF7 t=707792 grTexDownloadMipMap#36626 tmu=0 addr=0015B668 evenodd=3 lod=4..4 aspect=3 format=5 data=00EC5880
2496 pid=FFFF8AF7 t=707792 grTexDownloadMipMap#36627 tmu=0 addr=0015B768 evenodd=3 lod=4..4 aspect=3 format=5 data=00EC5880
2497 pid=FFFF8AF7 t=707793 grTexDownloadMipMap#36628 tmu=0 addr=0015B868 evenodd=3 lod=4..4 aspect=3 format=5 data=00EC5880
2498 pid=FFFF8AF7 t=707793 grTexDownloadMipMap#36629 tmu=0 addr=0015B968 evenodd=3 lod=3..3 aspect=3 format=5 data=00EC5880
2499 pid=FFFF8AF7 t=707793 grTexDownloadMipMap#36630 tmu=0 addr=0015BD68 evenodd=3 lod=3..3 aspect=3 format=5 data=00EC5880
2500 pid=FFFF8AF7 t=707794 grTexDownloadMipMap#36631 tmu=0 addr=0015C168 evenodd=3 lod=4..4 aspect=3 format=5 data=00EC5880
2501 pid=FFFF8AF7 t=707794 grTexDownloadMipMap#36632 tmu=0 addr=0015C268 evenodd=3 lod=4..4 aspect=3 format=5 data=00EC5880
2502 pid=FFFF8AF7 t=707794 grTexDownloadMipMap#36633 tmu=0 addr=0015C368 evenodd=3 lod=6..6 aspect=3 format=5 data=00EC5880
2503 pid=FFFF8AF7 t=707794 grTexDownloadMipMap#36634 tmu=0 addr=0015C378 evenodd=3 lod=6..6 aspect=3 format=5 data=00EC5880
2504 pid=FFFF8AF7 t=707795 grTexDownloadMipMap#36635 tmu=0 addr=0015C388 evenodd=3 lod=4..4 aspect=3 format=5 data=00EC5880
2505 pid=FFFF8AF7 t=707795 grTexDownloadMipMap#36636 tmu=0 addr=0015C488 evenodd=3 lod=4..4 aspect=3 format=5 data=00EC5880
2506 pid=FFFF8AF7 t=707795 grTexDownloadMipMap#36637 tmu=0 addr=0015C588 evenodd=3 lod=6..6 aspect=3 format=5 data=00EC5880
2507 pid=FFFF8AF7 t=707796 grTexDownloadMipMap#36639 tmu=0 addr=0015C5A8 evenodd=3 lod=3..3 aspect=3 format=5 data=00EC5880
2508 pid=FFFF8AF7 t=707796 grTexDownloadMipMap#36640 tmu=0 addr=0015C9A8 evenodd=3 lod=3..3 aspect=3 format=5 data=00EC5880
2509 pid=FFFF8AF7 t=707796 grTexDownloadMipMap#36641 tmu=0 addr=0015CDA8 evenodd=3 lod=3..3 aspect=3 format=5 data=00EC5880
2510 pid=FFFF8AF7 t=707798 grTexDownloadMipMap#36642 tmu=0 addr=0015D1A8 evenodd=3 lod=3..3 aspect=3 format=5 data=00EC5880
2511 pid=FFFF8AF7 t=707798 grTexDownloadMipMap#36643 tmu=0 addr=0015D5A8 evenodd=3 lod=3..3 aspect=3 format=5 data=00EC5880
2512 pid=FFFF8AF7 t=707798 grTexDownloadMipMap#36644 tmu=0 addr=0015D9A8 evenodd=3 lod=3..3 aspect=3 format=5 data=00EC5880
2513 pid=FFFF8AF7 t=707798 grTexDownloadMipMap#36645 tmu=0 addr=0015DDA8 evenodd=3 lod=3..3 aspect=3 format=5 data=00EC5880
2514 pid=FFFF8AF7 t=707799 grTexDownloadMipMap#36646 tmu=0 addr=0015E1A8 evenodd=3 lod=3..3 aspect=3 format=5 data=00EC5880
2515 pid=FFFF8AF7 t=707799 grTexDownloadMipMap#36647 tmu=0 addr=0015E5A8 evenodd=3 lod=3..3 aspect=3 format=5 data=00EC5880
2516 pid=FFFF8AF7 t=707799 grTexDownloadMipMap#36648 tmu=0 addr=0015E9A8 evenodd=3 lod=3..3 aspect=3 format=5 data=00EC5880
2517 pid=FFFF8AF7 t=707800 grTexDownloadMipMap#36649 tmu=0 addr=0015EDA8 evenodd=3 lod=3..3 aspect=3 format=5 data=00EC5880
2518 pid=FFFF8AF7 t=707800 grTexDownloadMipMap#36650 tmu=0 addr=0015F1A8 evenodd=3 lod=3..3 aspect=3 format=5 data=00EC5880
2519 pid=FFFF8AF7 t=707801 grTexDownloadMipMap#36651 tmu=0 addr=0015F5A8 evenodd=3 lod=3..3 aspect=3 format=5 data=00EC5880
2520 pid=FFFF8AF7 t=707801 grTexDownloadMipMap#36652 tmu=0 addr=0015F9A8 evenodd=3 lod=3..3 aspect=3 format=5 data=00EC5880
2521 pid=FFFF8AF7 t=707801 grTexDownloadMipMap#36653 tmu=0 addr=0015FDA8 evenodd=3 lod=7..7 aspect=3 format=5 data=00EC5880
2522 pid=FFFF8AF7 t=707802 grTexDownloadMipMap#36654 tmu=0 addr=0015FDB0 evenodd=3 lod=3..3 aspect=3 format=5 data=00EC5880
2523 pid=FFFF8AF7 t=707802 grTexDownloadMipMap#36655 tmu=0 addr=001601B0 evenodd=3 lod=3..3 aspect=3 format=5 data=00EC5880
2524 pid=FFFF8AF7 t=707802 grTexDownloadMipMap#36656 tmu=0 addr=001605B0 evenodd=3 lod=3..3 aspect=3 format=5 data=00EC5880
2525 pid=FFFF8AF7 t=707803 grTexDownloadMipMap#36657 tmu=0 addr=001609B0 evenodd=3 lod=3..3 aspect=3 format=5 data=00EC5880
2526 pid=FFFF8AF7 t=707803 grTexDownloadMipMap#36658 tmu=0 addr=00160DB0 evenodd=3 lod=3..3 aspect=3 format=5 data=00EC5880
2527 pid=FFFF8AF7 t=707803 grTexDownloadMipMap#36659 tmu=0 addr=001611B0 evenodd=3 lod=7..7 aspect=3 format=5 data=00EC5880
2528 pid=FFFF8AF7 t=707804 grTexDownloadMipMap#36660 tmu=0 addr=001611B8 evenodd=3 lod=3..3 aspect=3 format=5 data=00EC5880
2529 pid=FFFF8AF7 t=707804 grTexDownloadMipMap#36661 tmu=0 addr=001615B8 evenodd=3 lod=3..3 aspect=3 format=5 data=00EC5880
2530 pid=FFFF8AF7 t=707806 grTexDownloadMipMap#36662 tmu=0 addr=001619B8 evenodd=3 lod=3..3 aspect=3 format=5 data=00EC5880
2531 pid=FFFF8AF7 t=707806 grTexDownloadMipMap#36663 tmu=0 addr=00161DB8 evenodd=3 lod=3..3 aspect=3 format=5 data=00EC5880
2532 pid=FFFF8AF7 t=707806 grTexDownloadMipMap#36664 tmu=0 addr=001621B8 evenodd=3 lod=3..3 aspect=3 format=5 data=00EC5880
2533 pid=FFFF8AF7 t=707806 grTexDownloadMipMap#36665 tmu=0 addr=001625B8 evenodd=3 lod=7..7 aspect=3 format=5 data=00EC5880
2534 pid=FFFF8AF7 t=707806 grTexDownloadMipMap#36666 tmu=0 addr=001625C0 evenodd=3 lod=3..3 aspect=3 format=5 data=00EC5880
2535 pid=FFFF8AF7 t=707806 grTexDownloadMipMap#36667 tmu=0 addr=001629C0 evenodd=3 lod=3..3 aspect=3 format=5 data=00EC5880
2536 pid=FFFF8AF7 t=707807 grTexDownloadMipMap#36668 tmu=0 addr=00162DC0 evenodd=3 lod=3..3 aspect=3 format=5 data=00EC5880
2537 pid=FFFF8AF7 t=707807 grTexDownloadMipMap#36669 tmu=0 addr=001631C0 evenodd=3 lod=3..3 aspect=3 format=5 data=00EC5880
2538 pid=FFFF8AF7 t=707808 grTexDownloadMipMap#36670 tmu=0 addr=001635C0 evenodd=3 lod=3..3 aspect=3 format=5 data=00EC5880
2539 pid=FFFF8AF7 t=707808 grTexDownloadMipMap#36671 tmu=0 addr=001639C0 evenodd=3 lod=7..7 aspect=3 format=5 data=00EC5880
2540 pid=FFFF8AF7 t=707808 grTexDownloadMipMap#36672 tmu=0 addr=001639C8 evenodd=3 lod=6..6 aspect=3 format=5 data=00EC5880
2541 pid=FFFF8AF7 t=707808 grTexDownloadMipMap#36673 tmu=0 addr=001639D8 evenodd=3 lod=6..6 aspect=3 format=5 data=00EC5880
2542 pid=FFFF8AF7 t=707809 grTexDownloadMipMap#36674 tmu=0 addr=001639E8 evenodd=3 lod=5..5 aspect=3 format=5 data=00EC5880
2543 pid=FFFF8AF7 t=707809 grTexDownloadMipMap#36675 tmu=0 addr=00163A28 evenodd=3 lod=5..5 aspect=3 format=5 data=00EC5880
2544 pid=FFFF8AF7 t=707809 grTexDownloadMipMap#36676 tmu=0 addr=00163A68 evenodd=3 lod=6..6 aspect=3 format=5 data=00EC5880
2545 pid=FFFF8AF7 t=707809 grTexDownloadMipMap#36677 tmu=0 addr=00163A78 evenodd=3 lod=6..6 aspect=3 format=5 data=00EC5880
2546 pid=FFFF8AF7 t=707810 grTexDownloadMipMap#36678 tmu=0 addr=00163A88 evenodd=3 lod=5..5 aspect=3 format=5 data=00EC5880
2547 pid=FFFF8AF7 t=707810 grTexDownloadMipMap#36679 tmu=0 addr=00163AC8 evenodd=3 lod=5..5 aspect=3 format=5 data=00EC5880
2548 pid=FFFF8AF7 t=707810 grTexDownloadMipMap#36680 tmu=0 addr=00163B08 evenodd=3 lod=6..6 aspect=3 format=5 data=00EC5880
2549 pid=FFFF8AF7 t=707810 grTexDownloadMipMap#36681 tmu=0 addr=00163B18 evenodd=3 lod=6..6 aspect=3 format=5 data=00EC5880
2550 pid=FFFF8AF7 t=707811 grTexDownloadMipMap#36682 tmu=0 addr=00163B28 evenodd=3 lod=3..3 aspect=3 format=5 data=00EC5880
2551 pid=FFFF8AF7 t=707811 grTexDownloadMipMap#36683 tmu=0 addr=00163F28 evenodd=3 lod=3..3 aspect=3 format=5 data=00EC5880
2552 pid=FFFF8AF7 t=707811 grTexDownloadMipMap#36684 tmu=0 addr=00164328 evenodd=3 lod=4..4 aspect=3 format=5 data=00EC5880
2553 pid=FFFF8AF7 t=707812 grTexDownloadMipMap#36685 tmu=0 addr=00164428 evenodd=3 lod=4..4 aspect=3 format=5 data=00EC5880
2554 pid=FFFF8AF7 t=707812 grTexDownloadMipMap#36686 tmu=0 addr=00164528 evenodd=3 lod=3..3 aspect=3 format=5 data=00EC5880
2555 pid=FFFF8AF7 t=707813 grTexDownloadMipMap#36687 tmu=0 addr=00164928 evenodd=3 lod=3..3 aspect=3 format=5 data=00EC5880
2556 pid=FFFF8AF7 t=707813 grTexDownloadMipMap#36688 tmu=0 addr=00164D28 evenodd=3 lod=3..3 aspect=3 format=5 data=00EC5880
2557 pid=FFFF8AF7 t=707813 grTexDownloadMipMap#36689 tmu=0 addr=00165128 evenodd=3 lod=3..3 aspect=3 format=5 data=00EC5880
2558 pid=FFFF8AF7 t=707815 grTexDownloadMipMap#36690 tmu=0 addr=00165528 evenodd=3 lod=4..4 aspect=3 format=5 data=00EC5880
2559 pid=FFFF8AF7 t=707815 grTexDownloadMipMap#36692 tmu=0 addr=00165728 evenodd=3 lod=4..4 aspect=3 format=5 data=00EC5880
2560 pid=FFFF8AF7 t=707815 grTexDownloadMipMap#36693 tmu=0 addr=00165828 evenodd=3 lod=4..4 aspect=3 format=5 data=00EC5880
2561 pid=FFFF8AF7 t=707815 grTexDownloadMipMap#36694 tmu=0 addr=00165928 evenodd=3 lod=4..4 aspect=3 format=5 data=00EC5880
2562 pid=FFFF8AF7 t=707815 grTexDownloadMipMap#36696 tmu=0 addr=00165B28 evenodd=3 lod=4..4 aspect=3 format=5 data=00EC5880
2563 pid=FFFF8AF7 t=707815 grTexDownloadMipMap#36697 tmu=0 addr=00165C28 evenodd=3 lod=4..4 aspect=3 format=5 data=00EC5880
2564 pid=FFFF8AF7 t=707816 grTexDownloadMipMap#36698 tmu=0 addr=00165D28 evenodd=3 lod=4..4 aspect=3 format=5 data=00EC5880
2565 pid=FFFF8AF7 t=707816 grTexDownloadMipMap#36700 tmu=0 addr=00165F28 evenodd=3 lod=3..3 aspect=3 format=5 data=00EC5880
2566 pid=FFFF8AF7 t=707817 grTexDownloadMipMap#36701 tmu=0 addr=00166328 evenodd=3 lod=3..3 aspect=3 format=5 data=00EC5880
2567 pid=FFFF8AF7 t=707817 grTexDownloadMipMap#36702 tmu=0 addr=00166728 evenodd=3 lod=5..5 aspect=3 format=5 data=00EC5880
2568 pid=FFFF8AF7 t=707817 grTexDownloadMipMap#36703 tmu=0 addr=00166768 evenodd=3 lod=5..5 aspect=3 format=5 data=00EC5880
2569 pid=FFFF8AF7 t=707817 grTexDownloadMipMap#36704 tmu=0 addr=001667A8 evenodd=3 lod=4..4 aspect=3 format=5 data=00EC5880
2570 pid=FFFF8AF7 t=707818 grTexDownloadMipMap#36705 tmu=0 addr=001668A8 evenodd=3 lod=4..4 aspect=3 format=5 data=00EC5880
2571 pid=FFFF8AF7 t=707818 grTexDownloadMipMap#36706 tmu=0 addr=001669A8 evenodd=3 lod=5..5 aspect=3 format=5 data=00EC5880
2572 pid=FFFF8AF7 t=707818 grTexDownloadMipMap#36707 tmu=0 addr=001669E8 evenodd=3 lod=5..5 aspect=3 format=5 data=00EC5880
2573 pid=FFFF8AF7 t=707819 grTexDownloadMipMap#36709 tmu=0 addr=00166B28 evenodd=3 lod=4..4 aspect=3 format=5 data=00EC5880
2574 pid=FFFF8AF7 t=707819 grTexDownloadMipMap#36710 tmu=0 addr=00166C28 evenodd=3 lod=4..4 aspect=3 format=5 data=00EC5880
2575 pid=FFFF8AF7 t=707819 grTexDownloadMipMap#36711 tmu=0 addr=00166D28 evenodd=3 lod=4..4 aspect=3 format=5 data=00EC5880
2576 pid=FFFF8AF7 t=707820 grTexDownloadMipMap#36713 tmu=0 addr=00166F28 evenodd=3 lod=4..4 aspect=3 format=5 data=00EC5880
2577 pid=FFFF8AF7 t=707820 grTexDownloadMipMap#36714 tmu=0 addr=00167028 evenodd=3 lod=7..7 aspect=3 format=5 data=00EC5880
2578 pid=FFFF8AF7 t=707820 grTexDownloadMipMap#36715 tmu=0 addr=00167030 evenodd=3 lod=7..7 aspect=3 format=5 data=00EC5880
2579 pid=FFFF8AF7 t=707820 grTexDownloadMipMap#36716 tmu=0 addr=00167038 evenodd=3 lod=7..7 aspect=3 format=5 data=00EC5880
2580 pid=FFFF8AF7 t=707820 grTexDownloadMipMap#36717 tmu=0 addr=00167040 evenodd=3 lod=7..7 aspect=3 format=5 data=00EC5880
2581 pid=FFFF8AF7 t=707821 grTexDownloadMipMap#36718 tmu=0 addr=00167048 evenodd=3 lod=3..3 aspect=3 format=5 data=00EC5880
2582 pid=FFFF8AF7 t=707821 grTexDownloadMipMap#36719 tmu=0 addr=00167448 evenodd=3 lod=3..3 aspect=3 format=5 data=00EC5880
2583 pid=FFFF8AF7 t=707823 grTexDownloadMipMap#36720 tmu=0 addr=00167848 evenodd=3 lod=4..4 aspect=3 format=5 data=00EC5880
2584 pid=FFFF8AF7 t=707823 grTexDownloadMipMap#36721 tmu=0 addr=00167948 evenodd=3 lod=4..4 aspect=3 format=5 data=00EC5880
2585 pid=FFFF8AF7 t=707823 grTexDownloadMipMap#36722 tmu=0 addr=00167A48 evenodd=3 lod=3..3 aspect=3 format=5 data=00EC5880
2586 pid=FFFF8AF7 t=707823 grTexDownloadMipMap#36723 tmu=0 addr=00167E48 evenodd=3 lod=3..3 aspect=3 format=5 data=00EC5880
2587 pid=FFFF8AF7 t=707826 grTexDownloadMipMap#36724 tmu=0 addr=00168248 evenodd=3 lod=3..3 aspect=3 format=5 data=00EC7960
2588 pid=FFFF8AF7 t=707826 grTexDownloadMipMap#36725 tmu=0 addr=00168648 evenodd=3 lod=3..3 aspect=3 format=5 data=00EC7960
2589 pid=FFFF8AF7 t=707827 grTexDownloadMipMap#36726 tmu=0 addr=00168A48 evenodd=3 lod=3..3 aspect=3 format=5 data=00EC7960
2590 pid=FFFF8AF7 t=707828 grTexDownloadMipMap#36727 tmu=0 addr=00168E48 evenodd=3 lod=3..3 aspect=3 format=5 data=00EC7960
2591 pid=FFFF8AF7 t=707828 grTexDownloadMipMap#36728 tmu=0 addr=00169248 evenodd=3 lod=5..5 aspect=3 format=5 data=00EC7960
2592 pid=FFFF8AF7 t=707828 grTexDownloadMipMap#36729 tmu=0 addr=00169288 evenodd=3 lod=5..5 aspect=3 format=5 data=00EC7960
2593 pid=FFFF8AF7 t=707828 grTexDownloadMipMap#36730 tmu=0 addr=001692C8 evenodd=3 lod=7..7 aspect=3 format=5 data=00EC7960
2594 pid=FFFF8AF7 t=707828 grTexDownloadMipMap#36731 tmu=0 addr=001692D0 evenodd=3 lod=7..7 aspect=3 format=5 data=00EC7960
2595 pid=FFFF8AF7 t=707828 grTexDownloadMipMap#36732 tmu=0 addr=001692D8 evenodd=3 lod=5..5 aspect=3 format=5 data=00EC7960
2596 pid=FFFF8AF7 t=707829 grTexDownloadMipMap#36733 tmu=0 addr=00169318 evenodd=3 lod=5..5 aspect=3 format=5 data=00EC7960
2597 pid=FFFF8AF7 t=707829 grTexDownloadMipMap#36734 tmu=0 addr=00169358 evenodd=3 lod=4..4 aspect=3 format=5 data=00EC7960
2598 pid=FFFF8AF7 t=707829 grTexDownloadMipMap#36735 tmu=0 addr=00169458 evenodd=3 lod=4..4 aspect=3 format=5 data=00EC7960
2599 pid=FFFF8AF7 t=707829 grTexDownloadMipMap#36736 tmu=0 addr=00169558 evenodd=3 lod=4..4 aspect=3 format=5 data=00EC7960
2600 pid=FFFF8AF7 t=707830 grTexDownloadMipMap#36737 tmu=0 addr=00169658 evenodd=3 lod=4..4 aspect=3 format=5 data=00EC7960
2601 pid=FFFF8AF7 t=707830 grTexDownloadMipMap#36738 tmu=0 addr=00169758 evenodd=3 lod=3..3 aspect=3 format=5 data=00EC7960
2602 pid=FFFF8AF7 t=707831 grTexDownloadMipMap#36739 tmu=0 addr=00169B58 evenodd=3 lod=3..3 aspect=3 format=5 data=00EC7960
2603 pid=FFFF8AF7 t=707831 grTexDownloadMipMap#36740 tmu=0 addr=00169F58 evenodd=3 lod=3..3 aspect=3 format=5 data=00EC7960
2604 pid=FFFF8AF7 t=707831 grTexDownloadMipMap#36741 tmu=0 addr=0016A358 evenodd=3 lod=3..3 aspect=3 format=5 data=00EC7960
2605 pid=FFFF8AF7 t=707832 grTexDownloadMipMap#36742 tmu=0 addr=0016A758 evenodd=3 lod=5..5 aspect=3 format=5 data=00EC7960
2606 pid=FFFF8AF7 t=707832 grTexDownloadMipMap#36743 tmu=0 addr=0016A798 evenodd=3 lod=5..5 aspect=3 format=5 data=00EC7960
2607 pid=FFFF8AF7 t=707832 grTexDownloadMipMap#36744 tmu=0 addr=0016A7D8 evenodd=3 lod=4..4 aspect=3 format=5 data=00EC7960
2608 pid=FFFF8AF7 t=707832 grTexDownloadMipMap#36745 tmu=0 addr=0016A8D8 evenodd=3 lod=4..4 aspect=3 format=5 data=00EC7960
2609 pid=FFFF8AF7 t=707833 grTexDownloadMipMap#36746 tmu=0 addr=0016A9D8 evenodd=3 lod=4..4 aspect=3 format=5 data=00EC7960
2610 pid=FFFF8AF7 t=707833 grTexDownloadMipMap#36747 tmu=0 addr=0016AAD8 evenodd=3 lod=4..4 aspect=3 format=5 data=00EC7960
2611 pid=FFFF8AF7 t=707833 grTexDownloadMipMap#36748 tmu=0 addr=0016ABD8 evenodd=3 lod=3..3 aspect=3 format=5 data=00EC7960
2612 pid=FFFF8AF7 t=707834 grTexDownloadMipMap#36749 tmu=0 addr=0016AFD8 evenodd=3 lod=3..3 aspect=3 format=5 data=00EC7960
2613 pid=FFFF8AF7 t=707834 grTexDownloadMipMap#36750 tmu=0 addr=0016B3D8 evenodd=3 lod=6..6 aspect=3 format=5 data=00EC7960
2614 pid=FFFF8AF7 t=707834 grTexDownloadMipMap#36751 tmu=0 addr=0016B3E8 evenodd=3 lod=6..6 aspect=3 format=5 data=00EC7960
2615 pid=FFFF8AF7 t=707834 grTexDownloadMipMap#36752 tmu=0 addr=0016B3F8 evenodd=3 lod=5..5 aspect=3 format=5 data=00EC7960
2616 pid=FFFF8AF7 t=707835 grTexDownloadMipMap#36753 tmu=0 addr=0016B438 evenodd=3 lod=5..5 aspect=3 format=5 data=00EC7960
2617 pid=FFFF8AF7 t=707835 grTexDownloadMipMap#36754 tmu=0 addr=0016B478 evenodd=3 lod=3..3 aspect=3 format=5 data=00EC7960
2618 pid=FFFF8AF7 t=707835 grTexDownloadMipMap#36755 tmu=0 addr=0016B878 evenodd=3 lod=3..3 aspect=3 format=5 data=00EC7960
2619 pid=FFFF8AF7 t=707837 grTexDownloadMipMap#36756 tmu=0 addr=0016BC78 evenodd=3 lod=4..4 aspect=3 format=5 data=00EC7960
2620 pid=FFFF8AF7 t=707837 grTexDownloadMipMap#36757 tmu=0 addr=0016BD78 evenodd=3 lod=4..4 aspect=3 format=5 data=00EC7960
2621 pid=FFFF8AF7 t=707837 grTexDownloadMipMap#36758 tmu=0 addr=0016BE78 evenodd=3 lod=5..5 aspect=3 format=5 data=00EC7960
2622 pid=FFFF8AF7 t=707837 grTexDownloadMipMap#36759 tmu=0 addr=0016BEB8 evenodd=3 lod=5..5 aspect=3 format=5 data=00EC7960
2623 pid=FFFF8AF7 t=707837 grTexDownloadMipMap#36760 tmu=0 addr=0016BEF8 evenodd=3 lod=3..3 aspect=3 format=5 data=00EC7960
2624 pid=FFFF8AF7 t=707837 grTexDownloadMipMap#36761 tmu=0 addr=0016C2F8 evenodd=3 lod=3..3 aspect=3 format=5 data=00EC7960
2625 pid=FFFF8AF7 t=707838 grTexDownloadMipMap#36762 tmu=0 addr=0016C6F8 evenodd=3 lod=4..4 aspect=3 format=5 data=00EC7960
2626 pid=FFFF8AF7 t=707838 grTexDownloadMipMap#36763 tmu=0 addr=0016C7F8 evenodd=3 lod=4..4 aspect=3 format=5 data=00EC7960
2627 pid=FFFF8AF7 t=707838 grTexDownloadMipMap#36764 tmu=0 addr=0016C8F8 evenodd=3 lod=4..4 aspect=3 format=5 data=00EC7960
2628 pid=FFFF8AF7 t=707838 grTexDownloadMipMap#36765 tmu=0 addr=0016C9F8 evenodd=3 lod=4..4 aspect=3 format=5 data=00EC7960
2629 pid=FFFF8AF7 t=707840 grTexDownloadMipMap#36766 tmu=0 addr=0016CAF8 evenodd=3 lod=4..4 aspect=3 format=5 data=00EC7960
2630 pid=FFFF8AF7 t=707840 grTexDownloadMipMap#36767 tmu=0 addr=0016CBF8 evenodd=3 lod=4..4 aspect=3 format=5 data=00EC7960
2631 pid=FFFF8AF7 t=707840 grTexDownloadMipMap#36768 tmu=0 addr=0016CCF8 evenodd=3 lod=3..3 aspect=3 format=5 data=00EC7960
2632 pid=FFFF8AF7 t=707840 grTexDownloadMipMap#36769 tmu=0 addr=0016D0F8 evenodd=3 lod=3..3 aspect=3 format=5 data=00EC7960
2633 pid=FFFF8AF7 t=707841 grTexDownloadMipMap#36770 tmu=0 addr=0016D4F8 evenodd=3 lod=3..3 aspect=3 format=5 data=00EC7960
2634 pid=FFFF8AF7 t=707841 grTexDownloadMipMap#36771 tmu=0 addr=0016D8F8 evenodd=3 lod=3..3 aspect=3 format=5 data=00EC7960
2635 pid=FFFF8AF7 t=707841 grTexDownloadMipMap#36772 tmu=0 addr=0016DCF8 evenodd=3 lod=3..3 aspect=3 format=5 data=00EC7960
2636 pid=FFFF8AF7 t=707842 grTexDownloadMipMap#36773 tmu=0 addr=0016E0F8 evenodd=3 lod=3..3 aspect=3 format=5 data=00EC7960
2637 pid=FFFF8AF7 t=707842 grTexDownloadMipMap#36774 tmu=0 addr=0016E4F8 evenodd=3 lod=3..3 aspect=3 format=5 data=00EC7960
2638 pid=FFFF8AF7 t=707843 grTexDownloadMipMap#36775 tmu=0 addr=0016E8F8 evenodd=3 lod=3..3 aspect=3 format=5 data=00EC7960
2639 pid=FFFF8AF7 t=707843 grTexDownloadMipMap#36776 tmu=0 addr=0016ECF8 evenodd=3 lod=4..4 aspect=3 format=5 data=00EC7960
2640 pid=FFFF8AF7 t=707843 grTexDownloadMipMap#36777 tmu=0 addr=0016EDF8 evenodd=3 lod=4..4 aspect=3 format=5 data=00EC7960
2641 pid=FFFF8AF7 t=707843 grTexDownloadMipMap#36778 tmu=0 addr=0016EEF8 evenodd=3 lod=3..3 aspect=3 format=5 data=00EC7960
2642 pid=FFFF8AF7 t=707845 grTexDownloadMipMap#36779 tmu=0 addr=0016F2F8 evenodd=3 lod=3..3 aspect=3 format=5 data=00EC7960
2643 pid=FFFF8AF7 t=707845 grTexDownloadMipMap#36780 tmu=0 addr=0016F6F8 evenodd=3 lod=3..3 aspect=3 format=5 data=00EC7960
2644 pid=FFFF8AF7 t=707845 grTexDownloadMipMap#36781 tmu=0 addr=0016FAF8 evenodd=3 lod=3..3 aspect=3 format=5 data=00EC7960
2645 pid=FFFF8AF7 t=707845 grTexDownloadMipMap#36782 tmu=0 addr=0016FEF8 evenodd=3 lod=5..5 aspect=3 format=5 data=00EC7960
2646 pid=FFFF8AF7 t=707845 grTexDownloadMipMap#36783 tmu=0 addr=0016FF38 evenodd=3 lod=5..5 aspect=3 format=5 data=00EC7960
2647 pid=FFFF8AF7 t=707845 grTexDownloadMipMap#36784 tmu=0 addr=0016FF78 evenodd=3 lod=5..5 aspect=3 format=5 data=00EC7960
2648 pid=FFFF8AF7 t=707846 grTexDownloadMipMap#36785 tmu=0 addr=0016FFB8 evenodd=3 lod=5..5 aspect=3 format=5 data=00EC7960
2649 pid=FFFF8AF7 t=707846 grTexDownloadMipMap#36786 tmu=0 addr=0016FFF8 evenodd=3 lod=3..3 aspect=3 format=5 data=00EC7960
2650 pid=FFFF8AF7 t=707847 grTexDownloadMipMap#36787 tmu=0 addr=001703F8 evenodd=3 lod=3..3 aspect=3 format=5 data=00EC7960
2651 pid=FFFF8AF7 t=707847 grTexDownloadMipMap#36788 tmu=0 addr=001707F8 evenodd=3 lod=4..4 aspect=3 format=5 data=00EC7960
2652 pid=FFFF8AF7 t=707847 grTexDownloadMipMap#36789 tmu=0 addr=001708F8 evenodd=3 lod=4..4 aspect=3 format=5 data=00EC7960
2653 pid=FFFF8AF7 t=707847 grTexDownloadMipMap#36790 tmu=0 addr=001709F8 evenodd=3 lod=4..4 aspect=3 format=5 data=00EC7960
2654 pid=FFFF8AF7 t=707848 grTexDownloadMipMap#36791 tmu=0 addr=00170AF8 evenodd=3 lod=4..4 aspect=3 format=5 data=00EC7960
2655 pid=FFFF8AF7 t=707848 grTexDownloadMipMap#36792 tmu=0 addr=00170BF8 evenodd=3 lod=3..3 aspect=3 format=5 data=00EC7960
2656 pid=FFFF8AF7 t=707848 grTexDownloadMipMap#36793 tmu=0 addr=00170FF8 evenodd=3 lod=5..5 aspect=3 format=5 data=00EC7960
2657 pid=FFFF8AF7 t=707849 grTexDownloadMipMap#36794 tmu=0 addr=00171038 evenodd=3 lod=3..3 aspect=3 format=5 data=00EC7960
2658 pid=FFFF8AF7 t=707849 grTexDownloadMipMap#36795 tmu=0 addr=00171438 evenodd=3 lod=5..5 aspect=3 format=5 data=00EC7960
2659 pid=FFFF8AF7 t=707849 grTexDownloadMipMap#36796 tmu=0 addr=00171478 evenodd=3 lod=3..3 aspect=3 format=5 data=00EC7960
2660 pid=FFFF8AF7 t=707850 grTexDownloadMipMap#36797 tmu=0 addr=00171878 evenodd=3 lod=5..5 aspect=3 format=5 data=00EC7960
2661 pid=FFFF8AF7 t=707850 grTexDownloadMipMap#36798 tmu=0 addr=001718B8 evenodd=3 lod=3..3 aspect=3 format=5 data=00EC7960
2662 pid=FFFF8AF7 t=707850 grTexDownloadMipMap#36799 tmu=0 addr=00171CB8 evenodd=3 lod=3..3 aspect=3 format=5 data=00EC7960
2663 pid=FFFF8AF7 t=707851 grTexDownloadMipMap#36800 tmu=0 addr=001720B8 evenodd=3 lod=5..5 aspect=3 format=5 data=00EC7960
2664 pid=FFFF8AF7 t=707851 grTexDownloadMipMap#36801 tmu=0 addr=001720F8 evenodd=3 lod=3..3 aspect=3 format=5 data=00EC7960
2665 pid=FFFF8AF7 t=707851 grTexDownloadMipMap#36802 tmu=0 addr=001724F8 evenodd=3 lod=5..5 aspect=3 format=5 data=00EC7960
2666 pid=FFFF8AF7 t=707853 grTexDownloadMipMap#36803 tmu=0 addr=00172538 evenodd=3 lod=3..3 aspect=3 format=5 data=00EC7960
2667 pid=FFFF8AF7 t=707853 grTexDownloadMipMap#36804 tmu=0 addr=00172938 evenodd=3 lod=5..5 aspect=3 format=5 data=00EC7960
2668 pid=FFFF8AF7 t=707853 grTexDownloadMipMap#36805 tmu=0 addr=00172978 evenodd=3 lod=3..3 aspect=3 format=5 data=00EC7960
2669 pid=FFFF8AF7 t=707853 grTexDownloadMipMap#36806 tmu=0 addr=00172D78 evenodd=3 lod=6..6 aspect=3 format=5 data=00EC7960
2670 pid=FFFF8AF7 t=707853 grTexDownloadMipMap#36807 tmu=0 addr=00172D88 evenodd=3 lod=4..4 aspect=3 format=5 data=00EC7960
2671 pid=FFFF8AF7 t=707853 grTexDownloadMipMap#36808 tmu=0 addr=00172E88 evenodd=3 lod=4..4 aspect=3 format=5 data=00EC7960
2672 pid=FFFF8AF7 t=707853 grTexDownloadMipMap#36809 tmu=0 addr=00172F88 evenodd=3 lod=6..6 aspect=3 format=5 data=00EC7960
2673 pid=FFFF8AF7 t=707854 grTexDownloadMipMap#36810 tmu=0 addr=00172F98 evenodd=3 lod=4..4 aspect=3 format=5 data=00EC7960
2674 pid=FFFF8AF7 t=707854 grTexDownloadMipMap#36811 tmu=0 addr=00173098 evenodd=3 lod=4..4 aspect=3 format=5 data=00EC7960
2675 pid=FFFF8AF7 t=707854 grTexDownloadMipMap#36812 tmu=0 addr=00173198 evenodd=3 lod=4..4 aspect=3 format=5 data=00EC7960
2676 pid=FFFF8AF7 t=707854 grTexDownloadMipMap#36813 tmu=0 addr=00173298 evenodd=3 lod=5..5 aspect=3 format=5 data=00EC7960
2677 pid=FFFF8AF7 t=707855 grTexDownloadMipMap#36814 tmu=0 addr=001732D8 evenodd=3 lod=5..5 aspect=3 format=5 data=00EC7960
2678 pid=FFFF8AF7 t=707855 grTexDownloadMipMap#36815 tmu=0 addr=00173318 evenodd=3 lod=5..5 aspect=3 format=5 data=00EC7960
2679 pid=FFFF8AF7 t=707855 grTexDownloadMipMap#36816 tmu=0 addr=00173358 evenodd=3 lod=4..4 aspect=3 format=5 data=00EC7960
2680 pid=FFFF8AF7 t=707856 grTexDownloadMipMap#36817 tmu=0 addr=00173458 evenodd=3 lod=3..3 aspect=3 format=5 data=00EC7960
2681 pid=FFFF8AF7 t=707856 grTexDownloadMipMap#36818 tmu=0 addr=00173858 evenodd=3 lod=4..4 aspect=3 format=5 data=00EC7960
2682 pid=FFFF8AF7 t=707856 grTexDownloadMipMap#36819 tmu=0 addr=00173958 evenodd=3 lod=3..3 aspect=3 format=5 data=00EC7960
2683 pid=FFFF8AF7 t=707857 grTexDownloadMipMap#36820 tmu=0 addr=00173D58 evenodd=3 lod=3..3 aspect=3 format=5 data=00EC7960
2684 pid=FFFF8AF7 t=707857 grTexDownloadMipMap#36821 tmu=0 addr=00174158 evenodd=3 lod=3..3 aspect=3 format=5 data=00EC7960
2685 pid=FFFF8AF7 t=707857 grTexDownloadMipMap#36822 tmu=0 addr=00174558 evenodd=3 lod=3..3 aspect=3 format=5 data=00EC7960
2686 pid=FFFF8AF7 t=707858 grTexDownloadMipMap#36823 tmu=0 addr=00174958 evenodd=3 lod=3..3 aspect=3 format=5 data=00EC7960
2687 pid=FFFF8AF7 t=707858 grTexDownloadMipMap#36824 tmu=0 addr=00174D58 evenodd=3 lod=7..7 aspect=3 format=5 data=00EC7960
2688 pid=FFFF8AF7 t=707858 grTexDownloadMipMap#36825 tmu=0 addr=00174D60 evenodd=3 lod=3..3 aspect=3 format=5 data=00EC7960
2689 pid=FFFF8AF7 t=707859 grTexDownloadMipMap#36826 tmu=0 addr=00175160 evenodd=3 lod=3..3 aspect=3 format=5 data=00EC7960
2690 pid=FFFF8AF7 t=707859 grTexDownloadMipMap#36827 tmu=0 addr=00175560 evenodd=3 lod=3..3 aspect=3 format=5 data=00EC7960
2691 pid=FFFF8AF7 t=707861 grTexDownloadMipMap#36828 tmu=0 addr=00175960 evenodd=3 lod=3..3 aspect=3 format=5 data=00EC7960
2692 pid=FFFF8AF7 t=707861 grTexDownloadMipMap#36829 tmu=0 addr=00175D60 evenodd=3 lod=3..3 aspect=3 format=5 data=00EC7960
2693 pid=FFFF8AF7 t=707861 grTexDownloadMipMap#36830 tmu=0 addr=00176160 evenodd=3 lod=7..7 aspect=3 format=5 data=00EC7960
2694 pid=FFFF8AF7 t=707861 grTexDownloadMipMap#36831 tmu=0 addr=00176168 evenodd=3 lod=3..3 aspect=3 format=5 data=00EC7960
2695 pid=FFFF8AF7 t=707861 grTexDownloadMipMap#36832 tmu=0 addr=00176568 evenodd=3 lod=3..3 aspect=3 format=5 data=00EC7960
2696 pid=FFFF8AF7 t=707862 grTexDownloadMipMap#36833 tmu=0 addr=00176968 evenodd=3 lod=3..3 aspect=3 format=5 data=00EC7960
2697 pid=FFFF8AF7 t=707862 grTexDownloadMipMap#36834 tmu=0 addr=00176D68 evenodd=3 lod=3..3 aspect=3 format=5 data=00EC7960
2698 pid=FFFF8AF7 t=707862 grTexDownloadMipMap#36835 tmu=0 addr=00177168 evenodd=3 lod=3..3 aspect=3 format=5 data=00EC7960
2699 pid=FFFF8AF7 t=707863 grTexDownloadMipMap#36836 tmu=0 addr=00177568 evenodd=3 lod=7..7 aspect=3 format=5 data=00EC7960
2700 pid=FFFF8AF7 t=707863 grTexDownloadMipMap#36837 tmu=0 addr=00177570 evenodd=3 lod=3..3 aspect=3 format=5 data=00EC7960
2701 pid=FFFF8AF7 t=707863 grTexDownloadMipMap#36838 tmu=0 addr=00177970 evenodd=3 lod=3..3 aspect=3 format=5 data=00EC7960
2702 pid=FFFF8AF7 t=707864 grTexDownloadMipMap#36839 tmu=0 addr=00177D70 evenodd=3 lod=3..3 aspect=3 format=5 data=00EC7960
2703 pid=FFFF8AF7 t=707864 grTexDownloadMipMap#36840 tmu=0 addr=00178170 evenodd=3 lod=3..3 aspect=3 format=5 data=00EC7960
2704 pid=FFFF8AF7 t=707865 grTexDownloadMipMap#36841 tmu=0 addr=00178570 evenodd=3 lod=3..3 aspect=3 format=5 data=00EC7960
2705 pid=FFFF8AF7 t=707865 grTexDownloadMipMap#36842 tmu=0 addr=00178970 evenodd=3 lod=7..7 aspect=3 format=5 data=00EC7960
2706 pid=FFFF8AF7 t=707865 grTexDownloadMipMap#36843 tmu=0 addr=00178978 evenodd=3 lod=3..3 aspect=3 format=5 data=00EC7960
2707 pid=FFFF8AF7 t=707867 grTexDownloadMipMap#36844 tmu=0 addr=00178D78 evenodd=3 lod=3..3 aspect=3 format=5 data=00EC7960
2708 pid=FFFF8AF7 t=707867 grTexDownloadMipMap#36845 tmu=0 addr=00179178 evenodd=3 lod=3..3 aspect=3 format=5 data=00EC7960
2709 pid=FFFF8AF7 t=707867 grTexDownloadMipMap#36846 tmu=0 addr=00179578 evenodd=3 lod=4..4 aspect=3 format=5 data=00EC7960
2710 pid=FFFF8AF7 t=707867 grTexDownloadMipMap#36847 tmu=0 addr=00179678 evenodd=3 lod=4..4 aspect=3 format=5 data=00EC7960
2711 pid=FFFF8AF7 t=707867 grTexDownloadMipMap#36848 tmu=0 addr=00179778 evenodd=3 lod=3..3 aspect=3 format=5 data=00EC7960
2712 pid=FFFF8AF7 t=707868 grTexDownloadMipMap#36849 tmu=0 addr=00179B78 evenodd=3 lod=3..3 aspect=3 format=5 data=00EC7960
2713 pid=FFFF8AF7 t=707868 grTexDownloadMipMap#36850 tmu=0 addr=00179F78 evenodd=3 lod=3..3 aspect=3 format=5 data=00EC7960
2714 pid=FFFF8AF7 t=707869 grTexDownloadMipMap#36851 tmu=0 addr=0017A378 evenodd=3 lod=3..3 aspect=3 format=5 data=00EC7960
2715 pid=FFFF8AF7 t=707869 grTexDownloadMipMap#36852 tmu=0 addr=0017A778 evenodd=3 lod=4..4 aspect=3 format=5 data=00EC7960
2716 pid=FFFF8AF7 t=707869 grTexDownloadMipMap#36853 tmu=0 addr=0017A878 evenodd=3 lod=4..4 aspect=3 format=5 data=00EC7960
2717 pid=FFFF8AF7 t=707869 grTexDownloadMipMap#36854 tmu=0 addr=0017A978 evenodd=3 lod=4..4 aspect=3 format=5 data=00EC7960
2718 pid=FFFF8AF7 t=707870 grTexDownloadMipMap#36855 tmu=0 addr=0017AA78 evenodd=3 lod=4..4 aspect=3 format=5 data=00EC7960
2719 pid=FFFF8AF7 t=707870 grTexDownloadMipMap#36856 tmu=0 addr=0017AB78 evenodd=3 lod=3..3 aspect=3 format=5 data=00EC7960
2720 pid=FFFF8AF7 t=707870 grTexDownloadMipMap#36857 tmu=0 addr=0017AF78 evenodd=3 lod=3..3 aspect=3 format=5 data=00EC7960
2721 pid=FFFF8AF7 t=707871 grTexDownloadMipMap#36858 tmu=0 addr=0017B378 evenodd=3 lod=5..5 aspect=3 format=5 data=00EC7960
2722 pid=FFFF8AF7 t=707871 grTexDownloadMipMap#36859 tmu=0 addr=0017B3B8 evenodd=3 lod=5..5 aspect=3 format=5 data=00EC7960
2723 pid=FFFF8AF7 t=707871 grTexDownloadMipMap#36860 tmu=0 addr=0017B3F8 evenodd=3 lod=5..5 aspect=3 format=5 data=00EC7960
2724 pid=FFFF8AF7 t=707871 grTexDownloadMipMap#36861 tmu=0 addr=0017B438 evenodd=3 lod=5..5 aspect=3 format=5 data=00EC7960
2725 pid=FFFF8AF7 t=707872 grTexDownloadMipMap#36862 tmu=0 addr=0017B478 evenodd=3 lod=5..5 aspect=3 format=5 data=00EC7960
2726 pid=FFFF8AF7 t=707872 grTexDownloadMipMap#36863 tmu=0 addr=0017B4B8 evenodd=3 lod=5..5 aspect=3 format=5 data=00EC7960
2727 pid=FFFF8AF7 t=707872 grTexDownloadMipMap#36864 tmu=0 addr=0017B4F8 evenodd=3 lod=3..3 aspect=3 format=5 data=00EC7960
2728 pid=FFFF8AF7 t=707873 grTexDownloadMipMap#36865 tmu=0 addr=0017B8F8 evenodd=3 lod=3..3 aspect=3 format=5 data=00EC7960
2729 pid=FFFF8AF7 t=707873 grTexDownloadMipMap#36866 tmu=0 addr=0017BCF8 evenodd=3 lod=6..6 aspect=3 format=5 data=00EC7960
2730 pid=FFFF8AF7 t=707873 grTexDownloadMipMap#36867 tmu=0 addr=0017BD08 evenodd=3 lod=6..6 aspect=3 format=5 data=00EC7960
2731 pid=FFFF8AF7 t=707873 grTexDownloadMipMap#36868 tmu=0 addr=0017BD18 evenodd=3 lod=5..5 aspect=3 format=5 data=00EC7960
2732 pid=FFFF8AF7 t=707874 grTexDownloadMipMap#36869 tmu=0 addr=0017BD58 evenodd=3 lod=5..5 aspect=3 format=5 data=00EC7960
2733 pid=FFFF8AF7 t=707874 grTexDownloadMipMap#36870 tmu=0 addr=0017BD98 evenodd=3 lod=3..3 aspect=3 format=5 data=00EC7960
2734 pid=FFFF8AF7 t=707876 grTexDownloadMipMap#36871 tmu=0 addr=0017C198 evenodd=3 lod=3..3 aspect=3 format=5 data=00EC7960
2735 pid=FFFF8AF7 t=707876 grTexDownloadMipMap#36872 tmu=0 addr=0017C598 evenodd=3 lod=6..6 aspect=3 format=5 data=00EC7960
2736 pid=FFFF8AF7 t=707876 grTexDownloadMipMap#36873 tmu=0 addr=0017C5A8 evenodd=3 lod=6..6 aspect=3 format=5 data=00EC7960
2737 pid=FFFF8AF7 t=707876 grTexDownloadMipMap#36874 tmu=0 addr=0017C5B8 evenodd=3 lod=7..7 aspect=3 format=5 data=00EC7960
2738 pid=FFFF8AF7 t=707876 grTexDownloadMipMap#36875 tmu=0 addr=0017C5C0 evenodd=3 lod=7..7 aspect=3 format=5 data=00EC7960
2739 pid=FFFF8AF7 t=707876 grTexDownloadMipMap#36876 tmu=0 addr=0017C5C8 evenodd=3 lod=5..5 aspect=3 format=5 data=00EC7960
2740 pid=FFFF8AF7 t=707876 grTexDownloadMipMap#36877 tmu=0 addr=0017C608 evenodd=3 lod=5..5 aspect=3 format=5 data=00EC7960
2741 pid=FFFF8AF7 t=707876 grTexDownloadMipMap#36878 tmu=0 addr=0017C648 evenodd=3 lod=5..5 aspect=3 format=5 data=00EC7960
2742 pid=FFFF8AF7 t=707877 grTexDownloadMipMap#36879 tmu=0 addr=0017C688 evenodd=3 lod=5..5 aspect=3 format=5 data=00EC7960
2743 pid=FFFF8AF7 t=707877 grTexDownloadMipMap#36880 tmu=0 addr=0017C6C8 evenodd=3 lod=4..4 aspect=3 format=5 data=00EC7960
2744 pid=FFFF8AF7 t=707877 grTexDownloadMipMap#36881 tmu=0 addr=0017C7C8 evenodd=3 lod=4..4 aspect=3 format=5 data=00EC7960
2745 pid=FFFF8AF7 t=707877 grTexDownloadMipMap#36882 tmu=0 addr=0017C8C8 evenodd=3 lod=5..5 aspect=3 format=5 data=00EC7960
2746 pid=FFFF8AF7 t=707878 grTexDownloadMipMap#36883 tmu=0 addr=0017C908 evenodd=3 lod=5..5 aspect=3 format=5 data=00EC7960
2747 pid=FFFF8AF7 t=707878 grTexDownloadMipMap#36884 tmu=0 addr=0017C948 evenodd=3 lod=7..7 aspect=3 format=5 data=00EC7960
2748 pid=FFFF8AF7 t=707878 grTexDownloadMipMap#36885 tmu=0 addr=0017C950 evenodd=3 lod=7..7 aspect=3 format=5 data=00EC7960
2749 pid=FFFF8AF7 t=707879 grTexDownloadMipMap#36886 tmu=0 addr=0017C958 evenodd=3 lod=3..3 aspect=3 format=5 data=00EC7960
2750 pid=FFFF8AF7 t=707879 grTexDownloadMipMap#36887 tmu=0 addr=0017CD58 evenodd=3 lod=3..3 aspect=3 format=5 data=00EC7960
2751 pid=FFFF8AF7 t=707879 grTexDownloadMipMap#36888 tmu=0 addr=0017D158 evenodd=3 lod=7..7 aspect=3 format=5 data=00EC7960
2752 pid=FFFF8AF7 t=707879 grTexDownloadMipMap#36889 tmu=0 addr=0017D160 evenodd=3 lod=7..7 aspect=3 format=5 data=00EC7960
2753 pid=FFFF8AF7 t=707880 grTexDownloadMipMap#36890 tmu=0 addr=0017D168 evenodd=3 lod=7..7 aspect=3 format=5 data=00EC7960
2754 pid=FFFF8AF7 t=707880 grTexDownloadMipMap#36891 tmu=0 addr=0017D170 evenodd=3 lod=7..7 aspect=3 format=5 data=00EC7960
2755 pid=FFFF8AF7 t=707880 grTexDownloadMipMap#36892 tmu=0 addr=0017D178 evenodd=3 lod=3..3 aspect=3 format=5 data=00EC7960
2756 pid=FFFF8AF7 t=707881 grTexDownloadMipMap#36893 tmu=0 addr=0017D578 evenodd=3 lod=3..3 aspect=3 format=5 data=00EC7960
2757 pid=FFFF8AF7 t=707881 grTexDownloadMipMap#36894 tmu=0 addr=0017D978 evenodd=3 lod=3..3 aspect=3 format=5 data=00EC7960
2758 pid=FFFF8AF7 t=707881 grTexDownloadMipMap#36895 tmu=0 addr=0017DD78 evenodd=3 lod=5..5 aspect=3 format=5 data=00EC7960
2759 pid=FFFF8AF7 t=707882 grTexDownloadMipMap#36896 tmu=0 addr=0017DDB8 evenodd=3 lod=3..3 aspect=3 format=5 data=00EC7960
2760 pid=FFFF8AF7 t=707882 grTexDownloadMipMap#36897 tmu=0 addr=0017E1B8 evenodd=3 lod=3..3 aspect=3 format=5 data=00EC7960
2761 pid=FFFF8AF7 t=707885 grTexDownloadMipMap#36898 tmu=0 addr=0017E5B8 evenodd=3 lod=5..5 aspect=3 format=5 data=00ECA4F0
2762 pid=FFFF8AF7 t=707886 grTexDownloadMipMap#36899 tmu=0 addr=0017E5F8 evenodd=3 lod=5..5 aspect=3 format=5 data=00ECA4F0
2763 pid=FFFF8AF7 t=707886 grTexDownloadMipMap#36900 tmu=0 addr=0017E638 evenodd=3 lod=5..5 aspect=3 format=5 data=00ECA4F0
2764 pid=FFFF8AF7 t=707886 grTexDownloadMipMap#36901 tmu=0 addr=0017E678 evenodd=3 lod=5..5 aspect=3 format=5 data=00ECA4F0
2765 pid=FFFF8AF7 t=707886 grTexDownloadMipMap#36902 tmu=0 addr=0017E6B8 evenodd=3 lod=7..7 aspect=3 format=5 data=00ECA4F0
2766 pid=FFFF8AF7 t=707887 grTexDownloadMipMap#36903 tmu=0 addr=0017E6C0 evenodd=3 lod=7..7 aspect=3 format=5 data=00ECA4F0
2767 pid=FFFF8AF7 t=707887 grTexDownloadMipMap#36904 tmu=0 addr=0017E6C8 evenodd=3 lod=4..4 aspect=3 format=5 data=00ECA4F0
2768 pid=FFFF8AF7 t=707887 grTexDownloadMipMap#36905 tmu=0 addr=0017E7C8 evenodd=3 lod=4..4 aspect=3 format=5 data=00ECA4F0
2769 pid=FFFF8AF7 t=707887 grTexDownloadMipMap#36906 tmu=0 addr=0017E8C8 evenodd=3 lod=3..3 aspect=3 format=5 data=00ECA4F0
2770 pid=FFFF8AF7 t=707888 grTexDownloadMipMap#36907 tmu=0 addr=0017ECC8 evenodd=3 lod=3..3 aspect=3 format=5 data=00ECA4F0
2771 pid=FFFF8AF7 t=707888 grTexDownloadMipMap#36908 tmu=0 addr=0017F0C8 evenodd=3 lod=3..3 aspect=3 format=5 data=00ECA4F0
2772 pid=FFFF8AF7 t=707889 grTexDownloadMipMap#36909 tmu=0 addr=0017F4C8 evenodd=3 lod=3..3 aspect=3 format=5 data=00ECA4F0
2773 pid=FFFF8AF7 t=707889 grTexDownloadMipMap#36910 tmu=0 addr=0017F8C8 evenodd=3 lod=4..4 aspect=3 format=5 data=00ECA4F0
2774 pid=FFFF8AF7 t=707889 grTexDownloadMipMap#36911 tmu=0 addr=0017F9C8 evenodd=3 lod=4..4 aspect=3 format=5 data=00ECA4F0
2775 pid=FFFF8AF7 t=707889 grTexDownloadMipMap#36912 tmu=0 addr=0017FAC8 evenodd=3 lod=5..5 aspect=3 format=5 data=00ECA4F0
2776 pid=FFFF8AF7 t=707890 grTexDownloadMipMap#36913 tmu=0 addr=0017FB08 evenodd=3 lod=5..5 aspect=3 format=5 data=00ECA4F0
2777 pid=FFFF8AF7 t=707890 grTexDownloadMipMap#36914 tmu=0 addr=0017FB48 evenodd=3 lod=5..5 aspect=3 format=5 data=00ECA4F0
2778 pid=FFFF8AF7 t=707890 grTexDownloadMipMap#36915 tmu=0 addr=0017FB88 evenodd=3 lod=5..5 aspect=3 format=5 data=00ECA4F0
2779 pid=FFFF8AF7 t=707890 grTexDownloadMipMap#36916 tmu=0 addr=0017FBC8 evenodd=3 lod=4..4 aspect=3 format=5 data=00ECA4F0
2780 pid=FFFF8AF7 t=707892 grTexDownloadMipMap#36917 tmu=0 addr=0017FCC8 evenodd=3 lod=4..4 aspect=3 format=5 data=00ECA4F0
2781 pid=FFFF8AF7 t=707892 grTexDownloadMipMap#36918 tmu=0 addr=0017FDC8 evenodd=3 lod=6..6 aspect=3 format=5 data=00ECA4F0
2782 pid=FFFF8AF7 t=707892 grTexDownloadMipMap#36919 tmu=0 addr=0017FDD8 evenodd=3 lod=6..6 aspect=3 format=5 data=00ECA4F0
2783 pid=FFFF8AF7 t=707892 grTexDownloadMipMap#36920 tmu=0 addr=0017FDE8 evenodd=3 lod=3..3 aspect=3 format=5 data=00ECA4F0
2784 pid=FFFF8AF7 t=707892 grTexDownloadMipMap#36921 tmu=0 addr=001801E8 evenodd=3 lod=3..3 aspect=3 format=5 data=00ECA4F0
2785 pid=FFFF8AF7 t=707892 grTexDownloadMipMap#36922 tmu=0 addr=001805E8 evenodd=3 lod=5..5 aspect=3 format=5 data=00ECA4F0
2786 pid=FFFF8AF7 t=707893 grTexDownloadMipMap#36923 tmu=0 addr=00180628 evenodd=3 lod=5..5 aspect=3 format=5 data=00ECA4F0
2787 pid=FFFF8AF7 t=707893 grTexDownloadMipMap#36924 tmu=0 addr=00180668 evenodd=3 lod=3..3 aspect=3 format=5 data=00ECA4F0
2788 pid=FFFF8AF7 t=707893 grTexDownloadMipMap#36925 tmu=0 addr=00180A68 evenodd=3 lod=3..3 aspect=3 format=5 data=00ECA4F0
2789 pid=FFFF8AF7 t=707894 grTexDownloadMipMap#36926 tmu=0 addr=00180E68 evenodd=3 lod=3..3 aspect=3 format=5 data=00ECA4F0
2790 pid=FFFF8AF7 t=707894 grTexDownloadMipMap#36927 tmu=0 addr=00181268 evenodd=3 lod=3..3 aspect=3 format=5 data=00ECA4F0
2791 pid=FFFF8AF7 t=707895 grTexDownloadMipMap#36928 tmu=0 addr=00181668 evenodd=3 lod=3..3 aspect=3 format=5 data=00ECA4F0
2792 pid=FFFF8AF7 t=707895 grTexDownloadMipMap#36929 tmu=0 addr=00181A68 evenodd=3 lod=3..3 aspect=3 format=5 data=00ECA4F0
2793 pid=FFFF8AF7 t=707895 grTexDownloadMipMap#36930 tmu=0 addr=00181E68 evenodd=3 lod=7..7 aspect=3 format=5 data=00ECA4F0
2794 pid=FFFF8AF7 t=707895 grTexDownloadMipMap#36931 tmu=0 addr=00181E70 evenodd=3 lod=7..7 aspect=3 format=5 data=00ECA4F0
2795 pid=FFFF8AF7 t=707896 grTexDownloadMipMap#36932 tmu=0 addr=00181E78 evenodd=3 lod=4..4 aspect=3 format=5 data=00ECA4F0
2796 pid=FFFF8AF7 t=707896 grTexDownloadMipMap#36933 tmu=0 addr=00181F78 evenodd=3 lod=4..4 aspect=3 format=5 data=00ECA4F0
2797 pid=FFFF8AF7 t=707896 grTexDownloadMipMap#36934 tmu=0 addr=00182078 evenodd=3 lod=4..4 aspect=3 format=5 data=00ECA4F0
2798 pid=FFFF8AF7 t=707897 grTexDownloadMipMap#36935 tmu=0 addr=00182178 evenodd=3 lod=4..4 aspect=3 format=5 data=00ECA4F0
2799 pid=FFFF8AF7 t=707897 grTexDownloadMipMap#36936 tmu=0 addr=00182278 evenodd=3 lod=4..4 aspect=3 format=5 data=00ECA4F0
2800 pid=FFFF8AF7 t=707897 grTexDownloadMipMap#36937 tmu=0 addr=00182378 evenodd=3 lod=4..4 aspect=3 format=5 data=00ECA4F0
2801 pid=FFFF8AF7 t=707897 grTexDownloadMipMap#36938 tmu=0 addr=00182478 evenodd=3 lod=5..5 aspect=3 format=5 data=00ECA4F0
2802 pid=FFFF8AF7 t=707898 grTexDownloadMipMap#36939 tmu=0 addr=001824B8 evenodd=3 lod=5..5 aspect=3 format=5 data=00ECA4F0
2803 pid=FFFF8AF7 t=707898 grTexDownloadMipMap#36940 tmu=0 addr=001824F8 evenodd=3 lod=5..5 aspect=3 format=5 data=00ECA4F0
2804 pid=FFFF8AF7 t=707898 grTexDownloadMipMap#36941 tmu=0 addr=00182538 evenodd=3 lod=5..5 aspect=3 format=5 data=00ECA4F0
2805 pid=FFFF8AF7 t=707898 grTexDownloadMipMap#36942 tmu=0 addr=00182578 evenodd=3 lod=5..5 aspect=3 format=5 data=00ECA4F0
2806 pid=FFFF8AF7 t=707900 grTexDownloadMipMap#36943 tmu=0 addr=001825B8 evenodd=3 lod=5..5 aspect=3 format=5 data=00ECA4F0
2807 pid=FFFF8AF7 t=707900 grTexDownloadMipMap#36944 tmu=0 addr=001825F8 evenodd=3 lod=6..6 aspect=3 format=5 data=00ECA4F0
2808 pid=FFFF8AF7 t=707900 grTexDownloadMipMap#36945 tmu=0 addr=00182608 evenodd=3 lod=6..6 aspect=3 format=5 data=00ECA4F0
2809 pid=FFFF8AF7 t=707900 grTexDownloadMipMap#36946 tmu=0 addr=00182618 evenodd=3 lod=4..4 aspect=3 format=5 data=00ECA4F0
2810 pid=FFFF8AF7 t=707900 grTexDownloadMipMap#36947 tmu=0 addr=00182718 evenodd=3 lod=4..4 aspect=3 format=5 data=00ECA4F0
2811 pid=FFFF8AF7 t=707900 grTexDownloadMipMap#36948 tmu=0 addr=00182818 evenodd=3 lod=5..5 aspect=3 format=5 data=00ECA4F0
2812 pid=FFFF8AF7 t=707900 grTexDownloadMipMap#36949 tmu=0 addr=00182858 evenodd=3 lod=5..5 aspect=3 format=5 data=00ECA4F0
2813 pid=FFFF8AF7 t=707901 grTexDownloadMipMap#36950 tmu=0 addr=00182898 evenodd=3 lod=5..5 aspect=3 format=5 data=00ECA4F0
2814 pid=FFFF8AF7 t=707901 grTexDownloadMipMap#36951 tmu=0 addr=001828D8 evenodd=3 lod=5..5 aspect=3 format=5 data=00ECA4F0
2815 pid=FFFF8AF7 t=707901 grTexDownloadMipMap#36952 tmu=0 addr=00182918 evenodd=3 lod=3..3 aspect=3 format=5 data=00ECA4F0
2816 pid=FFFF8AF7 t=707902 grTexDownloadMipMap#36953 tmu=0 addr=00182D18 evenodd=3 lod=3..3 aspect=3 format=5 data=00ECA4F0
2817 pid=FFFF8AF7 t=707902 grTexDownloadMipMap#36954 tmu=0 addr=00183118 evenodd=3 lod=4..4 aspect=3 format=5 data=00ECA4F0
2818 pid=FFFF8AF7 t=707902 grTexDownloadMipMap#36955 tmu=0 addr=00183218 evenodd=3 lod=4..4 aspect=3 format=5 data=00ECA4F0
2819 pid=FFFF8AF7 t=707903 grTexDownloadMipMap#36956 tmu=0 addr=00183318 evenodd=3 lod=3..3 aspect=3 format=5 data=00ECA4F0
2820 pid=FFFF8AF7 t=707903 grTexDownloadMipMap#36957 tmu=0 addr=00183718 evenodd=3 lod=3..3 aspect=3 format=5 data=00ECA4F0
2821 pid=FFFF8AF7 t=707903 grTexDownloadMipMap#36958 tmu=0 addr=00183B18 evenodd=3 lod=3..3 aspect=3 format=5 data=00ECA4F0
2822 pid=FFFF8AF7 t=707904 grTexDownloadMipMap#36959 tmu=0 addr=00183F18 evenodd=3 lod=3..3 aspect=3 format=5 data=00ECA4F0
2823 pid=FFFF8AF7 t=707904 grTexDownloadMipMap#36960 tmu=0 addr=00184318 evenodd=3 lod=3..3 aspect=3 format=5 data=00ECA4F0
2824 pid=FFFF8AF7 t=707905 grTexDownloadMipMap#36961 tmu=0 addr=00184718 evenodd=3 lod=3..3 aspect=3 format=5 data=00ECA4F0
2825 pid=FFFF8AF7 t=707905 grTexDownloadMipMap#36962 tmu=0 addr=00184B18 evenodd=3 lod=3..3 aspect=3 format=5 data=00ECA4F0
2826 pid=FFFF8AF7 t=707906 grTexDownloadMipMap#36963 tmu=0 addr=00184F18 evenodd=3 lod=3..3 aspect=3 format=5 data=00ECA4F0
2827 pid=FFFF8AF7 t=707906 grTexDownloadMipMap#36964 tmu=0 addr=00185318 evenodd=3 lod=4..4 aspect=3 format=5 data=00ECA4F0
2828 pid=FFFF8AF7 t=707906 grTexDownloadMipMap#36965 tmu=0 addr=00185418 evenodd=3 lod=4..4 aspect=3 format=5 data=00ECA4F0
2829 pid=FFFF8AF7 t=707906 grTexDownloadMipMap#36966 tmu=0 addr=00185518 evenodd=3 lod=5..5 aspect=3 format=5 data=00ECA4F0
2830 pid=FFFF8AF7 t=707908 grTexDownloadMipMap#36967 tmu=0 addr=00185558 evenodd=3 lod=5..5 aspect=3 format=5 data=00ECA4F0
2831 pid=FFFF8AF7 t=707908 grTexDownloadMipMap#36968 tmu=0 addr=00185598 evenodd=3 lod=3..3 aspect=3 format=5 data=00ECA4F0
2832 pid=FFFF8AF7 t=707908 grTexDownloadMipMap#36969 tmu=0 addr=00185998 evenodd=3 lod=3..3 aspect=3 format=5 data=00ECA4F0
2833 pid=FFFF8AF7 t=707908 grTexDownloadMipMap#36970 tmu=0 addr=00185D98 evenodd=3 lod=5..5 aspect=3 format=5 data=00ECA4F0
2834 pid=FFFF8AF7 t=707908 grTexDownloadMipMap#36971 tmu=0 addr=00185DD8 evenodd=3 lod=5..5 aspect=3 format=5 data=00ECA4F0
2835 pid=FFFF8AF7 t=707908 grTexDownloadMipMap#36972 tmu=0 addr=00185E18 evenodd=3 lod=5..5 aspect=3 format=5 data=00ECA4F0
2836 pid=FFFF8AF7 t=707908 grTexDownloadMipMap#36973 tmu=0 addr=00185E58 evenodd=3 lod=5..5 aspect=3 format=5 data=00ECA4F0
2837 pid=FFFF8AF7 t=707909 grTexDownloadMipMap#36974 tmu=0 addr=00185E98 evenodd=3 lod=7..7 aspect=3 format=5 data=00ECA4F0
2838 pid=FFFF8AF7 t=707909 grTexDownloadMipMap#36975 tmu=0 addr=00185EA0 evenodd=3 lod=7..7 aspect=3 format=5 data=00ECA4F0
2839 pid=FFFF8AF7 t=707909 grTexDownloadMipMap#36976 tmu=0 addr=00185EA8 evenodd=3 lod=3..3 aspect=3 format=5 data=00ECA4F0
2840 pid=FFFF8AF7 t=707910 grTexDownloadMipMap#36977 tmu=0 addr=001862A8 evenodd=3 lod=3..3 aspect=3 format=5 data=00ECA4F0
2841 pid=FFFF8AF7 t=707910 grTexDownloadMipMap#36978 tmu=0 addr=001866A8 evenodd=3 lod=3..3 aspect=3 format=5 data=00ECA4F0
2842 pid=FFFF8AF7 t=707911 grTexDownloadMipMap#36979 tmu=0 addr=00186AA8 evenodd=3 lod=3..3 aspect=3 format=5 data=00ECA4F0
2843 pid=FFFF8AF7 t=707911 grTexDownloadMipMap#36980 tmu=0 addr=00186EA8 evenodd=3 lod=4..4 aspect=3 format=5 data=00ECA4F0
2844 pid=FFFF8AF7 t=707911 grTexDownloadMipMap#36981 tmu=0 addr=00186FA8 evenodd=3 lod=4..4 aspect=3 format=5 data=00ECA4F0
2845 pid=FFFF8AF7 t=707911 grTexDownloadMipMap#36982 tmu=0 addr=001870A8 evenodd=3 lod=4..4 aspect=3 format=5 data=00ECA4F0
2846 pid=FFFF8AF7 t=707912 grTexDownloadMipMap#36983 tmu=0 addr=001871A8 evenodd=3 lod=3..3 aspect=3 format=5 data=00ECA4F0
2847 pid=FFFF8AF7 t=707912 grTexDownloadMipMap#36984 tmu=0 addr=001875A8 evenodd=3 lod=4..4 aspect=3 format=5 data=00ECA4F0
2848 pid=FFFF8AF7 t=707912 grTexDownloadMipMap#36985 tmu=0 addr=001876A8 evenodd=3 lod=4..4 aspect=3 format=5 data=00ECA4F0
2849 pid=FFFF8AF7 t=707913 grTexDownloadMipMap#36986 tmu=0 addr=001877A8 evenodd=3 lod=4..4 aspect=3 format=5 data=00ECA4F0
2850 pid=FFFF8AF7 t=707913 grTexDownloadMipMap#36987 tmu=0 addr=001878A8 evenodd=3 lod=4..4 aspect=3 format=5 data=00ECA4F0
2851 pid=FFFF8AF7 t=707913 grTexDownloadMipMap#36988 tmu=0 addr=001879A8 evenodd=3 lod=3..3 aspect=3 format=5 data=00ECA4F0
2852 pid=FFFF8AF7 t=707914 grTexDownloadMipMap#36989 tmu=0 addr=00187DA8 evenodd=3 lod=4..4 aspect=3 format=5 data=00ECA4F0
2853 pid=FFFF8AF7 t=707914 grTexDownloadMipMap#36990 tmu=0 addr=00187EA8 evenodd=3 lod=4..4 aspect=3 format=5 data=00ECA4F0
2854 pid=FFFF8AF7 t=707914 grTexDownloadMipMap#36991 tmu=0 addr=00187FA8 evenodd=3 lod=4..4 aspect=3 format=5 data=00ECA4F0
2855 pid=FFFF8AF7 t=707916 grTexDownloadMipMap#36992 tmu=0 addr=001880A8 evenodd=3 lod=3..3 aspect=3 format=5 data=00ECA4F0
2856 pid=FFFF8AF7 t=707916 grTexDownloadMipMap#36993 tmu=0 addr=001884A8 evenodd=3 lod=3..3 aspect=3 format=5 data=00ECA4F0
2857 pid=FFFF8AF7 t=707916 grTexDownloadMipMap#36994 tmu=0 addr=001888A8 evenodd=3 lod=3..3 aspect=3 format=5 data=00ECA4F0
2858 pid=FFFF8AF7 t=707916 grTexDownloadMipMap#36995 tmu=0 addr=00188CA8 evenodd=3 lod=3..3 aspect=3 format=5 data=00ECA4F0
2859 pid=FFFF8AF7 t=707916 grTexDownloadMipMap#36996 tmu=0 addr=001890A8 evenodd=3 lod=3..3 aspect=3 format=5 data=00ECA4F0
2860 pid=FFFF8AF7 t=707917 grTexDownloadMipMap#36997 tmu=0 addr=001894A8 evenodd=3 lod=3..3 aspect=3 format=5 data=00ECA4F0
2861 pid=FFFF8AF7 t=707917 grTexDownloadMipMap#36998 tmu=0 addr=001898A8 evenodd=3 lod=3..3 aspect=3 format=5 data=00ECA4F0
2862 pid=FFFF8AF7 t=707917 grTexDownloadMipMap#36999 tmu=0 addr=00189CA8 evenodd=3 lod=3..3 aspect=3 format=5 data=00ECA4F0
2863 pid=FFFF8AF7 t=707918 grTexDownloadMipMap#37000 tmu=0 addr=0018A0A8 evenodd=3 lod=3..3 aspect=3 format=5 data=00ECA4F0
2864 pid=FFFF8AF7 t=707918 grTexDownloadMipMap#37001 tmu=0 addr=0018A4A8 evenodd=3 lod=3..3 aspect=3 format=5 data=00ECA4F0
2865 pid=FFFF8AF7 t=707919 grTexDownloadMipMap#37002 tmu=0 addr=0018A8A8 evenodd=3 lod=3..3 aspect=3 format=5 data=00ECA4F0
2866 pid=FFFF8AF7 t=707919 grTexDownloadMipMap#37003 tmu=0 addr=0018ACA8 evenodd=3 lod=3..3 aspect=3 format=5 data=00ECA4F0
2867 pid=FFFF8AF7 t=707919 grTexDownloadMipMap#37004 tmu=0 addr=0018B0A8 evenodd=3 lod=3..3 aspect=3 format=5 data=00ECA4F0
2868 pid=FFFF8AF7 t=707920 grTexDownloadMipMap#37005 tmu=0 addr=0018B4A8 evenodd=3 lod=7..7 aspect=3 format=5 data=00ECA4F0
2869 pid=FFFF8AF7 t=707920 grTexDownloadMipMap#37006 tmu=0 addr=0018B4B0 evenodd=3 lod=3..3 aspect=3 format=5 data=00ECA4F0
2870 pid=FFFF8AF7 t=707920 grTexDownloadMipMap#37007 tmu=0 addr=0018B8B0 evenodd=3 lod=3..3 aspect=3 format=5 data=00ECA4F0
2871 pid=FFFF8AF7 t=707921 grTexDownloadMipMap#37008 tmu=0 addr=0018BCB0 evenodd=3 lod=3..3 aspect=3 format=5 data=00ECA4F0
2872 pid=FFFF8AF7 t=707921 grTexDownloadMipMap#37009 tmu=0 addr=0018C0B0 evenodd=3 lod=3..3 aspect=3 format=5 data=00ECA4F0
2873 pid=FFFF8AF7 t=707923 grTexDownloadMipMap#37010 tmu=0 addr=0018C4B0 evenodd=3 lod=3..3 aspect=3 format=5 data=00ECA4F0
2874 pid=FFFF8AF7 t=707923 grTexDownloadMipMap#37011 tmu=0 addr=0018C8B0 evenodd=3 lod=7..7 aspect=3 format=5 data=00ECA4F0
2875 pid=FFFF8AF7 t=707923 grTexDownloadMipMap#37012 tmu=0 addr=0018C8B8 evenodd=3 lod=3..3 aspect=3 format=5 data=00ECA4F0
2876 pid=FFFF8AF7 t=707923 grTexDownloadMipMap#37013 tmu=0 addr=0018CCB8 evenodd=3 lod=3..3 aspect=3 format=5 data=00ECA4F0
2877 pid=FFFF8AF7 t=707923 grTexDownloadMipMap#37014 tmu=0 addr=0018D0B8 evenodd=3 lod=3..3 aspect=3 format=5 data=00ECA4F0
2878 pid=FFFF8AF7 t=707924 grTexDownloadMipMap#37015 tmu=0 addr=0018D4B8 evenodd=3 lod=3..3 aspect=3 format=5 data=00ECA4F0
2879 pid=FFFF8AF7 t=707924 grTexDownloadMipMap#37016 tmu=0 addr=0018D8B8 evenodd=3 lod=3..3 aspect=3 format=5 data=00ECA4F0
2880 pid=FFFF8AF7 t=707924 grTexDownloadMipMap#37017 tmu=0 addr=0018DCB8 evenodd=3 lod=7..7 aspect=3 format=5 data=00ECA4F0
2881 pid=FFFF8AF7 t=707925 grTexDownloadMipMap#37018 tmu=0 addr=0018DCC0 evenodd=3 lod=3..3 aspect=3 format=5 data=00ECA4F0
2882 pid=FFFF8AF7 t=707925 grTexDownloadMipMap#37019 tmu=0 addr=0018E0C0 evenodd=3 lod=3..3 aspect=3 format=5 data=00ECA4F0
2883 pid=FFFF8AF7 t=707926 grTexDownloadMipMap#37020 tmu=0 addr=0018E4C0 evenodd=3 lod=3..3 aspect=3 format=5 data=00ECA4F0
2884 pid=FFFF8AF7 t=707926 grTexDownloadMipMap#37021 tmu=0 addr=0018E8C0 evenodd=3 lod=3..3 aspect=3 format=5 data=00ECA4F0
2885 pid=FFFF8AF7 t=707926 grTexDownloadMipMap#37022 tmu=0 addr=0018ECC0 evenodd=3 lod=3..3 aspect=3 format=5 data=00ECA4F0
2886 pid=FFFF8AF7 t=707927 grTexDownloadMipMap#37023 tmu=0 addr=0018F0C0 evenodd=3 lod=7..7 aspect=3 format=5 data=00ECA4F0
2887 pid=FFFF8AF7 t=707927 grTexDownloadMipMap#37024 tmu=0 addr=0018F0C8 evenodd=3 lod=7..7 aspect=3 format=5 data=00ECA4F0
2888 pid=FFFF8AF7 t=707927 grTexDownloadMipMap#37025 tmu=0 addr=0018F0D0 evenodd=3 lod=7..7 aspect=3 format=5 data=00ECA4F0
2889 pid=FFFF8AF7 t=707927 grTexDownloadMipMap#37026 tmu=0 addr=0018F0D8 evenodd=3 lod=4..4 aspect=3 format=5 data=00ECA4F0
2890 pid=FFFF8AF7 t=707928 grTexDownloadMipMap#37027 tmu=0 addr=0018F1D8 evenodd=3 lod=4..4 aspect=3 format=5 data=00ECA4F0
2891 pid=FFFF8AF7 t=707928 grTexDownloadMipMap#37028 tmu=0 addr=0018F2D8 evenodd=3 lod=4..4 aspect=3 format=5 data=00ECA4F0
2892 pid=FFFF8AF7 t=707928 grTexDownloadMipMap#37029 tmu=0 addr=0018F3D8 evenodd=3 lod=4..4 aspect=3 format=5 data=00ECA4F0
2893 pid=FFFF8AF7 t=707929 grTexDownloadMipMap#37030 tmu=0 addr=0018F4D8 evenodd=3 lod=4..4 aspect=3 format=5 data=00ECA4F0
2894 pid=FFFF8AF7 t=707929 grTexDownloadMipMap#37031 tmu=0 addr=0018F5D8 evenodd=3 lod=4..4 aspect=3 format=5 data=00ECA4F0
2895 pid=FFFF8AF7 t=707929 grTexDownloadMipMap#37032 tmu=0 addr=0018F6D8 evenodd=3 lod=3..3 aspect=3 format=5 data=00ECA4F0
2896 pid=FFFF8AF7 t=707931 grTexDownloadMipMap#37033 tmu=0 addr=0018FAD8 evenodd=3 lod=3..3 aspect=3 format=5 data=00ECA4F0
2897 pid=FFFF8AF7 t=707931 grTexDownloadMipMap#37034 tmu=0 addr=0018FED8 evenodd=3 lod=6..6 aspect=3 format=5 data=00ECA4F0
2898 pid=FFFF8AF7 t=707931 grTexDownloadMipMap#37035 tmu=0 addr=0018FEE8 evenodd=3 lod=6..6 aspect=3 format=5 data=00ECA4F0
2899 pid=FFFF8AF7 t=707931 grTexDownloadMipMap#37036 tmu=0 addr=0018FEF8 evenodd=3 lod=6..6 aspect=3 format=5 data=00ECA4F0
2900 pid=FFFF8AF7 t=707931 grTexDownloadMipMap#37037 tmu=0 addr=0018FF08 evenodd=3 lod=6..6 aspect=3 format=5 data=00ECA4F0
2901 pid=FFFF8AF7 t=707931 grTexDownloadMipMap#37038 tmu=0 addr=0018FF18 evenodd=3 lod=4..4 aspect=3 format=5 data=00ECA4F0
2902 pid=FFFF8AF7 t=707931 grTexDownloadMipMap#37039 tmu=0 addr=00190018 evenodd=3 lod=4..4 aspect=3 format=5 data=00ECA4F0
2903 pid=FFFF8AF7 t=707932 grTexDownloadMipMap#37040 tmu=0 addr=00190118 evenodd=3 lod=3..3 aspect=3 format=5 data=00ECA4F0
2904 pid=FFFF8AF7 t=707932 grTexDownloadMipMap#37041 tmu=0 addr=00190518 evenodd=3 lod=3..3 aspect=3 format=5 data=00ECA4F0
2905 pid=FFFF8AF7 t=707933 grTexDownloadMipMap#37042 tmu=0 addr=00190918 evenodd=3 lod=3..3 aspect=3 format=5 data=00ECA4F0
2906 pid=FFFF8AF7 t=707933 grTexDownloadMipMap#37043 tmu=0 addr=00190D18 evenodd=3 lod=3..3 aspect=3 format=5 data=00ECA4F0
2907 pid=FFFF8AF7 t=707933 grTexDownloadMipMap#37044 tmu=0 addr=00191118 evenodd=3 lod=4..4 aspect=3 format=5 data=00ECA4F0
2908 pid=FFFF8AF7 t=707933 grTexDownloadMipMap#37045 tmu=0 addr=00191218 evenodd=3 lod=4..4 aspect=3 format=5 data=00ECA4F0
2909 pid=FFFF8AF7 t=707934 grTexDownloadMipMap#37046 tmu=0 addr=00191318 evenodd=3 lod=3..3 aspect=3 format=5 data=00ECA4F0
2910 pid=FFFF8AF7 t=707934 grTexDownloadMipMap#37047 tmu=0 addr=00191718 evenodd=3 lod=3..3 aspect=3 format=5 data=00ECA4F0
2911 pid=FFFF8AF7 t=707935 grTexDownloadMipMap#37048 tmu=0 addr=00191B18 evenodd=3 lod=6..6 aspect=3 format=5 data=00ECA4F0
2912 pid=FFFF8AF7 t=707935 grTexDownloadMipMap#37049 tmu=0 addr=00191B28 evenodd=3 lod=6..6 aspect=3 format=5 data=00ECA4F0
2913 pid=FFFF8AF7 t=707935 grTexDownloadMipMap#37050 tmu=0 addr=00191B38 evenodd=3 lod=7..7 aspect=3 format=5 data=00ECA4F0
2914 pid=FFFF8AF7 t=707935 grTexDownloadMipMap#37051 tmu=0 addr=00191B40 evenodd=3 lod=7..7 aspect=3 format=5 data=00ECA4F0
2915 pid=FFFF8AF7 t=707936 grTexDownloadMipMap#37052 tmu=0 addr=00191B48 evenodd=3 lod=3..3 aspect=3 format=5 data=00ECA4F0
2916 pid=FFFF8AF7 t=707936 grTexDownloadMipMap#37053 tmu=0 addr=00191F48 evenodd=3 lod=3..3 aspect=3 format=5 data=00ECA4F0
2917 pid=FFFF8AF7 t=707936 grTexDownloadMipMap#37054 tmu=0 addr=00192348 evenodd=3 lod=3..3 aspect=3 format=5 data=00ECA4F0
2918 pid=FFFF8AF7 t=707937 grTexDownloadMipMap#37055 tmu=0 addr=00192748 evenodd=3 lod=3..3 aspect=3 format=5 data=00ECA4F0
2919 pid=FFFF8AF7 t=707937 grTexDownloadMipMap#37056 tmu=0 addr=00192B48 evenodd=3 lod=6..6 aspect=3 format=5 data=00ECA4F0
2920 pid=FFFF8AF7 t=707937 grTexDownloadMipMap#37057 tmu=0 addr=00192B58 evenodd=3 lod=6..6 aspect=3 format=5 data=00ECA4F0
2921 pid=FFFF8AF7 t=707939 grTexDownloadMipMap#37058 tmu=0 addr=00192B68 evenodd=3 lod=4..4 aspect=3 format=5 data=00ECA4F0
2922 pid=FFFF8AF7 t=707939 grTexDownloadMipMap#37059 tmu=0 addr=00192C68 evenodd=3 lod=4..4 aspect=3 format=5 data=00ECA4F0
2923 pid=FFFF8AF7 t=707939 grTexDownloadMipMap#37060 tmu=0 addr=00192D68 evenodd=3 lod=5..5 aspect=3 format=5 data=00ECA4F0
2924 pid=FFFF8AF7 t=707939 grTexDownloadMipMap#37061 tmu=0 addr=00192DA8 evenodd=3 lod=5..5 aspect=3 format=5 data=00ECA4F0
2925 pid=FFFF8AF7 t=707939 grTexDownloadMipMap#37062 tmu=0 addr=00192DE8 evenodd=3 lod=4..4 aspect=3 format=5 data=00ECA4F0
2926 pid=FFFF8AF7 t=707939 grTexDownloadMipMap#37063 tmu=0 addr=00192EE8 evenodd=3 lod=4..4 aspect=3 format=5 data=00ECA4F0
2927 pid=FFFF8AF7 t=707939 grTexDownloadMipMap#37064 tmu=0 addr=00192FE8 evenodd=3 lod=5..5 aspect=3 format=5 data=00ECA4F0
2928 pid=FFFF8AF7 t=707940 grTexDownloadMipMap#37065 tmu=0 addr=00193028 evenodd=3 lod=5..5 aspect=3 format=5 data=00ECA4F0
2929 pid=FFFF8AF7 t=707940 grTexDownloadMipMap#37066 tmu=0 addr=00193068 evenodd=3 lod=4..4 aspect=3 format=5 data=00ECA4F0
2930 pid=FFFF8AF7 t=707940 grTexDownloadMipMap#37067 tmu=0 addr=00193168 evenodd=3 lod=4..4 aspect=3 format=5 data=00ECA4F0
2931 pid=FFFF8AF7 t=707940 grTexDownloadMipMap#37068 tmu=0 addr=00193268 evenodd=3 lod=7..7 aspect=3 format=5 data=00ECA4F0
2932 pid=FFFF8AF7 t=707941 grTexDownloadMipMap#37069 tmu=0 addr=00193270 evenodd=3 lod=7..7 aspect=3 format=5 data=00ECA4F0
2933 pid=FFFF8AF7 t=707941 grTexDownloadMipMap#37070 tmu=0 addr=00193278 evenodd=3 lod=7..7 aspect=3 format=5 data=00ECA4F0
2934 pid=FFFF8AF7 t=707941 grTexDownloadMipMap#37071 tmu=0 addr=00193280 evenodd=3 lod=7..7 aspect=3 format=5 data=00ECA4F0
2935 pid=FFFF8AF7 t=707942 grTexDownloadMipMap#37072 tmu=0 addr=00193288 evenodd=3 lod=3..3 aspect=3 format=5 data=00ECA4F0
2936 pid=FFFF8AF7 t=707942 grTexDownloadMipMap#37073 tmu=0 addr=00193688 evenodd=3 lod=3..3 aspect=3 format=5 data=00ECA4F0
2937 pid=FFFF8AF7 t=707942 grTexDownloadMipMap#37074 tmu=0 addr=00193A88 evenodd=3 lod=4..4 aspect=3 format=5 data=00ECA4F0
2938 pid=FFFF8AF7 t=707942 grTexDownloadMipMap#37075 tmu=0 addr=00193B88 evenodd=3 lod=4..4 aspect=3 format=5 data=00ECA4F0
2939 pid=FFFF8AF7 t=707943 grTexDownloadMipMap#37076 tmu=0 addr=00193C88 evenodd=3 lod=3..3 aspect=3 format=5 data=00ECA4F0
2940 pid=FFFF8AF7 t=707943 grTexDownloadMipMap#37077 tmu=0 addr=00194088 evenodd=3 lod=3..3 aspect=3 format=5 data=00ECA4F0
2941 pid=FFFF8AF7 t=707948 grTexDownloadMipMap#37078 tmu=0 addr=00194488 evenodd=3 lod=5..5 aspect=3 format=5 data=00ECD0A0
2942 pid=FFFF8AF7 t=707948 grTexDownloadMipMap#37079 tmu=0 addr=001944C8 evenodd=3 lod=5..5 aspect=3 format=5 data=00ECD0A0
2943 pid=FFFF8AF7 t=707948 grTexDownloadMipMap#37080 tmu=0 addr=00194508 evenodd=3 lod=6..6 aspect=3 format=5 data=00ECD0A0
2944 pid=FFFF8AF7 t=707948 grTexDownloadMipMap#37081 tmu=0 addr=00194518 evenodd=3 lod=6..6 aspect=3 format=5 data=00ECD0A0
2945 pid=FFFF8AF7 t=707948 grTexDownloadMipMap#37082 tmu=0 addr=00194528 evenodd=3 lod=4..4 aspect=3 format=5 data=00ECD0A0
2946 pid=FFFF8AF7 t=707948 grTexDownloadMipMap#37083 tmu=0 addr=00194628 evenodd=3 lod=4..4 aspect=3 format=5 data=00ECD0A0
2947 pid=FFFF8AF7 t=707948 grTexDownloadMipMap#37084 tmu=0 addr=00194728 evenodd=3 lod=5..5 aspect=3 format=5 data=00ECD0A0
2948 pid=FFFF8AF7 t=707949 grTexDownloadMipMap#37085 tmu=0 addr=00194768 evenodd=3 lod=5..5 aspect=3 format=5 data=00ECD0A0
2949 pid=FFFF8AF7 t=707949 grTexDownloadMipMap#37086 tmu=0 addr=001947A8 evenodd=3 lod=5..5 aspect=3 format=5 data=00ECD0A0
2950 pid=FFFF8AF7 t=707949 grTexDownloadMipMap#37087 tmu=0 addr=001947E8 evenodd=3 lod=5..5 aspect=3 format=5 data=00ECD0A0
2951 pid=FFFF8AF7 t=707949 grTexDownloadMipMap#37088 tmu=0 addr=00194828 evenodd=3 lod=4..4 aspect=3 format=5 data=00ECD0A0
2952 pid=FFFF8AF7 t=707950 grTexDownloadMipMap#37089 tmu=0 addr=00194928 evenodd=3 lod=4..4 aspect=3 format=5 data=00ECD0A0
2953 pid=FFFF8AF7 t=707950 grTexDownloadMipMap#37090 tmu=0 addr=00194A28 evenodd=3 lod=5..5 aspect=3 format=5 data=00ECD0A0
2954 pid=FFFF8AF7 t=707950 grTexDownloadMipMap#37091 tmu=0 addr=00194A68 evenodd=3 lod=5..5 aspect=3 format=5 data=00ECD0A0
2955 pid=FFFF8AF7 t=707951 grTexDownloadMipMap#37092 tmu=0 addr=00194AA8 evenodd=3 lod=3..3 aspect=3 format=5 data=00ECD0A0
2956 pid=FFFF8AF7 t=707951 grTexDownloadMipMap#37093 tmu=0 addr=00194EA8 evenodd=3 lod=3..3 aspect=3 format=5 data=00ECD0A0
2957 pid=FFFF8AF7 t=707951 grTexDownloadMipMap#37094 tmu=0 addr=001952A8 evenodd=3 lod=3..3 aspect=3 format=5 data=00ECD0A0
2958 pid=FFFF8AF7 t=707952 grTexDownloadMipMap#37095 tmu=0 addr=001956A8 evenodd=3 lod=3..3 aspect=3 format=5 data=00ECD0A0
2959 pid=FFFF8AF7 t=707952 grTexDownloadMipMap#37096 tmu=0 addr=00195AA8 evenodd=3 lod=7..7 aspect=3 format=5 data=00ECD0A0
2960 pid=FFFF8AF7 t=707952 grTexDownloadMipMap#37097 tmu=0 addr=00195AB0 evenodd=3 lod=7..7 aspect=3 format=5 data=00ECD0A0
2961 pid=FFFF8AF7 t=707954 grTexDownloadMipMap#37098 tmu=0 addr=00195AB8 evenodd=3 lod=6..6 aspect=3 format=5 data=00ECD0A0
2962 pid=FFFF8AF7 t=707954 grTexDownloadMipMap#37099 tmu=0 addr=00195AC8 evenodd=3 lod=6..6 aspect=3 format=5 data=00ECD0A0
2963 pid=FFFF8AF7 t=707954 grTexDownloadMipMap#37100 tmu=0 addr=00195AD8 evenodd=3 lod=6..6 aspect=3 format=5 data=00ECD0A0
2964 pid=FFFF8AF7 t=707954 grTexDownloadMipMap#37101 tmu=0 addr=00195AE8 evenodd=3 lod=6..6 aspect=3 format=5 data=00ECD0A0
2965 pid=FFFF8AF7 t=707954 grTexDownloadMipMap#37102 tmu=0 addr=00195AF8 evenodd=3 lod=3..3 aspect=3 format=5 data=00ECD0A0
2966 pid=FFFF8AF7 t=707954 grTexDownloadMipMap#37103 tmu=0 addr=00195EF8 evenodd=3 lod=3..3 aspect=3 format=5 data=00ECD0A0
2967 pid=FFFF8AF7 t=707955 grTexDownloadMipMap#37104 tmu=0 addr=001962F8 evenodd=3 lod=4..4 aspect=3 format=5 data=00ECD0A0
2968 pid=FFFF8AF7 t=707955 grTexDownloadMipMap#37105 tmu=0 addr=001963F8 evenodd=3 lod=4..4 aspect=3 format=5 data=00ECD0A0
2969 pid=FFFF8AF7 t=707955 grTexDownloadMipMap#37106 tmu=0 addr=001964F8 evenodd=3 lod=4..4 aspect=3 format=5 data=00ECD0A0
2970 pid=FFFF8AF7 t=707955 grTexDownloadMipMap#37107 tmu=0 addr=001965F8 evenodd=3 lod=4..4 aspect=3 format=5 data=00ECD0A0
2971 pid=FFFF8AF7 t=707956 grTexDownloadMipMap#37108 tmu=0 addr=001966F8 evenodd=3 lod=5..5 aspect=3 format=5 data=00ECD0A0
2972 pid=FFFF8AF7 t=707956 grTexDownloadMipMap#37109 tmu=0 addr=00196738 evenodd=3 lod=5..5 aspect=3 format=5 data=00ECD0A0
2973 pid=FFFF8AF7 t=707956 grTexDownloadMipMap#37110 tmu=0 addr=00196778 evenodd=3 lod=4..4 aspect=3 format=5 data=00ECD0A0
2974 pid=FFFF8AF7 t=707956 grTexDownloadMipMap#37111 tmu=0 addr=00196878 evenodd=3 lod=4..4 aspect=3 format=5 data=00ECD0A0
2975 pid=FFFF8AF7 t=707957 grTexDownloadMipMap#37112 tmu=0 addr=00196978 evenodd=3 lod=3..3 aspect=3 format=5 data=00ECD0A0
2976 pid=FFFF8AF7 t=707957 grTexDownloadMipMap#37113 tmu=0 addr=00196D78 evenodd=3 lod=3..3 aspect=3 format=5 data=00ECD0A0
2977 pid=FFFF8AF7 t=707958 grTexDownloadMipMap#37114 tmu=0 addr=00197178 evenodd=3 lod=4..4 aspect=3 format=5 data=00ECD0A0
2978 pid=FFFF8AF7 t=707958 grTexDownloadMipMap#37115 tmu=0 addr=00197278 evenodd=3 lod=4..4 aspect=3 format=5 data=00ECD0A0
2979 pid=FFFF8AF7 t=707958 grTexDownloadMipMap#37116 tmu=0 addr=00197378 evenodd=3 lod=3..3 aspect=3 format=5 data=00ECD0A0
2980 pid=FFFF8AF7 t=707959 grTexDownloadMipMap#37117 tmu=0 addr=00197778 evenodd=3 lod=3..3 aspect=3 format=5 data=00ECD0A0
2981 pid=FFFF8AF7 t=707959 grTexDownloadMipMap#37118 tmu=0 addr=00197B78 evenodd=3 lod=5..5 aspect=3 format=5 data=00ECD0A0
2982 pid=FFFF8AF7 t=707959 grTexDownloadMipMap#37119 tmu=0 addr=00197BB8 evenodd=3 lod=5..5 aspect=3 format=5 data=00ECD0A0
2983 pid=FFFF8AF7 t=707959 grTexDownloadMipMap#37120 tmu=0 addr=00197BF8 evenodd=3 lod=6..6 aspect=3 format=5 data=00ECD0A0
2984 pid=FFFF8AF7 t=707960 grTexDownloadMipMap#37121 tmu=0 addr=00197C08 evenodd=3 lod=6..6 aspect=3 format=5 data=00ECD0A0
2985 pid=FFFF8AF7 t=707960 grTexDownloadMipMap#37122 tmu=0 addr=00197C18 evenodd=3 lod=4..4 aspect=3 format=5 data=00ECD0A0
2986 pid=FFFF8AF7 t=707960 grTexDownloadMipMap#37123 tmu=0 addr=00197D18 evenodd=3 lod=4..4 aspect=3 format=5 data=00ECD0A0
2987 pid=FFFF8AF7 t=707962 grTexDownloadMipMap#37124 tmu=0 addr=00197E18 evenodd=3 lod=4..4 aspect=3 format=5 data=00ECD0A0
2988 pid=FFFF8AF7 t=707962 grTexDownloadMipMap#37125 tmu=0 addr=00197F18 evenodd=3 lod=4..4 aspect=3 format=5 data=00ECD0A0
2989 pid=FFFF8AF7 t=707962 grTexDownloadMipMap#37126 tmu=0 addr=00198018 evenodd=3 lod=5..5 aspect=3 format=5 data=00ECD0A0
2990 pid=FFFF8AF7 t=707962 grTexDownloadMipMap#37127 tmu=0 addr=00198058 evenodd=3 lod=5..5 aspect=3 format=5 data=00ECD0A0
2991 pid=FFFF8AF7 t=707962 grTexDownloadMipMap#37128 tmu=0 addr=00198098 evenodd=3 lod=3..3 aspect=3 format=5 data=00ECD0A0
2992 pid=FFFF8AF7 t=707962 grTexDownloadMipMap#37129 tmu=0 addr=00198498 evenodd=3 lod=3..3 aspect=3 format=5 data=00ECD0A0
2993 pid=FFFF8AF7 t=707963 grTexDownloadMipMap#37130 tmu=0 addr=00198898 evenodd=3 lod=3..3 aspect=3 format=5 data=00ECD0A0
2994 pid=FFFF8AF7 t=707963 grTexDownloadMipMap#37131 tmu=0 addr=00198C98 evenodd=3 lod=3..3 aspect=3 format=5 data=00ECD0A0
2995 pid=FFFF8AF7 t=707964 grTexDownloadMipMap#37132 tmu=0 addr=00199098 evenodd=3 lod=3..3 aspect=3 format=5 data=00ECD0A0
2996 pid=FFFF8AF7 t=707964 grTexDownloadMipMap#37133 tmu=0 addr=00199498 evenodd=3 lod=3..3 aspect=3 format=5 data=00ECD0A0
2997 pid=FFFF8AF7 t=707964 grTexDownloadMipMap#37134 tmu=0 addr=00199898 evenodd=3 lod=3..3 aspect=3 format=5 data=00ECD0A0
2998 pid=FFFF8AF7 t=707965 grTexDownloadMipMap#37135 tmu=0 addr=00199C98 evenodd=3 lod=3..3 aspect=3 format=5 data=00ECD0A0
2999 pid=FFFF8AF7 t=707965 grTexDownloadMipMap#37136 tmu=0 addr=0019A098 evenodd=3 lod=4..4 aspect=3 format=5 data=00ECD0A0
3000 pid=FFFF8AF7 t=707965 grTexDownloadMipMap#37137 tmu=0 addr=0019A198 evenodd=3 lod=4..4 aspect=3 format=5 data=00ECD0A0
3001 pid=FFFF8AF7 t=707966 grTexDownloadMipMap#37138 tmu=0 addr=0019A298 evenodd=3 lod=3..3 aspect=3 format=5 data=00ECD0A0
3002 pid=FFFF8AF7 t=707966 grTexDownloadMipMap#37139 tmu=0 addr=0019A698 evenodd=3 lod=3..3 aspect=3 format=5 data=00ECD0A0
3003 pid=FFFF8AF7 t=707966 grTexDownloadMipMap#37140 tmu=0 addr=0019AA98 evenodd=3 lod=3..3 aspect=3 format=5 data=00ECD0A0
3004 pid=FFFF8AF7 t=707967 grTexDownloadMipMap#37141 tmu=0 addr=0019AE98 evenodd=3 lod=3..3 aspect=3 format=5 data=00ECD0A0
3005 pid=FFFF8AF7 t=707967 grTexDownloadMipMap#37142 tmu=0 addr=0019B298 evenodd=3 lod=3..3 aspect=3 format=5 data=00ECD0A0
3006 pid=FFFF8AF7 t=707968 grTexDownloadMipMap#37143 tmu=0 addr=0019B698 evenodd=3 lod=3..3 aspect=3 format=5 data=00ECD0A0
3007 pid=FFFF8AF7 t=707968 grTexDownloadMipMap#37144 tmu=0 addr=0019BA98 evenodd=3 lod=3..3 aspect=3 format=5 data=00ECD0A0
3008 pid=FFFF8AF7 t=707968 grTexDownloadMipMap#37145 tmu=0 addr=0019BE98 evenodd=3 lod=3..3 aspect=3 format=5 data=00ECD0A0
3009 pid=FFFF8AF7 t=707970 grTexDownloadMipMap#37146 tmu=0 addr=0019C298 evenodd=3 lod=5..5 aspect=3 format=5 data=00ECD0A0
3010 pid=FFFF8AF7 t=707970 grTexDownloadMipMap#37147 tmu=0 addr=0019C2D8 evenodd=3 lod=4..4 aspect=3 format=5 data=00ECD0A0
3011 pid=FFFF8AF7 t=707970 grTexDownloadMipMap#37148 tmu=0 addr=0019C3D8 evenodd=3 lod=4..4 aspect=3 format=5 data=00ECD0A0
3012 pid=FFFF8AF7 t=707970 grTexDownloadMipMap#37149 tmu=0 addr=0019C4D8 evenodd=3 lod=4..4 aspect=3 format=5 data=00ECD0A0
3013 pid=FFFF8AF7 t=707970 grTexDownloadMipMap#37150 tmu=0 addr=0019C5D8 evenodd=3 lod=3..3 aspect=3 format=5 data=00ECD0A0
3014 pid=FFFF8AF7 t=707971 grTexDownloadMipMap#37151 tmu=0 addr=0019C9D8 evenodd=3 lod=3..3 aspect=3 format=5 data=00ECD0A0
3015 pid=FFFF8AF7 t=707971 grTexDownloadMipMap#37152 tmu=0 addr=0019CDD8 evenodd=3 lod=3..3 aspect=3 format=5 data=00ECD0A0
3016 pid=FFFF8AF7 t=707971 grTexDownloadMipMap#37153 tmu=0 addr=0019D1D8 evenodd=3 lod=3..3 aspect=3 format=5 data=00ECD0A0
3017 pid=FFFF8AF7 t=707972 grTexDownloadMipMap#37154 tmu=0 addr=0019D5D8 evenodd=3 lod=5..5 aspect=3 format=5 data=00ECD0A0
3018 pid=FFFF8AF7 t=707972 grTexDownloadMipMap#37155 tmu=0 addr=0019D618 evenodd=3 lod=4..4 aspect=3 format=5 data=00ECD0A0
3019 pid=FFFF8AF7 t=707972 grTexDownloadMipMap#37156 tmu=0 addr=0019D718 evenodd=3 lod=4..4 aspect=3 format=5 data=00ECD0A0
3020 pid=FFFF8AF7 t=707972 grTexDownloadMipMap#37157 tmu=0 addr=0019D818 evenodd=3 lod=4..4 aspect=3 format=5 data=00ECD0A0
3021 pid=FFFF8AF7 t=707973 grTexDownloadMipMap#37158 tmu=0 addr=0019D918 evenodd=3 lod=3..3 aspect=3 format=5 data=00ECD0A0
3022 pid=FFFF8AF7 t=707973 grTexDownloadMipMap#37159 tmu=0 addr=0019DD18 evenodd=3 lod=3..3 aspect=3 format=5 data=00ECD0A0
3023 pid=FFFF8AF7 t=707974 grTexDownloadMipMap#37160 tmu=0 addr=0019E118 evenodd=3 lod=3..3 aspect=3 format=5 data=00ECD0A0
3024 pid=FFFF8AF7 t=707974 grTexDownloadMipMap#37161 tmu=0 addr=0019E518 evenodd=3 lod=3..3 aspect=3 format=5 data=00ECD0A0
3025 pid=FFFF8AF7 t=707974 grTexDownloadMipMap#37162 tmu=0 addr=0019E918 evenodd=3 lod=7..7 aspect=3 format=5 data=00ECD0A0
3026 pid=FFFF8AF7 t=707975 grTexDownloadMipMap#37163 tmu=0 addr=0019E920 evenodd=3 lod=4..4 aspect=3 format=5 data=00ECD0A0
3027 pid=FFFF8AF7 t=707975 grTexDownloadMipMap#37164 tmu=0 addr=0019EA20 evenodd=3 lod=4..4 aspect=3 format=5 data=00ECD0A0
3028 pid=FFFF8AF7 t=707975 grTexDownloadMipMap#37165 tmu=0 addr=0019EB20 evenodd=3 lod=4..4 aspect=3 format=5 data=00ECD0A0
3029 pid=FFFF8AF7 t=707975 grTexDownloadMipMap#37166 tmu=0 addr=0019EC20 evenodd=3 lod=7..7 aspect=3 format=5 data=00ECD0A0
3030 pid=FFFF8AF7 t=707976 grTexDownloadMipMap#37167 tmu=0 addr=0019EC28 evenodd=3 lod=4..4 aspect=3 format=5 data=00ECD0A0
3031 pid=FFFF8AF7 t=707976 grTexDownloadMipMap#37168 tmu=0 addr=0019ED28 evenodd=3 lod=4..4 aspect=3 format=5 data=00ECD0A0
3032 pid=FFFF8AF7 t=707976 grTexDownloadMipMap#37169 tmu=0 addr=0019EE28 evenodd=3 lod=4..4 aspect=3 format=5 data=00ECD0A0
3033 pid=FFFF8AF7 t=707978 grTexDownloadMipMap#37170 tmu=0 addr=0019EF28 evenodd=3 lod=5..5 aspect=3 format=5 data=00ECD0A0
3034 pid=FFFF8AF7 t=707978 grTexDownloadMipMap#37171 tmu=0 addr=0019EF68 evenodd=3 lod=5..5 aspect=3 format=5 data=00ECD0A0
3035 pid=FFFF8AF7 t=707978 grTexDownloadMipMap#37172 tmu=0 addr=0019EFA8 evenodd=3 lod=3..3 aspect=3 format=5 data=00ECD0A0
3036 pid=FFFF8AF7 t=707978 grTexDownloadMipMap#37173 tmu=0 addr=0019F3A8 evenodd=3 lod=3..3 aspect=3 format=5 data=00ECD0A0
3037 pid=FFFF8AF7 t=707978 grTexDownloadMipMap#37174 tmu=0 addr=0019F7A8 evenodd=3 lod=3..3 aspect=3 format=5 data=00ECD0A0
3038 pid=FFFF8AF7 t=707979 grTexDownloadMipMap#37175 tmu=0 addr=0019FBA8 evenodd=3 lod=3..3 aspect=3 format=5 data=00ECD0A0
3039 pid=FFFF8AF7 t=707979 grTexDownloadMipMap#37176 tmu=0 addr=0019FFA8 evenodd=3 lod=3..3 aspect=3 format=5 data=00ECD0A0
3040 pid=FFFF8AF7 t=707979 grTexDownloadMipMap#37177 tmu=0 addr=001A03A8 evenodd=3 lod=3..3 aspect=3 format=5 data=00ECD0A0
3041 pid=FFFF8AF7 t=707980 grTexDownloadMipMap#37178 tmu=0 addr=001A07A8 evenodd=3 lod=3..3 aspect=3 format=5 data=00ECD0A0
3042 pid=FFFF8AF7 t=707980 grTexDownloadMipMap#37179 tmu=0 addr=001A0BA8 evenodd=3 lod=3..3 aspect=3 format=5 data=00ECD0A0
3043 pid=FFFF8AF7 t=707981 grTexDownloadMipMap#37180 tmu=0 addr=001A0FA8 evenodd=3 lod=3..3 aspect=3 format=5 data=00ECD0A0
3044 pid=FFFF8AF7 t=707981 grTexDownloadMipMap#37181 tmu=0 addr=001A13A8 evenodd=3 lod=3..3 aspect=3 format=5 data=00ECD0A0
3045 pid=FFFF8AF7 t=707981 grTexDownloadMipMap#37182 tmu=0 addr=001A17A8 evenodd=3 lod=3..3 aspect=3 format=5 data=00ECD0A0
3046 pid=FFFF8AF7 t=707982 grTexDownloadMipMap#37183 tmu=0 addr=001A1BA8 evenodd=3 lod=7..7 aspect=3 format=5 data=00ECD0A0
3047 pid=FFFF8AF7 t=707982 grTexDownloadMipMap#37184 tmu=0 addr=001A1BB0 evenodd=3 lod=3..3 aspect=3 format=5 data=00ECD0A0
3048 pid=FFFF8AF7 t=707982 grTexDownloadMipMap#37185 tmu=0 addr=001A1FB0 evenodd=3 lod=3..3 aspect=3 format=5 data=00ECD0A0
3049 pid=FFFF8AF7 t=707983 grTexDownloadMipMap#37186 tmu=0 addr=001A23B0 evenodd=3 lod=3..3 aspect=3 format=5 data=00ECD0A0
3050 pid=FFFF8AF7 t=707983 grTexDownloadMipMap#37187 tmu=0 addr=001A27B0 evenodd=3 lod=3..3 aspect=3 format=5 data=00ECD0A0
3051 pid=FFFF8AF7 t=707984 grTexDownloadMipMap#37188 tmu=0 addr=001A2BB0 evenodd=3 lod=3..3 aspect=3 format=5 data=00ECD0A0
3052 pid=FFFF8AF7 t=707984 grTexDownloadMipMap#37189 tmu=0 addr=001A2FB0 evenodd=3 lod=7..7 aspect=3 format=5 data=00ECD0A0
3053 pid=FFFF8AF7 t=707984 grTexDownloadMipMap#37190 tmu=0 addr=001A2FB8 evenodd=3 lod=3..3 aspect=3 format=5 data=00ECD0A0
3054 pid=FFFF8AF7 t=707986 grTexDownloadMipMap#37191 tmu=0 addr=001A33B8 evenodd=3 lod=3..3 aspect=3 format=5 data=00ECD0A0
3055 pid=FFFF8AF7 t=707986 grTexDownloadMipMap#37192 tmu=0 addr=001A37B8 evenodd=3 lod=3..3 aspect=3 format=5 data=00ECD0A0
3056 pid=FFFF8AF7 t=707986 grTexDownloadMipMap#37193 tmu=0 addr=001A3BB8 evenodd=3 lod=3..3 aspect=3 format=5 data=00ECD0A0
3057 pid=FFFF8AF7 t=707986 grTexDownloadMipMap#37194 tmu=0 addr=001A3FB8 evenodd=3 lod=3..3 aspect=3 format=5 data=00ECD0A0
3058 pid=FFFF8AF7 t=707986 grTexDownloadMipMap#37195 tmu=0 addr=001A43B8 evenodd=3 lod=7..7 aspect=3 format=5 data=00ECD0A0
3059 pid=FFFF8AF7 t=707987 grTexDownloadMipMap#37196 tmu=0 addr=001A43C0 evenodd=3 lod=3..3 aspect=3 format=5 data=00ECD0A0
3060 pid=FFFF8AF7 t=707987 grTexDownloadMipMap#37197 tmu=0 addr=001A47C0 evenodd=3 lod=3..3 aspect=3 format=5 data=00ECD0A0
3061 pid=FFFF8AF7 t=707988 grTexDownloadMipMap#37198 tmu=0 addr=001A4BC0 evenodd=3 lod=3..3 aspect=3 format=5 data=00ECD0A0
3062 pid=FFFF8AF7 t=707988 grTexDownloadMipMap#37199 tmu=0 addr=001A4FC0 evenodd=3 lod=3..3 aspect=3 format=5 data=00ECD0A0
3063 pid=FFFF8AF7 t=707989 grTexDownloadMipMap#37200 tmu=0 addr=001A53C0 evenodd=3 lod=3..3 aspect=3 format=5 data=00ECD0A0
3064 pid=FFFF8AF7 t=707989 grTexDownloadMipMap#37201 tmu=0 addr=001A57C0 evenodd=3 lod=7..7 aspect=3 format=5 data=00ECD0A0
3065 pid=FFFF8AF7 t=707989 grTexDownloadMipMap#37202 tmu=0 addr=001A57C8 evenodd=3 lod=3..3 aspect=3 format=5 data=00ECD0A0
3066 pid=FFFF8AF7 t=707990 grTexDownloadMipMap#37203 tmu=0 addr=001A5BC8 evenodd=3 lod=3..3 aspect=3 format=5 data=00ECD0A0
3067 pid=FFFF8AF7 t=707990 grTexDownloadMipMap#37204 tmu=0 addr=001A5FC8 evenodd=3 lod=4..4 aspect=3 format=5 data=00ECD0A0
3068 pid=FFFF8AF7 t=707990 grTexDownloadMipMap#37205 tmu=0 addr=001A60C8 evenodd=3 lod=4..4 aspect=3 format=5 data=00ECD0A0
3069 pid=FFFF8AF7 t=707991 grTexDownloadMipMap#37206 tmu=0 addr=001A61C8 evenodd=3 lod=3..3 aspect=3 format=5 data=00ECD0A0
3070 pid=FFFF8AF7 t=707991 grTexDownloadMipMap#37207 tmu=0 addr=001A65C8 evenodd=3 lod=3..3 aspect=3 format=5 data=00ECD0A0
3071 pid=FFFF8AF7 t=707991 grTexDownloadMipMap#37208 tmu=0 addr=001A69C8 evenodd=3 lod=4..4 aspect=3 format=5 data=00ECD0A0
3072 pid=FFFF8AF7 t=707993 grTexDownloadMipMap#37209 tmu=0 addr=001A6AC8 evenodd=3 lod=4..4 aspect=3 format=5 data=00ECD0A0
3073 pid=FFFF8AF7 t=707993 grTexDownloadMipMap#37210 tmu=0 addr=001A6BC8 evenodd=3 lod=4..4 aspect=3 format=5 data=00ECD0A0
3074 pid=FFFF8AF7 t=707993 grTexDownloadMipMap#37211 tmu=0 addr=001A6CC8 evenodd=3 lod=4..4 aspect=3 format=5 data=00ECD0A0
3075 pid=FFFF8AF7 t=707993 grTexDownloadMipMap#37212 tmu=0 addr=001A6DC8 evenodd=3 lod=5..5 aspect=3 format=5 data=00ECD0A0
3076 pid=FFFF8AF7 t=707993 grTexDownloadMipMap#37213 tmu=0 addr=001A6E08 evenodd=3 lod=5..5 aspect=3 format=5 data=00ECD0A0
3077 pid=FFFF8AF7 t=707993 grTexDownloadMipMap#37214 tmu=0 addr=001A6E48 evenodd=3 lod=6..6 aspect=3 format=5 data=00ECD0A0
3078 pid=FFFF8AF7 t=707993 grTexDownloadMipMap#37215 tmu=0 addr=001A6E58 evenodd=3 lod=6..6 aspect=3 format=5 data=00ECD0A0
3079 pid=FFFF8AF7 t=707994 grTexDownloadMipMap#37216 tmu=0 addr=001A6E68 evenodd=3 lod=5..5 aspect=3 format=5 data=00ECD0A0
3080 pid=FFFF8AF7 t=707994 grTexDownloadMipMap#37217 tmu=0 addr=001A6EA8 evenodd=3 lod=5..5 aspect=3 format=5 data=00ECD0A0
3081 pid=FFFF8AF7 t=707994 grTexDownloadMipMap#37218 tmu=0 addr=001A6EE8 evenodd=3 lod=5..5 aspect=3 format=5 data=00ECD0A0
3082 pid=FFFF8AF7 t=707994 grTexDownloadMipMap#37219 tmu=0 addr=001A6F28 evenodd=3 lod=5..5 aspect=3 format=5 data=00ECD0A0
3083 pid=FFFF8AF7 t=707995 grTexDownloadMipMap#37220 tmu=0 addr=001A6F68 evenodd=3 lod=4..4 aspect=3 format=5 data=00ECD0A0
3084 pid=FFFF8AF7 t=707995 grTexDownloadMipMap#37221 tmu=0 addr=001A7068 evenodd=3 lod=4..4 aspect=3 format=5 data=00ECD0A0
3085 pid=FFFF8AF7 t=707995 grTexDownloadMipMap#37222 tmu=0 addr=001A7168 evenodd=3 lod=4..4 aspect=3 format=5 data=00ECD0A0
3086 pid=FFFF8AF7 t=707996 grTexDownloadMipMap#37223 tmu=0 addr=001A7268 evenodd=3 lod=4..4 aspect=3 format=5 data=00ECD0A0
3087 pid=FFFF8AF7 t=707996 grTexDownloadMipMap#37224 tmu=0 addr=001A7368 evenodd=3 lod=3..3 aspect=3 format=5 data=00ECD0A0
3088 pid=FFFF8AF7 t=707996 grTexDownloadMipMap#37225 tmu=0 addr=001A7768 evenodd=3 lod=3..3 aspect=3 format=5 data=00ECD0A0
3089 pid=FFFF8AF7 t=707997 grTexDownloadMipMap#37226 tmu=0 addr=001A7B68 evenodd=3 lod=6..6 aspect=3 format=5 data=00ECD0A0
3090 pid=FFFF8AF7 t=707997 grTexDownloadMipMap#37227 tmu=0 addr=001A7B78 evenodd=3 lod=6..6 aspect=3 format=5 data=00ECD0A0
3091 pid=FFFF8AF7 t=707997 grTexDownloadMipMap#37228 tmu=0 addr=001A7B88 evenodd=3 lod=5..5 aspect=3 format=5 data=00ECD0A0
3092 pid=FFFF8AF7 t=707997 grTexDownloadMipMap#37229 tmu=0 addr=001A7BC8 evenodd=3 lod=5..5 aspect=3 format=5 data=00ECD0A0
3093 pid=FFFF8AF7 t=707998 grTexDownloadMipMap#37230 tmu=0 addr=001A7C08 evenodd=3 lod=5..5 aspect=3 format=5 data=00ECD0A0
3094 pid=FFFF8AF7 t=707998 grTexDownloadMipMap#37231 tmu=0 addr=001A7C48 evenodd=3 lod=5..5 aspect=3 format=5 data=00ECD0A0
3095 pid=FFFF8AF7 t=707998 grTexDownloadMipMap#37232 tmu=0 addr=001A7C88 evenodd=3 lod=5..5 aspect=3 format=5 data=00ECD0A0
3096 pid=FFFF8AF7 t=707998 grTexDownloadMipMap#37233 tmu=0 addr=001A7CC8 evenodd=3 lod=5..5 aspect=3 format=5 data=00ECD0A0
3097 pid=FFFF8AF7 t=707999 grTexDownloadMipMap#37234 tmu=0 addr=001A7D08 evenodd=3 lod=4..4 aspect=3 format=5 data=00ECD0A0
3098 pid=FFFF8AF7 t=707999 grTexDownloadMipMap#37235 tmu=0 addr=001A7E08 evenodd=3 lod=4..4 aspect=3 format=5 data=00ECD0A0
3099 pid=FFFF8AF7 t=707999 grTexDownloadMipMap#37236 tmu=0 addr=001A7F08 evenodd=3 lod=4..4 aspect=3 format=5 data=00ECD0A0
3100 pid=FFFF8AF7 t=708000 grTexDownloadMipMap#37237 tmu=0 addr=001A8008 evenodd=3 lod=4..4 aspect=3 format=5 data=00ECD0A0
3101 pid=FFFF8AF7 t=708000 grTexDownloadMipMap#37238 tmu=0 addr=001A8108 evenodd=3 lod=3..3 aspect=3 format=5 data=00ECD0A0
3102 pid=FFFF8AF7 t=708000 grTexDownloadMipMap#37239 tmu=0 addr=001A8508 evenodd=3 lod=3..3 aspect=3 format=5 data=00ECD0A0
3103 pid=FFFF8AF7 t=708002 grTexDownloadMipMap#37240 tmu=0 addr=001A8908 evenodd=3 lod=5..5 aspect=3 format=5 data=00ECD0A0
3104 pid=FFFF8AF7 t=708002 grTexDownloadMipMap#37241 tmu=0 addr=001A8948 evenodd=3 lod=5..5 aspect=3 format=5 data=00ECD0A0
3105 pid=FFFF8AF7 t=708002 grTexDownloadMipMap#37242 tmu=0 addr=001A8988 evenodd=3 lod=4..4 aspect=3 format=5 data=00ECD0A0
3106 pid=FFFF8AF7 t=708002 grTexDownloadMipMap#37243 tmu=0 addr=001A8A88 evenodd=3 lod=4..4 aspect=3 format=5 data=00ECD0A0
3107 pid=FFFF8AF7 t=708002 grTexDownloadMipMap#37244 tmu=0 addr=001A8B88 evenodd=3 lod=7..7 aspect=3 format=5 data=00ECD0A0
3108 pid=FFFF8AF7 t=708002 grTexDownloadMipMap#37245 tmu=0 addr=001A8B90 evenodd=3 lod=7..7 aspect=3 format=5 data=00ECD0A0
3109 pid=FFFF8AF7 t=708002 grTexDownloadMipMap#37246 tmu=0 addr=001A8B98 evenodd=3 lod=7..7 aspect=3 format=5 data=00ECD0A0
3110 pid=FFFF8AF7 t=708003 grTexDownloadMipMap#37247 tmu=0 addr=001A8BA0 evenodd=3 lod=7..7 aspect=3 format=5 data=00ECD0A0
3111 pid=FFFF8AF7 t=708003 grTexDownloadMipMap#37248 tmu=0 addr=001A8BA8 evenodd=3 lod=3..3 aspect=3 format=5 data=00ECD0A0
3112 pid=FFFF8AF7 t=708003 grTexDownloadMipMap#37249 tmu=0 addr=001A8FA8 evenodd=3 lod=3..3 aspect=3 format=5 data=00ECD0A0
3113 pid=FFFF8AF7 t=708004 grTexDownloadMipMap#37250 tmu=0 addr=001A93A8 evenodd=3 lod=4..4 aspect=3 format=5 data=00ECD0A0
3114 pid=FFFF8AF7 t=708004 grTexDownloadMipMap#37251 tmu=0 addr=001A94A8 evenodd=3 lod=4..4 aspect=3 format=5 data=00ECD0A0
3115 pid=FFFF8AF7 t=708004 grTexDownloadMipMap#37252 tmu=0 addr=001A95A8 evenodd=3 lod=3..3 aspect=3 format=5 data=00ECD0A0
3116 pid=FFFF8AF7 t=708005 grTexDownloadMipMap#37253 tmu=0 addr=001A99A8 evenodd=3 lod=3..3 aspect=3 format=5 data=00ECD0A0
3117 pid=FFFF8AF7 t=708079 grBufferClear#469 color=FF000000 alpha=00 depth=FFFF
3118 pid=FFFF8AF7 t=708180 grClipWindow#1 min=0,0 max=640,480
3119 pid=FFFF8AF7 t=708180 grDepthBufferFunction#3 func=00000007
3120 pid=FFFF8AF7 t=708180 grDepthMask#3 enable=00000000
3121 pid=FFFF8AF7 t=708181 grTexSource#108187 tmu=0 addr=000381E0 evenodd=3 lod=1..1 aspect=3 format=11
3122 pid=FFFF8AF7 t=708181 grColorCombine#4 func=3 factor=1 local=0 other=1 invert=0
3123 pid=FFFF8AF7 t=708181 grAlphaCombine#4 func=3 factor=1 local=0 other=1 invert=0
3124 pid=FFFF8AF7 t=708184 grTexSource#108188 tmu=0 addr=000401E0 evenodd=3 lod=1..1 aspect=3 format=11
3125 pid=FFFF8AF7 t=708187 grTexSource#108189 tmu=0 addr=000481E0 evenodd=3 lod=1..1 aspect=3 format=11
3126 pid=FFFF8AF7 t=708190 grTexSource#108190 tmu=0 addr=000501E0 evenodd=3 lod=1..1 aspect=3 format=11
3127 pid=FFFF8AF7 t=708190 grDepthBufferMode#3 mode=00000002
3128 pid=FFFF8AF7 t=708190 grDepthBufferFunction#4 func=00000003
3129 pid=FFFF8AF7 t=708190 grDepthMask#4 enable=00000001
3130 pid=FFFF8AF7 t=708190 grTexSource#108194 tmu=0 addr=000B8FE0 evenodd=3 lod=3..3 aspect=3 format=11
3131 pid=FFFF8AF7 t=708190 grTexSource#108195 tmu=0 addr=000B6FE0 evenodd=3 lod=2..2 aspect=3 format=11
3132 pid=FFFF8AF7 t=708191 grTexSource#108196 tmu=0 addr=0007DFE0 evenodd=3 lod=4..4 aspect=3 format=11
3133 pid=FFFF8AF7 t=708191 grTexSource#108197 tmu=0 addr=0007CDE0 evenodd=3 lod=4..4 aspect=3 format=11
3134 pid=FFFF8AF7 t=708192 grTexSource#108198 tmu=0 addr=00125E68 evenodd=3 lod=3..3 aspect=3 format=11
3135 pid=FFFF8AF7 t=708192 grTexSource#108199 tmu=0 addr=00115668 evenodd=3 lod=1..1 aspect=3 format=11
3136 pid=FFFF8AF7 t=708194 grTexSource#108200 tmu=0 addr=000FD668 evenodd=3 lod=1..1 aspect=3 format=11
3137 pid=FFFF8AF7 t=708196 grTexSource#108201 tmu=0 addr=000ED668 evenodd=3 lod=1..1 aspect=3 format=11
3138 pid=FFFF8AF7 t=708199 grTexSource#108203 tmu=0 addr=0007C9E0 evenodd=3 lod=4..4 aspect=3 format=11
3139 pid=FFFF8AF7 t=708199 grTexSource#108204 tmu=0 addr=00126668 evenodd=3 lod=3..3 aspect=3 format=11
3140 pid=FFFF8AF7 t=708200 grTexSource#108205 tmu=0 addr=0013A330 evenodd=3 lod=3..3 aspect=3 format=11
3141 pid=FFFF8AF7 t=708200 grTexSource#108206 tmu=0 addr=0013AD30 evenodd=3 lod=4..4 aspect=3 format=11
3142 pid=FFFF8AF7 t=708201 grTexSource#108207 tmu=0 addr=0013AB30 evenodd=3 lod=4..4 aspect=3 format=11
3143 pid=FFFF8AF7 t=708201 grTexSource#108211 tmu=0 addr=0007CBE0 evenodd=3 lod=4..4 aspect=3 format=11
3144 pid=FFFF8AF7 t=708202 grTexSource#108213 tmu=0 addr=0010D668 evenodd=3 lod=1..1 aspect=3 format=11
3145 pid=FFFF8AF7 t=708204 grTexSource#108214 tmu=0 addr=000F5668 evenodd=3 lod=1..1 aspect=3 format=11
3146 pid=FFFF8AF7 t=708207 grTexSource#108215 tmu=0 addr=000DD668 evenodd=3 lod=1..1 aspect=3 format=11
3147 pid=FFFF8AF7 t=708209 grTexSource#108220 tmu=0 addr=0013AF30 evenodd=3 lod=4..4 aspect=3 format=11
3148 pid=FFFF8AF7 t=708212 grTexSource#108246 tmu=0 addr=0011D668 evenodd=3 lod=1..1 aspect=3 format=11
3149 pid=FFFF8AF7 t=708214 grTexSource#108251 tmu=0 addr=000AE7E0 evenodd=3 lod=2..2 aspect=3 format=11
3150 pid=FFFF8AF7 t=708215 grTexSource#108257 tmu=0 addr=000AC7E0 evenodd=3 lod=2..2 aspect=3 format=11
3151 pid=FFFF8AF7 t=708217 grTexSource#108267 tmu=0 addr=00132B70 evenodd=3 lod=6..6 aspect=3 format=11
3152 pid=FFFF8AF7 t=708217 grTexSource#108269 tmu=0 addr=0012F070 evenodd=3 lod=5..5 aspect=3 format=11
3153 pid=FFFF8AF7 t=708218 grTexSource#108271 tmu=0 addr=0012F0F0 evenodd=3 lod=4..4 aspect=3 format=11
3154 pid=FFFF8AF7 t=708218 grTexSource#108272 tmu=0 addr=0012E870 evenodd=3 lod=3..3 aspect=3 format=11
3155 pid=FFFF8AF7 t=708220 grTexSource#108280 tmu=0 addr=00105668 evenodd=3 lod=1..1 aspect=3 format=11
3156 pid=FFFF8AF7 t=708227 grTexSource#108363 tmu=0 addr=0007DBE0 evenodd=3 lod=4..4 aspect=3 format=11
3157 pid=FFFF8AF7 t=708230 grTexSource#108406 tmu=0 addr=00139B30 evenodd=3 lod=3..3 aspect=3 format=11
3158 pid=FFFF8AF7 t=708230 grTexSource#108410 tmu=0 addr=0014EDC0 evenodd=3 lod=2..2 aspect=3 format=11
3159 pid=FFFF8AF7 t=708231 grTexSource#108411 tmu=0 addr=000E5668 evenodd=3 lod=1..1 aspect=3 format=11
3160 pid=FFFF8AF7 t=708234 grTexSource#108423 tmu=0 addr=0007DDE0 evenodd=3 lod=4..4 aspect=3 format=11
3161 pid=FFFF8AF7 t=708237 grTexSource#108462 tmu=0 addr=000AB1E0 evenodd=3 lod=4..4 aspect=3 format=11
3162 pid=FFFF8AF7 t=708238 grTexSource#108468 tmu=0 addr=0007E1E0 evenodd=3 lod=3..3 aspect=3 format=11
3163 pid=FFFF8AF7 t=708239 grTexSource#108474 tmu=0 addr=0012AE68 evenodd=3 lod=7..7 aspect=3 format=11
3164 pid=FFFF8AF7 t=708239 grTexSource#108476 tmu=0 addr=0014ADC0 evenodd=3 lod=2..2 aspect=3 format=11
3165 pid=FFFF8AF7 t=708241 grTexSource#108486 tmu=0 addr=0007D5E0 evenodd=3 lod=4..4 aspect=3 format=11
3166 pid=FFFF8AF7 t=708241 grTexSource#108491 tmu=0 addr=000D5668 evenodd=3 lod=1..1 aspect=3 format=11
3167 pid=FFFF8AF7 t=708244 grTexSource#108492 tmu=0 addr=000CD668 evenodd=3 lod=1..1 aspect=3 format=11
3168 pid=FFFF8AF7 t=708246 grTexSource#108493 tmu=0 addr=000C27E8 evenodd=3 lod=3..3 aspect=3 format=11
3169 pid=FFFF8AF7 t=708246 grTexSource#108494 tmu=0 addr=000C5668 evenodd=3 lod=1..1 aspect=3 format=11
3170 pid=FFFF8AF7 t=708249 grTexSource#108507 tmu=0 addr=0013B138 evenodd=3 lod=4..4 aspect=3 format=11
3171 pid=FFFF8AF7 t=708251 grTexSource#108510 tmu=0 addr=0013B130 evenodd=3 lod=7..7 aspect=3 format=11
3172 pid=FFFF8AF7 t=708251 grTexSource#108516 tmu=0 addr=0007E9E0 evenodd=3 lod=4..4 aspect=3 format=11
3173 pid=FFFF8AF7 t=708251 grTexSource#108520 tmu=0 addr=0007CFE0 evenodd=3 lod=4..4 aspect=3 format=11
3174 pid=FFFF8AF7 t=708254 grTexSource#108553 tmu=0 addr=000AB5E0 evenodd=3 lod=4..4 aspect=3 format=11
3175 pid=FFFF8AF7 t=708260 grTexSource#108657 tmu=0 addr=000C4E68 evenodd=3 lod=3..3 aspect=3 format=11
3176 pid=FFFF8AF7 t=708262 grTexSource#108664 tmu=0 addr=000C2FE8 evenodd=3 lod=3..3 aspect=3 format=11
3177 pid=FFFF8AF7 t=708263 grTexSource#108683 tmu=0 addr=000C37E8 evenodd=3 lod=4..4 aspect=3 format=11
3178 pid=FFFF8AF7 t=708264 grTexSource#108690 tmu=0 addr=0012DE70 evenodd=3 lod=3..3 aspect=3 format=11
3179 pid=FFFF8AF7 t=708265 grTexSource#108697 tmu=0 addr=000831E0 evenodd=3 lod=2..2 aspect=3 format=11
3180 pid=FFFF8AF7 t=708268 grTexSource#108738 tmu=0 addr=000AA9E0 evenodd=3 lod=3..3 aspect=3 format=11
3181 pid=FFFF8AF7 t=708269 grTexSource#108749 tmu=0 addr=0012E670 evenodd=3 lod=4..4 aspect=3 format=11
3182 pid=FFFF8AF7 t=708270 grTexSource#108761 tmu=0 addr=0009F1E0 evenodd=3 lod=3..3 aspect=3 format=11
3183 pid=FFFF8AF7 t=708271 grTexSource#108772 tmu=0 addr=000AB7E0 evenodd=3 lod=3..3 aspect=3 format=11
3184 pid=FFFF8AF7 t=708273 grTexSource#108785 tmu=0 addr=000851E0 evenodd=3 lod=2..2 aspect=3 format=11
3185 pid=FFFF8AF7 t=708274 grTexSource#108794 tmu=0 addr=0007D7E0 evenodd=3 lod=4..4 aspect=3 format=11
3186 pid=FFFF8AF7 t=708276 grTexSource#108814 tmu=0 addr=0007D1E0 evenodd=3 lod=4..4 aspect=3 format=11
3187 pid=FFFF8AF7 t=708276 grTexSource#108822 tmu=0 addr=0012D670 evenodd=3 lod=3..3 aspect=3 format=11
3188 pid=FFFF8AF7 t=708278 grTexSource#108841 tmu=0 addr=000A31E0 evenodd=3 lod=3..3 aspect=3 format=11
3189 pid=FFFF8AF7 t=708279 grTexSource#108856 tmu=0 addr=0007D3E0 evenodd=3 lod=4..4 aspect=3 format=11
3190 pid=FFFF8AF7 t=708280 grTexSource#108858 tmu=0 addr=0007D9E0 evenodd=3 lod=4..4 aspect=3 format=11
3191 pid=FFFF8AF7 t=708283 grTexSource#108906 tmu=0 addr=000811E0 evenodd=3 lod=2..2 aspect=3 format=11
3192 pid=FFFF8AF7 t=708286 grTexSource#108924 tmu=0 addr=000A91E0 evenodd=3 lod=3..3 aspect=3 format=11
3193 pid=FFFF8AF7 t=708286 grTexSource#108941 tmu=0 addr=000ABFE0 evenodd=3 lod=3..3 aspect=3 format=11
3194 pid=FFFF8AF7 t=708288 grTexSource#108962 tmu=0 addr=000AB3E0 evenodd=3 lod=4..4 aspect=3 format=11
3195 pid=FFFF8AF7 t=708291 grTexSource#109008 tmu=0 addr=000A51E0 evenodd=3 lod=3..3 aspect=3 format=11
3196 pid=FFFF8AF7 t=708293 grTexSource#109041 tmu=0 addr=000871E0 evenodd=3 lod=2..2 aspect=3 format=11
3197 pid=FFFF8AF7 t=708298 grTexSource#109101 tmu=0 addr=000A11E0 evenodd=3 lod=3..3 aspect=3 format=11
3198 pid=FFFF8AF7 t=708302 grTexSource#109190 tmu=0 addr=000A71E0 evenodd=3 lod=3..3 aspect=3 format=11
3199 pid=FFFF8AF7 t=708307 grTexSource#109251 tmu=0 addr=000967E0 evenodd=3 lod=4..4 aspect=3 format=11
3200 pid=FFFF8AF7 t=708307 grTexSource#109292 tmu=0 addr=00001B80 evenodd=3 lod=5..5 aspect=3 format=11
3201 pid=FFFF8AF7 t=708308 grTexSource#109294 tmu=0 addr=00001980 evenodd=3 lod=5..5 aspect=3 format=11
3202 pid=FFFF8AF7 t=708308 grTexSource#109295 tmu=0 addr=00001C00 evenodd=3 lod=5..5 aspect=3 format=11
3203 pid=FFFF8AF7 t=708308 grTexSource#109297 tmu=0 addr=00001A00 evenodd=3 lod=5..5 aspect=3 format=11
3204 pid=FFFF8AF7 t=708309 grTexSource#109307 tmu=0 addr=00001A80 evenodd=3 lod=5..5 aspect=3 format=11
3205 pid=FFFF8AF7 t=708312 grTexSource#109365 tmu=0 addr=00001C80 evenodd=3 lod=3..3 aspect=3 format=12
3206 pid=FFFF8AF7 t=708312 grChromakeyMode#3 mode=00000001
3207 pid=FFFF8AF7 t=708314 grChromakeyValue#2 color=00000000
3208 pid=FFFF8AF7 t=708314 grTexDownloadTable#1 tmu=0 type=2 sum=CCD402BD first=FF050E07 FFFFAA01 FF0A0A0A FF5B0808
3209 pid=FFFF8AF7 t=708314 grTexSource#109366 tmu=0 addr=001A95A8 evenodd=3 lod=3..3 aspect=3 format=5
3210 pid=FFFF8AF7 t=708314 grTexSource#109367 tmu=0 addr=001A8FA8 evenodd=3 lod=3..3 aspect=3 format=5
3211 pid=FFFF8AF7 t=708314 grTexSource#109368 tmu=0 addr=001A94A8 evenodd=3 lod=4..4 aspect=3 format=5
3212 pid=FFFF8AF7 t=708314 grChromakeyValue#3 color=0000FF00
3213 pid=FFFF8AF7 t=708314 grChromakeyMode#4 mode=00000000
3214 pid=FFFF8AF7 t=708314 grTexDownloadTable#2 tmu=0 type=2 sum=963D72A2 first=FF050E07 FF042232 FF0A0A0A FF5B0808
3215 pid=FFFF8AF7 t=708315 grTexSource#109373 tmu=0 addr=00001000 evenodd=3 lod=5..5 aspect=3 format=11
3216 pid=FFFF8AF7 t=708315 grAlphaBlendFunction#2 rgb=1,4 alpha=0,0
3217 pid=FFFF8AF7 t=708315 grAlphaBlendFunction#3 rgb=1,5 alpha=0,0
3218 pid=FFFF8AF7 t=708316 grDrawLine#1 swap=483
3219 pid=FFFF8AF7 t=708316 grDrawLine#1   va x=49400000 y=49400470 ooz=00000000 oow=3F800000 rgba=41800000,41800000,41800000,437F0000 st0=00000000,00000000,00000000
3220 pid=FFFF8AF7 t=708316 grDrawLine#1   vb x=49400880 y=49400470 ooz=00000000 oow=3F800000 rgba=41800000,41800000,41800000,437F0000 st0=00000000,00000000,00000000
3221 pid=FFFF8AF7 t=708317 grDrawLine#2 swap=483
3222 pid=FFFF8AF7 t=708317 grDrawLine#2   va x=49400880 y=49400470 ooz=00000000 oow=3F800000 rgba=41800000,41800000,41800000,437F0000 st0=00000000,00000000,00000000
3223 pid=FFFF8AF7 t=708317 grDrawLine#2   vb x=49400AA0 y=49400250 ooz=00000000 oow=3F800000 rgba=41800000,41800000,41800000,437F0000 st0=00000000,00000000,00000000
3224 pid=FFFF8AF7 t=708317 grDrawLine#3 swap=483
3225 pid=FFFF8AF7 t=708317 grDrawLine#3   va x=49400AA0 y=49400250 ooz=00000000 oow=3F800000 rgba=41800000,41800000,41800000,437F0000 st0=00000000,00000000,00000000
3226 pid=FFFF8AF7 t=708317 grDrawLine#3   vb x=494027F0 y=49400250 ooz=00000000 oow=3F800000 rgba=41800000,41800000,41800000,437F0000 st0=00000000,00000000,00000000
3227 pid=FFFF8AF7 t=708317 grDrawLine#4 swap=483
3228 pid=FFFF8AF7 t=708317 grDrawLine#4   va x=49400000 y=49400480 ooz=00000000 oow=3F800000 rgba=41800000,41800000,41800000,437F0000 st0=00000000,00000000,00000000
3229 pid=FFFF8AF7 t=708317 grDrawLine#4   vb x=49400880 y=49400480 ooz=00000000 oow=3F800000 rgba=41800000,41800000,41800000,437F0000 st0=00000000,00000000,00000000
3230 pid=FFFF8AF7 t=708317 grDrawLine#5 swap=483
3231 pid=FFFF8AF7 t=708317 grDrawLine#5   va x=49400880 y=49400480 ooz=00000000 oow=3F800000 rgba=41800000,41800000,41800000,437F0000 st0=00000000,00000000,00000000
3232 pid=FFFF8AF7 t=708317 grDrawLine#5   vb x=49400AA0 y=49400260 ooz=00000000 oow=3F800000 rgba=41800000,41800000,41800000,437F0000 st0=00000000,00000000,00000000
3233 pid=FFFF8AF7 t=708317 grDrawLine#6 swap=483
3234 pid=FFFF8AF7 t=708317 grDrawLine#6   va x=49400AA0 y=49400260 ooz=00000000 oow=3F800000 rgba=41800000,41800000,41800000,437F0000 st0=00000000,00000000,00000000
3235 pid=FFFF8AF7 t=708318 grDrawLine#6   vb x=494027F0 y=49400260 ooz=00000000 oow=3F800000 rgba=41800000,41800000,41800000,437F0000 st0=00000000,00000000,00000000
3236 pid=FFFF8AF7 t=708318 grTexSource#109374 tmu=0 addr=00033C80 evenodd=3 lod=2..2 aspect=3 format=12
3237 pid=FFFF8AF7 t=708319 grTexSource#109375 tmu=0 addr=00013C80 evenodd=3 lod=0..0 aspect=3 format=11
3238 pid=FFFF8AF7 t=708348 grDrawLine#7 swap=483
3239 pid=FFFF8AF7 t=708348 grDrawLine#7   va x=49400020 y=49401DF0 ooz=00000000 oow=3F800000 rgba=430C0000,430A0000,430C0000,42FE0000 st0=00000000,00000000,00000000
3240 pid=FFFF8AF7 t=708348 grDrawLine#7   vb x=49400020 y=49401BD0 ooz=00000000 oow=3F800000 rgba=430C0000,430A0000,430C0000,42FE0000 st0=00000000,00000000,00000000
3241 pid=FFFF8AF7 t=708348 grDrawLine#8 swap=483
3242 pid=FFFF8AF7 t=708348 grDrawLine#8   va x=49400020 y=49401BD0 ooz=00000000 oow=3F800000 rgba=430C0000,430A0000,430C0000,42FE0000 st0=00000000,00000000,00000000
3243 pid=FFFF8AF7 t=708348 grDrawLine#8   vb x=494006A0 y=49401BD0 ooz=00000000 oow=3F800000 rgba=430C0000,430A0000,430C0000,42FE0000 st0=00000000,00000000,00000000
3244 pid=FFFF8AF7 t=708348 grDrawLine#9 swap=483
3245 pid=FFFF8AF7 t=708348 grDrawLine#9   va x=49400030 y=49401DE0 ooz=00000000 oow=3F800000 rgba=42D60000,42DA0000,42D60000,42FE0000 st0=00000000,00000000,00000000
3246 pid=FFFF8AF7 t=708348 grDrawLine#9   vb x=49400030 y=49401BE0 ooz=00000000 oow=3F800000 rgba=42D60000,42DA0000,42D60000,42FE0000 st0=00000000,00000000,00000000
3247 pid=FFFF8AF7 t=708348 grDrawLine#10 swap=483
3248 pid=FFFF8AF7 t=708348 grDrawLine#10   va x=49400030 y=49401BE0 ooz=00000000 oow=3F800000 rgba=42D60000,42DA0000,42D60000,42FE0000 st0=00000000,00000000,00000000
3249 pid=FFFF8AF7 t=708348 grDrawLine#10   vb x=49400690 y=49401BE0 ooz=00000000 oow=3F800000 rgba=42D60000,42DA0000,42D60000,42FE0000 st0=00000000,00000000,00000000
3250 pid=FFFF8AF7 t=708348 grDrawLine#11 swap=483
3251 pid=FFFF8AF7 t=708349 grDrawLine#11   va x=49400020 y=49401E00 ooz=00000000 oow=3F800000 rgba=42400000,42400000,42400000,42FE0000 st0=00000000,00000000,00000000
3252 pid=FFFF8AF7 t=708349 grDrawLine#11   vb x=494006A0 y=49401E00 ooz=00000000 oow=3F800000 rgba=42400000,42400000,42400000,42FE0000 st0=00000000,00000000,00000000
3253 pid=FFFF8AF7 t=708349 grDrawLine#12 swap=483
3254 pid=FFFF8AF7 t=708349 grDrawLine#12   va x=494006A0 y=49401E00 ooz=00000000 oow=3F800000 rgba=42400000,42400000,42400000,42FE0000 st0=00000000,00000000,00000000
3255 pid=FFFF8AF7 t=708349 grDrawLine#12   vb x=494006A0 y=49401BD0 ooz=00000000 oow=3F800000 rgba=42400000,42400000,42400000,42FE0000 st0=00000000,00000000,00000000
3256 pid=FFFF8AF7 t=708349 grDrawLine#13 swap=483
3257 pid=FFFF8AF7 t=708349 grDrawLine#13   va x=49402160 y=49401DF0 ooz=00000000 oow=3F800000 rgba=430C0000,430A0000,430C0000,42FE0000 st0=00000000,00000000,00000000
3258 pid=FFFF8AF7 t=708349 grDrawLine#13   vb x=49402160 y=49401C80 ooz=00000000 oow=3F800000 rgba=430C0000,430A0000,430C0000,42FE0000 st0=00000000,00000000,00000000
3259 pid=FFFF8AF7 t=708349 grDrawLine#14 swap=483
3260 pid=FFFF8AF7 t=708349 grDrawLine#14   va x=49402160 y=49401C80 ooz=00000000 oow=3F800000 rgba=430C0000,430A0000,430C0000,42FE0000 st0=00000000,00000000,00000000
3261 pid=FFFF8AF7 t=708349 grDrawLine#14   vb x=494027E0 y=49401C80 ooz=00000000 oow=3F800000 rgba=430C0000,430A0000,430C0000,42FE0000 st0=00000000,00000000,00000000
3262 pid=FFFF8AF7 t=708349 grDrawLine#15 swap=483
3263 pid=FFFF8AF7 t=708349 grDrawLine#15   va x=49402170 y=49401DE0 ooz=00000000 oow=3F800000 rgba=42D60000,42DA0000,42D60000,42FE0000 st0=00000000,00000000,00000000
3264 pid=FFFF8AF7 t=708349 grDrawLine#15   vb x=49402170 y=49401C90 ooz=00000000 oow=3F800000 rgba=42D60000,42DA0000,42D60000,42FE0000 st0=00000000,00000000,00000000
3265 pid=FFFF8AF7 t=708349 grDrawLine#16 swap=483
3266 pid=FFFF8AF7 t=708350 grDrawLine#16   va x=49402170 y=49401C90 ooz=00000000 oow=3F800000 rgba=42D60000,42DA0000,42D60000,42FE0000 st0=00000000,00000000,00000000
3267 pid=FFFF8AF7 t=708350 grDrawLine#16   vb x=494027D0 y=49401C90 ooz=00000000 oow=3F800000 rgba=42D60000,42DA0000,42D60000,42FE0000 st0=00000000,00000000,00000000
3268 pid=FFFF8AF7 t=708350 grDrawLine#17 swap=483
3269 pid=FFFF8AF7 t=708350 grDrawLine#17   va x=49402160 y=49401E00 ooz=00000000 oow=3F800000 rgba=42400000,42400000,42400000,42FE0000 st0=00000000,00000000,00000000
3270 pid=FFFF8AF7 t=708350 grDrawLine#17   vb x=494027E0 y=49401E00 ooz=00000000 oow=3F800000 rgba=42400000,42400000,42400000,42FE0000 st0=00000000,00000000,00000000
3271 pid=FFFF8AF7 t=708350 grDrawLine#18 swap=483
3272 pid=FFFF8AF7 t=708350 grDrawLine#18   va x=494027E0 y=49401E00 ooz=00000000 oow=3F800000 rgba=42400000,42400000,42400000,42FE0000 st0=00000000,00000000,00000000
3273 pid=FFFF8AF7 t=708350 grDrawLine#18   vb x=494027E0 y=49401C80 ooz=00000000 oow=3F800000 rgba=42400000,42400000,42400000,42FE0000 st0=00000000,00000000,00000000
3274 pid=FFFF8AF7 t=708350 grTexSource#109377 tmu=0 addr=000374E0 evenodd=3 lod=5..5 aspect=3 format=11
3275 pid=FFFF8AF7 t=708351 grTexSource#109378 tmu=0 addr=00036DC0 evenodd=3 lod=5..5 aspect=3 format=11
3276 pid=FFFF8AF7 t=708351 grTexSource#109379 tmu=0 addr=000372E0 evenodd=3 lod=5..5 aspect=3 format=11
3277 pid=FFFF8AF7 t=708351 grTexSource#109381 tmu=0 addr=00037660 evenodd=3 lod=5..5 aspect=3 format=11
3278 pid=FFFF8AF7 t=708351 grTexSource#109382 tmu=0 addr=00037460 evenodd=3 lod=5..5 aspect=3 format=11
3279 pid=FFFF8AF7 t=708353 grTexSource#109385 tmu=0 addr=00036F40 evenodd=3 lod=5..5 aspect=3 format=11
3280 pid=FFFF8AF7 t=708353 grTexSource#109386 tmu=0 addr=000375E0 evenodd=3 lod=5..5 aspect=3 format=11
3281 pid=FFFF8AF7 t=708353 grTexSource#109388 tmu=0 addr=00036EC0 evenodd=3 lod=5..5 aspect=3 format=11
3282 pid=FFFF8AF7 t=708353 grTexSource#109389 tmu=0 addr=00036FC0 evenodd=3 lod=5..5 aspect=3 format=11
3283 pid=FFFF8AF7 t=708353 grTexSource#109391 tmu=0 addr=000367E0 evenodd=3 lod=5..5 aspect=3 format=11
3284 pid=FFFF8AF7 t=708353 grTexSource#109392 tmu=0 addr=00036A00 evenodd=3 lod=5..5 aspect=3 format=11
3285 pid=FFFF8AF7 t=708353 grTexSource#109393 tmu=0 addr=00036740 evenodd=3 lod=6..6 aspect=3 format=11
3286 pid=FFFF8AF7 t=708353 grTexSource#109394 tmu=0 addr=00036C00 evenodd=3 lod=5..5 aspect=3 format=11
3287 pid=FFFF8AF7 t=708353 grTexSource#109395 tmu=0 addr=00036980 evenodd=3 lod=5..5 aspect=3 format=11
3288 pid=FFFF8AF7 t=708353 grTexSource#109396 tmu=0 addr=00036C80 evenodd=3 lod=6..6 aspect=3 format=11
3289 pid=FFFF8AF7 t=708353 grTexSource#109398 tmu=0 addr=00037140 evenodd=3 lod=5..5 aspect=3 format=11
3290 pid=FFFF8AF7 t=708354 grClipWindow#3 min=532,318 max=640,453
3291 pid=FFFF8AF7 t=708354 grDrawLine#19 swap=483
3292 pid=FFFF8AF7 t=708354 grDrawLine#19   va x=49402160 y=49401C50 ooz=00000000 oow=3F800000 rgba=42F00000,42F00000,42F00000,42FE0000 st0=00000000,00000000,00492670
3293 pid=FFFF8AF7 t=708354 grDrawLine#19   vb x=49402160 y=49401400 ooz=00000000 oow=3F800000 rgba=42F00000,42F00000,42F00000,42FE0000 st0=00000000,00000000,00000000
3294 pid=FFFF8AF7 t=708354 grDrawLine#20 swap=483
3295 pid=FFFF8AF7 t=708354 grDrawLine#20   va x=49402160 y=49401400 ooz=00000000 oow=3F800000 rgba=42F00000,42F00000,42F00000,42FE0000 st0=00000000,00000000,00492670
3296 pid=FFFF8AF7 t=708354 grDrawLine#20   vb x=494027E0 y=49401400 ooz=00000000 oow=3F800000 rgba=42F00000,42F00000,42F00000,42FE0000 st0=00000000,00000000,00000000
3297 pid=FFFF8AF7 t=708354 grDrawLine#21 swap=483
3298 pid=FFFF8AF7 t=708354 grDrawLine#21   va x=49402170 y=49401C50 ooz=00000000 oow=3F800000 rgba=42C00000,42C00000,42C00000,42FE0000 st0=00000000,00000000,00492670
3299 pid=FFFF8AF7 t=708355 grDrawLine#21   vb x=49402170 y=49401410 ooz=00000000 oow=3F800000 rgba=42C00000,42C00000,42C00000,42FE0000 st0=00000000,00000000,00000000
3300 pid=FFFF8AF7 t=708355 grDrawLine#22 swap=483
3301 pid=FFFF8AF7 t=708355 grDrawLine#22   va x=49402170 y=49401410 ooz=00000000 oow=3F800000 rgba=42C00000,42C00000,42C00000,42FE0000 st0=00000000,00000000,00492670
3302 pid=FFFF8AF7 t=708355 grDrawLine#22   vb x=494027D0 y=49401410 ooz=00000000 oow=3F800000 rgba=42C00000,42C00000,42C00000,42FE0000 st0=00000000,00000000,00000000
3303 pid=FFFF8AF7 t=708355 grDrawLine#23 swap=483
3304 pid=FFFF8AF7 t=708355 grDrawLine#23   va x=49402160 y=49401400 ooz=00000000 oow=3F800000 rgba=42400000,42400000,42400000,42BE0000 st0=00000000,00000000,00492670
3305 pid=FFFF8AF7 t=708355 grDrawLine#23   vb x=494027E0 y=49401C30 ooz=00000000 oow=3F800000 rgba=42400000,42400000,42400000,42BE0000 st0=00000000,00000000,00000000
3306 pid=FFFF8AF7 t=708355 grDrawLine#24 swap=483
3307 pid=FFFF8AF7 t=708355 grDrawLine#24   va x=49402160 y=49401C50 ooz=00000000 oow=3F800000 rgba=42400000,42400000,42400000,42BE0000 st0=00000000,00000000,00492670
3308 pid=FFFF8AF7 t=708355 grDrawLine#24   vb x=494027E0 y=49401400 ooz=00000000 oow=3F800000 rgba=42400000,42400000,42400000,42BE0000 st0=00000000,00000000,00000000
3309 pid=FFFF8AF7 t=708368 grClipWindow#5 min=537,323 max=634,450
3310 pid=FFFF8AF7 t=708377 draw refused: result=4 triangles=16 storage/format=0203
3311 pid=FFFF8AF7 t=708377   ops color/alpha=2/2 address/filters=030202
3312 pid=FFFF8AF7 t=708377   blend=1 5/6
3313 pid=FFFF8AF7 t=708377   alpha test=1 func=5 ref=16
3314 pid=FFFF8AF7 t=708377   fog=0 depth enable/write/func=114 scissor-right=634
3315 pid=FFFF8AF7 t=708501 grTexSource#109733 tmu=0 addr=0007EBE0 evenodd=3 lod=4..4 aspect=3 format=11
3316 pid=FFFF8AF7 t=708517 grTexSource#109979 tmu=0 addr=0009F9E0 evenodd=3 lod=3..3 aspect=3 format=11
3317 pid=FFFF8AF7 t=708523 grTexSource#110063 tmu=0 addr=000A39E0 evenodd=3 lod=3..3 aspect=3 format=11
3318 pid=FFFF8AF7 t=708528 grTexSource#110144 tmu=0 addr=000A99E0 evenodd=3 lod=3..3 aspect=3 format=11
3319 pid=FFFF8AF7 t=708533 grTexSource#110226 tmu=0 addr=000A59E0 evenodd=3 lod=3..3 aspect=3 format=11
3320 pid=FFFF8AF7 t=708540 grTexSource#110323 tmu=0 addr=000A19E0 evenodd=3 lod=3..3 aspect=3 format=11
3321 pid=FFFF8AF7 t=708544 grTexSource#110411 tmu=0 addr=000A79E0 evenodd=3 lod=3..3 aspect=3 format=11
3322 pid=FFFF8AF7 t=708579 draw refused: result=4 triangles=16 storage/format=0203
3323 pid=FFFF8AF7 t=708579   ops color/alpha=2/2 address/filters=030202
3324 pid=FFFF8AF7 t=708579   blend=1 5/6
3325 pid=FFFF8AF7 t=708579   alpha test=1 func=5 ref=16
3326 pid=FFFF8AF7 t=708579   fog=0 depth enable/write/func=114 scissor-right=634
3327 pid=FFFF8AF7 t=708697 grTexSource#110948 tmu=0 addr=0007EDE0 evenodd=3 lod=4..4 aspect=3 format=11
3328 pid=FFFF8AF7 t=708712 grTexSource#111198 tmu=0 addr=000A01E0 evenodd=3 lod=3..3 aspect=3 format=11
3329 pid=FFFF8AF7 t=708717 grTexSource#111279 tmu=0 addr=000A41E0 evenodd=3 lod=3..3 aspect=3 format=11
3330 pid=FFFF8AF7 t=708722 grTexSource#111361 tmu=0 addr=000AA1E0 evenodd=3 lod=3..3 aspect=3 format=11
3331 pid=FFFF8AF7 t=708728 grTexSource#111444 tmu=0 addr=000A61E0 evenodd=3 lod=3..3 aspect=3 format=11
3332 pid=FFFF8AF7 t=708732 grTexSource#111541 tmu=0 addr=000A21E0 evenodd=3 lod=3..3 aspect=3 format=11
3333 pid=FFFF8AF7 t=708738 grTexSource#111634 tmu=0 addr=000A81E0 evenodd=3 lod=3..3 aspect=3 format=11
3334 pid=FFFF8AF7 t=708772 draw refused: result=4 triangles=16 storage/format=0203
3335 pid=FFFF8AF7 t=708772   ops color/alpha=2/2 address/filters=030202
3336 pid=FFFF8AF7 t=708772   blend=1 5/6
3337 pid=FFFF8AF7 t=708772   alpha test=1 func=5 ref=16
3338 pid=FFFF8AF7 t=708772   fog=0 depth enable/write/func=114 scissor-right=634
3339 pid=FFFF8AF7 t=708891 grTexSource#112164 tmu=0 addr=0007EFE0 evenodd=3 lod=4..4 aspect=3 format=11
3340 pid=FFFF8AF7 t=708907 grTexSource#112413 tmu=0 addr=0009E9E0 evenodd=3 lod=3..3 aspect=3 format=11
3341 pid=FFFF8AF7 t=708912 grTexSource#112496 tmu=0 addr=000A29E0 evenodd=3 lod=3..3 aspect=3 format=11
3342 pid=FFFF8AF7 t=708917 grTexSource#112577 tmu=0 addr=000A89E0 evenodd=3 lod=3..3 aspect=3 format=11
3343 pid=FFFF8AF7 t=708923 grTexSource#112660 tmu=0 addr=000A49E0 evenodd=3 lod=3..3 aspect=3 format=11
3344 pid=FFFF8AF7 t=708928 grTexSource#112756 tmu=0 addr=000A09E0 evenodd=3 lod=3..3 aspect=3 format=11
3345 pid=FFFF8AF7 t=708934 grTexSource#112850 tmu=0 addr=000A69E0 evenodd=3 lod=3..3 aspect=3 format=11
3346 pid=FFFF8AF7 t=708967 draw refused: result=4 triangles=16 storage/format=0203
3347 pid=FFFF8AF7 t=708967   ops color/alpha=2/2 address/filters=030202
3348 pid=FFFF8AF7 t=708968   blend=1 5/6
3349 pid=FFFF8AF7 t=708968   alpha test=1 func=5 ref=16
3350 pid=FFFF8AF7 t=708968   fog=0 depth enable/write/func=114 scissor-right=634
3351 pid=FFFF8AF7 t=709161 draw refused: result=4 triangles=16 storage/format=0203
3352 pid=FFFF8AF7 t=709161   ops color/alpha=2/2 address/filters=030202
3353 pid=FFFF8AF7 t=709161   blend=1 5/6
3354 pid=FFFF8AF7 t=709161   alpha test=1 func=5 ref=16
3355 pid=FFFF8AF7 t=709161   fog=0 depth enable/write/func=114 scissor-right=634
3356 pid=FFFF8AF7 t=709354 draw refused: result=4 triangles=16 storage/format=0203
3357 pid=FFFF8AF7 t=709354   ops color/alpha=2/2 address/filters=030202
3358 pid=FFFF8AF7 t=709354   blend=1 5/6
3359 pid=FFFF8AF7 t=709354   alpha test=1 func=5 ref=16
3360 pid=FFFF8AF7 t=709354   fog=0 depth enable/write/func=114 scissor-right=634
3361 pid=FFFF8AF7 t=709520 grTexSource#116646 tmu=0 addr=001A8B88 evenodd=3 lod=7..7 aspect=3 format=5
3362 pid=FFFF8AF7 t=709520 grTexSource#116647 tmu=0 addr=001A8B90 evenodd=3 lod=7..7 aspect=3 format=5
3363 pid=FFFF8AF7 t=709521 grTexSource#116648 tmu=0 addr=001A8B98 evenodd=3 lod=7..7 aspect=3 format=5
3364 pid=FFFF8AF7 t=709521 grTexSource#116649 tmu=0 addr=001A8BA0 evenodd=3 lod=7..7 aspect=3 format=5
3365 pid=FFFF8AF7 t=709521 grTexSource#116650 tmu=0 addr=001A61C8 evenodd=3 lod=3..3 aspect=3 format=5
3366 pid=FFFF8AF7 t=709521 grTexSource#116651 tmu=0 addr=00002C80 evenodd=3 lod=3..3 aspect=3 format=12
3367 pid=FFFF8AF7 t=709521 grTexClampMode#2 tmu=0 s=0 t=0
3368 pid=FFFF8AF7 t=709522 grTexClampMode#3 tmu=0 s=1 t=1
3369 pid=FFFF8AF7 t=709522 grTexSource#116652 tmu=0 addr=001A69C8 evenodd=3 lod=4..4 aspect=3 format=5
3370 pid=FFFF8AF7 t=709522 grTexSource#116654 tmu=0 addr=001A6BC8 evenodd=3 lod=4..4 aspect=3 format=5
3371 pid=FFFF8AF7 t=709522 grTexSource#116656 tmu=0 addr=001A6DC8 evenodd=3 lod=5..5 aspect=3 format=5
3372 pid=FFFF8AF7 t=709522 grTexSource#116658 tmu=0 addr=001A6E08 evenodd=3 lod=5..5 aspect=3 format=5
3373 pid=FFFF8AF7 t=709523 grTexSource#116660 tmu=0 addr=001A6EE8 evenodd=3 lod=5..5 aspect=3 format=5
3374 pid=FFFF8AF7 t=709523 grTexSource#116662 tmu=0 addr=001A6F68 evenodd=3 lod=4..4 aspect=3 format=5
3375 pid=FFFF8AF7 t=709523 grTexSource#116664 tmu=0 addr=001A7068 evenodd=3 lod=4..4 aspect=3 format=5
3376 pid=FFFF8AF7 t=709523 grTexSource#116666 tmu=0 addr=001A7168 evenodd=3 lod=4..4 aspect=3 format=5
3377 pid=FFFF8AF7 t=709525 grTexSource#116668 tmu=0 addr=001A7268 evenodd=3 lod=4..4 aspect=3 format=5
3378 pid=FFFF8AF7 t=709525 grTexSource#116670 tmu=0 addr=001A7368 evenodd=3 lod=3..3 aspect=3 format=5
3379 pid=FFFF8AF7 t=709525 grTexSource#116672 tmu=0 addr=001A7B68 evenodd=3 lod=6..6 aspect=3 format=5
3380 pid=FFFF8AF7 t=709525 grTexSource#116674 tmu=0 addr=001A7B78 evenodd=3 lod=6..6 aspect=3 format=5
3381 pid=FFFF8AF7 t=709525 grTexSource#116676 tmu=0 addr=001A7C08 evenodd=3 lod=5..5 aspect=3 format=5
3382 pid=FFFF8AF7 t=709525 grTexSource#116678 tmu=0 addr=001A7C88 evenodd=3 lod=5..5 aspect=3 format=5
3383 pid=FFFF8AF7 t=709525 grTexSource#116680 tmu=0 addr=001A7D08 evenodd=3 lod=4..4 aspect=3 format=5
3384 pid=FFFF8AF7 t=709526 grTexSource#116682 tmu=0 addr=001A7E08 evenodd=3 lod=4..4 aspect=3 format=5
3385 pid=FFFF8AF7 t=709526 grTexSource#116684 tmu=0 addr=001A7F08 evenodd=3 lod=4..4 aspect=3 format=5
3386 pid=FFFF8AF7 t=709526 grTexSource#116686 tmu=0 addr=001A8508 evenodd=3 lod=3..3 aspect=3 format=5
3387 pid=FFFF8AF7 t=709526 grTexSource#116688 tmu=0 addr=001A8948 evenodd=3 lod=5..5 aspect=3 format=5
3388 pid=FFFF8AF7 t=709552 draw refused: result=4 triangles=16 storage/format=0203
3389 pid=FFFF8AF7 t=709552   ops color/alpha=2/2 address/filters=030202
3390 pid=FFFF8AF7 t=709552   blend=1 5/6
3391 pid=FFFF8AF7 t=709552   alpha test=1 func=5 ref=16
3392 pid=FFFF8AF7 t=709552   fog=0 depth enable/write/func=114 scissor-right=634
3393 pid=FFFF8AF7 t=709721 grTexSource#117927 tmu=0 addr=001A8108 evenodd=3 lod=3..3 aspect=3 format=5
3394 pid=FFFF8AF7 t=709723 grTexSource#117934 tmu=0 addr=00001080 evenodd=3 lod=3..3 aspect=3 format=11
3395 pid=FFFF8AF7 t=709747 draw refused: result=4 triangles=16 storage/format=0203
3396 pid=FFFF8AF7 t=709747   ops color/alpha=2/2 address/filters=030202
3397 pid=FFFF8AF7 t=709747   blend=1 5/6
3398 pid=FFFF8AF7 t=709747   alpha test=1 func=5 ref=16
3399 pid=FFFF8AF7 t=709747   fog=0 depth enable/write/func=114 scissor-right=634
3400 pid=FFFF8AF7 t=709941 draw refused: result=4 triangles=16 storage/format=0203
3401 pid=FFFF8AF7 t=709941   ops color/alpha=2/2 address/filters=030202
3402 pid=FFFF8AF7 t=709941   blend=1 5/6
3403 pid=FFFF8AF7 t=709941   alpha test=1 func=5 ref=16
3404 pid=FFFF8AF7 t=709941   fog=0 depth enable/write/func=114 scissor-right=634
3405 pid=FFFF8AF7 t=710134 draw refused: result=4 triangles=16 storage/format=0203
3406 pid=FFFF8AF7 t=710134   ops color/alpha=2/2 address/filters=030202
3407 pid=FFFF8AF7 t=710134   blend=1 5/6
3408 pid=FFFF8AF7 t=710134   alpha test=1 func=5 ref=16
3409 pid=FFFF8AF7 t=710134   fog=0 depth enable/write/func=114 scissor-right=634
3410 pid=FFFF8AF7 t=710298 grTexDownloadTable#21 tmu=0 type=2 sum=57336FA8 first=FF010A01 FF141212 FF010101 FF1D1A1A
3411 pid=FFFF8AF7 t=710298 grTexSource#121599 tmu=0 addr=0015F9A8 evenodd=3 lod=3..3 aspect=3 format=5
3412 pid=FFFF8AF7 t=710298 grTexSource#121600 tmu=0 addr=0015FDA8 evenodd=3 lod=7..7 aspect=3 format=5
3413 pid=FFFF8AF7 t=710298 grTexSource#121601 tmu=0 addr=00160DB0 evenodd=3 lod=3..3 aspect=3 format=5
3414 pid=FFFF8AF7 t=710298 grTexSource#121602 tmu=0 addr=001611B0 evenodd=3 lod=7..7 aspect=3 format=5
3415 pid=FFFF8AF7 t=710298 grTexSource#121603 tmu=0 addr=001621B8 evenodd=3 lod=3..3 aspect=3 format=5
3416 pid=FFFF8AF7 t=710299 grTexSource#121604 tmu=0 addr=001625B8 evenodd=3 lod=7..7 aspect=3 format=5
3417 pid=FFFF8AF7 t=710299 grTexSource#121605 tmu=0 addr=001635C0 evenodd=3 lod=3..3 aspect=3 format=5
3418 pid=FFFF8AF7 t=710299 grTexSource#121606 tmu=0 addr=001639C0 evenodd=3 lod=7..7 aspect=3 format=5
3419 pid=FFFF8AF7 t=710299 grTexSource#121607 tmu=0 addr=00150DC8 evenodd=3 lod=5..5 aspect=3 format=5
3420 pid=FFFF8AF7 t=710299 grTexSource#121608 tmu=0 addr=00150E08 evenodd=3 lod=5..5 aspect=3 format=5
3421 pid=FFFF8AF7 t=710299 grTexSource#121609 tmu=0 addr=00150E48 evenodd=3 lod=5..5 aspect=3 format=5
3422 pid=FFFF8AF7 t=710300 grTexSource#121610 tmu=0 addr=00150E88 evenodd=3 lod=5..5 aspect=3 format=5
3423 pid=FFFF8AF7 t=710300 grTexSource#121611 tmu=0 addr=00150EC8 evenodd=3 lod=5..5 aspect=3 format=5
3424 pid=FFFF8AF7 t=710300 grTexSource#121612 tmu=0 addr=00150F08 evenodd=3 lod=5..5 aspect=3 format=5
3425 pid=FFFF8AF7 t=710300 grTexSource#121613 tmu=0 addr=00150F48 evenodd=3 lod=5..5 aspect=3 format=5
3426 pid=FFFF8AF7 t=710300 grTexSource#121614 tmu=0 addr=00150F88 evenodd=3 lod=5..5 aspect=3 format=5
3427 pid=FFFF8AF7 t=710300 grTexSource#121615 tmu=0 addr=00150FC8 evenodd=3 lod=6..6 aspect=3 format=5
3428 pid=FFFF8AF7 t=710300 grTexSource#121616 tmu=0 addr=00150FD8 evenodd=3 lod=6..6 aspect=3 format=5
3429 pid=FFFF8AF7 t=710301 grTexSource#121617 tmu=0 addr=00150FE8 evenodd=3 lod=4..4 aspect=3 format=5
3430 pid=FFFF8AF7 t=710301 grTexSource#121618 tmu=0 addr=001510E8 evenodd=3 lod=4..4 aspect=3 format=5
3431 pid=FFFF8AF7 t=710301 grTexSource#121619 tmu=0 addr=001511E8 evenodd=3 lod=5..5 aspect=3 format=5
3432 pid=FFFF8AF7 t=710301 grTexSource#121620 tmu=0 addr=00151228 evenodd=3 lod=5..5 aspect=3 format=5
3433 pid=FFFF8AF7 t=710301 grTexSource#121621 tmu=0 addr=00151268 evenodd=3 lod=4..4 aspect=3 format=5
3434 pid=FFFF8AF7 t=710301 grTexSource#121622 tmu=0 addr=00151368 evenodd=3 lod=4..4 aspect=3 format=5
3435 pid=FFFF8AF7 t=710302 grTexSource#121623 tmu=0 addr=00151468 evenodd=3 lod=3..3 aspect=3 format=5
3436 pid=FFFF8AF7 t=710302 grTexSource#121624 tmu=0 addr=00151868 evenodd=3 lod=3..3 aspect=3 format=5
3437 pid=FFFF8AF7 t=710302 grTexSource#121625 tmu=0 addr=00157D48 evenodd=3 lod=4..4 aspect=3 format=5
3438 pid=FFFF8AF7 t=710302 grTexSource#121626 tmu=0 addr=00157E48 evenodd=3 lod=3..3 aspect=3 format=5
3439 pid=FFFF8AF7 t=710303 grTexSource#121627 tmu=0 addr=00158248 evenodd=3 lod=3..3 aspect=3 format=5
3440 pid=FFFF8AF7 t=710303 grTexSource#121628 tmu=0 addr=0015C168 evenodd=3 lod=4..4 aspect=3 format=5
3441 pid=FFFF8AF7 t=710303 grTexSource#121629 tmu=0 addr=0015C268 evenodd=3 lod=4..4 aspect=3 format=5
3442 pid=FFFF8AF7 t=710303 grTexSource#121630 tmu=0 addr=0015C368 evenodd=3 lod=6..6 aspect=3 format=5
3443 pid=FFFF8AF7 t=710303 grTexSource#121631 tmu=0 addr=0015C378 evenodd=3 lod=6..6 aspect=3 format=5
3444 pid=FFFF8AF7 t=710303 grTexSource#121632 tmu=0 addr=0015C388 evenodd=3 lod=4..4 aspect=3 format=5
3445 pid=FFFF8AF7 t=710304 grTexSource#121633 tmu=0 addr=0015C488 evenodd=3 lod=4..4 aspect=3 format=5
3446 pid=FFFF8AF7 t=710304 grTexSource#121634 tmu=0 addr=0015C588 evenodd=3 lod=6..6 aspect=3 format=5
3447 pid=FFFF8AF7 t=710304 grTexSource#121635 tmu=0 addr=0015C598 evenodd=3 lod=6..6 aspect=3 format=5
3448 pid=FFFF8AF7 t=710304 grTexSource#121636 tmu=0 addr=00159648 evenodd=3 lod=3..3 aspect=3 format=5
3449 pid=FFFF8AF7 t=710304 grTexSource#121637 tmu=0 addr=00159A48 evenodd=3 lod=3..3 aspect=3 format=5
3450 pid=FFFF8AF7 t=710304 grTexSource#121638 tmu=0 addr=00159E48 evenodd=3 lod=3..3 aspect=3 format=5
3451 pid=FFFF8AF7 t=710306 grTexSource#121639 tmu=0 addr=0015A248 evenodd=3 lod=3..3 aspect=3 format=5
3452 pid=FFFF8AF7 t=710306 grTexSource#121640 tmu=0 addr=0015A648 evenodd=3 lod=5..5 aspect=3 format=5
3453 pid=FFFF8AF7 t=710306 grTexSource#121641 tmu=0 addr=0015A688 evenodd=3 lod=5..5 aspect=3 format=5
3454 pid=FFFF8AF7 t=710306 grTexSource#121642 tmu=0 addr=0015CDA8 evenodd=3 lod=3..3 aspect=3 format=5
3455 pid=FFFF8AF7 t=710306 grTexSource#121643 tmu=0 addr=0015D5A8 evenodd=3 lod=3..3 aspect=3 format=5
3456 pid=FFFF8AF7 t=710306 grTexSource#121644 tmu=0 addr=0015DDA8 evenodd=3 lod=3..3 aspect=3 format=5
3457 pid=FFFF8AF7 t=710306 grTexSource#121645 tmu=0 addr=0015E5A8 evenodd=3 lod=3..3 aspect=3 format=5
3458 pid=FFFF8AF7 t=710306 grTexSource#121646 tmu=0 addr=00151C68 evenodd=3 lod=3..3 aspect=3 format=5
3459 pid=FFFF8AF7 t=710307 grTexSource#121647 tmu=0 addr=00152068 evenodd=3 lod=3..3 aspect=3 format=5
3460 pid=FFFF8AF7 t=710308 grTexSource#121648 tmu=0 addr=00152468 evenodd=3 lod=3..3 aspect=3 format=5
3461 pid=FFFF8AF7 t=710308 grTexSource#121649 tmu=0 addr=00152868 evenodd=3 lod=3..3 aspect=3 format=5
3462 pid=FFFF8AF7 t=710308 grTexSource#121650 tmu=0 addr=00152C68 evenodd=3 lod=3..3 aspect=3 format=5
3463 pid=FFFF8AF7 t=710308 grTexSource#121651 tmu=0 addr=00153068 evenodd=3 lod=3..3 aspect=3 format=5
3464 pid=FFFF8AF7 t=710308 grTexSource#121652 tmu=0 addr=00153498 evenodd=3 lod=3..3 aspect=3 format=5
3465 pid=FFFF8AF7 t=710308 grTexSource#121653 tmu=0 addr=00153898 evenodd=3 lod=3..3 aspect=3 format=5
3466 pid=FFFF8AF7 t=710308 grTexSource#121654 tmu=0 addr=00153C98 evenodd=3 lod=3..3 aspect=3 format=5
3467 pid=FFFF8AF7 t=710309 grTexSource#121655 tmu=0 addr=00154098 evenodd=3 lod=3..3 aspect=3 format=5
3468 pid=FFFF8AF7 t=710309 grTexSource#121656 tmu=0 addr=00154528 evenodd=3 lod=5..5 aspect=3 format=5
3469 pid=FFFF8AF7 t=710309 grTexSource#121657 tmu=0 addr=00154568 evenodd=3 lod=5..5 aspect=3 format=5
3470 pid=FFFF8AF7 t=710309 grTexSource#121658 tmu=0 addr=001545A8 evenodd=3 lod=6..6 aspect=3 format=5
3471 pid=FFFF8AF7 t=710309 grTexSource#121659 tmu=0 addr=001545B8 evenodd=3 lod=6..6 aspect=3 format=5
3472 pid=FFFF8AF7 t=710309 grTexSource#121660 tmu=0 addr=001545C8 evenodd=3 lod=3..3 aspect=3 format=5
3473 pid=FFFF8AF7 t=710310 grTexSource#121661 tmu=0 addr=001549C8 evenodd=3 lod=3..3 aspect=3 format=5
3474 pid=FFFF8AF7 t=710310 grTexSource#121662 tmu=0 addr=00154DC8 evenodd=3 lod=3..3 aspect=3 format=5
3475 pid=FFFF8AF7 t=710310 grTexSource#121663 tmu=0 addr=001551C8 evenodd=3 lod=3..3 aspect=3 format=5
3476 pid=FFFF8AF7 t=710310 grTexSource#121664 tmu=0 addr=001555C8 evenodd=3 lod=4..4 aspect=3 format=5
3477 pid=FFFF8AF7 t=710310 grTexSource#121665 tmu=0 addr=001556C8 evenodd=3 lod=4..4 aspect=3 format=5
3478 pid=FFFF8AF7 t=710311 grTexSource#121666 tmu=0 addr=001557C8 evenodd=3 lod=4..4 aspect=3 format=5
3479 pid=FFFF8AF7 t=710311 grTexSource#121667 tmu=0 addr=00155A48 evenodd=3 lod=4..4 aspect=3 format=5
3480 pid=FFFF8AF7 t=710311 grTexSource#121668 tmu=0 addr=00155B48 evenodd=3 lod=4..4 aspect=3 format=5
3481 pid=FFFF8AF7 t=710311 grTexSource#121669 tmu=0 addr=00155C48 evenodd=3 lod=3..3 aspect=3 format=5
3482 pid=FFFF8AF7 t=710311 grTexSource#121670 tmu=0 addr=00156048 evenodd=3 lod=3..3 aspect=3 format=5
3483 pid=FFFF8AF7 t=710312 grTexSource#121671 tmu=0 addr=00156448 evenodd=3 lod=3..3 aspect=3 format=5
3484 pid=FFFF8AF7 t=710312 grTexSource#121672 tmu=0 addr=00156848 evenodd=3 lod=3..3 aspect=3 format=5
3485 pid=FFFF8AF7 t=710312 grTexSource#121673 tmu=0 addr=00156C48 evenodd=3 lod=3..3 aspect=3 format=5
3486 pid=FFFF8AF7 t=710312 grTexSource#121674 tmu=0 addr=00157048 evenodd=3 lod=3..3 aspect=3 format=5
3487 pid=FFFF8AF7 t=710312 grTexSource#121675 tmu=0 addr=00157448 evenodd=3 lod=3..3 aspect=3 format=5
3488 pid=FFFF8AF7 t=710314 grTexSource#121676 tmu=0 addr=00157848 evenodd=3 lod=3..3 aspect=3 format=5
3489 pid=FFFF8AF7 t=710314 grTexSource#121677 tmu=0 addr=0015C5A8 evenodd=3 lod=3..3 aspect=3 format=5
3490 pid=FFFF8AF7 t=710341 draw refused: result=4 triangles=16 storage/format=0203
3491 pid=FFFF8AF7 t=710341   ops color/alpha=2/2 address/filters=030202
3492 pid=FFFF8AF7 t=710342   blend=1 5/6
3493 pid=FFFF8AF7 t=710342   alpha test=1 func=5 ref=16
3494 pid=FFFF8AF7 t=710342   fog=0 depth enable/write/func=114 scissor-right=634
3495 pid=FFFF8AF7 t=710537 draw refused: result=4 triangles=16 storage/format=0203
3496 pid=FFFF8AF7 t=710537   ops color/alpha=2/2 address/filters=030202
3497 pid=FFFF8AF7 t=710537   blend=1 5/6
3498 pid=FFFF8AF7 t=710537   alpha test=1 func=5 ref=16
3499 pid=FFFF8AF7 t=710538   fog=0 depth enable/write/func=114 scissor-right=634
3500 pid=FFFF8AF7 t=710708 grTexSource#124307 tmu=0 addr=001A7B88 evenodd=3 lod=5..5 aspect=3 format=5
3501 pid=FFFF8AF7 t=710733 draw refused: result=4 triangles=16 storage/format=0203
3502 pid=FFFF8AF7 t=710734   ops color/alpha=2/2 address/filters=030202
3503 pid=FFFF8AF7 t=710734   blend=1 5/6
3504 pid=FFFF8AF7 t=710734   alpha test=1 func=5 ref=16
3505 pid=FFFF8AF7 t=710734   fog=0 depth enable/write/func=114 scissor-right=634
3506 pid=FFFF8AF7 t=710898 grTexSource#125471 tmu=0 addr=00001880 evenodd=3 lod=5..5 aspect=3 format=11
3507 pid=FFFF8AF7 t=710898 grTexSource#125473 tmu=0 addr=00001900 evenodd=3 lod=5..5 aspect=3 format=11
3508 pid=FFFF8AF7 t=710910 grTexDownloadTable#33 tmu=0 type=2 sum=DF910864 first=FF010A01 FFD8E0E0 FF030303 FFE9EEEE
3509 pid=FFFF8AF7 t=710910 grTexSource#125688 tmu=0 addr=00167028 evenodd=3 lod=7..7 aspect=3 format=5
3510 pid=FFFF8AF7 t=710910 grTexSource#125689 tmu=0 addr=00167030 evenodd=3 lod=7..7 aspect=3 format=5
3511 pid=FFFF8AF7 t=710910 grTexSource#125690 tmu=0 addr=00167038 evenodd=3 lod=7..7 aspect=3 format=5
3512 pid=FFFF8AF7 t=710910 grTexSource#125691 tmu=0 addr=00167040 evenodd=3 lod=7..7 aspect=3 format=5
3513 pid=FFFF8AF7 t=710910 grTexSource#125692 tmu=0 addr=001639D8 evenodd=3 lod=6..6 aspect=3 format=5
3514 pid=FFFF8AF7 t=710910 grTexSource#125694 tmu=0 addr=001639E8 evenodd=3 lod=5..5 aspect=3 format=5
3515 pid=FFFF8AF7 t=710910 grTexSource#125696 tmu=0 addr=00163A28 evenodd=3 lod=5..5 aspect=3 format=5
3516 pid=FFFF8AF7 t=710910 grTexSource#125698 tmu=0 addr=00163A68 evenodd=3 lod=6..6 aspect=3 format=5
3517 pid=FFFF8AF7 t=710910 grTexSource#125700 tmu=0 addr=00163A88 evenodd=3 lod=5..5 aspect=3 format=5
3518 pid=FFFF8AF7 t=710910 grTexSource#125702 tmu=0 addr=00163B08 evenodd=3 lod=6..6 aspect=3 format=5
3519 pid=FFFF8AF7 t=710910 grTexSource#125704 tmu=0 addr=00163B28 evenodd=3 lod=3..3 aspect=3 format=5
3520 pid=FFFF8AF7 t=710911 grTexSource#125706 tmu=0 addr=00163F28 evenodd=3 lod=3..3 aspect=3 format=5
3521 pid=FFFF8AF7 t=710911 grTexSource#125708 tmu=0 addr=00164D28 evenodd=3 lod=3..3 aspect=3 format=5
3522 pid=FFFF8AF7 t=710911 grTexSource#125710 tmu=0 addr=00165528 evenodd=3 lod=4..4 aspect=3 format=5
3523 pid=FFFF8AF7 t=710911 grTexSource#125712 tmu=0 addr=00165728 evenodd=3 lod=4..4 aspect=3 format=5
3524 pid=FFFF8AF7 t=710911 grTexSource#125714 tmu=0 addr=00165928 evenodd=3 lod=4..4 aspect=3 format=5
3525 pid=FFFF8AF7 t=710911 grTexSource#125716 tmu=0 addr=00165B28 evenodd=3 lod=4..4 aspect=3 format=5
3526 pid=FFFF8AF7 t=710911 grTexSource#125718 tmu=0 addr=00165D28 evenodd=3 lod=4..4 aspect=3 format=5
3527 pid=FFFF8AF7 t=710911 grTexSource#125720 tmu=0 addr=00165F28 evenodd=3 lod=3..3 aspect=3 format=5
3528 pid=FFFF8AF7 t=710911 grTexSource#125722 tmu=0 addr=00166328 evenodd=3 lod=3..3 aspect=3 format=5
3529 pid=FFFF8AF7 t=710911 grTexSource#125724 tmu=0 addr=00166728 evenodd=3 lod=5..5 aspect=3 format=5
3530 pid=FFFF8AF7 t=710911 grTexSource#125726 tmu=0 addr=001667A8 evenodd=3 lod=4..4 aspect=3 format=5
3531 pid=FFFF8AF7 t=710911 grTexSource#125728 tmu=0 addr=001669A8 evenodd=3 lod=5..5 aspect=3 format=5
3532 pid=FFFF8AF7 t=710911 grTexSource#125730 tmu=0 addr=00166A28 evenodd=3 lod=4..4 aspect=3 format=5
3533 pid=FFFF8AF7 t=710912 grTexSource#125732 tmu=0 addr=00166C28 evenodd=3 lod=4..4 aspect=3 format=5
3534 pid=FFFF8AF7 t=710912 grTexSource#125734 tmu=0 addr=00166D28 evenodd=3 lod=4..4 aspect=3 format=5
3535 pid=FFFF8AF7 t=710912 grTexSource#125736 tmu=0 addr=00166E28 evenodd=3 lod=4..4 aspect=3 format=5
3536 pid=FFFF8AF7 t=710936 draw refused: result=4 triangles=16 storage/format=0203
3537 pid=FFFF8AF7 t=710937   ops color/alpha=2/2 address/filters=030202
3538 pid=FFFF8AF7 t=710937   blend=1 5/6
3539 pid=FFFF8AF7 t=710937   alpha test=1 func=5 ref=16
3540 pid=FFFF8AF7 t=710937   fog=0 depth enable/write/func=114 scissor-right=634
3541 pid=FFFF8AF7 t=711108 grTexSource#127061 tmu=0 addr=00165828 evenodd=3 lod=4..4 aspect=3 format=5
3542 pid=FFFF8AF7 t=711132 draw refused: result=4 triangles=16 storage/format=0203
3543 pid=FFFF8AF7 t=711132   ops color/alpha=2/2 address/filters=030202
3544 pid=FFFF8AF7 t=711132   blend=1 5/6
3545 pid=FFFF8AF7 t=711132   alpha test=1 func=5 ref=16
3546 pid=FFFF8AF7 t=711132   fog=0 depth enable/write/func=114 scissor-right=634
3547 pid=FFFF8AF7 t=711327 draw refused: result=4 triangles=16 storage/format=0203
3548 pid=FFFF8AF7 t=711327   ops color/alpha=2/2 address/filters=030202
3549 pid=FFFF8AF7 t=711329   blend=1 5/6
3550 pid=FFFF8AF7 t=711329   alpha test=1 func=5 ref=16
3551 pid=FFFF8AF7 t=711329   fog=0 depth enable/write/func=114 scissor-right=634
3552 pid=FFFF8AF7 t=711521 draw refused: result=4 triangles=16 storage/format=0203
3553 pid=FFFF8AF7 t=711521   ops color/alpha=2/2 address/filters=030202
3554 pid=FFFF8AF7 t=711521   blend=1 5/6
3555 pid=FFFF8AF7 t=711521   alpha test=1 func=5 ref=16
3556 pid=FFFF8AF7 t=711521   fog=0 depth enable/write/func=114 scissor-right=634
3557 pid=FFFF8AF7 t=711685 grTexDownloadTable#42 tmu=0 type=2 sum=5078C07C first=FF0A0605 FF5A6264 FF010101 FF879296
3558 pid=FFFF8AF7 t=711685 grTexSource#130851 tmu=0 addr=0017DDB8 evenodd=3 lod=3..3 aspect=3 format=5
3559 pid=FFFF8AF7 t=711685 grTexSource#130852 tmu=0 addr=0017D578 evenodd=3 lod=3..3 aspect=3 format=5
3560 pid=FFFF8AF7 t=711686 grTexSource#130853 tmu=0 addr=0017DD78 evenodd=3 lod=5..5 aspect=3 format=5
3561 pid=FFFF8AF7 t=711714 draw refused: result=4 triangles=16 storage/format=0203
3562 pid=FFFF8AF7 t=711714   ops color/alpha=2/2 address/filters=030202
3563 pid=FFFF8AF7 t=711714   blend=1 5/6
3564 pid=FFFF8AF7 t=711714   alpha test=1 func=5 ref=16
3565 pid=FFFF8AF7 t=711714   fog=0 depth enable/write/func=114 scissor-right=634
3566 pid=FFFF8AF7 t=711907 draw refused: result=4 triangles=16 storage/format=0203
3567 pid=FFFF8AF7 t=711907   ops color/alpha=2/2 address/filters=030202
3568 pid=FFFF8AF7 t=711907   blend=1 5/6
3569 pid=FFFF8AF7 t=711907   alpha test=1 func=5 ref=16
3570 pid=FFFF8AF7 t=711907   fog=0 depth enable/write/func=114 scissor-right=634
3571 pid=FFFF8AF7 t=712073 grTexSource#133411 tmu=0 addr=001A6EA8 evenodd=3 lod=5..5 aspect=3 format=5
3572 pid=FFFF8AF7 t=712073 grTexSource#133443 tmu=0 addr=001A8908 evenodd=3 lod=5..5 aspect=3 format=5
3573 pid=FFFF8AF7 t=712097 draw refused: result=4 triangles=16 storage/format=0203
3574 pid=FFFF8AF7 t=712097   ops color/alpha=2/2 address/filters=030202
3575 pid=FFFF8AF7 t=712097   blend=1 5/6
3576 pid=FFFF8AF7 t=712097   alpha test=1 func=5 ref=16
3577 pid=FFFF8AF7 t=712097   fog=0 depth enable/write/func=114 scissor-right=634
3578 pid=FFFF8AF7 t=712285 draw refused: result=4 triangles=16 storage/format=0203
3579 pid=FFFF8AF7 t=712286   ops color/alpha=2/2 address/filters=030202
3580 pid=FFFF8AF7 t=712286   blend=1 5/6
3581 pid=FFFF8AF7 t=712286   alpha test=1 func=5 ref=16
3582 pid=FFFF8AF7 t=712286   fog=0 depth enable/write/func=114 scissor-right=634
3583 pid=FFFF8AF7 t=712478 draw refused: result=4 triangles=16 storage/format=0203
3584 pid=FFFF8AF7 t=712478   ops color/alpha=2/2 address/filters=030202
3585 pid=FFFF8AF7 t=712478   blend=1 5/6
3586 pid=FFFF8AF7 t=712478   alpha test=1 func=5 ref=16
3587 pid=FFFF8AF7 t=712478   fog=0 depth enable/write/func=114 scissor-right=634
3588 pid=FFFF8AF7 t=712640 grTexSource#137075 tmu=0 addr=00167A48 evenodd=3 lod=3..3 aspect=3 format=5
3589 pid=FFFF8AF7 t=712640 grTexSource#137076 tmu=0 addr=00167448 evenodd=3 lod=3..3 aspect=3 format=5
3590 pid=FFFF8AF7 t=712642 grTexSource#137077 tmu=0 addr=00167948 evenodd=3 lod=4..4 aspect=3 format=5
3591 pid=FFFF8AF7 t=712670 draw refused: result=4 triangles=16 storage/format=0203
3592 pid=FFFF8AF7 t=712670   ops color/alpha=2/2 address/filters=030202
3593 pid=FFFF8AF7 t=712670   blend=1 5/6
3594 pid=FFFF8AF7 t=712670   alpha test=1 func=5 ref=16
3595 pid=FFFF8AF7 t=712670   fog=0 depth enable/write/func=114 scissor-right=634
3596 pid=FFFF8AF7 t=712857 draw refused: result=4 triangles=16 storage/format=0203
3597 pid=FFFF8AF7 t=712857   ops color/alpha=2/2 address/filters=030202
3598 pid=FFFF8AF7 t=712858   blend=1 5/6
3599 pid=FFFF8AF7 t=712858   alpha test=1 func=5 ref=16
3600 pid=FFFF8AF7 t=712858   fog=0 depth enable/write/func=114 scissor-right=634
3601 pid=FFFF8AF7 t=713388 grTexDownloadTable#75 tmu=0 type=2 sum=F4532743 first=FF090C05 FF100F0E FF01060B FF6A1812
3602 pid=FFFF8AF7 t=713388 grTexSource#141657 tmu=0 addr=00193C88 evenodd=3 lod=3..3 aspect=3 format=5
3603 pid=FFFF8AF7 t=713388 grTexSource#141658 tmu=0 addr=00193688 evenodd=3 lod=3..3 aspect=3 format=5
3604 pid=FFFF8AF7 t=713388 grTexSource#141659 tmu=0 addr=00193B88 evenodd=3 lod=4..4 aspect=3 format=5
3605 pid=FFFF8AF7 t=713759 grTexDownloadTable#85 tmu=0 type=2 sum=43AA9E4A first=FF0A0605 FF04114B FF010101 FF071971
3606 pid=FFFF8AF7 t=714650 grTexSource#149013 tmu=0 addr=001A99A8 evenodd=3 lod=3..3 aspect=3 format=5
3607 pid=FFFF8AF7 t=714825 grTexSource#150012 tmu=0 addr=00167E48 evenodd=3 lod=3..3 aspect=3 format=5
3608 pid=FFFF8AF7 t=714828 grTexSource#150037 tmu=0 addr=0017E1B8 evenodd=3 lod=3..3 aspect=3 format=5
3609 pid=FFFF8AF7 t=715003 grTexSource#151000 tmu=0 addr=00194088 evenodd=3 lod=3..3 aspect=3 format=5
3610 pid=FFFF8AF7 t=715003 grTexSource#151008 tmu=0 addr=0017D158 evenodd=3 lod=7..7 aspect=3 format=5
3611 pid=FFFF8AF7 t=715004 grTexSource#151009 tmu=0 addr=0017D160 evenodd=3 lod=7..7 aspect=3 format=5
3612 pid=FFFF8AF7 t=715004 grTexSource#151010 tmu=0 addr=0017D168 evenodd=3 lod=7..7 aspect=3 format=5
3613 pid=FFFF8AF7 t=715004 grTexSource#151011 tmu=0 addr=0017D170 evenodd=3 lod=7..7 aspect=3 format=5
3614 pid=FFFF8AF7 t=715004 grTexSource#151012 tmu=0 addr=00179778 evenodd=3 lod=3..3 aspect=3 format=5
3615 pid=FFFF8AF7 t=715004 grTexSource#151014 tmu=0 addr=00179B78 evenodd=3 lod=3..3 aspect=3 format=5
3616 pid=FFFF8AF7 t=715004 grTexSource#151016 tmu=0 addr=0017A378 evenodd=3 lod=3..3 aspect=3 format=5
3617 pid=FFFF8AF7 t=715005 grTexSource#151018 tmu=0 addr=0017A878 evenodd=3 lod=4..4 aspect=3 format=5
3618 pid=FFFF8AF7 t=715005 grTexSource#151020 tmu=0 addr=0017AF78 evenodd=3 lod=3..3 aspect=3 format=5
3619 pid=FFFF8AF7 t=715006 grTexSource#151022 tmu=0 addr=0017B378 evenodd=3 lod=5..5 aspect=3 format=5
3620 pid=FFFF8AF7 t=715006 grTexSource#151024 tmu=0 addr=0017B3B8 evenodd=3 lod=5..5 aspect=3 format=5
3621 pid=FFFF8AF7 t=715006 grTexSource#151026 tmu=0 addr=0017B3F8 evenodd=3 lod=5..5 aspect=3 format=5
3622 pid=FFFF8AF7 t=715006 grTexSource#151028 tmu=0 addr=0017B438 evenodd=3 lod=5..5 aspect=3 format=5
3623 pid=FFFF8AF7 t=715006 grTexSource#151030 tmu=0 addr=0017B8F8 evenodd=3 lod=3..3 aspect=3 format=5
3624 pid=FFFF8AF7 t=715007 grTexSource#151032 tmu=0 addr=0017BD98 evenodd=3 lod=3..3 aspect=3 format=5
3625 pid=FFFF8AF7 t=715007 grTexSource#151034 tmu=0 addr=0017C198 evenodd=3 lod=3..3 aspect=3 format=5
3626 pid=FFFF8AF7 t=715007 grTexSource#151036 tmu=0 addr=0017C598 evenodd=3 lod=6..6 aspect=3 format=5
3627 pid=FFFF8AF7 t=715009 grTexSource#151038 tmu=0 addr=0017C5A8 evenodd=3 lod=6..6 aspect=3 format=5
3628 pid=FFFF8AF7 t=715009 grTexSource#151040 tmu=0 addr=0017C5C0 evenodd=3 lod=7..7 aspect=3 format=5
3629 pid=FFFF8AF7 t=715009 grTexSource#151042 tmu=0 addr=0017C7C8 evenodd=3 lod=4..4 aspect=3 format=5
3630 pid=FFFF8AF7 t=715009 grTexSource#151044 tmu=0 addr=0017C958 evenodd=3 lod=3..3 aspect=3 format=5
3631 pid=FFFF8AF7 t=715009 grTexSource#151046 tmu=0 addr=0017CD58 evenodd=3 lod=3..3 aspect=3 format=5
3632 pid=FFFF8AF7 t=715135 grTexSource#151195 tmu=0 addr=00134E30 evenodd=3 lod=3..3 aspect=3 format=11
3633 pid=FFFF8AF7 t=715138 grTexSource#151196 tmu=0 addr=00134430 evenodd=3 lod=4..4 aspect=3 format=11
3634 pid=FFFF8AF7 t=715192 grTexSource#152105 tmu=0 addr=0017B4B8 evenodd=3 lod=5..5 aspect=3 format=5
3635 pid=FFFF8AF7 t=715193 grTexSource#152121 tmu=0 addr=0017C908 evenodd=3 lod=5..5 aspect=3 format=5
3636 pid=FFFF8AF7 t=715381 grClipWindow#224 min=0,0 max=150,70
3637 pid=FFFF8AF7 t=715381 grClipWindow#225 min=486,40 max=636,110
3638 pid=FFFF8AF7 t=715384 grTexSource#153328 tmu=0 addr=000581E0 evenodd=3 lod=1..1 aspect=3 format=11
3639 pid=FFFF8AF7 t=715384 grTexSource#153329 tmu=0 addr=000601E0 evenodd=3 lod=1..1 aspect=3 format=11
3640 pid=FFFF8AF7 t=715384 grTexSource#153330 tmu=0 addr=000681E0 evenodd=3 lod=1..1 aspect=3 format=11
3641 pid=FFFF8AF7 t=715392 grTexSource#153331 tmu=0 addr=000701E0 evenodd=3 lod=1..1 aspect=3 format=11
3642 pid=FFFF8AF7 t=715403 grTexSource#153541 tmu=0 addr=001A8BA8 evenodd=3 lod=3..3 aspect=3 format=5
3643 pid=FFFF8AF7 t=715403 grTexSource#153542 tmu=0 addr=001A93A8 evenodd=3 lod=4..4 aspect=3 format=5
3644 pid=FFFF8AF7 t=715781 grTexSource#155902 tmu=0 addr=001558C8 evenodd=3 lod=4..4 aspect=3 format=5
3645 pid=FFFF8AF7 t=715976 grTexSource#157100 tmu=0 addr=0017C948 evenodd=3 lod=7..7 aspect=3 format=5
3646 pid=FFFF8AF7 t=716176 grTexSource#158402 tmu=0 addr=0017C950 evenodd=3 lod=7..7 aspect=3 format=5
3647 pid=FFFF8AF7 t=718618 census periodic swaps=537
3648 pid=FFFF8AF7 t=718618 census   draws: drawn=410253 refused=9091 culled=0 skipped-textured=0
3649 pid=FFFF8AF7 t=718618 census   draws: fog-dropped=9091 uploads=7531 surface-hits=14746 evictions=6855
3650 pid=FFFF8AF7 t=718618 census   grAlphaBlendFunction calls=10999 lines=3
3651 pid=FFFF8AF7 t=718618 census   grAlphaCombine calls=468 lines=4
3652 pid=FFFF8AF7 t=718619 census   grAlphaTestFunction calls=1 lines=1
3653 pid=FFFF8AF7 t=718619 census   grAlphaTestReferenceValue calls=1 lines=1
3654 pid=FFFF8AF7 t=718619 census   grBufferClear calls=539 lines=11
3655 pid=FFFF8AF7 t=718619 census   grBufferSwap calls=537 lines=24
3656 pid=FFFF8AF7 t=718619 census   grChromakeyMode calls=604 lines=4
3657 pid=FFFF8AF7 t=718619 census   grChromakeyValue calls=603 lines=3
3658 pid=FFFF8AF7 t=718619 census   grClipWindow calls=358 lines=5
3659 pid=FFFF8AF7 t=718619 census   grColorCombine calls=468 lines=4
3660 pid=FFFF8AF7 t=718619 census   grCullMode calls=182 lines=3
3661 pid=FFFF8AF7 t=718619 census   grDepthBufferFunction calls=144 lines=4
3662 pid=FFFF8AF7 t=718619 census   grDepthBufferMode calls=73 lines=3
3663 pid=FFFF8AF7 t=718619 census   grDepthMask calls=144 lines=4
3664 pid=FFFF8AF7 t=718619 census   grDitherMode calls=1 lines=1
3665 pid=FFFF8AF7 t=718619 census   grDrawLine calls=31050 lines=72
3666 pid=FFFF8AF7 t=718619 census   grDrawTriangle calls=368806 lines=320
3667 pid=FFFF8AF7 t=718619 census   grFogColorValue calls=2 lines=2
3668 pid=FFFF8AF7 t=718620 census   grFogMode calls=2 lines=2
3669 pid=FFFF8AF7 t=718620 census   grFogTable calls=34 lines=2
3670 pid=FFFF8AF7 t=718620 census   grGammaCorrectionValue calls=3 lines=3
3671 pid=FFFF8AF7 t=718620 census   grGlideInit calls=1 lines=1
3672 pid=FFFF8AF7 t=718620 census   grLfbLock calls=4 lines=4
3673 pid=FFFF8AF7 t=718620 census   grLfbUnlock calls=4 lines=4
3674 pid=FFFF8AF7 t=718620 census   grRenderBuffer calls=590 lines=13
3675 pid=FFFF8AF7 t=718620 census   grSstIdle calls=169 lines=24
3676 pid=FFFF8AF7 t=718620 census   grSstQueryHardware calls=1 lines=1
3677 pid=FFFF8AF7 t=718620 census   grSstSelect calls=1 lines=1
3678 pid=FFFF8AF7 t=718620 census   grSstWinOpen calls=1 lines=1
3679 pid=FFFF8AF7 t=718620 census   grTexCalcMemRequired calls=1829 lines=38
3680 pid=FFFF8AF7 t=718620 census   grTexClampMode calls=3791 lines=3
3681 pid=FFFF8AF7 t=718620 census   grTexCombine calls=1 lines=1
3682 pid=FFFF8AF7 t=718620 census   grTexCombineFunction calls=1 lines=1
3683 pid=FFFF8AF7 t=718620 census   grTexDownloadMipMap calls=37253 lines=1753
3684 pid=FFFF8AF7 t=718620 census   grTexDownloadTable calls=300 lines=7
3685 pid=FFFF8AF7 t=718621 census   grTexFilterMode calls=2 lines=2
3686 pid=FFFF8AF7 t=718621 census   grTexMaxAddress calls=1829 lines=22
3687 pid=FFFF8AF7 t=718621 census   grTexMinAddress calls=7 lines=4
3688 pid=FFFF8AF7 t=718621 census   grTexMipMapMode calls=1 lines=1
3689 pid=FFFF8AF7 t=718621 census   grTexSource calls=174417 lines=978
3690 pid=FFFF8AF7 t=718621 census   guFogGenerateExp calls=20 lines=20
3691 pid=FFFF8AF7 t=720976 grTexSource#189762 tmu=0 addr=0015C9A8 evenodd=3 lod=3..3 aspect=3 format=5
3692 pid=FFFF8AF7 t=720976 grTexSource#189764 tmu=0 addr=0015D1A8 evenodd=3 lod=3..3 aspect=3 format=5
3693 pid=FFFF8AF7 t=720976 grTexSource#189766 tmu=0 addr=0015D9A8 evenodd=3 lod=3..3 aspect=3 format=5
3694 pid=FFFF8AF7 t=720978 grTexSource#189768 tmu=0 addr=0015E1A8 evenodd=3 lod=3..3 aspect=3 format=5
3695 pid=FFFF8AF7 t=733657 census periodic swaps=613
3696 pid=FFFF8AF7 t=733657 census   draws: drawn=670570 refused=47091 culled=0 skipped-textured=0
3697 pid=FFFF8AF7 t=733657 census   draws: fog-dropped=47091 uploads=7533 surface-hits=15072 evictions=6855
3698 pid=FFFF8AF7 t=733657 census   grAlphaBlendFunction calls=35423 lines=3
3699 pid=FFFF8AF7 t=733657 census   grAlphaCombine calls=1228 lines=4
3700 pid=FFFF8AF7 t=733657 census   grAlphaTestFunction calls=1 lines=1
3701 pid=FFFF8AF7 t=733657 census   grAlphaTestReferenceValue calls=1 lines=1
3702 pid=FFFF8AF7 t=733657 census   grBufferClear calls=691 lines=11
3703 pid=FFFF8AF7 t=733657 census   grBufferSwap calls=613 lines=24
3704 pid=FFFF8AF7 t=733657 census   grChromakeyMode calls=1546 lines=4
3705 pid=FFFF8AF7 t=733657 census   grChromakeyValue calls=1545 lines=3
3706 pid=FFFF8AF7 t=733657 census   grClipWindow calls=966 lines=5
3707 pid=FFFF8AF7 t=733657 census   grColorCombine calls=1228 lines=4
3708 pid=FFFF8AF7 t=733657 census   grCullMode calls=486 lines=3
3709 pid=FFFF8AF7 t=733657 census   grDepthBufferFunction calls=448 lines=4
3710 pid=FFFF8AF7 t=733657 census   grDepthBufferMode calls=225 lines=3
3711 pid=FFFF8AF7 t=733658 census   grDepthMask calls=448 lines=4
3712 pid=FFFF8AF7 t=733658 census   grDitherMode calls=1 lines=1
3713 pid=FFFF8AF7 t=733658 census   grDrawLine calls=74750 lines=72
3714 pid=FFFF8AF7 t=733658 census   grDrawTriangle calls=596215 lines=320
3715 pid=FFFF8AF7 t=733658 census   grFogColorValue calls=2 lines=2
3716 pid=FFFF8AF7 t=733658 census   grFogMode calls=2 lines=2
3717 pid=FFFF8AF7 t=733658 census   grFogTable calls=186 lines=2
3718 pid=FFFF8AF7 t=733658 census   grGammaCorrectionValue calls=3 lines=3
3719 pid=FFFF8AF7 t=733658 census   grGlideInit calls=1 lines=1
3720 pid=FFFF8AF7 t=733658 census   grLfbLock calls=4 lines=4
3721 pid=FFFF8AF7 t=733658 census   grLfbUnlock calls=4 lines=4
3722 pid=FFFF8AF7 t=733658 census   grRenderBuffer calls=742 lines=13
3723 pid=FFFF8AF7 t=733658 census   grSstIdle calls=169 lines=24
3724 pid=FFFF8AF7 t=733658 census   grSstQueryHardware calls=1 lines=1
3725 pid=FFFF8AF7 t=733658 census   grSstSelect calls=1 lines=1
3726 pid=FFFF8AF7 t=733658 census   grSstWinOpen calls=1 lines=1
3727 pid=FFFF8AF7 t=733658 census   grTexCalcMemRequired calls=1829 lines=38
3728 pid=FFFF8AF7 t=733659 census   grTexClampMode calls=13433 lines=3
3729 pid=FFFF8AF7 t=733659 census   grTexCombine calls=1 lines=1
3730 pid=FFFF8AF7 t=733659 census   grTexCombineFunction calls=1 lines=1
3731 pid=FFFF8AF7 t=733659 census   grTexDownloadMipMap calls=37253 lines=1753
3732 pid=FFFF8AF7 t=733659 census   grTexDownloadTable calls=768 lines=7
3733 pid=FFFF8AF7 t=733659 census   grTexFilterMode calls=2 lines=2
3734 pid=FFFF8AF7 t=733659 census   grTexMaxAddress calls=1829 lines=22
3735 pid=FFFF8AF7 t=733659 census   grTexMinAddress calls=7 lines=4
3736 pid=FFFF8AF7 t=733659 census   grTexMipMapMode calls=1 lines=1
3737 pid=FFFF8AF7 t=733659 census   grTexSource calls=270422 lines=982
3738 pid=FFFF8AF7 t=733659 census   guFogGenerateExp calls=20 lines=20
3739 pid=FFFF8AF7 t=737366 grTexSource#293863 tmu=0 addr=00037960 evenodd=3 lod=5..5 aspect=3 format=11
3740 pid=FFFF8AF7 t=742777 grTexSource#327160 tmu=0 addr=00095C60 evenodd=3 lod=5..5 aspect=3 format=11
3741 pid=FFFF8AF7 t=742780 grTexSource#327162 tmu=0 addr=00095CE0 evenodd=3 lod=5..5 aspect=3 format=11
3742 pid=FFFF8AF7 t=742780 grTexSource#327163 tmu=0 addr=00095D60 evenodd=3 lod=5..5 aspect=3 format=11
3743 pid=FFFF8AF7 t=742780 grTexSource#327164 tmu=0 addr=000965E0 evenodd=3 lod=4..4 aspect=3 format=11
3744 pid=FFFF8AF7 t=742786 grTexSource#327241 tmu=0 addr=00095BE0 evenodd=3 lod=5..5 aspect=3 format=11
3745 pid=FFFF8AF7 t=742979 grTexSource#328422 tmu=0 addr=00095DE0 evenodd=3 lod=3..3 aspect=3 format=11
3746 pid=FFFF8AF7 t=748730 census periodic swaps=689
3747 pid=FFFF8AF7 t=748731 census   draws: drawn=930656 refused=85091 culled=0 skipped-textured=0
3748 pid=FFFF8AF7 t=748731 census   draws: fog-dropped=85091 uploads=7541 surface-hits=15072 evictions=6855
3749 pid=FFFF8AF7 t=748731 census   grAlphaBlendFunction calls=59633 lines=3
3750 pid=FFFF8AF7 t=748731 census   grAlphaCombine calls=1988 lines=4
3751 pid=FFFF8AF7 t=748731 census   grAlphaTestFunction calls=1 lines=1
3752 pid=FFFF8AF7 t=748731 census   grAlphaTestReferenceValue calls=1 lines=1
3753 pid=FFFF8AF7 t=748731 census   grBufferClear calls=843 lines=11
3754 pid=FFFF8AF7 t=748731 census   grBufferSwap calls=689 lines=24
3755 pid=FFFF8AF7 t=748731 census   grChromakeyMode calls=1850 lines=4
3756 pid=FFFF8AF7 t=748731 census   grChromakeyValue calls=1849 lines=3
3757 pid=FFFF8AF7 t=748731 census   grClipWindow calls=1574 lines=5
3758 pid=FFFF8AF7 t=748731 census   grColorCombine calls=1988 lines=4
3759 pid=FFFF8AF7 t=748731 census   grCullMode calls=790 lines=3
3760 pid=FFFF8AF7 t=748731 census   grDepthBufferFunction calls=752 lines=4
3761 pid=FFFF8AF7 t=748731 census   grDepthBufferMode calls=377 lines=3
3762 pid=FFFF8AF7 t=748731 census   grDepthMask calls=752 lines=4
3763 pid=FFFF8AF7 t=748732 census   grDitherMode calls=1 lines=1
3764 pid=FFFF8AF7 t=748732 census   grDrawLine calls=118450 lines=72
3765 pid=FFFF8AF7 t=748732 census   grDrawTriangle calls=823393 lines=320
3766 pid=FFFF8AF7 t=748732 census   grFogColorValue calls=2 lines=2
3767 pid=FFFF8AF7 t=748732 census   grFogMode calls=2 lines=2
3768 pid=FFFF8AF7 t=748732 census   grFogTable calls=338 lines=2
3769 pid=FFFF8AF7 t=748732 census   grGammaCorrectionValue calls=3 lines=3
3770 pid=FFFF8AF7 t=748732 census   grGlideInit calls=1 lines=1
3771 pid=FFFF8AF7 t=748732 census   grLfbLock calls=4 lines=4
3772 pid=FFFF8AF7 t=748732 census   grLfbUnlock calls=4 lines=4
3773 pid=FFFF8AF7 t=748732 census   grRenderBuffer calls=894 lines=13
3774 pid=FFFF8AF7 t=748732 census   grSstIdle calls=169 lines=24
3775 pid=FFFF8AF7 t=748732 census   grSstQueryHardware calls=1 lines=1
3776 pid=FFFF8AF7 t=748732 census   grSstSelect calls=1 lines=1
3777 pid=FFFF8AF7 t=748732 census   grSstWinOpen calls=1 lines=1
3778 pid=FFFF8AF7 t=748732 census   grTexCalcMemRequired calls=1829 lines=38
3779 pid=FFFF8AF7 t=748733 census   grTexClampMode calls=22097 lines=3
3780 pid=FFFF8AF7 t=748733 census   grTexCombine calls=1 lines=1
3781 pid=FFFF8AF7 t=748733 census   grTexCombineFunction calls=1 lines=1
3782 pid=FFFF8AF7 t=748733 census   grTexDownloadMipMap calls=37253 lines=1753
3783 pid=FFFF8AF7 t=748733 census   grTexDownloadTable calls=920 lines=7
3784 pid=FFFF8AF7 t=748733 census   grTexFilterMode calls=2 lines=2
3785 pid=FFFF8AF7 t=748733 census   grTexMaxAddress calls=1829 lines=22
3786 pid=FFFF8AF7 t=748733 census   grTexMinAddress calls=7 lines=4
3787 pid=FFFF8AF7 t=748733 census   grTexMipMapMode calls=1 lines=1
3788 pid=FFFF8AF7 t=748733 census   grTexSource calls=365244 lines=989
3789 pid=FFFF8AF7 t=748733 census   guFogGenerateExp calls=20 lines=20
3790 pid=FFFF8AF7 t=763850 census periodic swaps=765
3791 pid=FFFF8AF7 t=763850 census   draws: drawn=1188764 refused=123852 culled=0 skipped-textured=0
3792 pid=FFFF8AF7 t=763850 census   draws: fog-dropped=123852 uploads=7541 surface-hits=15072 evictions=6855
3793 pid=FFFF8AF7 t=763850 census   grAlphaBlendFunction calls=84459 lines=3
3794 pid=FFFF8AF7 t=763850 census   grAlphaCombine calls=2748 lines=4
3795 pid=FFFF8AF7 t=763850 census   grAlphaTestFunction calls=1 lines=1
3796 pid=FFFF8AF7 t=763850 census   grAlphaTestReferenceValue calls=1 lines=1
3797 pid=FFFF8AF7 t=763850 census   grBufferClear calls=995 lines=11
3798 pid=FFFF8AF7 t=763850 census   grBufferSwap calls=765 lines=24
3799 pid=FFFF8AF7 t=763851 census   grChromakeyMode calls=2154 lines=4
3800 pid=FFFF8AF7 t=763851 census   grChromakeyValue calls=2153 lines=3
3801 pid=FFFF8AF7 t=763851 census   grClipWindow calls=2182 lines=5
3802 pid=FFFF8AF7 t=763851 census   grColorCombine calls=2748 lines=4
3803 pid=FFFF8AF7 t=763851 census   grCullMode calls=1094 lines=3
3804 pid=FFFF8AF7 t=763851 census   grDepthBufferFunction calls=1056 lines=4
3805 pid=FFFF8AF7 t=763851 census   grDepthBufferMode calls=529 lines=3
3806 pid=FFFF8AF7 t=763851 census   grDepthMask calls=1056 lines=4
3807 pid=FFFF8AF7 t=763851 census   grDitherMode calls=1 lines=1
3808 pid=FFFF8AF7 t=763851 census   grDrawLine calls=162150 lines=72
3809 pid=FFFF8AF7 t=763851 census   grDrawTriangle calls=1049354 lines=320
3810 pid=FFFF8AF7 t=763851 census   grFogColorValue calls=2 lines=2
3811 pid=FFFF8AF7 t=763851 census   grFogMode calls=2 lines=2
3812 pid=FFFF8AF7 t=763851 census   grFogTable calls=490 lines=2
3813 pid=FFFF8AF7 t=763851 census   grGammaCorrectionValue calls=3 lines=3
3814 pid=FFFF8AF7 t=763851 census   grGlideInit calls=1 lines=1
3815 pid=FFFF8AF7 t=763851 census   grLfbLock calls=4 lines=4
3816 pid=FFFF8AF7 t=763853 census   grLfbUnlock calls=4 lines=4
3817 pid=FFFF8AF7 t=763853 census   grRenderBuffer calls=1046 lines=13
3818 pid=FFFF8AF7 t=763853 census   grSstIdle calls=169 lines=24
3819 pid=FFFF8AF7 t=763853 census   grSstQueryHardware calls=1 lines=1
3820 pid=FFFF8AF7 t=763853 census   grSstSelect calls=1 lines=1
3821 pid=FFFF8AF7 t=763853 census   grSstWinOpen calls=1 lines=1
3822 pid=FFFF8AF7 t=763853 census   grTexCalcMemRequired calls=1829 lines=38
3823 pid=FFFF8AF7 t=763853 census   grTexClampMode calls=30761 lines=3
3824 pid=FFFF8AF7 t=763853 census   grTexCombine calls=1 lines=1
3825 pid=FFFF8AF7 t=763853 census   grTexCombineFunction calls=1 lines=1
3826 pid=FFFF8AF7 t=763853 census   grTexDownloadMipMap calls=37253 lines=1753
3827 pid=FFFF8AF7 t=763853 census   grTexDownloadTable calls=1072 lines=7
3828 pid=FFFF8AF7 t=763853 census   grTexFilterMode calls=2 lines=2
3829 pid=FFFF8AF7 t=763853 census   grTexMaxAddress calls=1829 lines=22
3830 pid=FFFF8AF7 t=763853 census   grTexMinAddress calls=7 lines=4
3831 pid=FFFF8AF7 t=763853 census   grTexMipMapMode calls=1 lines=1
3832 pid=FFFF8AF7 t=763853 census   grTexSource calls=459462 lines=989
3833 pid=FFFF8AF7 t=763853 census   guFogGenerateExp calls=20 lines=20
