1 pid=FFF0CCF3 t=5892710 attach instance=02500000 version=0.15.1 V9XGLD3 build=1ae5474-dirty exe=C:\PROGRAM FILES\DIABLO II SHAREWARE\DIABLO II.EXE
2 pid=FFF0CCF3 t=5892710 grGet#1 pname=0F -> 1 (4 bytes)
3 pid=FFF0CCF3 t=5892710 grGlideInit#1 
4 pid=FFF0CCF3 t=5892710 grSstSelect#1 sst=0
5 pid=FFF0CCF3 t=5892710 grGetString#1 pname=A1 -> Voodoo3
6 pid=FFF0CCF3 t=5892710 grGetString#2 pname=A3 -> 3Dfx Interactive
7 pid=FFF0CCF3 t=5892710 grGetString#3 pname=A2 -> Glide
8 pid=FFF0CCF3 t=5892710 grGetString#4 pname=A4 -> 3.01 Velocity9x 1ae5474-dirty
9 pid=FFF0CCF3 t=5892750 device: window=00000518 ours=0
10 pid=FFF0CCF3 t=5894810 device: describe result=0 engine=4 generation=22
11 pid=FFF0CCF3 t=5894810 device: target formats=00000002 texture formats=0000001A hw max=256
12 pid=FFF0CCF3 t=5894810 device: open 640x480 buffers=3
13 pid=FFF0CCF3 t=5894810 grSstWinOpen#1 hwnd=00000518 res=7 refresh=0 cformat=2 origin=0 colbuf=2 auxbuf=0 -> 1
14 pid=FFF0CCF3 t=5894810 grGet#2 pname=0A -> 256 (4 bytes)
15 pid=FFF0CCF3 t=5894810 grGet#3 pname=0B -> 3 (4 bytes)
16 pid=FFF0CCF3 t=5894810 grGet#4 pname=11 -> 1 (4 bytes)
17 pid=FFF0CCF3 t=5894810 grGet#5 pname=13 -> 1 (4 bytes)
18 pid=FFF0CCF3 t=5894810 grGet#6 pname=24 -> 8 (4 bytes)
19 pid=FFF0CCF3 t=5894810 grGet#7 pname=0E -> 0 (4 bytes)
20 pid=FFF0CCF3 t=5894810 grCoordinateSpace#1 mode=0
21 pid=FFF0CCF3 t=5894810 grVertexLayout#1 param=01 offset=0 mode=1
22 pid=FFF0CCF3 t=5894810 grVertexLayout#2 param=50 offset=12 mode=1
23 pid=FFF0CCF3 t=5894810 grVertexLayout#3 param=40 offset=16 mode=1
24 pid=FFF0CCF3 t=5894810 grVertexLayout#4 param=30 offset=8 mode=1
25 pid=FFF0CCF3 t=5894810 grDepthMask#1 enable=00000000
26 pid=FFF0CCF3 t=5894810 grColorMask#1 rgb=1 alpha=0 (ignored)
27 pid=FFF0CCF3 t=5894810 grTexCombine#1 tmu=0 rgb=1,0 alpha=1,0 invert=0,0
28 pid=FFF0CCF3 t=5894810 grTexFilterMode#1 tmu=0 min=0 mag=0
29 pid=FFF0CCF3 t=5894810 grTexCombine#2 tmu=0 rgb=1,0 alpha=1,0 invert=0,0
30 pid=FFF0CCF3 t=5894810 grChromakeyValue#1 color=000000FF
31 pid=FFF0CCF3 t=5894810 grTexMinAddress#1 tmu=0 -> 0
32 pid=FFF0CCF3 t=5894810 grTexMaxAddress#1 tmu=0 -> 003E0000
33 pid=FFF0CCF3 t=5894816 grTexDownloadMipMap#1 tmu=0 addr=00000000 evenodd=3 lod=4..4 aspect=-1 format=5 data=00D38AB0
34 pid=FFF0CCF3 t=5894816 grTexDownloadMipMap#2 tmu=0 addr=00000080 evenodd=3 lod=4..4 aspect=-1 format=5 data=00D38AB0
35 pid=FFF0CCF3 t=5894816 grTexDownloadMipMap#3 tmu=0 addr=00000100 evenodd=3 lod=4..4 aspect=-1 format=5 data=00D38AB0
36 pid=FFF0CCF3 t=5894816 grTexDownloadMipMap#4 tmu=0 addr=00000180 evenodd=3 lod=4..4 aspect=-1 format=5 data=00D38AB0
37 pid=FFF0CCF3 t=5894816 grTexDownloadMipMap#5 tmu=0 addr=00000200 evenodd=3 lod=4..4 aspect=-1 format=5 data=00D38AB0
38 pid=FFF0CCF3 t=5894816 grTexDownloadMipMap#6 tmu=0 addr=00000280 evenodd=3 lod=4..4 aspect=-1 format=5 data=00D38AB0
39 pid=FFF0CCF3 t=5894820 grTexDownloadMipMap#7 tmu=0 addr=00000300 evenodd=3 lod=4..4 aspect=-1 format=5 data=00D38AB0
40 pid=FFF0CCF3 t=5894820 grTexDownloadMipMap#8 tmu=0 addr=00000380 evenodd=3 lod=4..4 aspect=-1 format=5 data=00D38AB0
41 pid=FFF0CCF3 t=5894820 grTexDownloadMipMap#9 tmu=0 addr=00000400 evenodd=3 lod=4..4 aspect=-1 format=5 data=00D38AB0
42 pid=FFF0CCF3 t=5894820 grTexDownloadMipMap#10 tmu=0 addr=00000480 evenodd=3 lod=4..4 aspect=-1 format=5 data=00D38AB0
43 pid=FFF0CCF3 t=5894820 grTexDownloadMipMap#11 tmu=0 addr=00000500 evenodd=3 lod=4..4 aspect=-1 format=5 data=00D38AB0
44 pid=FFF0CCF3 t=5894820 grTexDownloadMipMap#12 tmu=0 addr=00000580 evenodd=3 lod=4..4 aspect=-1 format=5 data=00D38AB0
45 pid=FFF0CCF3 t=5894820 grTexDownloadMipMap#13 tmu=0 addr=00000600 evenodd=3 lod=4..4 aspect=-1 format=5 data=00D38AB0
46 pid=FFF0CCF3 t=5894820 grTexDownloadMipMap#14 tmu=0 addr=00000680 evenodd=3 lod=4..4 aspect=-1 format=5 data=00D38AB0
47 pid=FFF0CCF3 t=5894826 grTexDownloadMipMap#15 tmu=0 addr=00000700 evenodd=3 lod=4..4 aspect=-1 format=5 data=00D38AB0
48 pid=FFF0CCF3 t=5894826 grTexDownloadMipMap#16 tmu=0 addr=00000780 evenodd=3 lod=4..4 aspect=-1 format=5 data=00D38AB0
49 pid=FFF0CCF3 t=5894826 grTexDownloadMipMap#17 tmu=0 addr=00000800 evenodd=3 lod=4..4 aspect=-1 format=5 data=00D38AB0
50 pid=FFF0CCF3 t=5894826 grTexDownloadMipMap#18 tmu=0 addr=00000880 evenodd=3 lod=4..4 aspect=-1 format=5 data=00D38AB0
51 pid=FFF0CCF3 t=5894826 grTexDownloadMipMap#19 tmu=0 addr=00000900 evenodd=3 lod=4..4 aspect=-1 format=5 data=00D38AB0
52 pid=FFF0CCF3 t=5894826 grTexDownloadMipMap#20 tmu=0 addr=00000980 evenodd=3 lod=4..4 aspect=-1 format=5 data=00D38AB0
53 pid=FFF0CCF3 t=5894826 grTexDownloadMipMap#21 tmu=0 addr=00000A00 evenodd=3 lod=4..4 aspect=-1 format=5 data=00D38AB0
54 pid=FFF0CCF3 t=5894830 grTexDownloadMipMap#22 tmu=0 addr=00000A80 evenodd=3 lod=4..4 aspect=-1 format=5 data=00D38AB0
55 pid=FFF0CCF3 t=5894830 grTexDownloadMipMap#23 tmu=0 addr=00000B00 evenodd=3 lod=4..4 aspect=-1 format=5 data=00D38AB0
56 pid=FFF0CCF3 t=5894830 grTexDownloadMipMap#24 tmu=0 addr=00000B80 evenodd=3 lod=4..4 aspect=-1 format=5 data=00D38AB0
57 pid=FFF0CCF3 t=5894830 grTexDownloadMipMap#25 tmu=0 addr=00000C00 evenodd=3 lod=4..4 aspect=-1 format=5 data=00D38AB0
58 pid=FFF0CCF3 t=5894830 grTexDownloadMipMap#26 tmu=0 addr=00000C80 evenodd=3 lod=4..4 aspect=-1 format=5 data=00D38AB0
59 pid=FFF0CCF3 t=5894830 grTexDownloadMipMap#27 tmu=0 addr=00000D00 evenodd=3 lod=4..4 aspect=-1 format=5 data=00D38AB0
60 pid=FFF0CCF3 t=5894830 grTexDownloadMipMap#28 tmu=0 addr=00000D80 evenodd=3 lod=4..4 aspect=-1 format=5 data=00D38AB0
61 pid=FFF0CCF3 t=5894830 grTexDownloadMipMap#29 tmu=0 addr=00000E00 evenodd=3 lod=4..4 aspect=-1 format=5 data=00D38AB0
62 pid=FFF0CCF3 t=5894830 grTexDownloadMipMap#30 tmu=0 addr=00000E80 evenodd=3 lod=4..4 aspect=-1 format=5 data=00D38AB0
63 pid=FFF0CCF3 t=5894835 grTexDownloadMipMap#31 tmu=0 addr=00000F00 evenodd=3 lod=4..4 aspect=-1 format=5 data=00D38AB0
64 pid=FFF0CCF3 t=5894835 grTexDownloadMipMap#32 tmu=0 addr=00000F80 evenodd=3 lod=4..4 aspect=-1 format=5 data=00D38AB0
65 pid=FFF0CCF3 t=5894835 grTexDownloadMipMap#33 tmu=0 addr=00001000 evenodd=3 lod=4..4 aspect=-1 format=5 data=00D38AB0
66 pid=FFF0CCF3 t=5894835 grTexDownloadMipMap#34 tmu=0 addr=00001080 evenodd=3 lod=4..4 aspect=-1 format=5 data=00D38AB0
67 pid=FFF0CCF3 t=5894835 grTexDownloadMipMap#35 tmu=0 addr=00001100 evenodd=3 lod=4..4 aspect=-1 format=5 data=00D38AB0
68 pid=FFF0CCF3 t=5894835 grTexDownloadMipMap#36 tmu=0 addr=00001180 evenodd=3 lod=4..4 aspect=-1 format=5 data=00D38AB0
69 pid=FFF0CCF3 t=5894835 grTexDownloadMipMap#37 tmu=0 addr=00001200 evenodd=3 lod=4..4 aspect=-1 format=5 data=00D38AB0
70 pid=FFF0CCF3 t=5894835 grTexDownloadMipMap#38 tmu=0 addr=00001280 evenodd=3 lod=4..4 aspect=-1 format=5 data=00D38AB0
71 pid=FFF0CCF3 t=5894840 grTexDownloadMipMap#39 tmu=0 addr=00001300 evenodd=3 lod=4..4 aspect=-1 format=5 data=00D38AB0
72 pid=FFF0CCF3 t=5894840 grTexDownloadMipMap#40 tmu=0 addr=00001380 evenodd=3 lod=4..4 aspect=-1 format=5 data=00D38AB0
73 pid=FFF0CCF3 t=5894840 grTexDownloadMipMap#41 tmu=0 addr=00001400 evenodd=3 lod=4..4 aspect=-1 format=5 data=00D38AB0
74 pid=FFF0CCF3 t=5894840 grTexDownloadMipMap#42 tmu=0 addr=00001480 evenodd=3 lod=4..4 aspect=-1 format=5 data=00D38AB0
75 pid=FFF0CCF3 t=5894840 grTexDownloadMipMap#43 tmu=0 addr=00001500 evenodd=3 lod=4..4 aspect=-1 format=5 data=00D38AB0
76 pid=FFF0CCF3 t=5894840 grTexDownloadMipMap#44 tmu=0 addr=00001580 evenodd=3 lod=4..4 aspect=-1 format=5 data=00D38AB0
77 pid=FFF0CCF3 t=5894840 grTexDownloadMipMap#45 tmu=0 addr=00001600 evenodd=3 lod=4..4 aspect=-1 format=5 data=00D38AB0
78 pid=FFF0CCF3 t=5894840 grTexDownloadMipMap#46 tmu=0 addr=00001680 evenodd=3 lod=4..4 aspect=-1 format=5 data=00D38AB0
79 pid=FFF0CCF3 t=5894845 grTexDownloadMipMap#47 tmu=0 addr=00001700 evenodd=3 lod=4..4 aspect=-1 format=5 data=00D38AB0
80 pid=FFF0CCF3 t=5894845 grTexDownloadMipMap#48 tmu=0 addr=00001780 evenodd=3 lod=4..4 aspect=-1 format=5 data=00D38AB0
81 pid=FFF0CCF3 t=5894845 grTexDownloadMipMap#49 tmu=0 addr=00001800 evenodd=3 lod=4..4 aspect=-1 format=5 data=00D38AB0
82 pid=FFF0CCF3 t=5894845 grTexDownloadMipMap#50 tmu=0 addr=00001880 evenodd=3 lod=4..4 aspect=-1 format=5 data=00D38AB0
83 pid=FFF0CCF3 t=5894845 grTexDownloadMipMap#51 tmu=0 addr=00001900 evenodd=3 lod=4..4 aspect=-1 format=5 data=00D38AB0
84 pid=FFF0CCF3 t=5894845 grTexDownloadMipMap#52 tmu=0 addr=00001980 evenodd=3 lod=4..4 aspect=-1 format=5 data=00D38AB0
85 pid=FFF0CCF3 t=5894845 grTexDownloadMipMap#53 tmu=0 addr=00001A00 evenodd=3 lod=4..4 aspect=-1 format=5 data=00D38AB0
86 pid=FFF0CCF3 t=5894845 grTexDownloadMipMap#54 tmu=0 addr=00001A80 evenodd=3 lod=4..4 aspect=-1 format=5 data=00D38AB0
87 pid=FFF0CCF3 t=5894850 grTexDownloadMipMap#55 tmu=0 addr=00001B00 evenodd=3 lod=4..4 aspect=-1 format=5 data=00D38AB0
88 pid=FFF0CCF3 t=5894850 grTexDownloadMipMap#56 tmu=0 addr=00001B80 evenodd=3 lod=4..4 aspect=-1 format=5 data=00D38AB0
89 pid=FFF0CCF3 t=5894850 grTexDownloadMipMap#57 tmu=0 addr=00001C00 evenodd=3 lod=4..4 aspect=-1 format=5 data=00D38AB0
90 pid=FFF0CCF3 t=5894850 grTexDownloadMipMap#58 tmu=0 addr=00001C80 evenodd=3 lod=4..4 aspect=-1 format=5 data=00D38AB0
91 pid=FFF0CCF3 t=5894850 grTexDownloadMipMap#59 tmu=0 addr=00001D00 evenodd=3 lod=4..4 aspect=-1 format=5 data=00D38AB0
92 pid=FFF0CCF3 t=5894850 grTexDownloadMipMap#60 tmu=0 addr=00001D80 evenodd=3 lod=4..4 aspect=-1 format=5 data=00D38AB0
93 pid=FFF0CCF3 t=5894850 grTexDownloadMipMap#61 tmu=0 addr=00001E00 evenodd=3 lod=4..4 aspect=-1 format=5 data=00D38AB0
94 pid=FFF0CCF3 t=5894850 grTexDownloadMipMap#62 tmu=0 addr=00001E80 evenodd=3 lod=4..4 aspect=-1 format=5 data=00D38AB0
95 pid=FFF0CCF3 t=5894855 grTexDownloadMipMap#63 tmu=0 addr=00001F00 evenodd=3 lod=4..4 aspect=-1 format=5 data=00D38AB0
96 pid=FFF0CCF3 t=5894856 grTexDownloadMipMap#64 tmu=0 addr=00001F80 evenodd=3 lod=4..4 aspect=-1 format=5 data=00D38AB0
97 pid=FFF0CCF3 t=5894856 grTexDownloadMipMap#65 tmu=0 addr=00002000 evenodd=3 lod=4..4 aspect=-1 format=5 data=00D38AB0
98 pid=FFF0CCF3 t=5894856 grTexDownloadMipMap#66 tmu=0 addr=00002080 evenodd=3 lod=4..4 aspect=-1 format=5 data=00D38AB0
99 pid=FFF0CCF3 t=5894856 grTexDownloadMipMap#67 tmu=0 addr=00002100 evenodd=3 lod=4..4 aspect=-1 format=5 data=00D38AB0
100 pid=FFF0CCF3 t=5894856 grTexDownloadMipMap#68 tmu=0 addr=00002180 evenodd=3 lod=4..4 aspect=-1 format=5 data=00D38AB0
101 pid=FFF0CCF3 t=5894856 grTexDownloadMipMap#69 tmu=0 addr=00002200 evenodd=3 lod=4..4 aspect=-1 format=5 data=00D38AB0
102 pid=FFF0CCF3 t=5894856 grTexDownloadMipMap#70 tmu=0 addr=00002280 evenodd=3 lod=4..4 aspect=-1 format=5 data=00D38AB0
103 pid=FFF0CCF3 t=5894860 grTexDownloadMipMap#71 tmu=0 addr=00002300 evenodd=3 lod=4..4 aspect=-1 format=5 data=00D38AB0
104 pid=FFF0CCF3 t=5894860 grTexDownloadMipMap#72 tmu=0 addr=00002380 evenodd=3 lod=4..4 aspect=-1 format=5 data=00D38AB0
105 pid=FFF0CCF3 t=5894860 grTexDownloadMipMap#73 tmu=0 addr=00002400 evenodd=3 lod=4..4 aspect=-1 format=5 data=00D38AB0
106 pid=FFF0CCF3 t=5894860 grTexDownloadMipMap#74 tmu=0 addr=00002480 evenodd=3 lod=4..4 aspect=-1 format=5 data=00D38AB0
107 pid=FFF0CCF3 t=5894860 grTexDownloadMipMap#75 tmu=0 addr=00002500 evenodd=3 lod=4..4 aspect=-1 format=5 data=00D38AB0
108 pid=FFF0CCF3 t=5894860 grTexDownloadMipMap#76 tmu=0 addr=00002580 evenodd=3 lod=4..4 aspect=-1 format=5 data=00D38AB0
109 pid=FFF0CCF3 t=5894860 grTexDownloadMipMap#77 tmu=0 addr=00002600 evenodd=3 lod=4..4 aspect=-1 format=5 data=00D38AB0
110 pid=FFF0CCF3 t=5894860 grTexDownloadMipMap#78 tmu=0 addr=00002680 evenodd=3 lod=4..4 aspect=-1 format=5 data=00D38AB0
111 pid=FFF0CCF3 t=5894865 grTexDownloadMipMap#79 tmu=0 addr=00002700 evenodd=3 lod=4..4 aspect=-1 format=5 data=00D38AB0
112 pid=FFF0CCF3 t=5894865 grTexDownloadMipMap#80 tmu=0 addr=00002780 evenodd=3 lod=4..4 aspect=-1 format=5 data=00D38AB0
113 pid=FFF0CCF3 t=5894865 grTexDownloadMipMap#81 tmu=0 addr=00002800 evenodd=3 lod=4..4 aspect=-1 format=5 data=00D38AB0
114 pid=FFF0CCF3 t=5894865 grTexDownloadMipMap#82 tmu=0 addr=00002880 evenodd=3 lod=4..4 aspect=-1 format=5 data=00D38AB0
115 pid=FFF0CCF3 t=5894865 grTexDownloadMipMap#83 tmu=0 addr=00002900 evenodd=3 lod=4..4 aspect=-1 format=5 data=00D38AB0
116 pid=FFF0CCF3 t=5894865 grTexDownloadMipMap#84 tmu=0 addr=00002980 evenodd=3 lod=4..4 aspect=-1 format=5 data=00D38AB0
117 pid=FFF0CCF3 t=5894865 grTexDownloadMipMap#85 tmu=0 addr=00002A00 evenodd=3 lod=4..4 aspect=-1 format=5 data=00D38AB0
118 pid=FFF0CCF3 t=5894865 grTexDownloadMipMap#86 tmu=0 addr=00002A80 evenodd=3 lod=4..4 aspect=-1 format=5 data=00D38AB0
119 pid=FFF0CCF3 t=5894865 grTexDownloadMipMap#87 tmu=0 addr=00002B00 evenodd=3 lod=4..4 aspect=-1 format=5 data=00D38AB0
120 pid=FFF0CCF3 t=5894870 grTexDownloadMipMap#88 tmu=0 addr=00002B80 evenodd=3 lod=4..4 aspect=-1 format=5 data=00D38AB0
121 pid=FFF0CCF3 t=5894870 grTexDownloadMipMap#89 tmu=0 addr=00002C00 evenodd=3 lod=4..4 aspect=-1 format=5 data=00D38AB0
122 pid=FFF0CCF3 t=5894870 grTexDownloadMipMap#90 tmu=0 addr=00002C80 evenodd=3 lod=4..4 aspect=-1 format=5 data=00D38AB0
123 pid=FFF0CCF3 t=5894870 grTexDownloadMipMap#91 tmu=0 addr=00002D00 evenodd=3 lod=4..4 aspect=-1 format=5 data=00D38AB0
124 pid=FFF0CCF3 t=5894870 grTexDownloadMipMap#92 tmu=0 addr=00002D80 evenodd=3 lod=4..4 aspect=-1 format=5 data=00D38AB0
125 pid=FFF0CCF3 t=5894870 grTexDownloadMipMap#93 tmu=0 addr=00002E00 evenodd=3 lod=4..4 aspect=-1 format=5 data=00D38AB0
126 pid=FFF0CCF3 t=5894870 grTexDownloadMipMap#94 tmu=0 addr=00002E80 evenodd=3 lod=4..4 aspect=-1 format=5 data=00D38AB0
127 pid=FFF0CCF3 t=5894870 grTexDownloadMipMap#95 tmu=0 addr=00002F00 evenodd=3 lod=4..4 aspect=-1 format=5 data=00D38AB0
128 pid=FFF0CCF3 t=5894875 grTexDownloadMipMap#96 tmu=0 addr=00002F80 evenodd=3 lod=4..4 aspect=-1 format=5 data=00D38AB0
129 pid=FFF0CCF3 t=5894921 grBufferClear#1 color=00000000 alpha=00 depth=0000
130 pid=FFF0CCF3 t=5894921 grBufferSwap#1 interval=1
131 pid=FFF0CCF3 t=5894936 capture frame after swap 1
132 pid=FFF0CCF3 t=5894936 grGet#8 pname=05 -> 256 (4 bytes)
133 pid=FFF0CCF3 t=5894936 grGet#9 pname=2A -> 8 (4 bytes)
134 pid=FFF0CCF3 t=5894936 grLoadGammaTable#1 entries=256 r=02ED0090 g=02ED0090 b=02ED0090 (ignored)
135 pid=FFF0CCF3 t=5894990 grTexDownloadTable#1 type=2 sum=994A8D17 first=FF000000 FF240000 FF1C1808 FF2C2410
136 pid=FFF0CCF3 t=5894990 grTexDownloadTable#2 type=2 sum=994A8D17 first=FF000000 FF240000 FF1C1808 FF2C2410
137 pid=FFF0CCF3 t=5895376 grTexDownloadTable#3 type=2 sum=994A8D17 first=FF000000 FF240000 FF1C1808 FF2C2410
138 pid=FFF0CCF3 t=5895376 grTexDownloadTable#4 type=2 sum=994A8D17 first=FF000000 FF240000 FF1C1808 FF2C2410
139 pid=FFF0CCF3 t=5895376 grFinish#1 
140 pid=FFF0CCF3 t=5895376 grSstWinClose#1 context=1
141 pid=FFF0CCF3 t=5895376 census winclose swaps=1
142 pid=FFF0CCF3 t=5895376 census   draws: drawn=2 refused=0 culled=0 skipped-textured=0
143 pid=FFF0CCF3 t=5895376 census   draws: fog-dropped=0 uploads=0 surface-hits=0 evictions=0
144 pid=FFF0CCF3 t=5895376 census   cycles(Mc): frame=0 entry=0 prepare=0 upload=0 submit=0 swap=15 clear=0 batches=1
145 pid=FFF0CCF3 t=5895376 census   batch ends: full=0 texture=0 state=0
146 pid=FFF0CCF3 t=5895376 census   grBufferClear calls=1 lines=1
147 pid=FFF0CCF3 t=5895376 census   grBufferSwap calls=1 lines=1
148 pid=FFF0CCF3 t=5895376 census   grChromakeyValue calls=1 lines=1
149 pid=FFF0CCF3 t=5895376 census   grColorMask calls=1 lines=1
150 pid=FFF0CCF3 t=5895376 census   grCoordinateSpace calls=1 lines=1
151 pid=FFF0CCF3 t=5895376 census   grDepthMask calls=1 lines=1
152 pid=FFF0CCF3 t=5895376 census   grFinish calls=1 lines=1
153 pid=FFF0CCF3 t=5895376 census   grGet calls=9 lines=9
154 pid=FFF0CCF3 t=5895376 census   grGetString calls=4 lines=4
155 pid=FFF0CCF3 t=5895376 census   grGlideInit calls=1 lines=1
156 pid=FFF0CCF3 t=5895376 census   grLoadGammaTable calls=1 lines=1
157 pid=FFF0CCF3 t=5895376 census   grSstSelect calls=1 lines=1
158 pid=FFF0CCF3 t=5895376 census   grSstWinClose calls=1 lines=1
159 pid=FFF0CCF3 t=5895376 census   grSstWinOpen calls=1 lines=1
160 pid=FFF0CCF3 t=5895376 census   grTexCombine calls=2 lines=2
161 pid=FFF0CCF3 t=5895376 census   grTexDownloadMipMap calls=96 lines=96
162 pid=FFF0CCF3 t=5895376 census   grTexDownloadTable calls=4 lines=4
163 pid=FFF0CCF3 t=5895376 census   grTexFilterMode calls=1 lines=1
164 pid=FFF0CCF3 t=5895376 census   grTexMaxAddress calls=1 lines=1
165 pid=FFF0CCF3 t=5895376 census   grTexMinAddress calls=1 lines=1
166 pid=FFF0CCF3 t=5895380 census   grVertexLayout calls=4 lines=4
167 pid=FFF0CCF3 t=5897140 device: closed
168 pid=FFF0CCF3 t=5897140 grGlideShutdown#1 
169 pid=FFF0CCF3 t=5897140 census shutdown swaps=1
170 pid=FFF0CCF3 t=5897140 census   draws: drawn=2 refused=0 culled=0 skipped-textured=0
171 pid=FFF0CCF3 t=5897140 census   draws: fog-dropped=0 uploads=0 surface-hits=0 evictions=0
172 pid=FFF0CCF3 t=5897140 census   cycles(Mc): frame=0 entry=0 prepare=0 upload=0 submit=0 swap=0 clear=0 batches=0
173 pid=FFF0CCF3 t=5897140 census   batch ends: full=0 texture=0 state=0
174 pid=FFF0CCF3 t=5897140 census   grBufferClear calls=1 lines=1
175 pid=FFF0CCF3 t=5897140 census   grBufferSwap calls=1 lines=1
176 pid=FFF0CCF3 t=5897140 census   grChromakeyValue calls=1 lines=1
177 pid=FFF0CCF3 t=5897140 census   grColorMask calls=1 lines=1
178 pid=FFF0CCF3 t=5897140 census   grCoordinateSpace calls=1 lines=1
179 pid=FFF0CCF3 t=5897140 census   grDepthMask calls=1 lines=1
180 pid=FFF0CCF3 t=5897140 census   grFinish calls=1 lines=1
181 pid=FFF0CCF3 t=5897140 census   grGet calls=9 lines=9
182 pid=FFF0CCF3 t=5897140 census   grGetString calls=4 lines=4
183 pid=FFF0CCF3 t=5897140 census   grGlideInit calls=1 lines=1
184 pid=FFF0CCF3 t=5897140 census   grGlideShutdown calls=1 lines=1
185 pid=FFF0CCF3 t=5897140 census   grLoadGammaTable calls=1 lines=1
186 pid=FFF0CCF3 t=5897140 census   grSstSelect calls=1 lines=1
187 pid=FFF0CCF3 t=5897140 census   grSstWinClose calls=1 lines=1
188 pid=FFF0CCF3 t=5897140 census   grSstWinOpen calls=1 lines=1
189 pid=FFF0CCF3 t=5897140 census   grTexCombine calls=2 lines=2
190 pid=FFF0CCF3 t=5897140 census   grTexDownloadMipMap calls=96 lines=96
191 pid=FFF0CCF3 t=5897140 census   grTexDownloadTable calls=4 lines=4
192 pid=FFF0CCF3 t=5897140 census   grTexFilterMode calls=1 lines=1
193 pid=FFF0CCF3 t=5897140 census   grTexMaxAddress calls=1 lines=1
194 pid=FFF0CCF3 t=5897140 census   grTexMinAddress calls=1 lines=1
195 pid=FFF0CCF3 t=5897140 census   grVertexLayout calls=4 lines=4
196 pid=FFF0CCF3 t=5897140 grGlideInit#2 
197 pid=FFF0CCF3 t=5897140 grSstSelect#2 sst=0
198 pid=FFF0CCF3 t=5897170 device: window=00000518 ours=0
199 pid=FFF0CCF3 t=5899221 device: describe result=0 engine=4 generation=23
200 pid=FFF0CCF3 t=5899221 device: target formats=00000002 texture formats=0000001A hw max=256
201 pid=FFF0CCF3 t=5899221 device: open 640x480 buffers=3
202 pid=FFF0CCF3 t=5899221 grSstWinOpen#2 hwnd=00000518 res=7 refresh=0 cformat=2 origin=0 colbuf=2 auxbuf=0 -> 1
203 pid=FFF0CCF3 t=5899221 grCoordinateSpace#2 mode=0
204 pid=FFF0CCF3 t=5899221 grVertexLayout#5 param=01 offset=0 mode=1
205 pid=FFF0CCF3 t=5899225 grVertexLayout#6 param=50 offset=12 mode=1
206 pid=FFF0CCF3 t=5899225 grVertexLayout#7 param=40 offset=16 mode=1
207 pid=FFF0CCF3 t=5899225 grVertexLayout#8 param=30 offset=8 mode=1
208 pid=FFF0CCF3 t=5899225 grDepthMask#2 enable=00000000
209 pid=FFF0CCF3 t=5899225 grColorMask#2 rgb=1 alpha=0 (ignored)
210 pid=FFF0CCF3 t=5899225 grTexFilterMode#2 tmu=0 min=0 mag=0
211 pid=FFF0CCF3 t=5899225 grTexCombine#3 tmu=0 rgb=1,0 alpha=1,0 invert=0,0
212 pid=FFF0CCF3 t=5899225 grChromakeyValue#2 color=000000FF
213 pid=FFF0CCF3 t=5899225 grTexMinAddress#2 tmu=0 -> 0
214 pid=FFF0CCF3 t=5899225 grTexMaxAddress#2 tmu=0 -> 003E0000
215 pid=FFF0CCF3 t=5899225 grTexDownloadMipMap#97 tmu=0 addr=00000000 evenodd=3 lod=4..4 aspect=-1 format=5 data=00D3FAB0
216 pid=FFF0CCF3 t=5899225 grTexDownloadMipMap#98 tmu=0 addr=00000080 evenodd=3 lod=4..4 aspect=-1 format=5 data=00D3FAB0
217 pid=FFF0CCF3 t=5899225 grTexDownloadMipMap#99 tmu=0 addr=00000100 evenodd=3 lod=4..4 aspect=-1 format=5 data=00D3FAB0
218 pid=FFF0CCF3 t=5899225 grTexDownloadMipMap#100 tmu=0 addr=00000180 evenodd=3 lod=4..4 aspect=-1 format=5 data=00D3FAB0
219 pid=FFF0CCF3 t=5899225 grTexDownloadMipMap#101 tmu=0 addr=00000200 evenodd=3 lod=4..4 aspect=-1 format=5 data=00D3FAB0
220 pid=FFF0CCF3 t=5899230 grTexDownloadMipMap#102 tmu=0 addr=00000280 evenodd=3 lod=4..4 aspect=-1 format=5 data=00D3FAB0
221 pid=FFF0CCF3 t=5899230 grTexDownloadMipMap#103 tmu=0 addr=00000300 evenodd=3 lod=4..4 aspect=-1 format=5 data=00D3FAB0
222 pid=FFF0CCF3 t=5899230 grTexDownloadMipMap#104 tmu=0 addr=00000380 evenodd=3 lod=4..4 aspect=-1 format=5 data=00D3FAB0
223 pid=FFF0CCF3 t=5899230 grTexDownloadMipMap#105 tmu=0 addr=00000400 evenodd=3 lod=4..4 aspect=-1 format=5 data=00D3FAB0
224 pid=FFF0CCF3 t=5899230 grTexDownloadMipMap#106 tmu=0 addr=00000480 evenodd=3 lod=4..4 aspect=-1 format=5 data=00D3FAB0
225 pid=FFF0CCF3 t=5899230 grTexDownloadMipMap#107 tmu=0 addr=00000500 evenodd=3 lod=4..4 aspect=-1 format=5 data=00D3FAB0
226 pid=FFF0CCF3 t=5899230 grTexDownloadMipMap#108 tmu=0 addr=00000580 evenodd=3 lod=4..4 aspect=-1 format=5 data=00D3FAB0
227 pid=FFF0CCF3 t=5899230 grTexDownloadMipMap#109 tmu=0 addr=00000600 evenodd=3 lod=4..4 aspect=-1 format=5 data=00D3FAB0
228 pid=FFF0CCF3 t=5899235 grTexDownloadMipMap#110 tmu=0 addr=00000680 evenodd=3 lod=4..4 aspect=-1 format=5 data=00D3FAB0
229 pid=FFF0CCF3 t=5899235 grTexDownloadMipMap#111 tmu=0 addr=00000700 evenodd=3 lod=4..4 aspect=-1 format=5 data=00D3FAB0
230 pid=FFF0CCF3 t=5899235 grTexDownloadMipMap#112 tmu=0 addr=00000780 evenodd=3 lod=4..4 aspect=-1 format=5 data=00D3FAB0
231 pid=FFF0CCF3 t=5899235 grTexDownloadMipMap#113 tmu=0 addr=00000800 evenodd=3 lod=4..4 aspect=-1 format=5 data=00D3FAB0
232 pid=FFF0CCF3 t=5899235 grTexDownloadMipMap#114 tmu=0 addr=00000880 evenodd=3 lod=4..4 aspect=-1 format=5 data=00D3FAB0
233 pid=FFF0CCF3 t=5899235 grTexDownloadMipMap#115 tmu=0 addr=00000900 evenodd=3 lod=4..4 aspect=-1 format=5 data=00D3FAB0
234 pid=FFF0CCF3 t=5899235 grTexDownloadMipMap#116 tmu=0 addr=00000980 evenodd=3 lod=4..4 aspect=-1 format=5 data=00D3FAB0
235 pid=FFF0CCF3 t=5899235 grTexDownloadMipMap#117 tmu=0 addr=00000A00 evenodd=3 lod=4..4 aspect=-1 format=5 data=00D3FAB0
236 pid=FFF0CCF3 t=5899240 grTexDownloadMipMap#118 tmu=0 addr=00000A80 evenodd=3 lod=4..4 aspect=-1 format=5 data=00D3FAB0
237 pid=FFF0CCF3 t=5899240 grTexDownloadMipMap#119 tmu=0 addr=00000B00 evenodd=3 lod=4..4 aspect=-1 format=5 data=00D3FAB0
238 pid=FFF0CCF3 t=5899240 grTexDownloadMipMap#120 tmu=0 addr=00000B80 evenodd=3 lod=4..4 aspect=-1 format=5 data=00D3FAB0
239 pid=FFF0CCF3 t=5899240 grTexDownloadMipMap#121 tmu=0 addr=00000C00 evenodd=3 lod=4..4 aspect=-1 format=5 data=00D3FAB0
240 pid=FFF0CCF3 t=5899240 grTexDownloadMipMap#122 tmu=0 addr=00000C80 evenodd=3 lod=4..4 aspect=-1 format=5 data=00D3FAB0
241 pid=FFF0CCF3 t=5899240 grTexDownloadMipMap#123 tmu=0 addr=00000D00 evenodd=3 lod=4..4 aspect=-1 format=5 data=00D3FAB0
242 pid=FFF0CCF3 t=5899240 grTexDownloadMipMap#124 tmu=0 addr=00000D80 evenodd=3 lod=4..4 aspect=-1 format=5 data=00D3FAB0
243 pid=FFF0CCF3 t=5899240 grTexDownloadMipMap#125 tmu=0 addr=00000E00 evenodd=3 lod=4..4 aspect=-1 format=5 data=00D3FAB0
244 pid=FFF0CCF3 t=5899240 grTexDownloadMipMap#126 tmu=0 addr=00000E80 evenodd=3 lod=4..4 aspect=-1 format=5 data=00D3FAB0
245 pid=FFF0CCF3 t=5899245 grTexDownloadMipMap#127 tmu=0 addr=00000F00 evenodd=3 lod=4..4 aspect=-1 format=5 data=00D3FAB0
246 pid=FFF0CCF3 t=5899246 grTexDownloadMipMap#128 tmu=0 addr=00000F80 evenodd=3 lod=4..4 aspect=-1 format=5 data=00D3FAB0
247 pid=FFF0CCF3 t=5899246 grTexDownloadMipMap#129 tmu=0 addr=00001000 evenodd=3 lod=4..4 aspect=-1 format=5 data=00D3FAB0
248 pid=FFF0CCF3 t=5899246 grTexDownloadMipMap#130 tmu=0 addr=00001080 evenodd=3 lod=4..4 aspect=-1 format=5 data=00D3FAB0
249 pid=FFF0CCF3 t=5899246 grTexDownloadMipMap#131 tmu=0 addr=00001100 evenodd=3 lod=4..4 aspect=-1 format=5 data=00D3FAB0
250 pid=FFF0CCF3 t=5899246 grTexDownloadMipMap#132 tmu=0 addr=00001180 evenodd=3 lod=4..4 aspect=-1 format=5 data=00D3FAB0
251 pid=FFF0CCF3 t=5899246 grTexDownloadMipMap#133 tmu=0 addr=00001200 evenodd=3 lod=4..4 aspect=-1 format=5 data=00D3FAB0
252 pid=FFF0CCF3 t=5899246 grTexDownloadMipMap#134 tmu=0 addr=00001280 evenodd=3 lod=4..4 aspect=-1 format=5 data=00D3FAB0
253 pid=FFF0CCF3 t=5899250 grTexDownloadMipMap#135 tmu=0 addr=00001300 evenodd=3 lod=4..4 aspect=-1 format=5 data=00D3FAB0
254 pid=FFF0CCF3 t=5899250 grTexDownloadMipMap#136 tmu=0 addr=00001380 evenodd=3 lod=4..4 aspect=-1 format=5 data=00D3FAB0
255 pid=FFF0CCF3 t=5899250 grTexDownloadMipMap#137 tmu=0 addr=00001400 evenodd=3 lod=4..4 aspect=-1 format=5 data=00D3FAB0
256 pid=FFF0CCF3 t=5899250 grTexDownloadMipMap#138 tmu=0 addr=00001480 evenodd=3 lod=4..4 aspect=-1 format=5 data=00D3FAB0
257 pid=FFF0CCF3 t=5899250 grTexDownloadMipMap#139 tmu=0 addr=00001500 evenodd=3 lod=4..4 aspect=-1 format=5 data=00D3FAB0
258 pid=FFF0CCF3 t=5899250 grTexDownloadMipMap#140 tmu=0 addr=00001580 evenodd=3 lod=4..4 aspect=-1 format=5 data=00D3FAB0
259 pid=FFF0CCF3 t=5899250 grTexDownloadMipMap#141 tmu=0 addr=00001600 evenodd=3 lod=4..4 aspect=-1 format=5 data=00D3FAB0
260 pid=FFF0CCF3 t=5899250 grTexDownloadMipMap#142 tmu=0 addr=00001680 evenodd=3 lod=4..4 aspect=-1 format=5 data=00D3FAB0
261 pid=FFF0CCF3 t=5899255 grTexDownloadMipMap#143 tmu=0 addr=00001700 evenodd=3 lod=4..4 aspect=-1 format=5 data=00D3FAB0
262 pid=FFF0CCF3 t=5899255 grTexDownloadMipMap#144 tmu=0 addr=00001780 evenodd=3 lod=4..4 aspect=-1 format=5 data=00D3FAB0
263 pid=FFF0CCF3 t=5899255 grTexDownloadMipMap#145 tmu=0 addr=00001800 evenodd=3 lod=4..4 aspect=-1 format=5 data=00D3FAB0
264 pid=FFF0CCF3 t=5899255 grTexDownloadMipMap#146 tmu=0 addr=00001880 evenodd=3 lod=4..4 aspect=-1 format=5 data=00D3FAB0
265 pid=FFF0CCF3 t=5899255 grTexDownloadMipMap#147 tmu=0 addr=00001900 evenodd=3 lod=4..4 aspect=-1 format=5 data=00D3FAB0
266 pid=FFF0CCF3 t=5899255 grTexDownloadMipMap#148 tmu=0 addr=00001980 evenodd=3 lod=4..4 aspect=-1 format=5 data=00D3FAB0
267 pid=FFF0CCF3 t=5899255 grTexDownloadMipMap#149 tmu=0 addr=00001A00 evenodd=3 lod=4..4 aspect=-1 format=5 data=00D3FAB0
268 pid=FFF0CCF3 t=5899255 grTexDownloadMipMap#150 tmu=0 addr=00001A80 evenodd=3 lod=4..4 aspect=-1 format=5 data=00D3FAB0
269 pid=FFF0CCF3 t=5899260 grTexDownloadMipMap#151 tmu=0 addr=00001B00 evenodd=3 lod=4..4 aspect=-1 format=5 data=00D3FAB0
270 pid=FFF0CCF3 t=5899260 grTexDownloadMipMap#152 tmu=0 addr=00001B80 evenodd=3 lod=4..4 aspect=-1 format=5 data=00D3FAB0
271 pid=FFF0CCF3 t=5899260 grTexDownloadMipMap#153 tmu=0 addr=00001C00 evenodd=3 lod=4..4 aspect=-1 format=5 data=00D3FAB0
272 pid=FFF0CCF3 t=5899260 grTexDownloadMipMap#154 tmu=0 addr=00001C80 evenodd=3 lod=4..4 aspect=-1 format=5 data=00D3FAB0
273 pid=FFF0CCF3 t=5899260 grTexDownloadMipMap#155 tmu=0 addr=00001D00 evenodd=3 lod=4..4 aspect=-1 format=5 data=00D3FAB0
274 pid=FFF0CCF3 t=5899260 grTexDownloadMipMap#156 tmu=0 addr=00001D80 evenodd=3 lod=4..4 aspect=-1 format=5 data=00D3FAB0
275 pid=FFF0CCF3 t=5899260 grTexDownloadMipMap#157 tmu=0 addr=00001E00 evenodd=3 lod=4..4 aspect=-1 format=5 data=00D3FAB0
276 pid=FFF0CCF3 t=5899260 grTexDownloadMipMap#158 tmu=0 addr=00001E80 evenodd=3 lod=4..4 aspect=-1 format=5 data=00D3FAB0
277 pid=FFF0CCF3 t=5899265 grTexDownloadMipMap#159 tmu=0 addr=00001F00 evenodd=3 lod=4..4 aspect=-1 format=5 data=00D3FAB0
278 pid=FFF0CCF3 t=5899265 grTexDownloadMipMap#160 tmu=0 addr=00001F80 evenodd=3 lod=4..4 aspect=-1 format=5 data=00D3FAB0
279 pid=FFF0CCF3 t=5899265 grTexDownloadMipMap#161 tmu=0 addr=00002000 evenodd=3 lod=4..4 aspect=-1 format=5 data=00D3FAB0
280 pid=FFF0CCF3 t=5899265 grTexDownloadMipMap#162 tmu=0 addr=00002080 evenodd=3 lod=4..4 aspect=-1 format=5 data=00D3FAB0
281 pid=FFF0CCF3 t=5899265 grTexDownloadMipMap#163 tmu=0 addr=00002100 evenodd=3 lod=4..4 aspect=-1 format=5 data=00D3FAB0
282 pid=FFF0CCF3 t=5899265 grTexDownloadMipMap#164 tmu=0 addr=00002180 evenodd=3 lod=4..4 aspect=-1 format=5 data=00D3FAB0
283 pid=FFF0CCF3 t=5899265 grTexDownloadMipMap#165 tmu=0 addr=00002200 evenodd=3 lod=4..4 aspect=-1 format=5 data=00D3FAB0
284 pid=FFF0CCF3 t=5899265 grTexDownloadMipMap#166 tmu=0 addr=00002280 evenodd=3 lod=4..4 aspect=-1 format=5 data=00D3FAB0
285 pid=FFF0CCF3 t=5899270 grTexDownloadMipMap#167 tmu=0 addr=00002300 evenodd=3 lod=4..4 aspect=-1 format=5 data=00D3FAB0
286 pid=FFF0CCF3 t=5899270 grTexDownloadMipMap#168 tmu=0 addr=00002380 evenodd=3 lod=4..4 aspect=-1 format=5 data=00D3FAB0
287 pid=FFF0CCF3 t=5899270 grTexDownloadMipMap#169 tmu=0 addr=00002400 evenodd=3 lod=4..4 aspect=-1 format=5 data=00D3FAB0
288 pid=FFF0CCF3 t=5899270 grTexDownloadMipMap#170 tmu=0 addr=00002480 evenodd=3 lod=4..4 aspect=-1 format=5 data=00D3FAB0
289 pid=FFF0CCF3 t=5899270 grTexDownloadMipMap#171 tmu=0 addr=00002500 evenodd=3 lod=4..4 aspect=-1 format=5 data=00D3FAB0
290 pid=FFF0CCF3 t=5899270 grTexDownloadMipMap#172 tmu=0 addr=00002580 evenodd=3 lod=4..4 aspect=-1 format=5 data=00D3FAB0
291 pid=FFF0CCF3 t=5899270 grTexDownloadMipMap#173 tmu=0 addr=00002600 evenodd=3 lod=4..4 aspect=-1 format=5 data=00D3FAB0
292 pid=FFF0CCF3 t=5899270 grTexDownloadMipMap#174 tmu=0 addr=00002680 evenodd=3 lod=4..4 aspect=-1 format=5 data=00D3FAB0
293 pid=FFF0CCF3 t=5899270 grTexDownloadMipMap#175 tmu=0 addr=00002700 evenodd=3 lod=4..4 aspect=-1 format=5 data=00D3FAB0
294 pid=FFF0CCF3 t=5899275 grTexDownloadMipMap#176 tmu=0 addr=00002780 evenodd=3 lod=4..4 aspect=-1 format=5 data=00D3FAB0
295 pid=FFF0CCF3 t=5899275 grTexDownloadMipMap#177 tmu=0 addr=00002800 evenodd=3 lod=4..4 aspect=-1 format=5 data=00D3FAB0
296 pid=FFF0CCF3 t=5899275 grTexDownloadMipMap#178 tmu=0 addr=00002880 evenodd=3 lod=4..4 aspect=-1 format=5 data=00D3FAB0
297 pid=FFF0CCF3 t=5899275 grTexDownloadMipMap#179 tmu=0 addr=00002900 evenodd=3 lod=4..4 aspect=-1 format=5 data=00D3FAB0
298 pid=FFF0CCF3 t=5899275 grTexDownloadMipMap#180 tmu=0 addr=00002980 evenodd=3 lod=4..4 aspect=-1 format=5 data=00D3FAB0
299 pid=FFF0CCF3 t=5899275 grTexDownloadMipMap#181 tmu=0 addr=00002A00 evenodd=3 lod=4..4 aspect=-1 format=5 data=00D3FAB0
300 pid=FFF0CCF3 t=5899275 grTexDownloadMipMap#182 tmu=0 addr=00002A80 evenodd=3 lod=4..4 aspect=-1 format=5 data=00D3FAB0
301 pid=FFF0CCF3 t=5899275 grTexDownloadMipMap#183 tmu=0 addr=00002B00 evenodd=3 lod=4..4 aspect=-1 format=5 data=00D3FAB0
302 pid=FFF0CCF3 t=5899280 grTexDownloadMipMap#184 tmu=0 addr=00002B80 evenodd=3 lod=4..4 aspect=-1 format=5 data=00D3FAB0
303 pid=FFF0CCF3 t=5899280 grTexDownloadMipMap#185 tmu=0 addr=00002C00 evenodd=3 lod=4..4 aspect=-1 format=5 data=00D3FAB0
304 pid=FFF0CCF3 t=5899280 grTexDownloadMipMap#186 tmu=0 addr=00002C80 evenodd=3 lod=4..4 aspect=-1 format=5 data=00D3FAB0
305 pid=FFF0CCF3 t=5899280 grTexDownloadMipMap#187 tmu=0 addr=00002D00 evenodd=3 lod=4..4 aspect=-1 format=5 data=00D3FAB0
306 pid=FFF0CCF3 t=5899280 grTexDownloadMipMap#188 tmu=0 addr=00002D80 evenodd=3 lod=4..4 aspect=-1 format=5 data=00D3FAB0
307 pid=FFF0CCF3 t=5899280 grTexDownloadMipMap#189 tmu=0 addr=00002E00 evenodd=3 lod=4..4 aspect=-1 format=5 data=00D3FAB0
308 pid=FFF0CCF3 t=5899280 grTexDownloadMipMap#190 tmu=0 addr=00002E80 evenodd=3 lod=4..4 aspect=-1 format=5 data=00D3FAB0
309 pid=FFF0CCF3 t=5899280 grTexDownloadMipMap#191 tmu=0 addr=00002F00 evenodd=3 lod=4..4 aspect=-1 format=5 data=00D3FAB0
310 pid=FFF0CCF3 t=5899285 grTexDownloadMipMap#192 tmu=0 addr=00002F80 evenodd=3 lod=4..4 aspect=-1 format=5 data=00D3FAB0
311 pid=FFF0CCF3 t=5899285 grBufferClear#2 color=00000000 alpha=00 depth=0000
312 pid=FFF0CCF3 t=5899285 grBufferSwap#2 interval=1
313 pid=FFF0CCF3 t=5899295 capture frame after swap 2
314 pid=FFF0CCF3 t=5899295 grGet#10 pname=05 -> 256 (4 bytes)
315 pid=FFF0CCF3 t=5899295 grGet#11 pname=2A -> 8 (4 bytes)
316 pid=FFF0CCF3 t=5899300 grLoadGammaTable#2 entries=256 r=02F10090 g=02F10090 b=02F10090 (ignored)
317 pid=FFF0CCF3 t=5899300 grBufferClear#3 color=00000000 alpha=00 depth=0000
318 pid=FFF0CCF3 t=5899300 grBufferSwap#3 interval=1
319 pid=FFF0CCF3 t=5899315 grBufferClear#4 color=00000000 alpha=00 depth=0000
320 pid=FFF0CCF3 t=5899315 grBufferSwap#4 interval=1
321 pid=FFF0CCF3 t=5899333 grFinish#2 
322 pid=FFF0CCF3 t=5899333 grSstWinClose#2 context=1
323 pid=FFF0CCF3 t=5899333 census winclose swaps=4
324 pid=FFF0CCF3 t=5899333 census   draws: drawn=8 refused=0 culled=0 skipped-textured=0
325 pid=FFF0CCF3 t=5899333 census   draws: fog-dropped=0 uploads=0 surface-hits=0 evictions=0
326 pid=FFF0CCF3 t=5899333 census   cycles(Mc): frame=104 entry=0 prepare=0 upload=0 submit=0 swap=41 clear=1 batches=3
327 pid=FFF0CCF3 t=5899333 census   batch ends: full=0 texture=0 state=0
328 pid=FFF0CCF3 t=5899333 census   grBufferClear calls=4 lines=4
329 pid=FFF0CCF3 t=5899333 census   grBufferSwap calls=4 lines=4
330 pid=FFF0CCF3 t=5899333 census   grChromakeyValue calls=2 lines=2
331 pid=FFF0CCF3 t=5899333 census   grColorMask calls=2 lines=2
332 pid=FFF0CCF3 t=5899333 census   grCoordinateSpace calls=2 lines=2
333 pid=FFF0CCF3 t=5899333 census   grDepthMask calls=2 lines=2
334 pid=FFF0CCF3 t=5899333 census   grFinish calls=2 lines=2
335 pid=FFF0CCF3 t=5899335 census   grGet calls=11 lines=11
336 pid=FFF0CCF3 t=5899335 census   grGetString calls=4 lines=4
337 pid=FFF0CCF3 t=5899335 census   grGlideInit calls=2 lines=2
338 pid=FFF0CCF3 t=5899335 census   grGlideShutdown calls=1 lines=1
339 pid=FFF0CCF3 t=5899335 census   grLoadGammaTable calls=2 lines=2
340 pid=FFF0CCF3 t=5899335 census   grSstSelect calls=2 lines=2
341 pid=FFF0CCF3 t=5899335 census   grSstWinClose calls=2 lines=2
342 pid=FFF0CCF3 t=5899335 census   grSstWinOpen calls=2 lines=2
343 pid=FFF0CCF3 t=5899335 census   grTexCombine calls=3 lines=3
344 pid=FFF0CCF3 t=5899335 census   grTexDownloadMipMap calls=192 lines=192
345 pid=FFF0CCF3 t=5899335 census   grTexDownloadTable calls=4 lines=4
346 pid=FFF0CCF3 t=5899335 census   grTexFilterMode calls=2 lines=2
347 pid=FFF0CCF3 t=5899335 census   grTexMaxAddress calls=2 lines=2
348 pid=FFF0CCF3 t=5899335 census   grTexMinAddress calls=2 lines=2
349 pid=FFF0CCF3 t=5899335 census   grVertexLayout calls=8 lines=8
350 pid=FFF0CCF3 t=5901098 device: closed
351 pid=FFF0CCF3 t=5901098 grGlideShutdown#2 
352 pid=FFF0CCF3 t=5901098 census shutdown swaps=4
353 pid=FFF0CCF3 t=5901098 census   draws: drawn=8 refused=0 culled=0 skipped-textured=0
354 pid=FFF0CCF3 t=5901098 census   draws: fog-dropped=0 uploads=0 surface-hits=0 evictions=0
355 pid=FFF0CCF3 t=5901098 census   cycles(Mc): frame=0 entry=0 prepare=0 upload=0 submit=0 swap=0 clear=0 batches=0
356 pid=FFF0CCF3 t=5901098 census   batch ends: full=0 texture=0 state=0
357 pid=FFF0CCF3 t=5901098 census   grBufferClear calls=4 lines=4
358 pid=FFF0CCF3 t=5901098 census   grBufferSwap calls=4 lines=4
359 pid=FFF0CCF3 t=5901098 census   grChromakeyValue calls=2 lines=2
360 pid=FFF0CCF3 t=5901098 census   grColorMask calls=2 lines=2
361 pid=FFF0CCF3 t=5901098 census   grCoordinateSpace calls=2 lines=2
362 pid=FFF0CCF3 t=5901098 census   grDepthMask calls=2 lines=2
363 pid=FFF0CCF3 t=5901098 census   grFinish calls=2 lines=2
364 pid=FFF0CCF3 t=5901098 census   grGet calls=11 lines=11
365 pid=FFF0CCF3 t=5901098 census   grGetString calls=4 lines=4
366 pid=FFF0CCF3 t=5901098 census   grGlideInit calls=2 lines=2
367 pid=FFF0CCF3 t=5901098 census   grGlideShutdown calls=2 lines=2
368 pid=FFF0CCF3 t=5901098 census   grLoadGammaTable calls=2 lines=2
369 pid=FFF0CCF3 t=5901098 census   grSstSelect calls=2 lines=2
370 pid=FFF0CCF3 t=5901100 census   grSstWinClose calls=2 lines=2
371 pid=FFF0CCF3 t=5901100 census   grSstWinOpen calls=2 lines=2
372 pid=FFF0CCF3 t=5901100 census   grTexCombine calls=3 lines=3
373 pid=FFF0CCF3 t=5901100 census   grTexDownloadMipMap calls=192 lines=192
374 pid=FFF0CCF3 t=5901100 census   grTexDownloadTable calls=4 lines=4
375 pid=FFF0CCF3 t=5901100 census   grTexFilterMode calls=2 lines=2
376 pid=FFF0CCF3 t=5901100 census   grTexMaxAddress calls=2 lines=2
377 pid=FFF0CCF3 t=5901100 census   grTexMinAddress calls=2 lines=2
378 pid=FFF0CCF3 t=5901100 census   grVertexLayout calls=8 lines=8
379 pid=FFF0CCF3 t=5901100 grGlideInit#3 
380 pid=FFF0CCF3 t=5901100 grSstSelect#3 sst=0
381 pid=FFF0CCF3 t=5901127 device: window=00000518 ours=0
382 pid=FFF0CCF3 t=5903180 device: describe result=0 engine=4 generation=24
383 pid=FFF0CCF3 t=5903180 device: target formats=00000002 texture formats=0000001A hw max=256
384 pid=FFF0CCF3 t=5903180 device: open 800x600 buffers=3
385 pid=FFF0CCF3 t=5903180 grSstWinOpen#3 hwnd=00000518 res=8 refresh=0 cformat=2 origin=0 colbuf=2 auxbuf=0 -> 1
386 pid=FFF0CCF3 t=5903180 grCoordinateSpace#3 mode=0
387 pid=FFF0CCF3 t=5903180 grVertexLayout#9 param=01 offset=0 mode=1
388 pid=FFF0CCF3 t=5903180 grVertexLayout#10 param=50 offset=12 mode=1
389 pid=FFF0CCF3 t=5903180 grVertexLayout#11 param=40 offset=16 mode=1
390 pid=FFF0CCF3 t=5903180 grVertexLayout#12 param=30 offset=8 mode=1
391 pid=FFF0CCF3 t=5903180 grDepthMask#3 enable=00000000
392 pid=FFF0CCF3 t=5903180 grColorMask#3 rgb=1 alpha=0 (ignored)
393 pid=FFF0CCF3 t=5903180 grTexFilterMode#3 tmu=0 min=0 mag=0
394 pid=FFF0CCF3 t=5903180 grTexCombine#4 tmu=0 rgb=1,0 alpha=1,0 invert=0,0
395 pid=FFF0CCF3 t=5903180 grChromakeyValue#3 color=000000FF
396 pid=FFF0CCF3 t=5903180 grTexMinAddress#3 tmu=0 -> 0
397 pid=FFF0CCF3 t=5903180 grTexMaxAddress#3 tmu=0 -> 003E0000
398 pid=FFF0CCF3 t=5903180 grBufferSwap#5 interval=1
399 pid=FFF0CCF3 t=5903200 grGet#12 pname=05 -> 256 (4 bytes)
400 pid=FFF0CCF3 t=5903200 grGet#13 pname=2A -> 8 (4 bytes)
401 pid=FFF0CCF3 t=5903200 grLoadGammaTable#3 entries=256 r=02F10090 g=02F10090 b=02F10090 (ignored)
402 pid=FFF0CCF3 t=5903200 grTexDownloadTable#5 type=2 sum=994A8D17 first=FF000000 FF240000 FF1C1808 FF2C2410
403 pid=FFF0CCF3 t=5903245 grTexDownloadTable#6 type=2 sum=8F1DBEF8 first=FF000000 FF240000 FF1C1808 FF2C2410
404 pid=FFF0CCF3 t=5903248 grChromakeyMode#1 mode=00000001
405 pid=FFF0CCF3 t=5903250 grTexDownloadMipMap#193 tmu=0 addr=00010000 evenodd=3 lod=8..8 aspect=0 format=5 data=02B30010
406 pid=FFF0CCF3 t=5903250 grTexSource#1 tmu=0 addr=00010000 evenodd=3 lod=8..8 aspect=0 format=5
407 pid=FFF0CCF3 t=5903250 grAlphaCombine#1 func=0 factor=0 local=1 other=2 invert=0
408 pid=FFF0CCF3 t=5903250 grAlphaBlendFunction#1 rgb=4,0 alpha=0,0
409 pid=FFF0CCF3 t=5903250 grColorCombine#1 func=3 factor=1 local=0 other=1 invert=0
410 pid=FFF0CCF3 t=5903250 unrecognized: color func=3 factor=1 local/other/invert=000100
411 pid=FFF0CCF3 t=5903250 unrecognized: alpha func=0 factor=0 local/other/invert=010200
412 pid=FFF0CCF3 t=5903250 unrecognized: tmu rgb/alpha=1/1 blend=0400
413 pid=FFF0CCF3 t=5903270 unrecognized: color func=3 factor=1 local/other/invert=000100
414 pid=FFF0CCF3 t=5903270 unrecognized: alpha func=0 factor=0 local/other/invert=010200
415 pid=FFF0CCF3 t=5903270 unrecognized: tmu rgb/alpha=1/1 blend=0400
416 pid=FFF0CCF3 t=5903270 grDrawVertexArrayContiguous#1 mode=5 count=4 stride=28 swap=5
417 pid=FFF0CCF3 t=5903270 grDrawVertexArrayContiguous#1   v0 00000000 00000000 FFFFFFFF 3F800000 00000000 00000000 00000000 00000000
418 pid=FFF0CCF3 t=5903270 grDitherMode#1 mode=00000002
419 pid=FFF0CCF3 t=5903275 grTexDownloadMipMap#194 tmu=0 addr=00020000 evenodd=3 lod=8..8 aspect=0 format=5 data=02B30010
420 pid=FFF0CCF3 t=5903275 grTexSource#2 tmu=0 addr=00020000 evenodd=3 lod=8..8 aspect=0 format=5
421 pid=FFF0CCF3 t=5903275 unrecognized: color func=3 factor=1 local/other/invert=000100
422 pid=FFF0CCF3 t=5903275 unrecognized: alpha func=0 factor=0 local/other/invert=010200
423 pid=FFF0CCF3 t=5903275 unrecognized: tmu rgb/alpha=1/1 blend=0400
424 pid=FFF0CCF3 t=5903290 unrecognized: color func=3 factor=1 local/other/invert=000100
425 pid=FFF0CCF3 t=5903290 unrecognized: alpha func=0 factor=0 local/other/invert=010200
426 pid=FFF0CCF3 t=5903290 unrecognized: tmu rgb/alpha=1/1 blend=0400
427 pid=FFF0CCF3 t=5903290 grDrawVertexArrayContiguous#2 mode=5 count=4 stride=28 swap=5
428 pid=FFF0CCF3 t=5903290 grDrawVertexArrayContiguous#2   v0 43800000 00000000 FFFFFFFF 3F800000 00000000 00000000 00000000 43800000
429 pid=FFF0CCF3 t=5903290 grTexDownloadMipMap#195 tmu=0 addr=00030000 evenodd=3 lod=8..8 aspect=0 format=5 data=02B30010
430 pid=FFF0CCF3 t=5903290 grTexSource#3 tmu=0 addr=00030000 evenodd=3 lod=8..8 aspect=0 format=5
431 pid=FFF0CCF3 t=5903295 unrecognized: color func=3 factor=1 local/other/invert=000100
432 pid=FFF0CCF3 t=5903295 unrecognized: alpha func=0 factor=0 local/other/invert=010200
433 pid=FFF0CCF3 t=5903295 unrecognized: tmu rgb/alpha=1/1 blend=0400
434 pid=FFF0CCF3 t=5903310 unrecognized: color func=3 factor=1 local/other/invert=000100
435 pid=FFF0CCF3 t=5903310 unrecognized: alpha func=0 factor=0 local/other/invert=010200
436 pid=FFF0CCF3 t=5903310 unrecognized: tmu rgb/alpha=1/1 blend=0400
437 pid=FFF0CCF3 t=5903310 grDrawVertexArrayContiguous#3 mode=5 count=4 stride=28 swap=5
438 pid=FFF0CCF3 t=5903310 grDrawVertexArrayContiguous#3   v0 44000000 00000000 FFFFFFFF 3F800000 00000000 00000000 00000000 44000000
439 pid=FFF0CCF3 t=5903310 grTexDownloadMipMap#196 tmu=0 addr=001F0000 evenodd=3 lod=8..8 aspect=-3 format=5 data=02B30010
440 pid=FFF0CCF3 t=5903310 grTexSource#4 tmu=0 addr=001F0000 evenodd=3 lod=8..8 aspect=-3 format=5
441 pid=FFF0CCF3 t=5903310 unrecognized: color func=3 factor=1 local/other/invert=000100
442 pid=FFF0CCF3 t=5903310 unrecognized: alpha func=0 factor=0 local/other/invert=010200
443 pid=FFF0CCF3 t=5903310 unrecognized: tmu rgb/alpha=1/1 blend=0400
444 pid=FFF0CCF3 t=5903310 unrecognized: color func=3 factor=1 local/other/invert=000100
445 pid=FFF0CCF3 t=5903315 unrecognized: alpha func=0 factor=0 local/other/invert=010200
446 pid=FFF0CCF3 t=5903315 unrecognized: tmu rgb/alpha=1/1 blend=0400
447 pid=FFF0CCF3 t=5903315 grDrawVertexArrayContiguous#4 mode=5 count=4 stride=28 swap=5
448 pid=FFF0CCF3 t=5903315 grDrawVertexArrayContiguous#4   v0 44400000 00000000 FFFFFFFF 3F800000 00000000 00000000 00000000 44400000
449 pid=FFF0CCF3 t=5903315 grTexDownloadMipMap#197 tmu=0 addr=00040000 evenodd=3 lod=8..8 aspect=0 format=5 data=02B30010
450 pid=FFF0CCF3 t=5903315 grTexSource#5 tmu=0 addr=00040000 evenodd=3 lod=8..8 aspect=0 format=5
451 pid=FFF0CCF3 t=5903315 unrecognized: color func=3 factor=1 local/other/invert=000100
452 pid=FFF0CCF3 t=5903315 unrecognized: alpha func=0 factor=0 local/other/invert=010200
453 pid=FFF0CCF3 t=5903315 unrecognized: tmu rgb/alpha=1/1 blend=0400
454 pid=FFF0CCF3 t=5903330 unrecognized: color func=3 factor=1 local/other/invert=000100
455 pid=FFF0CCF3 t=5903330 unrecognized: alpha func=0 factor=0 local/other/invert=010200
456 pid=FFF0CCF3 t=5903330 unrecognized: tmu rgb/alpha=1/1 blend=0400
457 pid=FFF0CCF3 t=5903330 grDrawVertexArrayContiguous#5 mode=5 count=4 stride=28 swap=5
458 pid=FFF0CCF3 t=5903330 grDrawVertexArrayContiguous#5   v0 00000000 43800000 FFFFFFFF 3F800000 00000000 00000000 00000000 00000000
459 pid=FFF0CCF3 t=5903335 grTexDownloadMipMap#198 tmu=0 addr=00050000 evenodd=3 lod=8..8 aspect=0 format=5 data=02B30010
460 pid=FFF0CCF3 t=5903335 grTexSource#6 tmu=0 addr=00050000 evenodd=3 lod=8..8 aspect=0 format=5
461 pid=FFF0CCF3 t=5903335 unrecognized: color func=3 factor=1 local/other/invert=000100
462 pid=FFF0CCF3 t=5903335 unrecognized: alpha func=0 factor=0 local/other/invert=010200
463 pid=FFF0CCF3 t=5903335 unrecognized: tmu rgb/alpha=1/1 blend=0400
464 pid=FFF0CCF3 t=5903350 unrecognized: color func=3 factor=1 local/other/invert=000100
465 pid=FFF0CCF3 t=5903350 unrecognized: alpha func=0 factor=0 local/other/invert=010200
466 pid=FFF0CCF3 t=5903350 unrecognized: tmu rgb/alpha=1/1 blend=0400
467 pid=FFF0CCF3 t=5903350 grDrawVertexArrayContiguous#6 mode=5 count=4 stride=28 swap=5
468 pid=FFF0CCF3 t=5903350 grDrawVertexArrayContiguous#6   v0 43800000 43800000 FFFFFFFF 3F800000 00000000 00000000 00000000 43800000
469 pid=FFF0CCF3 t=5903355 grTexDownloadMipMap#199 tmu=0 addr=00060000 evenodd=3 lod=8..8 aspect=0 format=5 data=02B30010
470 pid=FFF0CCF3 t=5903355 grTexSource#7 tmu=0 addr=00060000 evenodd=3 lod=8..8 aspect=0 format=5
471 pid=FFF0CCF3 t=5903355 unrecognized: color func=3 factor=1 local/other/invert=000100
472 pid=FFF0CCF3 t=5903355 unrecognized: alpha func=0 factor=0 local/other/invert=010200
473 pid=FFF0CCF3 t=5903355 unrecognized: tmu rgb/alpha=1/1 blend=0400
474 pid=FFF0CCF3 t=5903370 unrecognized: color func=3 factor=1 local/other/invert=000100
475 pid=FFF0CCF3 t=5903370 unrecognized: alpha func=0 factor=0 local/other/invert=010200
476 pid=FFF0CCF3 t=5903370 unrecognized: tmu rgb/alpha=1/1 blend=0400
477 pid=FFF0CCF3 t=5903370 grDrawVertexArrayContiguous#7 mode=5 count=4 stride=28 swap=5
478 pid=FFF0CCF3 t=5903370 grDrawVertexArrayContiguous#7   v0 44000000 43800000 FFFFFFFF 3F800000 00000000 00000000 00000000 44000000
479 pid=FFF0CCF3 t=5903370 grTexDownloadMipMap#200 tmu=0 addr=001F4000 evenodd=3 lod=8..8 aspect=-3 format=5 data=02B30010
480 pid=FFF0CCF3 t=5903370 grTexSource#8 tmu=0 addr=001F4000 evenodd=3 lod=8..8 aspect=-3 format=5
481 pid=FFF0CCF3 t=5903370 unrecognized: color func=3 factor=1 local/other/invert=000100
482 pid=FFF0CCF3 t=5903370 unrecognized: alpha func=0 factor=0 local/other/invert=010200
483 pid=FFF0CCF3 t=5903370 unrecognized: tmu rgb/alpha=1/1 blend=0400
484 pid=FFF0CCF3 t=5903370 unrecognized: color func=3 factor=1 local/other/invert=000100
485 pid=FFF0CCF3 t=5903370 unrecognized: alpha func=0 factor=0 local/other/invert=010200
486 pid=FFF0CCF3 t=5903370 unrecognized: tmu rgb/alpha=1/1 blend=0400
487 pid=FFF0CCF3 t=5903370 grDrawVertexArrayContiguous#8 mode=5 count=4 stride=28 swap=5
488 pid=FFF0CCF3 t=5903370 grDrawVertexArrayContiguous#8   v0 44400000 43800000 FFFFFFFF 3F800000 00000000 00000000 00000000 44400000
489 pid=FFF0CCF3 t=5903375 grTexDownloadMipMap#201 tmu=0 addr=00070000 evenodd=3 lod=8..8 aspect=1 format=5 data=02B30010
490 pid=FFF0CCF3 t=5903375 grTexSource#9 tmu=0 addr=00070000 evenodd=3 lod=8..8 aspect=1 format=5
491 pid=FFF0CCF3 t=5903380 grDrawVertexArrayContiguous#9 mode=5 count=4 stride=28 swap=5
492 pid=FFF0CCF3 t=5903380 grDrawVertexArrayContiguous#9   v0 00000000 43FF8000 FFFFFFFF 3F800000 00000000 42200000 00000000 00000000
493 pid=FFF0CCF3 t=5903385 grTexDownloadMipMap#202 tmu=0 addr=00080000 evenodd=3 lod=8..8 aspect=1 format=5 data=02B30010
494 pid=FFF0CCF3 t=5903385 grTexSource#10 tmu=0 addr=00080000 evenodd=3 lod=8..8 aspect=1 format=5
495 pid=FFF0CCF3 t=5903390 grDrawVertexArrayContiguous#10 mode=5 count=4 stride=28 swap=5
496 pid=FFF0CCF3 t=5903390 grDrawVertexArrayContiguous#10   v0 43800000 43FF8000 FFFFFFFF 3F800000 00000000 42200000 00000000 43800000
497 pid=FFF0CCF3 t=5903395 grTexDownloadMipMap#203 tmu=0 addr=00090000 evenodd=3 lod=8..8 aspect=1 format=5 data=02B30010
498 pid=FFF0CCF3 t=5903395 grTexSource#11 tmu=0 addr=00090000 evenodd=3 lod=8..8 aspect=1 format=5
499 pid=FFF0CCF3 t=5903400 grDrawVertexArrayContiguous#11 mode=5 count=4 stride=28 swap=5
500 pid=FFF0CCF3 t=5903400 grDrawVertexArrayContiguous#11   v0 44000000 43FF8000 FFFFFFFF 3F800000 00000000 42200000 00000000 44000000
501 pid=FFF0CCF3 t=5903400 grTexDownloadMipMap#204 tmu=0 addr=002EC000 evenodd=3 lod=7..7 aspect=-2 format=5 data=02B30010
502 pid=FFF0CCF3 t=5903405 grTexSource#12 tmu=0 addr=002EC000 evenodd=3 lod=7..7 aspect=-2 format=5
503 pid=FFF0CCF3 t=5903405 grDrawVertexArrayContiguous#12 mode=5 count=4 stride=28 swap=5
504 pid=FFF0CCF3 t=5903405 grDrawVertexArrayContiguous#12   v0 44400000 43FF8000 FFFFFFFF 3F800000 00000000 42A00000 00000000 44400000
505 pid=FFF0CCF3 t=5903405 grBufferSwap#6 interval=1
506 pid=FFF0CCF3 t=5903415 grDrawVertexArrayContiguous#13 mode=5 count=4 stride=28 swap=6
507 pid=FFF0CCF3 t=5903415 grDrawVertexArrayContiguous#13   v0 00000000 00000000 FFFFFFFF 3F800000 00000000 00000000 00000000 00000000
508 pid=FFF0CCF3 t=5903415 grDrawVertexArrayContiguous#14 mode=5 count=4 stride=28 swap=6
509 pid=FFF0CCF3 t=5903415 grDrawVertexArrayContiguous#14   v0 43800000 00000000 FFFFFFFF 3F800000 00000000 00000000 00000000 43800000
510 pid=FFF0CCF3 t=5903415 grDrawVertexArrayContiguous#15 mode=5 count=4 stride=28 swap=6
511 pid=FFF0CCF3 t=5903415 grDrawVertexArrayContiguous#15   v0 44000000 00000000 FFFFFFFF 3F800000 00000000 00000000 00000000 44000000
512 pid=FFF0CCF3 t=5903415 grDrawVertexArrayContiguous#16 mode=5 count=4 stride=28 swap=6
513 pid=FFF0CCF3 t=5903420 grDrawVertexArrayContiguous#16   v0 44400000 00000000 FFFFFFFF 3F800000 00000000 00000000 00000000 44400000
514 pid=FFF0CCF3 t=5903420 grDrawVertexArrayContiguous#17 mode=5 count=4 stride=28 swap=6
515 pid=FFF0CCF3 t=5903420 grDrawVertexArrayContiguous#17   v0 00000000 43800000 FFFFFFFF 3F800000 00000000 00000000 00000000 00000000
516 pid=FFF0CCF3 t=5903420 grDrawVertexArrayContiguous#18 mode=5 count=4 stride=28 swap=6
517 pid=FFF0CCF3 t=5903420 grDrawVertexArrayContiguous#18   v0 43800000 43800000 FFFFFFFF 3F800000 00000000 00000000 00000000 43800000
518 pid=FFF0CCF3 t=5903420 grDrawVertexArrayContiguous#19 mode=5 count=4 stride=28 swap=6
519 pid=FFF0CCF3 t=5903420 grDrawVertexArrayContiguous#19   v0 44000000 43800000 FFFFFFFF 3F800000 00000000 00000000 00000000 44000000
520 pid=FFF0CCF3 t=5903430 grDrawVertexArrayContiguous#20 mode=5 count=4 stride=28 swap=6
521 pid=FFF0CCF3 t=5903430 grDrawVertexArrayContiguous#20   v0 44400000 43800000 FFFFFFFF 3F800000 00000000 00000000 00000000 44400000
522 pid=FFF0CCF3 t=5903430 grDrawVertexArrayContiguous#21 mode=5 count=4 stride=28 swap=6
523 pid=FFF0CCF3 t=5903430 grDrawVertexArrayContiguous#21   v0 00000000 43FF8000 FFFFFFFF 3F800000 00000000 42200000 00000000 00000000
524 pid=FFF0CCF3 t=5903430 grDrawVertexArrayContiguous#22 mode=5 count=4 stride=28 swap=6
525 pid=FFF0CCF3 t=5903430 grDrawVertexArrayContiguous#22   v0 43800000 43FF8000 FFFFFFFF 3F800000 00000000 42200000 00000000 43800000
526 pid=FFF0CCF3 t=5903434 grDrawVertexArrayContiguous#23 mode=5 count=4 stride=28 swap=6
527 pid=FFF0CCF3 t=5903434 grDrawVertexArrayContiguous#23   v0 44000000 43FF8000 FFFFFFFF 3F800000 00000000 42200000 00000000 44000000
528 pid=FFF0CCF3 t=5903434 grDrawVertexArrayContiguous#24 mode=5 count=4 stride=28 swap=6
529 pid=FFF0CCF3 t=5903434 grDrawVertexArrayContiguous#24   v0 44400000 43FF8000 FFFFFFFF 3F800000 00000000 42A00000 00000000 44400000
530 pid=FFF0CCF3 t=5903434 grBufferSwap#7 interval=1
531 pid=FFF0CCF3 t=5903470 grBufferSwap#8 interval=1
532 pid=FFF0CCF3 t=5903510 grBufferSwap#9 interval=1
533 pid=FFF0CCF3 t=5903550 grBufferSwap#10 interval=1
534 pid=FFF0CCF3 t=5903590 grBufferSwap#11 interval=1
535 pid=FFF0CCF3 t=5903630 grBufferSwap#12 interval=1
536 pid=FFF0CCF3 t=5903670 grBufferSwap#13 interval=1
537 pid=FFF0CCF3 t=5903710 grBufferSwap#14 interval=1
538 pid=FFF0CCF3 t=5903750 grBufferSwap#15 interval=1
539 pid=FFF0CCF3 t=5903791 grBufferSwap#16 interval=1
540 pid=FFF0CCF3 t=5903830 grBufferSwap#17 interval=1
541 pid=FFF0CCF3 t=5903870 grBufferSwap#18 interval=1
542 pid=FFF0CCF3 t=5903910 grBufferSwap#19 interval=1
543 pid=FFF0CCF3 t=5903950 grBufferSwap#20 interval=1
544 pid=FFF0CCF3 t=5903990 grBufferSwap#21 interval=1
545 pid=FFF0CCF3 t=5904030 grBufferSwap#22 interval=1
546 pid=FFF0CCF3 t=5904070 grBufferSwap#23 interval=1
547 pid=FFF0CCF3 t=5904110 grBufferSwap#24 interval=1
548 pid=FFF0CCF3 t=5907715 census periodic swaps=114
549 pid=FFF0CCF3 t=5907715 census   draws: drawn=3062 refused=0 culled=0 skipped-textured=0
550 pid=FFF0CCF3 t=5907715 census   draws: fog-dropped=0 uploads=11 surface-hits=1 evictions=0
551 pid=FFF0CCF3 t=5907715 census   cycles(Mc): frame=8013 entry=1618 prepare=125 upload=101 submit=1589 swap=1139 clear=6 batches=1527
552 pid=FFF0CCF3 t=5907715 census   batch ends: full=0 texture=1188 state=0
553 pid=FFF0CCF3 t=5907715 census   grAlphaBlendFunction calls=109 lines=1
554 pid=FFF0CCF3 t=5907715 census   grAlphaCombine calls=109 lines=1
555 pid=FFF0CCF3 t=5907715 census   grBufferClear calls=223 lines=4
556 pid=FFF0CCF3 t=5907715 census   grBufferSwap calls=114 lines=24
557 pid=FFF0CCF3 t=5907715 census   grChromakeyMode calls=109 lines=1
558 pid=FFF0CCF3 t=5907715 census   grChromakeyValue calls=3 lines=3
559 pid=FFF0CCF3 t=5907715 census   grColorCombine calls=109 lines=1
560 pid=FFF0CCF3 t=5907715 census   grColorMask calls=3 lines=3
561 pid=FFF0CCF3 t=5907715 census   grCoordinateSpace calls=3 lines=3
562 pid=FFF0CCF3 t=5907715 census   grDepthMask calls=3 lines=3
563 pid=FFF0CCF3 t=5907715 census   grDitherMode calls=1308 lines=1
564 pid=FFF0CCF3 t=5907720 census   grDrawVertexArrayContiguous calls=1308 lines=48
565 pid=FFF0CCF3 t=5907720 census   grFinish calls=2 lines=2
566 pid=FFF0CCF3 t=5907720 census   grGet calls=13 lines=13
567 pid=FFF0CCF3 t=5907720 census   grGetString calls=4 lines=4
568 pid=FFF0CCF3 t=5907720 census   grGlideInit calls=3 lines=3
569 pid=FFF0CCF3 t=5907720 census   grGlideShutdown calls=2 lines=2
570 pid=FFF0CCF3 t=5907720 census   grLoadGammaTable calls=3 lines=3
571 pid=FFF0CCF3 t=5907720 census   grSstSelect calls=3 lines=3
572 pid=FFF0CCF3 t=5907720 census   grSstWinClose calls=2 lines=2
573 pid=FFF0CCF3 t=5907720 census   grSstWinOpen calls=3 lines=3
574 pid=FFF0CCF3 t=5907720 census   grTexCombine calls=4 lines=4
575 pid=FFF0CCF3 t=5907720 census   grTexDownloadMipMap calls=204 lines=204
576 pid=FFF0CCF3 t=5907720 census   grTexDownloadTable calls=6 lines=6
577 pid=FFF0CCF3 t=5907720 census   grTexFilterMode calls=112 lines=3
578 pid=FFF0CCF3 t=5907720 census   grTexMaxAddress calls=3 lines=3
579 pid=FFF0CCF3 t=5907720 census   grTexMinAddress calls=3 lines=3
580 pid=FFF0CCF3 t=5907720 census   grTexSource calls=1308 lines=12
581 pid=FFF0CCF3 t=5907720 census   grVertexLayout calls=12 lines=12
582 pid=FFF0CCF3 t=5913055 grTexDownloadTable#7 type=2 sum=775207E4 first=FF000000 FF240000 FF1C1808 FF2C2410
583 pid=FFF0CCF3 t=5913105 grTexDownloadMipMap#205 tmu=0 addr=000A0000 evenodd=3 lod=8..8 aspect=0 format=5 data=02B30010
584 pid=FFF0CCF3 t=5913105 grTexSource#2893 tmu=0 addr=000A0000 evenodd=3 lod=8..8 aspect=0 format=5
585 pid=FFF0CCF3 t=5913130 grTexDownloadMipMap#206 tmu=0 addr=000B0000 evenodd=3 lod=8..8 aspect=0 format=5 data=02B30010
586 pid=FFF0CCF3 t=5913130 grTexSource#2894 tmu=0 addr=000B0000 evenodd=3 lod=8..8 aspect=0 format=5
587 pid=FFF0CCF3 t=5913145 grTexDownloadMipMap#207 tmu=0 addr=000C0000 evenodd=3 lod=8..8 aspect=0 format=5 data=02B30010
588 pid=FFF0CCF3 t=5913145 grTexSource#2895 tmu=0 addr=000C0000 evenodd=3 lod=8..8 aspect=0 format=5
589 pid=FFF0CCF3 t=5913165 grTexDownloadMipMap#208 tmu=0 addr=001F8000 evenodd=3 lod=8..8 aspect=-3 format=5 data=02B30010
590 pid=FFF0CCF3 t=5913165 grTexSource#2896 tmu=0 addr=001F8000 evenodd=3 lod=8..8 aspect=-3 format=5
591 pid=FFF0CCF3 t=5913170 grTexDownloadMipMap#209 tmu=0 addr=000D0000 evenodd=3 lod=8..8 aspect=0 format=5 data=02B30010
592 pid=FFF0CCF3 t=5913170 grTexSource#2897 tmu=0 addr=000D0000 evenodd=3 lod=8..8 aspect=0 format=5
593 pid=FFF0CCF3 t=5913185 grTexDownloadMipMap#210 tmu=0 addr=000E0000 evenodd=3 lod=8..8 aspect=0 format=5 data=02B30010
594 pid=FFF0CCF3 t=5913185 grTexSource#2898 tmu=0 addr=000E0000 evenodd=3 lod=8..8 aspect=0 format=5
595 pid=FFF0CCF3 t=5913205 grTexDownloadMipMap#211 tmu=0 addr=000F0000 evenodd=3 lod=8..8 aspect=0 format=5 data=02B30010
596 pid=FFF0CCF3 t=5913205 grTexSource#2899 tmu=0 addr=000F0000 evenodd=3 lod=8..8 aspect=0 format=5
597 pid=FFF0CCF3 t=5913220 grTexDownloadMipMap#212 tmu=0 addr=001FC000 evenodd=3 lod=8..8 aspect=-3 format=5 data=02B30010
598 pid=FFF0CCF3 t=5913220 grTexSource#2900 tmu=0 addr=001FC000 evenodd=3 lod=8..8 aspect=-3 format=5
599 pid=FFF0CCF3 t=5913225 grTexDownloadMipMap#213 tmu=0 addr=00100000 evenodd=3 lod=8..8 aspect=1 format=5 data=02B30010
600 pid=FFF0CCF3 t=5913225 grTexSource#2901 tmu=0 addr=00100000 evenodd=3 lod=8..8 aspect=1 format=5
601 pid=FFF0CCF3 t=5913235 grTexDownloadMipMap#214 tmu=0 addr=00110000 evenodd=3 lod=8..8 aspect=1 format=5 data=02B30010
602 pid=FFF0CCF3 t=5913235 grTexSource#2902 tmu=0 addr=00110000 evenodd=3 lod=8..8 aspect=1 format=5
603 pid=FFF0CCF3 t=5913245 grTexDownloadMipMap#215 tmu=0 addr=00120000 evenodd=3 lod=8..8 aspect=1 format=5 data=02B30010
604 pid=FFF0CCF3 t=5913245 grTexSource#2903 tmu=0 addr=00120000 evenodd=3 lod=8..8 aspect=1 format=5
605 pid=FFF0CCF3 t=5913250 grTexDownloadMipMap#216 tmu=0 addr=002ED000 evenodd=3 lod=7..7 aspect=-2 format=5 data=02B30010
606 pid=FFF0CCF3 t=5913250 grTexSource#2904 tmu=0 addr=002ED000 evenodd=3 lod=7..7 aspect=-2 format=5
607 pid=FFF0CCF3 t=5913255 grTexDownloadMipMap#217 tmu=0 addr=00130000 evenodd=3 lod=8..8 aspect=1 format=5 data=02B30010
608 pid=FFF0CCF3 t=5913255 grTexSource#2905 tmu=0 addr=00130000 evenodd=3 lod=8..8 aspect=1 format=5
609 pid=FFF0CCF3 t=5913265 grTexDownloadMipMap#218 tmu=0 addr=00140000 evenodd=3 lod=8..8 aspect=0 format=5 data=02B30010
610 pid=FFF0CCF3 t=5913265 grTexSource#2906 tmu=0 addr=00140000 evenodd=3 lod=8..8 aspect=0 format=5
611 pid=FFF0CCF3 t=5913265 grAlphaCombine#243 func=1 factor=0 local=1 other=2 invert=0
612 pid=FFF0CCF3 t=5913265 grAlphaBlendFunction#243 rgb=4,4 alpha=0,0
613 pid=FFF0CCF3 t=5913265 grConstantColorValue#1 color=000000FF
614 pid=FFF0CCF3 t=5913265 grDitherMode#2906 mode=00000000
615 pid=FFF0CCF3 t=5913280 grTexDownloadMipMap#219 tmu=0 addr=00150000 evenodd=3 lod=8..8 aspect=1 format=5 data=02B30010
616 pid=FFF0CCF3 t=5913280 grTexSource#2907 tmu=0 addr=00150000 evenodd=3 lod=8..8 aspect=1 format=5
617 pid=FFF0CCF3 t=5913293 grTexDownloadMipMap#220 tmu=0 addr=00160000 evenodd=3 lod=8..8 aspect=0 format=5 data=02B30010
618 pid=FFF0CCF3 t=5913293 grTexSource#2908 tmu=0 addr=00160000 evenodd=3 lod=8..8 aspect=0 format=5
619 pid=FFF0CCF3 t=5913310 grTexDownloadMipMap#221 tmu=0 addr=002EE000 evenodd=3 lod=6..6 aspect=1 format=5 data=02B30010
620 pid=FFF0CCF3 t=5913310 grTexSource#2909 tmu=0 addr=002EE000 evenodd=3 lod=6..6 aspect=1 format=5
621 pid=FFF0CCF3 t=5913310 grTexDownloadMipMap#222 tmu=0 addr=002EF000 evenodd=3 lod=6..6 aspect=1 format=5 data=02B30010
622 pid=FFF0CCF3 t=5913310 grTexSource#2910 tmu=0 addr=002EF000 evenodd=3 lod=6..6 aspect=1 format=5
623 pid=FFF0CCF3 t=5913310 grTexDownloadMipMap#223 tmu=0 addr=002F0000 evenodd=3 lod=6..6 aspect=1 format=5 data=02B30010
624 pid=FFF0CCF3 t=5913310 grTexSource#2911 tmu=0 addr=002F0000 evenodd=3 lod=6..6 aspect=1 format=5
625 pid=FFF0CCF3 t=5913315 grTexDownloadMipMap#224 tmu=0 addr=002F1000 evenodd=3 lod=6..6 aspect=1 format=5 data=02B30010
626 pid=FFF0CCF3 t=5913315 grTexSource#2912 tmu=0 addr=002F1000 evenodd=3 lod=6..6 aspect=1 format=5
627 pid=FFF0CCF3 t=5913315 grTexDownloadMipMap#225 tmu=0 addr=002F2000 evenodd=3 lod=6..6 aspect=1 format=5 data=02B30010
628 pid=FFF0CCF3 t=5913315 grTexSource#2913 tmu=0 addr=002F2000 evenodd=3 lod=6..6 aspect=1 format=5
629 pid=FFF0CCF3 t=5913319 grTexDownloadMipMap#226 tmu=0 addr=002F3000 evenodd=3 lod=6..6 aspect=1 format=5 data=02B30010
630 pid=FFF0CCF3 t=5913319 grTexSource#2914 tmu=0 addr=002F3000 evenodd=3 lod=6..6 aspect=1 format=5
631 pid=FFF0CCF3 t=5913320 grTexDownloadMipMap#227 tmu=0 addr=002F4000 evenodd=3 lod=6..6 aspect=1 format=5 data=02B30010
632 pid=FFF0CCF3 t=5913320 grTexSource#2915 tmu=0 addr=002F4000 evenodd=3 lod=6..6 aspect=1 format=5
633 pid=FFF0CCF3 t=5913320 grTexDownloadMipMap#228 tmu=0 addr=002F5000 evenodd=3 lod=6..6 aspect=1 format=5 data=02B30010
634 pid=FFF0CCF3 t=5913320 grTexSource#2916 tmu=0 addr=002F5000 evenodd=3 lod=6..6 aspect=1 format=5
635 pid=FFF0CCF3 t=5913320 grTexDownloadMipMap#229 tmu=0 addr=002F6000 evenodd=3 lod=6..6 aspect=1 format=5 data=02B30010
636 pid=FFF0CCF3 t=5913320 grTexSource#2917 tmu=0 addr=002F6000 evenodd=3 lod=6..6 aspect=1 format=5
637 pid=FFF0CCF3 t=5913325 grTexDownloadMipMap#230 tmu=0 addr=002F7000 evenodd=3 lod=6..6 aspect=1 format=5 data=02B30010
638 pid=FFF0CCF3 t=5913325 grTexSource#2918 tmu=0 addr=002F7000 evenodd=3 lod=6..6 aspect=1 format=5
639 pid=FFF0CCF3 t=5913325 grTexDownloadMipMap#231 tmu=0 addr=002F8000 evenodd=3 lod=6..6 aspect=1 format=5 data=02B30010
640 pid=FFF0CCF3 t=5913325 grTexSource#2919 tmu=0 addr=002F8000 evenodd=3 lod=6..6 aspect=1 format=5
641 pid=FFF0CCF3 t=5913325 grTexDownloadMipMap#232 tmu=0 addr=002F9000 evenodd=3 lod=6..6 aspect=1 format=5 data=02B30010
642 pid=FFF0CCF3 t=5913325 grTexSource#2921 tmu=0 addr=002F9000 evenodd=3 lod=6..6 aspect=1 format=5
643 pid=FFF0CCF3 t=5913330 grTexDownloadMipMap#233 tmu=0 addr=002FA000 evenodd=3 lod=6..6 aspect=1 format=5 data=02B30010
644 pid=FFF0CCF3 t=5913330 grTexSource#2922 tmu=0 addr=002FA000 evenodd=3 lod=6..6 aspect=1 format=5
645 pid=FFF0CCF3 t=5913330 grTexDownloadMipMap#234 tmu=0 addr=002FB000 evenodd=3 lod=6..6 aspect=1 format=5 data=02B30010
646 pid=FFF0CCF3 t=5913330 grTexSource#2926 tmu=0 addr=002FB000 evenodd=3 lod=6..6 aspect=1 format=5
647 pid=FFF0CCF3 t=5913330 grTexDownloadMipMap#235 tmu=0 addr=002FC000 evenodd=3 lod=6..6 aspect=1 format=5 data=02B30010
648 pid=FFF0CCF3 t=5913330 grTexSource#2927 tmu=0 addr=002FC000 evenodd=3 lod=6..6 aspect=1 format=5
649 pid=FFF0CCF3 t=5913335 grTexDownloadMipMap#236 tmu=0 addr=002FD000 evenodd=3 lod=6..6 aspect=1 format=5 data=02B30010
650 pid=FFF0CCF3 t=5913335 grTexSource#2929 tmu=0 addr=002FD000 evenodd=3 lod=6..6 aspect=1 format=5
651 pid=FFF0CCF3 t=5913335 grTexDownloadMipMap#237 tmu=0 addr=002FE000 evenodd=3 lod=6..6 aspect=1 format=5 data=02B30010
652 pid=FFF0CCF3 t=5913335 grTexSource#2931 tmu=0 addr=002FE000 evenodd=3 lod=6..6 aspect=1 format=5
653 pid=FFF0CCF3 t=5913335 grTexDownloadMipMap#238 tmu=0 addr=002FF000 evenodd=3 lod=6..6 aspect=1 format=5 data=02B30010
654 pid=FFF0CCF3 t=5913335 grTexSource#2933 tmu=0 addr=002FF000 evenodd=3 lod=6..6 aspect=1 format=5
655 pid=FFF0CCF3 t=5913340 grTexDownloadMipMap#239 tmu=0 addr=00300000 evenodd=3 lod=6..6 aspect=1 format=5 data=02B30010
656 pid=FFF0CCF3 t=5913340 grTexSource#2935 tmu=0 addr=00300000 evenodd=3 lod=6..6 aspect=1 format=5
657 pid=FFF0CCF3 t=5913340 grTexDownloadMipMap#240 tmu=0 addr=00301000 evenodd=3 lod=6..6 aspect=1 format=5 data=02B30010
658 pid=FFF0CCF3 t=5913340 grTexSource#2936 tmu=0 addr=00301000 evenodd=3 lod=6..6 aspect=1 format=5
659 pid=FFF0CCF3 t=5913340 grTexDownloadMipMap#241 tmu=0 addr=00302000 evenodd=3 lod=6..6 aspect=1 format=5 data=02B30010
660 pid=FFF0CCF3 t=5913340 grTexSource#2938 tmu=0 addr=00302000 evenodd=3 lod=6..6 aspect=1 format=5
661 pid=FFF0CCF3 t=5913345 grTexDownloadMipMap#242 tmu=0 addr=00303000 evenodd=3 lod=6..6 aspect=1 format=5 data=02B30010
662 pid=FFF0CCF3 t=5913345 grTexSource#2944 tmu=0 addr=00303000 evenodd=3 lod=6..6 aspect=1 format=5
663 pid=FFF0CCF3 t=5913345 grTexDownloadMipMap#243 tmu=0 addr=00304000 evenodd=3 lod=6..6 aspect=1 format=5 data=02B30010
664 pid=FFF0CCF3 t=5913345 grTexSource#2948 tmu=0 addr=00304000 evenodd=3 lod=6..6 aspect=1 format=5
665 pid=FFF0CCF3 t=5913345 grTexDownloadMipMap#244 tmu=0 addr=00305000 evenodd=3 lod=6..6 aspect=1 format=5 data=02B30010
666 pid=FFF0CCF3 t=5913345 grTexSource#2952 tmu=0 addr=00305000 evenodd=3 lod=6..6 aspect=1 format=5
667 pid=FFF0CCF3 t=5913350 grTexDownloadMipMap#245 tmu=0 addr=00306000 evenodd=3 lod=6..6 aspect=1 format=5 data=02B30010
668 pid=FFF0CCF3 t=5913350 grTexSource#2957 tmu=0 addr=00306000 evenodd=3 lod=6..6 aspect=1 format=5
669 pid=FFF0CCF3 t=5913358 grTexDownloadMipMap#246 tmu=0 addr=00307000 evenodd=3 lod=6..6 aspect=1 format=5 data=02B30010
670 pid=FFF0CCF3 t=5913359 grTexSource#2964 tmu=0 addr=00307000 evenodd=3 lod=6..6 aspect=1 format=5
671 pid=FFF0CCF3 t=5913360 grTexDownloadMipMap#247 tmu=0 addr=00308000 evenodd=3 lod=6..6 aspect=1 format=5 data=02B30010
672 pid=FFF0CCF3 t=5913360 grTexSource#2967 tmu=0 addr=00308000 evenodd=3 lod=6..6 aspect=1 format=5
673 pid=FFF0CCF3 t=5913380 grTexDownloadMipMap#248 tmu=0 addr=00170000 evenodd=3 lod=8..8 aspect=1 format=5 data=02B30010
674 pid=FFF0CCF3 t=5913380 grTexSource#2980 tmu=0 addr=00170000 evenodd=3 lod=8..8 aspect=1 format=5
675 pid=FFF0CCF3 t=5913380 grTexDownloadMipMap#249 tmu=0 addr=00180000 evenodd=3 lod=8..8 aspect=0 format=5 data=02B30010
676 pid=FFF0CCF3 t=5913380 grTexSource#2981 tmu=0 addr=00180000 evenodd=3 lod=8..8 aspect=0 format=5
677 pid=FFF0CCF3 t=5913400 grTexDownloadMipMap#250 tmu=0 addr=00190000 evenodd=3 lod=8..8 aspect=1 format=5 data=02B30010
678 pid=FFF0CCF3 t=5913400 grTexSource#2982 tmu=0 addr=00190000 evenodd=3 lod=8..8 aspect=1 format=5
679 pid=FFF0CCF3 t=5913400 grTexDownloadMipMap#251 tmu=0 addr=001A0000 evenodd=3 lod=8..8 aspect=0 format=5 data=02B30010
680 pid=FFF0CCF3 t=5913400 grTexSource#2983 tmu=0 addr=001A0000 evenodd=3 lod=8..8 aspect=0 format=5
681 pid=FFF0CCF3 t=5913445 grTexDownloadMipMap#252 tmu=0 addr=001B0000 evenodd=3 lod=8..8 aspect=1 format=5 data=02B30010
682 pid=FFF0CCF3 t=5913445 grTexSource#3055 tmu=0 addr=001B0000 evenodd=3 lod=8..8 aspect=1 format=5
683 pid=FFF0CCF3 t=5913445 grTexDownloadMipMap#253 tmu=0 addr=001C0000 evenodd=3 lod=8..8 aspect=0 format=5 data=02B30010
684 pid=FFF0CCF3 t=5913445 grTexSource#3056 tmu=0 addr=001C0000 evenodd=3 lod=8..8 aspect=0 format=5
685 pid=FFF0CCF3 t=5913465 grTexDownloadMipMap#254 tmu=0 addr=001D0000 evenodd=3 lod=8..8 aspect=1 format=5 data=02B30010
686 pid=FFF0CCF3 t=5913465 grTexSource#3057 tmu=0 addr=001D0000 evenodd=3 lod=8..8 aspect=1 format=5
687 pid=FFF0CCF3 t=5913465 grTexDownloadMipMap#255 tmu=0 addr=001E0000 evenodd=3 lod=8..8 aspect=0 format=5 data=02B30010
688 pid=FFF0CCF3 t=5913465 grTexSource#3058 tmu=0 addr=001E0000 evenodd=3 lod=8..8 aspect=0 format=5
689 pid=FFF0CCF3 t=5913510 grTexDownloadMipMap#256 tmu=0 addr=00010000 evenodd=3 lod=8..8 aspect=1 format=5 data=02B30010
690 pid=FFF0CCF3 t=5913510 grTexSource#3130 tmu=0 addr=00010000 evenodd=3 lod=8..8 aspect=1 format=5
691 pid=FFF0CCF3 t=5913530 grTexDownloadMipMap#258 tmu=0 addr=00030000 evenodd=3 lod=8..8 aspect=1 format=5 data=02B30010
692 pid=FFF0CCF3 t=5913530 grTexSource#3132 tmu=0 addr=00030000 evenodd=3 lod=8..8 aspect=1 format=5
693 pid=FFF0CCF3 t=5913580 grTexDownloadMipMap#260 tmu=0 addr=00050000 evenodd=3 lod=8..8 aspect=1 format=5 data=02B30010
694 pid=FFF0CCF3 t=5913580 grTexSource#3205 tmu=0 addr=00050000 evenodd=3 lod=8..8 aspect=1 format=5
695 pid=FFF0CCF3 t=5913600 grTexDownloadMipMap#263 tmu=0 addr=00080000 evenodd=3 lod=8..8 aspect=0 format=5 data=02B30010
696 pid=FFF0CCF3 t=5913600 grTexSource#3208 tmu=0 addr=00080000 evenodd=3 lod=8..8 aspect=0 format=5
697 pid=FFF0CCF3 t=5913645 grTexDownloadMipMap#265 tmu=0 addr=00130000 evenodd=3 lod=8..8 aspect=0 format=5 data=02B30010
698 pid=FFF0CCF3 t=5913645 grTexSource#3281 tmu=0 addr=00130000 evenodd=3 lod=8..8 aspect=0 format=5
699 pid=FFF0CCF3 t=5913665 grTexDownloadMipMap#266 tmu=0 addr=00140000 evenodd=3 lod=8..8 aspect=1 format=5 data=02B30010
700 pid=FFF0CCF3 t=5913665 grTexSource#3282 tmu=0 addr=00140000 evenodd=3 lod=8..8 aspect=1 format=5
701 pid=FFF0CCF3 t=5913665 grTexDownloadMipMap#267 tmu=0 addr=00150000 evenodd=3 lod=8..8 aspect=0 format=5 data=02B30010
702 pid=FFF0CCF3 t=5913665 grTexSource#3283 tmu=0 addr=00150000 evenodd=3 lod=8..8 aspect=0 format=5
703 pid=FFF0CCF3 t=5913710 grTexDownloadMipMap#268 tmu=0 addr=00160000 evenodd=3 lod=8..8 aspect=1 format=5 data=02B30010
704 pid=FFF0CCF3 t=5913710 grTexSource#3355 tmu=0 addr=00160000 evenodd=3 lod=8..8 aspect=1 format=5
705 pid=FFF0CCF3 t=5913715 grTexDownloadMipMap#269 tmu=0 addr=00170000 evenodd=3 lod=8..8 aspect=0 format=5 data=02B30010
706 pid=FFF0CCF3 t=5913715 grTexSource#3356 tmu=0 addr=00170000 evenodd=3 lod=8..8 aspect=0 format=5
707 pid=FFF0CCF3 t=5913731 grTexDownloadMipMap#270 tmu=0 addr=00180000 evenodd=3 lod=8..8 aspect=1 format=5 data=02B30010
708 pid=FFF0CCF3 t=5913731 grTexSource#3357 tmu=0 addr=00180000 evenodd=3 lod=8..8 aspect=1 format=5
709 pid=FFF0CCF3 t=5913731 grTexDownloadMipMap#271 tmu=0 addr=00190000 evenodd=3 lod=8..8 aspect=0 format=5 data=02B30010
710 pid=FFF0CCF3 t=5913735 grTexSource#3358 tmu=0 addr=00190000 evenodd=3 lod=8..8 aspect=0 format=5
711 pid=FFF0CCF3 t=5913775 grTexDownloadMipMap#272 tmu=0 addr=001A0000 evenodd=3 lod=8..8 aspect=1 format=5 data=02B30010
712 pid=FFF0CCF3 t=5913775 grTexSource#3430 tmu=0 addr=001A0000 evenodd=3 lod=8..8 aspect=1 format=5
713 pid=FFF0CCF3 t=5913780 grTexDownloadMipMap#273 tmu=0 addr=001B0000 evenodd=3 lod=8..8 aspect=0 format=5 data=02B30010
714 pid=FFF0CCF3 t=5913780 grTexSource#3431 tmu=0 addr=001B0000 evenodd=3 lod=8..8 aspect=0 format=5
715 pid=FFF0CCF3 t=5913795 grTexDownloadMipMap#274 tmu=0 addr=001C0000 evenodd=3 lod=8..8 aspect=1 format=5 data=02B30010
716 pid=FFF0CCF3 t=5913795 grTexSource#3432 tmu=0 addr=001C0000 evenodd=3 lod=8..8 aspect=1 format=5
717 pid=FFF0CCF3 t=5913800 grTexDownloadMipMap#275 tmu=0 addr=001D0000 evenodd=3 lod=8..8 aspect=0 format=5 data=02B30010
718 pid=FFF0CCF3 t=5913800 grTexSource#3433 tmu=0 addr=001D0000 evenodd=3 lod=8..8 aspect=0 format=5
719 pid=FFF0CCF3 t=5913845 grTexDownloadMipMap#276 tmu=0 addr=001E0000 evenodd=3 lod=8..8 aspect=1 format=5 data=02B30010
720 pid=FFF0CCF3 t=5913845 grTexSource#3505 tmu=0 addr=001E0000 evenodd=3 lod=8..8 aspect=1 format=5
721 pid=FFF0CCF3 t=5913860 grTexDownloadMipMap#278 tmu=0 addr=00020000 evenodd=3 lod=8..8 aspect=1 format=5 data=02B30010
722 pid=FFF0CCF3 t=5913860 grTexSource#3507 tmu=0 addr=00020000 evenodd=3 lod=8..8 aspect=1 format=5
723 pid=FFF0CCF3 t=5913910 grTexDownloadMipMap#280 tmu=0 addr=00040000 evenodd=3 lod=8..8 aspect=1 format=5 data=02B30010
724 pid=FFF0CCF3 t=5913910 grTexSource#3580 tmu=0 addr=00040000 evenodd=3 lod=8..8 aspect=1 format=5
725 pid=FFF0CCF3 t=5913930 grTexDownloadMipMap#282 tmu=0 addr=00060000 evenodd=3 lod=8..8 aspect=1 format=5 data=02B30010
726 pid=FFF0CCF3 t=5913930 grTexSource#3582 tmu=0 addr=00060000 evenodd=3 lod=8..8 aspect=1 format=5
727 pid=FFF0CCF3 t=5913930 grTexDownloadMipMap#283 tmu=0 addr=00070000 evenodd=3 lod=8..8 aspect=0 format=5 data=02B30010
728 pid=FFF0CCF3 t=5913930 grTexSource#3583 tmu=0 addr=00070000 evenodd=3 lod=8..8 aspect=0 format=5
729 pid=FFF0CCF3 t=5913980 grTexDownloadMipMap#285 tmu=0 addr=00090000 evenodd=3 lod=8..8 aspect=0 format=5 data=02B30010
730 pid=FFF0CCF3 t=5913980 grTexSource#3656 tmu=0 addr=00090000 evenodd=3 lod=8..8 aspect=0 format=5
731 pid=FFF0CCF3 t=5914065 hwtex create 01000100 format=3 hr=8876017C
732 pid=FFF0CCF3 t=5914115 hwtex create 01000100 format=3 hr=8876017C
733 pid=FFF0CCF3 t=5914130 hwtex create 01000100 format=3 hr=8876017C
734 pid=FFF0CCF3 t=5914180 hwtex create 01000100 format=3 hr=8876017C
735 pid=FFF0CCF3 t=5914200 hwtex create 01000100 format=3 hr=8876017C
736 pid=FFF0CCF3 t=5914245 hwtex create 01000100 format=3 hr=8876017C
737 pid=FFF0CCF3 t=5914265 hwtex create 01000100 format=3 hr=8876017C
738 pid=FFF0CCF3 t=5914265 hwtex create 01000100 format=3 hr=8876017C
739 pid=FFF0CCF3 t=5921905 grTexDownloadMipMap#737 tmu=0 addr=00200000 evenodd=3 lod=8..8 aspect=-3 format=5 data=02B30010
740 pid=FFF0CCF3 t=5921905 grTexSource#12121 tmu=0 addr=00200000 evenodd=3 lod=8..8 aspect=-3 format=5
741 pid=FFF0CCF3 t=5921964 grTexDownloadMipMap#741 tmu=0 addr=00204000 evenodd=3 lod=8..8 aspect=-3 format=5 data=02B30010
742 pid=FFF0CCF3 t=5921964 grTexSource#12125 tmu=0 addr=00204000 evenodd=3 lod=8..8 aspect=-3 format=5
743 pid=FFF0CCF3 t=5921995 grTexDownloadMipMap#745 tmu=0 addr=00309000 evenodd=3 lod=7..7 aspect=-2 format=5 data=02B30010
744 pid=FFF0CCF3 t=5921995 grTexSource#12129 tmu=0 addr=00309000 evenodd=3 lod=7..7 aspect=-2 format=5
745 pid=FFF0CCF3 t=5922015 grTexDownloadMipMap#750 tmu=0 addr=00208000 evenodd=3 lod=8..8 aspect=2 format=5 data=02B30010
746 pid=FFF0CCF3 t=5922020 grTexSource#12134 tmu=0 addr=00208000 evenodd=3 lod=8..8 aspect=2 format=5
747 pid=FFF0CCF3 t=5922020 grTexDownloadMipMap#751 tmu=0 addr=0030A000 evenodd=3 lod=6..6 aspect=-2 format=5 data=02B30010
748 pid=FFF0CCF3 t=5922025 grTexSource#12135 tmu=0 addr=0030A000 evenodd=3 lod=6..6 aspect=-2 format=5
749 pid=FFF0CCF3 t=5922029 grTexDownloadMipMap#752 tmu=0 addr=0030B000 evenodd=3 lod=5..5 aspect=0 format=5 data=02B30010
750 pid=FFF0CCF3 t=5922029 grTexSource#12136 tmu=0 addr=0030B000 evenodd=3 lod=5..5 aspect=0 format=5
751 pid=FFF0CCF3 t=5922029 grAlphaBlendFunction#862 rgb=0,2 alpha=0,0
752 pid=FFF0CCF3 t=5922030 grTexDownloadMipMap#753 tmu=0 addr=0030C000 evenodd=3 lod=5..5 aspect=0 format=5 data=02B30010
753 pid=FFF0CCF3 t=5922030 grTexSource#12137 tmu=0 addr=0030C000 evenodd=3 lod=5..5 aspect=0 format=5
754 pid=FFF0CCF3 t=5922030 grTexDownloadMipMap#754 tmu=0 addr=0030D000 evenodd=3 lod=5..5 aspect=0 format=5 data=02B30010
755 pid=FFF0CCF3 t=5922030 grTexSource#12138 tmu=0 addr=0030D000 evenodd=3 lod=5..5 aspect=0 format=5
756 pid=FFF0CCF3 t=5922030 grTexDownloadMipMap#755 tmu=0 addr=0030E000 evenodd=3 lod=5..5 aspect=0 format=5 data=02B30010
757 pid=FFF0CCF3 t=5922030 grTexSource#12139 tmu=0 addr=0030E000 evenodd=3 lod=5..5 aspect=0 format=5
758 pid=FFF0CCF3 t=5922030 grTexDownloadMipMap#756 tmu=0 addr=0030F000 evenodd=3 lod=5..5 aspect=0 format=5 data=02B30010
759 pid=FFF0CCF3 t=5922030 grTexSource#12140 tmu=0 addr=0030F000 evenodd=3 lod=5..5 aspect=0 format=5
760 pid=FFF0CCF3 t=5922035 grTexDownloadMipMap#757 tmu=0 addr=00310000 evenodd=3 lod=5..5 aspect=0 format=5 data=02B30010
761 pid=FFF0CCF3 t=5922035 grTexSource#12141 tmu=0 addr=00310000 evenodd=3 lod=5..5 aspect=0 format=5
762 pid=FFF0CCF3 t=5922035 grTexDownloadMipMap#758 tmu=0 addr=00311000 evenodd=3 lod=5..5 aspect=0 format=5 data=02B30010
763 pid=FFF0CCF3 t=5922035 grTexSource#12142 tmu=0 addr=00311000 evenodd=3 lod=5..5 aspect=0 format=5
764 pid=FFF0CCF3 t=5922035 grTexDownloadMipMap#759 tmu=0 addr=00312000 evenodd=3 lod=5..5 aspect=0 format=5 data=02B30010
765 pid=FFF0CCF3 t=5922035 grTexSource#12143 tmu=0 addr=00312000 evenodd=3 lod=5..5 aspect=0 format=5
766 pid=FFF0CCF3 t=5922040 grTexDownloadMipMap#760 tmu=0 addr=00313000 evenodd=3 lod=5..5 aspect=0 format=5 data=02B30010
767 pid=FFF0CCF3 t=5922040 grTexSource#12145 tmu=0 addr=00313000 evenodd=3 lod=5..5 aspect=0 format=5
768 pid=FFF0CCF3 t=5922040 grTexDownloadMipMap#761 tmu=0 addr=00314000 evenodd=3 lod=5..5 aspect=0 format=5 data=02B30010
769 pid=FFF0CCF3 t=5922040 grTexSource#12146 tmu=0 addr=00314000 evenodd=3 lod=5..5 aspect=0 format=5
770 pid=FFF0CCF3 t=5922040 grTexDownloadMipMap#762 tmu=0 addr=00315000 evenodd=3 lod=5..5 aspect=0 format=5 data=02B30010
771 pid=FFF0CCF3 t=5922040 grTexSource#12148 tmu=0 addr=00315000 evenodd=3 lod=5..5 aspect=0 format=5
772 pid=FFF0CCF3 t=5922040 grTexDownloadMipMap#763 tmu=0 addr=00316000 evenodd=3 lod=5..5 aspect=0 format=5 data=02B30010
773 pid=FFF0CCF3 t=5922040 grTexSource#12152 tmu=0 addr=00316000 evenodd=3 lod=5..5 aspect=0 format=5
774 pid=FFF0CCF3 t=5922045 grTexDownloadMipMap#764 tmu=0 addr=00317000 evenodd=3 lod=5..5 aspect=0 format=5 data=02B30010
775 pid=FFF0CCF3 t=5922045 grTexSource#12154 tmu=0 addr=00317000 evenodd=3 lod=5..5 aspect=0 format=5
776 pid=FFF0CCF3 t=5922045 grTexDownloadMipMap#765 tmu=0 addr=00318000 evenodd=3 lod=5..5 aspect=0 format=5 data=02B30010
777 pid=FFF0CCF3 t=5922045 grTexSource#12156 tmu=0 addr=00318000 evenodd=3 lod=5..5 aspect=0 format=5
778 pid=FFF0CCF3 t=5922045 grTexDownloadMipMap#766 tmu=0 addr=00319000 evenodd=3 lod=5..5 aspect=0 format=5 data=02B30010
779 pid=FFF0CCF3 t=5922045 grTexSource#12159 tmu=0 addr=00319000 evenodd=3 lod=5..5 aspect=0 format=5
780 pid=FFF0CCF3 t=5922050 grTexDownloadMipMap#767 tmu=0 addr=0031A000 evenodd=3 lod=5..5 aspect=0 format=5 data=02B30010
781 pid=FFF0CCF3 t=5922050 grTexSource#12161 tmu=0 addr=0031A000 evenodd=3 lod=5..5 aspect=0 format=5
782 pid=FFF0CCF3 t=5922050 grTexDownloadMipMap#768 tmu=0 addr=0031B000 evenodd=3 lod=4..4 aspect=0 format=5 data=02B30010
783 pid=FFF0CCF3 t=5922050 grTexSource#12165 tmu=0 addr=0031B000 evenodd=3 lod=4..4 aspect=0 format=5
784 pid=FFF0CCF3 t=5922050 grTexDownloadMipMap#769 tmu=0 addr=0031C000 evenodd=3 lod=4..4 aspect=0 format=5 data=02B30010
785 pid=FFF0CCF3 t=5922050 grTexSource#12166 tmu=0 addr=0031C000 evenodd=3 lod=4..4 aspect=0 format=5
786 pid=FFF0CCF3 t=5922050 grTexDownloadMipMap#770 tmu=0 addr=0031D000 evenodd=3 lod=4..4 aspect=0 format=5 data=02B30010
787 pid=FFF0CCF3 t=5922050 grTexSource#12167 tmu=0 addr=0031D000 evenodd=3 lod=4..4 aspect=0 format=5
788 pid=FFF0CCF3 t=5922056 grTexDownloadMipMap#771 tmu=0 addr=0031E000 evenodd=3 lod=4..4 aspect=0 format=5 data=02B30010
789 pid=FFF0CCF3 t=5922056 grTexSource#12168 tmu=0 addr=0031E000 evenodd=3 lod=4..4 aspect=0 format=5
790 pid=FFF0CCF3 t=5922056 grTexDownloadMipMap#772 tmu=0 addr=0031F000 evenodd=3 lod=4..4 aspect=0 format=5 data=02B30010
791 pid=FFF0CCF3 t=5922056 grTexSource#12169 tmu=0 addr=0031F000 evenodd=3 lod=4..4 aspect=0 format=5
792 pid=FFF0CCF3 t=5922056 grTexDownloadMipMap#773 tmu=0 addr=00320000 evenodd=3 lod=4..4 aspect=0 format=5 data=02B30010
793 pid=FFF0CCF3 t=5922056 grTexSource#12170 tmu=0 addr=00320000 evenodd=3 lod=4..4 aspect=0 format=5
794 pid=FFF0CCF3 t=5922056 grTexDownloadMipMap#774 tmu=0 addr=00321000 evenodd=3 lod=4..4 aspect=0 format=5 data=02B30010
795 pid=FFF0CCF3 t=5922056 grTexSource#12174 tmu=0 addr=00321000 evenodd=3 lod=4..4 aspect=0 format=5
796 pid=FFF0CCF3 t=5922056 grTexDownloadMipMap#775 tmu=0 addr=00322000 evenodd=3 lod=4..4 aspect=0 format=5 data=02B30010
797 pid=FFF0CCF3 t=5922056 grTexSource#12175 tmu=0 addr=00322000 evenodd=3 lod=4..4 aspect=0 format=5
798 pid=FFF0CCF3 t=5922060 grTexDownloadMipMap#776 tmu=0 addr=00323000 evenodd=3 lod=4..4 aspect=0 format=5 data=02B30010
799 pid=FFF0CCF3 t=5922060 grTexSource#12177 tmu=0 addr=00323000 evenodd=3 lod=4..4 aspect=0 format=5
800 pid=FFF0CCF3 t=5922060 grTexDownloadMipMap#777 tmu=0 addr=00324000 evenodd=3 lod=4..4 aspect=0 format=5 data=02B30010
801 pid=FFF0CCF3 t=5922060 grTexSource#12178 tmu=0 addr=00324000 evenodd=3 lod=4..4 aspect=0 format=5
802 pid=FFF0CCF3 t=5922060 grTexDownloadMipMap#778 tmu=0 addr=00325000 evenodd=3 lod=4..4 aspect=0 format=5 data=02B30010
803 pid=FFF0CCF3 t=5922060 grTexSource#12179 tmu=0 addr=00325000 evenodd=3 lod=4..4 aspect=0 format=5
804 pid=FFF0CCF3 t=5922060 grTexDownloadMipMap#779 tmu=0 addr=00326000 evenodd=3 lod=4..4 aspect=0 format=5 data=02B30010
805 pid=FFF0CCF3 t=5922060 grTexSource#12180 tmu=0 addr=00326000 evenodd=3 lod=4..4 aspect=0 format=5
806 pid=FFF0CCF3 t=5922065 grTexDownloadMipMap#780 tmu=0 addr=00327000 evenodd=3 lod=5..5 aspect=0 format=5 data=02B30010
807 pid=FFF0CCF3 t=5922065 grTexSource#12181 tmu=0 addr=00327000 evenodd=3 lod=5..5 aspect=0 format=5
808 pid=FFF0CCF3 t=5922145 grTexDownloadMipMap#785 tmu=0 addr=000A0000 evenodd=3 lod=8..8 aspect=1 format=5 data=02B30010
809 pid=FFF0CCF3 t=5922145 grTexSource#12258 tmu=0 addr=000A0000 evenodd=3 lod=8..8 aspect=1 format=5
810 pid=FFF0CCF3 t=5922150 grTexDownloadMipMap#787 tmu=0 addr=000C0000 evenodd=3 lod=8..8 aspect=1 format=5 data=02B30010
811 pid=FFF0CCF3 t=5922150 grTexSource#12260 tmu=0 addr=000C0000 evenodd=3 lod=8..8 aspect=1 format=5
812 pid=FFF0CCF3 t=5922185 grTexDownloadMipMap#789 tmu=0 addr=000E0000 evenodd=3 lod=8..8 aspect=1 format=5 data=02B30010
813 pid=FFF0CCF3 t=5922185 grTexSource#12322 tmu=0 addr=000E0000 evenodd=3 lod=8..8 aspect=1 format=5
814 pid=FFF0CCF3 t=5922190 grTexDownloadMipMap#792 tmu=0 addr=00110000 evenodd=3 lod=8..8 aspect=0 format=5 data=02B30010
815 pid=FFF0CCF3 t=5922190 grTexSource#12325 tmu=0 addr=00110000 evenodd=3 lod=8..8 aspect=0 format=5
816 pid=FFF0CCF3 t=5922400 grTexDownloadMipMap#807 tmu=0 addr=000B0000 evenodd=3 lod=8..8 aspect=1 format=5 data=02B30010
817 pid=FFF0CCF3 t=5922400 grTexSource#12580 tmu=0 addr=000B0000 evenodd=3 lod=8..8 aspect=1 format=5
818 pid=FFF0CCF3 t=5922445 grTexDownloadMipMap#809 tmu=0 addr=000D0000 evenodd=3 lod=8..8 aspect=1 format=5 data=02B30010
819 pid=FFF0CCF3 t=5922445 grTexSource#12642 tmu=0 addr=000D0000 evenodd=3 lod=8..8 aspect=1 format=5
820 pid=FFF0CCF3 t=5922460 grTexDownloadMipMap#811 tmu=0 addr=000F0000 evenodd=3 lod=8..8 aspect=1 format=5 data=02B30010
821 pid=FFF0CCF3 t=5922465 grTexSource#12644 tmu=0 addr=000F0000 evenodd=3 lod=8..8 aspect=1 format=5
822 pid=FFF0CCF3 t=5922465 grTexDownloadMipMap#812 tmu=0 addr=00100000 evenodd=3 lod=8..8 aspect=0 format=5 data=02B30010
823 pid=FFF0CCF3 t=5922465 grTexSource#12645 tmu=0 addr=00100000 evenodd=3 lod=8..8 aspect=0 format=5
824 pid=FFF0CCF3 t=5922510 grTexDownloadMipMap#814 tmu=0 addr=00120000 evenodd=3 lod=8..8 aspect=0 format=5 data=02B30010
825 pid=FFF0CCF3 t=5922510 grTexSource#12707 tmu=0 addr=00120000 evenodd=3 lod=8..8 aspect=0 format=5
826 pid=FFF0CCF3 t=5922760 census periodic swaps=382
827 pid=FFF0CCF3 t=5922760 census   draws: drawn=27416 refused=0 culled=0 skipped-textured=0
828 pid=FFF0CCF3 t=5922760 census   draws: fog-dropped=0 uploads=344 surface-hits=292 evictions=237
829 pid=FFF0CCF3 t=5922760 census   cycles(Mc): frame=14375 entry=8299 prepare=4259 upload=3681 submit=4258 swap=2509 clear=101 batches=11672
830 pid=FFF0CCF3 t=5922760 census   batch ends: full=0 texture=10246 state=0
831 pid=FFF0CCF3 t=5922760 census   grAlphaBlendFunction calls=973 lines=3
832 pid=FFF0CCF3 t=5922760 census   grAlphaCombine calls=973 lines=2
833 pid=FFF0CCF3 t=5922760 census   grBufferClear calls=759 lines=4
834 pid=FFF0CCF3 t=5922760 census   grBufferSwap calls=382 lines=24
835 pid=FFF0CCF3 t=5922760 census   grChromakeyMode calls=377 lines=1
836 pid=FFF0CCF3 t=5922760 census   grChromakeyValue calls=3 lines=3
837 pid=FFF0CCF3 t=5922760 census   grColorCombine calls=377 lines=1
838 pid=FFF0CCF3 t=5922760 census   grColorMask calls=3 lines=3
839 pid=FFF0CCF3 t=5922760 census   grConstantColorValue calls=623 lines=1
840 pid=FFF0CCF3 t=5922760 census   grCoordinateSpace calls=3 lines=3
841 pid=FFF0CCF3 t=5922760 census   grDepthMask calls=3 lines=3
842 pid=FFF0CCF3 t=5922760 census   grDitherMode calls=13572 lines=2
843 pid=FFF0CCF3 t=5922760 census   grDrawVertexArrayContiguous calls=12949 lines=48
844 pid=FFF0CCF3 t=5922760 census   grFinish calls=2 lines=2
845 pid=FFF0CCF3 t=5922760 census   grGet calls=13 lines=13
846 pid=FFF0CCF3 t=5922760 census   grGetString calls=4 lines=4
847 pid=FFF0CCF3 t=5922760 census   grGlideInit calls=3 lines=3
848 pid=FFF0CCF3 t=5922760 census   grGlideShutdown calls=2 lines=2
849 pid=FFF0CCF3 t=5922760 census   grLoadGammaTable calls=3 lines=3
850 pid=FFF0CCF3 t=5922760 census   grSstSelect calls=3 lines=3
851 pid=FFF0CCF3 t=5922760 census   grSstWinClose calls=2 lines=2
852 pid=FFF0CCF3 t=5922760 census   grSstWinOpen calls=3 lines=3
853 pid=FFF0CCF3 t=5922760 census   grTexCombine calls=4 lines=4
854 pid=FFF0CCF3 t=5922760 census   grTexDownloadMipMap calls=828 lines=319
855 pid=FFF0CCF3 t=5922760 census   grTexDownloadTable calls=10 lines=7
856 pid=FFF0CCF3 t=5922760 census   grTexFilterMode calls=380 lines=3
857 pid=FFF0CCF3 t=5922760 census   grTexMaxAddress calls=3 lines=3
858 pid=FFF0CCF3 t=5922760 census   grTexMinAddress calls=3 lines=3
859 pid=FFF0CCF3 t=5922760 census   grTexSource calls=12949 lines=127
860 pid=FFF0CCF3 t=5922760 census   grVertexLayout calls=12 lines=12
861 pid=FFF0CCF3 t=5928230 grTexDownloadMipMap#1152 tmu=0 addr=0020C000 evenodd=3 lod=8..8 aspect=-3 format=5 data=02B30010
862 pid=FFF0CCF3 t=5928230 grTexSource#18073 tmu=0 addr=0020C000 evenodd=3 lod=8..8 aspect=-3 format=5
863 pid=FFF0CCF3 t=5928285 grTexDownloadMipMap#1156 tmu=0 addr=00210000 evenodd=3 lod=8..8 aspect=-3 format=5 data=02B30010
864 pid=FFF0CCF3 t=5928285 grTexSource#18077 tmu=0 addr=00210000 evenodd=3 lod=8..8 aspect=-3 format=5
865 pid=FFF0CCF3 t=5928315 grTexDownloadMipMap#1160 tmu=0 addr=00328000 evenodd=3 lod=7..7 aspect=-2 format=5 data=02B30010
866 pid=FFF0CCF3 t=5928315 grTexSource#18081 tmu=0 addr=00328000 evenodd=3 lod=7..7 aspect=-2 format=5
867 pid=FFF0CCF3 t=5928315 grTexDownloadMipMap#1161 tmu=0 addr=00214000 evenodd=3 lod=7..7 aspect=1 format=5 data=02B30010
868 pid=FFF0CCF3 t=5928315 grTexSource#18082 tmu=0 addr=00214000 evenodd=3 lod=7..7 aspect=1 format=5
869 pid=FFF0CCF3 t=5928315 grAlphaBlendFunction#1696 rgb=1,5 alpha=0,0
870 pid=FFF0CCF3 t=5928315 grConstantColorValue#2948 color=00000080
871 pid=FFF0CCF3 t=5928315 draw refused: result=4 triangles=2 storage/format=0203
872 pid=FFF0CCF3 t=5928315   ops color/alpha=2/2 address/filters=010101
873 pid=FFF0CCF3 t=5928315   blend=1 5/6
874 pid=FFF0CCF3 t=5928320   alpha test=1 func=5 ref=0
875 pid=FFF0CCF3 t=5928320   fog=0 depth enable/write/func=002 scissor-right=800
876 pid=FFF0CCF3 t=5928320 grTexDownloadMipMap#1162 tmu=0 addr=00329000 evenodd=3 lod=5..5 aspect=0 format=5 data=02B30010
877 pid=FFF0CCF3 t=5928320 grTexSource#18096 tmu=0 addr=00329000 evenodd=3 lod=5..5 aspect=0 format=5
878 pid=FFF0CCF3 t=5928320 grTexDownloadMipMap#1163 tmu=0 addr=0032A000 evenodd=3 lod=6..6 aspect=0 format=5 data=02B30010
879 pid=FFF0CCF3 t=5928320 grTexSource#18097 tmu=0 addr=0032A000 evenodd=3 lod=6..6 aspect=0 format=5
880 pid=FFF0CCF3 t=5928320 grTexDownloadMipMap#1164 tmu=0 addr=0032B000 evenodd=3 lod=6..6 aspect=0 format=5 data=02B30010
881 pid=FFF0CCF3 t=5928325 grTexSource#18098 tmu=0 addr=0032B000 evenodd=3 lod=6..6 aspect=0 format=5
882 pid=FFF0CCF3 t=5928325 grTexDownloadMipMap#1165 tmu=0 addr=0032C000 evenodd=3 lod=6..6 aspect=0 format=5 data=02B30010
883 pid=FFF0CCF3 t=5928325 grTexSource#18099 tmu=0 addr=0032C000 evenodd=3 lod=6..6 aspect=0 format=5
884 pid=FFF0CCF3 t=5928325 grTexDownloadMipMap#1166 tmu=0 addr=0032D000 evenodd=3 lod=6..6 aspect=0 format=5 data=02B30010
885 pid=FFF0CCF3 t=5928325 grTexSource#18100 tmu=0 addr=0032D000 evenodd=3 lod=6..6 aspect=0 format=5
886 pid=FFF0CCF3 t=5928330 grTexDownloadMipMap#1167 tmu=0 addr=0032E000 evenodd=3 lod=6..6 aspect=0 format=5 data=02B30010
887 pid=FFF0CCF3 t=5928330 grTexSource#18101 tmu=0 addr=0032E000 evenodd=3 lod=6..6 aspect=0 format=5
888 pid=FFF0CCF3 t=5928330 grTexDownloadMipMap#1168 tmu=0 addr=0032F000 evenodd=3 lod=6..6 aspect=0 format=5 data=02B30010
889 pid=FFF0CCF3 t=5928330 grTexSource#18102 tmu=0 addr=0032F000 evenodd=3 lod=6..6 aspect=0 format=5
890 pid=FFF0CCF3 t=5928335 grTexDownloadMipMap#1169 tmu=0 addr=00330000 evenodd=3 lod=6..6 aspect=0 format=5 data=02B30010
891 pid=FFF0CCF3 t=5928335 grTexSource#18103 tmu=0 addr=00330000 evenodd=3 lod=6..6 aspect=0 format=5
892 pid=FFF0CCF3 t=5928335 grTexDownloadMipMap#1170 tmu=0 addr=00331000 evenodd=3 lod=6..6 aspect=0 format=5 data=02B30010
893 pid=FFF0CCF3 t=5928335 grTexSource#18104 tmu=0 addr=00331000 evenodd=3 lod=6..6 aspect=0 format=5
894 pid=FFF0CCF3 t=5928335 grTexDownloadMipMap#1171 tmu=0 addr=00332000 evenodd=3 lod=6..6 aspect=0 format=5 data=02B30010
895 pid=FFF0CCF3 t=5928340 grTexSource#18106 tmu=0 addr=00332000 evenodd=3 lod=6..6 aspect=0 format=5
896 pid=FFF0CCF3 t=5928340 grTexDownloadMipMap#1172 tmu=0 addr=00333000 evenodd=3 lod=6..6 aspect=0 format=5 data=02B30010
897 pid=FFF0CCF3 t=5928340 grTexSource#18107 tmu=0 addr=00333000 evenodd=3 lod=6..6 aspect=0 format=5
898 pid=FFF0CCF3 t=5928350 grTexDownloadMipMap#1173 tmu=0 addr=00218000 evenodd=3 lod=7..7 aspect=0 format=5 data=02B30010
899 pid=FFF0CCF3 t=5928350 grTexSource#18110 tmu=0 addr=00218000 evenodd=3 lod=7..7 aspect=0 format=5
900 pid=FFF0CCF3 t=5928355 grTexDownloadMipMap#1174 tmu=0 addr=00334000 evenodd=3 lod=4..4 aspect=0 format=5 data=02B30010
901 pid=FFF0CCF3 t=5928355 grTexSource#18111 tmu=0 addr=00334000 evenodd=3 lod=4..4 aspect=0 format=5
902 pid=FFF0CCF3 t=5928355 grTexDownloadMipMap#1175 tmu=0 addr=00335000 evenodd=3 lod=4..4 aspect=0 format=5 data=02B30010
903 pid=FFF0CCF3 t=5928355 grTexSource#18115 tmu=0 addr=00335000 evenodd=3 lod=4..4 aspect=0 format=5
904 pid=FFF0CCF3 t=5928355 grTexDownloadMipMap#1176 tmu=0 addr=00336000 evenodd=3 lod=4..4 aspect=0 format=5 data=02B30010
905 pid=FFF0CCF3 t=5928355 grTexSource#18120 tmu=0 addr=00336000 evenodd=3 lod=4..4 aspect=0 format=5
906 pid=FFF0CCF3 t=5928360 grTexDownloadMipMap#1177 tmu=0 addr=00337000 evenodd=3 lod=4..4 aspect=0 format=5 data=02B30010
907 pid=FFF0CCF3 t=5928360 grTexSource#18121 tmu=0 addr=00337000 evenodd=3 lod=4..4 aspect=0 format=5
908 pid=FFF0CCF3 t=5928360 grTexDownloadMipMap#1178 tmu=0 addr=00338000 evenodd=3 lod=4..4 aspect=0 format=5 data=02B30010
909 pid=FFF0CCF3 t=5928360 grTexSource#18126 tmu=0 addr=00338000 evenodd=3 lod=4..4 aspect=0 format=5
910 pid=FFF0CCF3 t=5928360 grTexDownloadMipMap#1179 tmu=0 addr=00339000 evenodd=3 lod=4..4 aspect=0 format=5 data=02B30010
911 pid=FFF0CCF3 t=5928360 grTexSource#18132 tmu=0 addr=00339000 evenodd=3 lod=4..4 aspect=0 format=5
912 pid=FFF0CCF3 t=5928360 grTexDownloadMipMap#1180 tmu=0 addr=0033A000 evenodd=3 lod=4..4 aspect=0 format=5 data=02B30010
913 pid=FFF0CCF3 t=5928360 grTexSource#18142 tmu=0 addr=0033A000 evenodd=3 lod=4..4 aspect=0 format=5
914 pid=FFF0CCF3 t=5928365 grTexDownloadMipMap#1181 tmu=0 addr=0033B000 evenodd=3 lod=4..4 aspect=0 format=5 data=02B30010
915 pid=FFF0CCF3 t=5928365 grTexSource#18147 tmu=0 addr=0033B000 evenodd=3 lod=4..4 aspect=0 format=5
916 pid=FFF0CCF3 t=5928365 grTexDownloadMipMap#1182 tmu=0 addr=0033C000 evenodd=3 lod=4..4 aspect=0 format=5 data=02B30010
917 pid=FFF0CCF3 t=5928365 grTexSource#18161 tmu=0 addr=0033C000 evenodd=3 lod=4..4 aspect=0 format=5
918 pid=FFF0CCF3 t=5928365 grTexDownloadMipMap#1183 tmu=0 addr=0033D000 evenodd=3 lod=4..4 aspect=0 format=5 data=02B30010
919 pid=FFF0CCF3 t=5928365 grTexSource#18162 tmu=0 addr=0033D000 evenodd=3 lod=4..4 aspect=0 format=5
920 pid=FFF0CCF3 t=5928365 grTexDownloadMipMap#1184 tmu=0 addr=0033E000 evenodd=3 lod=4..4 aspect=0 format=5 data=02B30010
921 pid=FFF0CCF3 t=5928365 grTexSource#18163 tmu=0 addr=0033E000 evenodd=3 lod=4..4 aspect=0 format=5
922 pid=FFF0CCF3 t=5928371 grTexDownloadMipMap#1185 tmu=0 addr=0033F000 evenodd=3 lod=4..4 aspect=0 format=5 data=02B30010
923 pid=FFF0CCF3 t=5928371 grTexSource#18164 tmu=0 addr=0033F000 evenodd=3 lod=4..4 aspect=0 format=5
924 pid=FFF0CCF3 t=5928373 grTexDownloadMipMap#1186 tmu=0 addr=00340000 evenodd=3 lod=4..4 aspect=0 format=5 data=02B30010
925 pid=FFF0CCF3 t=5928373 grTexSource#18172 tmu=0 addr=00340000 evenodd=3 lod=4..4 aspect=0 format=5
926 pid=FFF0CCF3 t=5928373 grTexDownloadMipMap#1187 tmu=0 addr=00341000 evenodd=3 lod=4..4 aspect=0 format=5 data=02B30010
927 pid=FFF0CCF3 t=5928373 grTexSource#18175 tmu=0 addr=00341000 evenodd=3 lod=4..4 aspect=0 format=5
928 pid=FFF0CCF3 t=5928375 grTexDownloadMipMap#1188 tmu=0 addr=00342000 evenodd=3 lod=4..4 aspect=0 format=5 data=02B30010
929 pid=FFF0CCF3 t=5928375 grTexSource#18178 tmu=0 addr=00342000 evenodd=3 lod=4..4 aspect=0 format=5
930 pid=FFF0CCF3 t=5928385 grTexDownloadMipMap#1190 tmu=0 addr=00343000 evenodd=3 lod=7..7 aspect=-3 format=5 data=02B30010
931 pid=FFF0CCF3 t=5928385 grTexSource#18182 tmu=0 addr=00343000 evenodd=3 lod=7..7 aspect=-3 format=5
932 pid=FFF0CCF3 t=5928390 grTexDownloadMipMap#1191 tmu=0 addr=00344000 evenodd=3 lod=6..6 aspect=-1 format=5 data=02B30010
933 pid=FFF0CCF3 t=5928390 grTexSource#18183 tmu=0 addr=00344000 evenodd=3 lod=6..6 aspect=-1 format=5
934 pid=FFF0CCF3 t=5928393 grTexDownloadMipMap#1192 tmu=0 addr=00345000 evenodd=3 lod=5..5 aspect=0 format=5 data=02B30010
935 pid=FFF0CCF3 t=5928393 grTexSource#18184 tmu=0 addr=00345000 evenodd=3 lod=5..5 aspect=0 format=5
936 pid=FFF0CCF3 t=5928396 grTexDownloadMipMap#1193 tmu=0 addr=00346000 evenodd=3 lod=6..6 aspect=-1 format=5 data=02B30010
937 pid=FFF0CCF3 t=5928396 grTexSource#18185 tmu=0 addr=00346000 evenodd=3 lod=6..6 aspect=-1 format=5
938 pid=FFF0CCF3 t=5928400 grTexDownloadMipMap#1194 tmu=0 addr=00347000 evenodd=3 lod=5..5 aspect=-1 format=5 data=02B30010
939 pid=FFF0CCF3 t=5928400 grTexSource#18186 tmu=0 addr=00347000 evenodd=3 lod=5..5 aspect=-1 format=5
940 pid=FFF0CCF3 t=5928402 grTexDownloadMipMap#1195 tmu=0 addr=00348000 evenodd=3 lod=4..4 aspect=1 format=5 data=02B30010
941 pid=FFF0CCF3 t=5928402 grTexSource#18187 tmu=0 addr=00348000 evenodd=3 lod=4..4 aspect=1 format=5
942 pid=FFF0CCF3 t=5928405 grTexDownloadMipMap#1196 tmu=0 addr=00349000 evenodd=3 lod=4..4 aspect=0 format=5 data=02B30010
943 pid=FFF0CCF3 t=5928405 grTexSource#18188 tmu=0 addr=00349000 evenodd=3 lod=4..4 aspect=0 format=5
944 pid=FFF0CCF3 t=5928407 grTexDownloadMipMap#1197 tmu=0 addr=0034A000 evenodd=3 lod=4..4 aspect=-1 format=5 data=02B30010
945 pid=FFF0CCF3 t=5928407 grTexSource#18189 tmu=0 addr=0034A000 evenodd=3 lod=4..4 aspect=-1 format=5
946 pid=FFF0CCF3 t=5928410 grTexDownloadMipMap#1198 tmu=0 addr=0034B000 evenodd=3 lod=5..5 aspect=-1 format=5 data=02B30010
947 pid=FFF0CCF3 t=5928410 grTexSource#18190 tmu=0 addr=0034B000 evenodd=3 lod=5..5 aspect=-1 format=5
948 pid=FFF0CCF3 t=5928412 grTexDownloadMipMap#1199 tmu=0 addr=0034C000 evenodd=3 lod=5..5 aspect=-1 format=5 data=02B30010
949 pid=FFF0CCF3 t=5928412 grTexSource#18191 tmu=0 addr=0034C000 evenodd=3 lod=5..5 aspect=-1 format=5
950 pid=FFF0CCF3 t=5928440 draw refused: result=4 triangles=2 storage/format=0203
951 pid=FFF0CCF3 t=5928440   ops color/alpha=2/2 address/filters=010101
952 pid=FFF0CCF3 t=5928440   blend=1 5/6
953 pid=FFF0CCF3 t=5928440   alpha test=1 func=5 ref=0
954 pid=FFF0CCF3 t=5928440   fog=0 depth enable/write/func=002 scissor-right=800
955 pid=FFF0CCF3 t=5928475 draw refused: result=4 triangles=2 storage/format=0203
956 pid=FFF0CCF3 t=5928475   ops color/alpha=2/2 address/filters=010101
957 pid=FFF0CCF3 t=5928475   blend=1 5/6
958 pid=FFF0CCF3 t=5928480   alpha test=1 func=5 ref=0
959 pid=FFF0CCF3 t=5928480   fog=0 depth enable/write/func=002 scissor-right=800
960 pid=FFF0CCF3 t=5928515 draw refused: result=4 triangles=2 storage/format=0203
961 pid=FFF0CCF3 t=5928515   ops color/alpha=2/2 address/filters=010101
962 pid=FFF0CCF3 t=5928515   blend=1 5/6
963 pid=FFF0CCF3 t=5928520   alpha test=1 func=5 ref=0
964 pid=FFF0CCF3 t=5928520   fog=0 depth enable/write/func=002 scissor-right=800
965 pid=FFF0CCF3 t=5928555 draw refused: result=4 triangles=2 storage/format=0203
966 pid=FFF0CCF3 t=5928555   ops color/alpha=2/2 address/filters=010101
967 pid=FFF0CCF3 t=5928555   blend=1 5/6
968 pid=FFF0CCF3 t=5928555   alpha test=1 func=5 ref=0
969 pid=FFF0CCF3 t=5928555   fog=0 depth enable/write/func=002 scissor-right=800
970 pid=FFF0CCF3 t=5928560 grTexDownloadMipMap#1200 tmu=0 addr=0034D000 evenodd=3 lod=6..6 aspect=-1 format=5 data=02B30010
971 pid=FFF0CCF3 t=5928565 grTexSource#18675 tmu=0 addr=0034D000 evenodd=3 lod=6..6 aspect=-1 format=5
972 pid=FFF0CCF3 t=5928565 grTexDownloadMipMap#1201 tmu=0 addr=0034E000 evenodd=3 lod=5..5 aspect=0 format=5 data=02B30010
973 pid=FFF0CCF3 t=5928565 grTexSource#18676 tmu=0 addr=0034E000 evenodd=3 lod=5..5 aspect=0 format=5
974 pid=FFF0CCF3 t=5928565 grTexDownloadMipMap#1202 tmu=0 addr=0034F000 evenodd=3 lod=6..6 aspect=-1 format=5 data=02B30010
975 pid=FFF0CCF3 t=5928565 grTexSource#18677 tmu=0 addr=0034F000 evenodd=3 lod=6..6 aspect=-1 format=5
976 pid=FFF0CCF3 t=5928565 grTexDownloadMipMap#1203 tmu=0 addr=00350000 evenodd=3 lod=5..5 aspect=-1 format=5 data=02B30010
977 pid=FFF0CCF3 t=5928565 grTexSource#18678 tmu=0 addr=00350000 evenodd=3 lod=5..5 aspect=-1 format=5
978 pid=FFF0CCF3 t=5928570 grTexDownloadMipMap#1204 tmu=0 addr=00351000 evenodd=3 lod=4..4 aspect=1 format=5 data=02B30010
979 pid=FFF0CCF3 t=5928570 grTexSource#18679 tmu=0 addr=00351000 evenodd=3 lod=4..4 aspect=1 format=5
980 pid=FFF0CCF3 t=5928570 grTexDownloadMipMap#1205 tmu=0 addr=00352000 evenodd=3 lod=4..4 aspect=1 format=5 data=02B30010
981 pid=FFF0CCF3 t=5928570 grTexSource#18680 tmu=0 addr=00352000 evenodd=3 lod=4..4 aspect=1 format=5
982 pid=FFF0CCF3 t=5928570 grTexDownloadMipMap#1206 tmu=0 addr=00353000 evenodd=3 lod=4..4 aspect=-1 format=5 data=02B30010
983 pid=FFF0CCF3 t=5928570 grTexSource#18681 tmu=0 addr=00353000 evenodd=3 lod=4..4 aspect=-1 format=5
984 pid=FFF0CCF3 t=5928570 grTexDownloadMipMap#1207 tmu=0 addr=00354000 evenodd=3 lod=5..5 aspect=-1 format=5 data=02B30010
985 pid=FFF0CCF3 t=5928570 grTexSource#18682 tmu=0 addr=00354000 evenodd=3 lod=5..5 aspect=-1 format=5
986 pid=FFF0CCF3 t=5928575 grTexDownloadMipMap#1208 tmu=0 addr=00355000 evenodd=3 lod=5..5 aspect=-1 format=5 data=02B30010
987 pid=FFF0CCF3 t=5928575 grTexSource#18683 tmu=0 addr=00355000 evenodd=3 lod=5..5 aspect=-1 format=5
988 pid=FFF0CCF3 t=5928605 draw refused: result=4 triangles=2 storage/format=0203
989 pid=FFF0CCF3 t=5928605   ops color/alpha=2/2 address/filters=010101
990 pid=FFF0CCF3 t=5928605   blend=1 5/6
991 pid=FFF0CCF3 t=5928605   alpha test=1 func=5 ref=0
992 pid=FFF0CCF3 t=5928605   fog=0 depth enable/write/func=002 scissor-right=800
993 pid=FFF0CCF3 t=5928645 draw refused: result=4 triangles=2 storage/format=0203
994 pid=FFF0CCF3 t=5928645   ops color/alpha=2/2 address/filters=010101
995 pid=FFF0CCF3 t=5928645   blend=1 5/6
996 pid=FFF0CCF3 t=5928645   alpha test=1 func=5 ref=0
997 pid=FFF0CCF3 t=5928645   fog=0 depth enable/write/func=002 scissor-right=800
998 pid=FFF0CCF3 t=5928685 draw refused: result=4 triangles=2 storage/format=0203
999 pid=FFF0CCF3 t=5928685   ops color/alpha=2/2 address/filters=010101
1000 pid=FFF0CCF3 t=5928685   blend=1 5/6
1001 pid=FFF0CCF3 t=5928685   alpha test=1 func=5 ref=0
1002 pid=FFF0CCF3 t=5928685   fog=0 depth enable/write/func=002 scissor-right=800
1003 pid=FFF0CCF3 t=5928690 grTexDownloadMipMap#1209 tmu=0 addr=00356000 evenodd=3 lod=6..6 aspect=-1 format=5 data=02B30010
1004 pid=FFF0CCF3 t=5928690 grTexSource#19044 tmu=0 addr=00356000 evenodd=3 lod=6..6 aspect=-1 format=5
1005 pid=FFF0CCF3 t=5928690 grTexDownloadMipMap#1210 tmu=0 addr=00357000 evenodd=3 lod=5..5 aspect=0 format=5 data=02B30010
1006 pid=FFF0CCF3 t=5928690 grTexSource#19045 tmu=0 addr=00357000 evenodd=3 lod=5..5 aspect=0 format=5
1007 pid=FFF0CCF3 t=5928690 grTexDownloadMipMap#1211 tmu=0 addr=00358000 evenodd=3 lod=5..5 aspect=-1 format=5 data=02B30010
1008 pid=FFF0CCF3 t=5928690 grTexSource#19046 tmu=0 addr=00358000 evenodd=3 lod=5..5 aspect=-1 format=5
1009 pid=FFF0CCF3 t=5928695 grTexDownloadMipMap#1212 tmu=0 addr=00359000 evenodd=3 lod=6..6 aspect=-1 format=5 data=02B30010
1010 pid=FFF0CCF3 t=5928695 grTexSource#19047 tmu=0 addr=00359000 evenodd=3 lod=6..6 aspect=-1 format=5
1011 pid=FFF0CCF3 t=5928695 grTexDownloadMipMap#1213 tmu=0 addr=0035A000 evenodd=3 lod=5..5 aspect=-1 format=5 data=02B30010
1012 pid=FFF0CCF3 t=5928695 grTexSource#19048 tmu=0 addr=0035A000 evenodd=3 lod=5..5 aspect=-1 format=5
1013 pid=FFF0CCF3 t=5928695 grTexDownloadMipMap#1214 tmu=0 addr=0035B000 evenodd=3 lod=4..4 aspect=1 format=5 data=02B30010
1014 pid=FFF0CCF3 t=5928695 grTexSource#19049 tmu=0 addr=0035B000 evenodd=3 lod=4..4 aspect=1 format=5
1015 pid=FFF0CCF3 t=5928695 grTexDownloadMipMap#1215 tmu=0 addr=0035C000 evenodd=3 lod=4..4 aspect=1 format=5 data=02B30010
1016 pid=FFF0CCF3 t=5928695 grTexSource#19050 tmu=0 addr=0035C000 evenodd=3 lod=4..4 aspect=1 format=5
1017 pid=FFF0CCF3 t=5928700 grTexDownloadMipMap#1216 tmu=0 addr=0035D000 evenodd=3 lod=4..4 aspect=-1 format=5 data=02B30010
1018 pid=FFF0CCF3 t=5928700 grTexSource#19051 tmu=0 addr=0035D000 evenodd=3 lod=4..4 aspect=-1 format=5
1019 pid=FFF0CCF3 t=5928700 grTexDownloadMipMap#1217 tmu=0 addr=0035E000 evenodd=3 lod=5..5 aspect=-1 format=5 data=02B30010
1020 pid=FFF0CCF3 t=5928700 grTexSource#19052 tmu=0 addr=0035E000 evenodd=3 lod=5..5 aspect=-1 format=5
1021 pid=FFF0CCF3 t=5928725 draw refused: result=4 triangles=2 storage/format=0203
1022 pid=FFF0CCF3 t=5928725   ops color/alpha=2/2 address/filters=010101
1023 pid=FFF0CCF3 t=5928725   blend=1 5/6
1024 pid=FFF0CCF3 t=5928725   alpha test=1 func=5 ref=0
1025 pid=FFF0CCF3 t=5928725   fog=0 depth enable/write/func=002 scissor-right=800
1026 pid=FFF0CCF3 t=5928765 draw refused: result=4 triangles=2 storage/format=0203
1027 pid=FFF0CCF3 t=5928765   ops color/alpha=2/2 address/filters=010101
1028 pid=FFF0CCF3 t=5928765   blend=1 5/6
1029 pid=FFF0CCF3 t=5928765   alpha test=1 func=5 ref=0
1030 pid=FFF0CCF3 t=5928765   fog=0 depth enable/write/func=002 scissor-right=800
1031 pid=FFF0CCF3 t=5928805 draw refused: result=4 triangles=2 storage/format=0203
1032 pid=FFF0CCF3 t=5928805   ops color/alpha=2/2 address/filters=010101
1033 pid=FFF0CCF3 t=5928805   blend=1 5/6
1034 pid=FFF0CCF3 t=5928805   alpha test=1 func=5 ref=0
1035 pid=FFF0CCF3 t=5928805   fog=0 depth enable/write/func=002 scissor-right=800
1036 pid=FFF0CCF3 t=5928810 grTexDownloadMipMap#1218 tmu=0 addr=0035F000 evenodd=3 lod=6..6 aspect=-1 format=5 data=02B30010
1037 pid=FFF0CCF3 t=5928810 grTexSource#19413 tmu=0 addr=0035F000 evenodd=3 lod=6..6 aspect=-1 format=5
1038 pid=FFF0CCF3 t=5928810 grTexDownloadMipMap#1219 tmu=0 addr=00360000 evenodd=3 lod=5..5 aspect=0 format=5 data=02B30010
1039 pid=FFF0CCF3 t=5928810 grTexSource#19414 tmu=0 addr=00360000 evenodd=3 lod=5..5 aspect=0 format=5
1040 pid=FFF0CCF3 t=5928810 grTexDownloadMipMap#1220 tmu=0 addr=00361000 evenodd=3 lod=5..5 aspect=-1 format=5 data=02B30010
1041 pid=FFF0CCF3 t=5928810 grTexSource#19415 tmu=0 addr=00361000 evenodd=3 lod=5..5 aspect=-1 format=5
1042 pid=FFF0CCF3 t=5928815 grTexDownloadMipMap#1221 tmu=0 addr=00362000 evenodd=3 lod=6..6 aspect=-1 format=5 data=02B30010
1043 pid=FFF0CCF3 t=5928815 grTexSource#19416 tmu=0 addr=00362000 evenodd=3 lod=6..6 aspect=-1 format=5
1044 pid=FFF0CCF3 t=5928815 grTexDownloadMipMap#1222 tmu=0 addr=00363000 evenodd=3 lod=5..5 aspect=-1 format=5 data=02B30010
1045 pid=FFF0CCF3 t=5928815 grTexSource#19417 tmu=0 addr=00363000 evenodd=3 lod=5..5 aspect=-1 format=5
1046 pid=FFF0CCF3 t=5928815 grTexDownloadMipMap#1223 tmu=0 addr=00364000 evenodd=3 lod=4..4 aspect=1 format=5 data=02B30010
1047 pid=FFF0CCF3 t=5928815 grTexSource#19418 tmu=0 addr=00364000 evenodd=3 lod=4..4 aspect=1 format=5
1048 pid=FFF0CCF3 t=5928815 grTexDownloadMipMap#1224 tmu=0 addr=00365000 evenodd=3 lod=4..4 aspect=1 format=5 data=02B30010
1049 pid=FFF0CCF3 t=5928815 grTexSource#19419 tmu=0 addr=00365000 evenodd=3 lod=4..4 aspect=1 format=5
1050 pid=FFF0CCF3 t=5928820 grTexDownloadMipMap#1225 tmu=0 addr=00366000 evenodd=3 lod=4..4 aspect=-1 format=5 data=02B30010
1051 pid=FFF0CCF3 t=5928820 grTexSource#19420 tmu=0 addr=00366000 evenodd=3 lod=4..4 aspect=-1 format=5
1052 pid=FFF0CCF3 t=5928820 grTexDownloadMipMap#1226 tmu=0 addr=00367000 evenodd=3 lod=5..5 aspect=-1 format=5 data=02B30010
1053 pid=FFF0CCF3 t=5928820 grTexSource#19421 tmu=0 addr=00367000 evenodd=3 lod=5..5 aspect=-1 format=5
1054 pid=FFF0CCF3 t=5928855 draw refused: result=4 triangles=2 storage/format=0203
1055 pid=FFF0CCF3 t=5928855   ops color/alpha=2/2 address/filters=010101
1056 pid=FFF0CCF3 t=5928855   blend=1 5/6
1057 pid=FFF0CCF3 t=5928855   alpha test=1 func=5 ref=0
1058 pid=FFF0CCF3 t=5928855   fog=0 depth enable/write/func=002 scissor-right=800
1059 pid=FFF0CCF3 t=5928892 draw refused: result=4 triangles=2 storage/format=0203
1060 pid=FFF0CCF3 t=5928892   ops color/alpha=2/2 address/filters=010101
1061 pid=FFF0CCF3 t=5928895   blend=1 5/6
1062 pid=FFF0CCF3 t=5928895   alpha test=1 func=5 ref=0
1063 pid=FFF0CCF3 t=5928895   fog=0 depth enable/write/func=002 scissor-right=800
1064 pid=FFF0CCF3 t=5928930 draw refused: result=4 triangles=2 storage/format=0203
1065 pid=FFF0CCF3 t=5928930   ops color/alpha=2/2 address/filters=010101
1066 pid=FFF0CCF3 t=5928930   blend=1 5/6
1067 pid=FFF0CCF3 t=5928935   alpha test=1 func=5 ref=0
1068 pid=FFF0CCF3 t=5928935   fog=0 depth enable/write/func=002 scissor-right=800
1069 pid=FFF0CCF3 t=5928940 grTexDownloadMipMap#1227 tmu=0 addr=00368000 evenodd=3 lod=6..6 aspect=-1 format=5 data=02B30010
1070 pid=FFF0CCF3 t=5928940 grTexSource#19782 tmu=0 addr=00368000 evenodd=3 lod=6..6 aspect=-1 format=5
1071 pid=FFF0CCF3 t=5928940 grTexDownloadMipMap#1228 tmu=0 addr=00369000 evenodd=3 lod=5..5 aspect=0 format=5 data=02B30010
1072 pid=FFF0CCF3 t=5928940 grTexSource#19783 tmu=0 addr=00369000 evenodd=3 lod=5..5 aspect=0 format=5
1073 pid=FFF0CCF3 t=5928940 grTexDownloadMipMap#1229 tmu=0 addr=0036A000 evenodd=3 lod=4..4 aspect=0 format=5 data=02B30010
1074 pid=FFF0CCF3 t=5928940 grTexSource#19784 tmu=0 addr=0036A000 evenodd=3 lod=4..4 aspect=0 format=5
1075 pid=FFF0CCF3 t=5928940 grTexDownloadMipMap#1230 tmu=0 addr=0036B000 evenodd=3 lod=6..6 aspect=-1 format=5 data=02B30010
1076 pid=FFF0CCF3 t=5928940 grTexSource#19785 tmu=0 addr=0036B000 evenodd=3 lod=6..6 aspect=-1 format=5
1077 pid=FFF0CCF3 t=5928945 grTexDownloadMipMap#1232 tmu=0 addr=0036D000 evenodd=3 lod=4..4 aspect=1 format=5 data=02B30010
1078 pid=FFF0CCF3 t=5928945 grTexSource#19787 tmu=0 addr=0036D000 evenodd=3 lod=4..4 aspect=1 format=5
1079 pid=FFF0CCF3 t=5928945 grTexDownloadMipMap#1234 tmu=0 addr=0036F000 evenodd=3 lod=4..4 aspect=-1 format=5 data=02B30010
1080 pid=FFF0CCF3 t=5928945 grTexSource#19789 tmu=0 addr=0036F000 evenodd=3 lod=4..4 aspect=-1 format=5
1081 pid=FFF0CCF3 t=5928945 grTexDownloadMipMap#1235 tmu=0 addr=00370000 evenodd=3 lod=5..5 aspect=-1 format=5 data=02B30010
1082 pid=FFF0CCF3 t=5928950 grTexSource#19790 tmu=0 addr=00370000 evenodd=3 lod=5..5 aspect=-1 format=5
1083 pid=FFF0CCF3 t=5928970 draw refused: result=4 triangles=2 storage/format=0203
1084 pid=FFF0CCF3 t=5928970   ops color/alpha=2/2 address/filters=010101
1085 pid=FFF0CCF3 t=5928970   blend=1 5/6
1086 pid=FFF0CCF3 t=5928970   alpha test=1 func=5 ref=0
1087 pid=FFF0CCF3 t=5928975   fog=0 depth enable/write/func=002 scissor-right=800
1088 pid=FFF0CCF3 t=5929010 draw refused: result=4 triangles=2 storage/format=0203
1089 pid=FFF0CCF3 t=5929015   ops color/alpha=2/2 address/filters=010101
1090 pid=FFF0CCF3 t=5929015   blend=1 5/6
1091 pid=FFF0CCF3 t=5929015   alpha test=1 func=5 ref=0
1092 pid=FFF0CCF3 t=5929015   fog=0 depth enable/write/func=002 scissor-right=800
1093 pid=FFF0CCF3 t=5929050 draw refused: result=4 triangles=2 storage/format=0203
1094 pid=FFF0CCF3 t=5929050   ops color/alpha=2/2 address/filters=010101
1095 pid=FFF0CCF3 t=5929050   blend=1 5/6
1096 pid=FFF0CCF3 t=5929050   alpha test=1 func=5 ref=0
1097 pid=FFF0CCF3 t=5929055   fog=0 depth enable/write/func=002 scissor-right=800
1098 pid=FFF0CCF3 t=5929055 grTexDownloadMipMap#1236 tmu=0 addr=00371000 evenodd=3 lod=6..6 aspect=-1 format=5 data=02B30010
1099 pid=FFF0CCF3 t=5929060 grTexSource#20151 tmu=0 addr=00371000 evenodd=3 lod=6..6 aspect=-1 format=5
1100 pid=FFF0CCF3 t=5929060 grTexDownloadMipMap#1237 tmu=0 addr=00372000 evenodd=3 lod=5..5 aspect=0 format=5 data=02B30010
1101 pid=FFF0CCF3 t=5929060 grTexSource#20152 tmu=0 addr=00372000 evenodd=3 lod=5..5 aspect=0 format=5
1102 pid=FFF0CCF3 t=5929060 grTexDownloadMipMap#1238 tmu=0 addr=00373000 evenodd=3 lod=4..4 aspect=0 format=5 data=02B30010
1103 pid=FFF0CCF3 t=5929060 grTexSource#20153 tmu=0 addr=00373000 evenodd=3 lod=4..4 aspect=0 format=5
1104 pid=FFF0CCF3 t=5929060 grTexDownloadMipMap#1239 tmu=0 addr=00374000 evenodd=3 lod=6..6 aspect=-1 format=5 data=02B30010
1105 pid=FFF0CCF3 t=5929060 grTexSource#20154 tmu=0 addr=00374000 evenodd=3 lod=6..6 aspect=-1 format=5
1106 pid=FFF0CCF3 t=5929065 grTexDownloadMipMap#1241 tmu=0 addr=00376000 evenodd=3 lod=4..4 aspect=1 format=5 data=02B30010
1107 pid=FFF0CCF3 t=5929065 grTexSource#20156 tmu=0 addr=00376000 evenodd=3 lod=4..4 aspect=1 format=5
1108 pid=FFF0CCF3 t=5929065 grTexDownloadMipMap#1243 tmu=0 addr=00378000 evenodd=3 lod=4..4 aspect=-1 format=5 data=02B30010
1109 pid=FFF0CCF3 t=5929065 grTexSource#20158 tmu=0 addr=00378000 evenodd=3 lod=4..4 aspect=-1 format=5
1110 pid=FFF0CCF3 t=5929065 grTexDownloadMipMap#1244 tmu=0 addr=00379000 evenodd=3 lod=5..5 aspect=-1 format=5 data=02B30010
1111 pid=FFF0CCF3 t=5929065 grTexSource#20159 tmu=0 addr=00379000 evenodd=3 lod=5..5 aspect=-1 format=5
1112 pid=FFF0CCF3 t=5929100 draw refused: result=4 triangles=2 storage/format=0203
1113 pid=FFF0CCF3 t=5929100   ops color/alpha=2/2 address/filters=010101
1114 pid=FFF0CCF3 t=5929100   blend=1 5/6
1115 pid=FFF0CCF3 t=5929100   alpha test=1 func=5 ref=0
1116 pid=FFF0CCF3 t=5929100   fog=0 depth enable/write/func=002 scissor-right=800
1117 pid=FFF0CCF3 t=5929140 draw refused: result=4 triangles=2 storage/format=0203
1118 pid=FFF0CCF3 t=5929140   ops color/alpha=2/2 address/filters=010101
1119 pid=FFF0CCF3 t=5929140   blend=1 5/6
1120 pid=FFF0CCF3 t=5929140   alpha test=1 func=5 ref=0
1121 pid=FFF0CCF3 t=5929140   fog=0 depth enable/write/func=002 scissor-right=800
1122 pid=FFF0CCF3 t=5929180 draw refused: result=4 triangles=2 storage/format=0203
1123 pid=FFF0CCF3 t=5929180   ops color/alpha=2/2 address/filters=010101
1124 pid=FFF0CCF3 t=5929180   blend=1 5/6
1125 pid=FFF0CCF3 t=5929180   alpha test=1 func=5 ref=0
1126 pid=FFF0CCF3 t=5929180   fog=0 depth enable/write/func=002 scissor-right=800
1127 pid=FFF0CCF3 t=5929220 draw refused: result=4 triangles=2 storage/format=0203
1128 pid=FFF0CCF3 t=5929220   ops color/alpha=2/2 address/filters=010101
1129 pid=FFF0CCF3 t=5929220   blend=1 5/6
1130 pid=FFF0CCF3 t=5929220   alpha test=1 func=5 ref=0
1131 pid=FFF0CCF3 t=5929220   fog=0 depth enable/write/func=002 scissor-right=800
1132 pid=FFF0CCF3 t=5929225 grTexDownloadMipMap#1245 tmu=0 addr=0037A000 evenodd=3 lod=6..6 aspect=-1 format=5 data=02B30010
1133 pid=FFF0CCF3 t=5929225 grTexSource#20643 tmu=0 addr=0037A000 evenodd=3 lod=6..6 aspect=-1 format=5
1134 pid=FFF0CCF3 t=5929230 grTexDownloadMipMap#1246 tmu=0 addr=0037B000 evenodd=3 lod=5..5 aspect=0 format=5 data=02B30010
1135 pid=FFF0CCF3 t=5929230 grTexSource#20644 tmu=0 addr=0037B000 evenodd=3 lod=5..5 aspect=0 format=5
1136 pid=FFF0CCF3 t=5929230 grTexDownloadMipMap#1247 tmu=0 addr=0037C000 evenodd=3 lod=4..4 aspect=0 format=5 data=02B30010
1137 pid=FFF0CCF3 t=5929230 grTexSource#20645 tmu=0 addr=0037C000 evenodd=3 lod=4..4 aspect=0 format=5
1138 pid=FFF0CCF3 t=5929234 grTexDownloadMipMap#1248 tmu=0 addr=0037D000 evenodd=3 lod=6..6 aspect=-1 format=5 data=02B30010
1139 pid=FFF0CCF3 t=5929234 grTexSource#20646 tmu=0 addr=0037D000 evenodd=3 lod=6..6 aspect=-1 format=5
1140 pid=FFF0CCF3 t=5929235 grTexDownloadMipMap#1250 tmu=0 addr=0037F000 evenodd=3 lod=4..4 aspect=1 format=5 data=02B30010
1141 pid=FFF0CCF3 t=5929235 grTexSource#20648 tmu=0 addr=0037F000 evenodd=3 lod=4..4 aspect=1 format=5
1142 pid=FFF0CCF3 t=5929235 grTexDownloadMipMap#1251 tmu=0 addr=00380000 evenodd=3 lod=4..4 aspect=1 format=5 data=02B30010
1143 pid=FFF0CCF3 t=5929235 grTexSource#20649 tmu=0 addr=00380000 evenodd=3 lod=4..4 aspect=1 format=5
1144 pid=FFF0CCF3 t=5929235 grTexDownloadMipMap#1252 tmu=0 addr=00381000 evenodd=3 lod=4..4 aspect=-1 format=5 data=02B30010
1145 pid=FFF0CCF3 t=5929235 grTexSource#20650 tmu=0 addr=00381000 evenodd=3 lod=4..4 aspect=-1 format=5
1146 pid=FFF0CCF3 t=5929235 grTexDownloadMipMap#1253 tmu=0 addr=00382000 evenodd=3 lod=5..5 aspect=-1 format=5 data=02B30010
1147 pid=FFF0CCF3 t=5929235 grTexSource#20651 tmu=0 addr=00382000 evenodd=3 lod=5..5 aspect=-1 format=5
1148 pid=FFF0CCF3 t=5929270 draw refused: result=4 triangles=2 storage/format=0203
1149 pid=FFF0CCF3 t=5929270   ops color/alpha=2/2 address/filters=010101
1150 pid=FFF0CCF3 t=5929270   blend=1 5/6
1151 pid=FFF0CCF3 t=5929270   alpha test=1 func=5 ref=0
1152 pid=FFF0CCF3 t=5929270   fog=0 depth enable/write/func=002 scissor-right=800
1153 pid=FFF0CCF3 t=5929305 draw refused: result=4 triangles=2 storage/format=0203
1154 pid=FFF0CCF3 t=5929305   ops color/alpha=2/2 address/filters=010101
1155 pid=FFF0CCF3 t=5929310   blend=1 5/6
1156 pid=FFF0CCF3 t=5929310   alpha test=1 func=5 ref=0
1157 pid=FFF0CCF3 t=5929310   fog=0 depth enable/write/func=002 scissor-right=800
1158 pid=FFF0CCF3 t=5929345 draw refused: result=4 triangles=2 storage/format=0203
1159 pid=FFF0CCF3 t=5929345   ops color/alpha=2/2 address/filters=010101
1160 pid=FFF0CCF3 t=5929350   blend=1 5/6
1161 pid=FFF0CCF3 t=5929350   alpha test=1 func=5 ref=0
1162 pid=FFF0CCF3 t=5929350   fog=0 depth enable/write/func=002 scissor-right=800
1163 pid=FFF0CCF3 t=5929355 grTexDownloadMipMap#1254 tmu=0 addr=00383000 evenodd=3 lod=6..6 aspect=-1 format=5 data=02B30010
1164 pid=FFF0CCF3 t=5929355 grTexSource#21012 tmu=0 addr=00383000 evenodd=3 lod=6..6 aspect=-1 format=5
1165 pid=FFF0CCF3 t=5929355 grTexDownloadMipMap#1255 tmu=0 addr=00384000 evenodd=3 lod=5..5 aspect=0 format=5 data=02B30010
1166 pid=FFF0CCF3 t=5929355 grTexSource#21013 tmu=0 addr=00384000 evenodd=3 lod=5..5 aspect=0 format=5
1167 pid=FFF0CCF3 t=5929355 grTexDownloadMipMap#1256 tmu=0 addr=00385000 evenodd=3 lod=5..5 aspect=-1 format=5 data=02B30010
1168 pid=FFF0CCF3 t=5929355 grTexSource#21014 tmu=0 addr=00385000 evenodd=3 lod=5..5 aspect=-1 format=5
1169 pid=FFF0CCF3 t=5929355 grTexDownloadMipMap#1257 tmu=0 addr=00386000 evenodd=3 lod=6..6 aspect=-1 format=5 data=02B30010
1170 pid=FFF0CCF3 t=5929355 grTexSource#21015 tmu=0 addr=00386000 evenodd=3 lod=6..6 aspect=-1 format=5
1171 pid=FFF0CCF3 t=5929360 grTexDownloadMipMap#1259 tmu=0 addr=00388000 evenodd=3 lod=4..4 aspect=1 format=5 data=02B30010
1172 pid=FFF0CCF3 t=5929360 grTexSource#21017 tmu=0 addr=00388000 evenodd=3 lod=4..4 aspect=1 format=5
1173 pid=FFF0CCF3 t=5929360 grTexDownloadMipMap#1260 tmu=0 addr=00389000 evenodd=3 lod=4..4 aspect=1 format=5 data=02B30010
1174 pid=FFF0CCF3 t=5929360 grTexSource#21018 tmu=0 addr=00389000 evenodd=3 lod=4..4 aspect=1 format=5
1175 pid=FFF0CCF3 t=5929360 grTexDownloadMipMap#1261 tmu=0 addr=0038A000 evenodd=3 lod=4..4 aspect=-1 format=5 data=02B30010
1176 pid=FFF0CCF3 t=5929360 grTexSource#21019 tmu=0 addr=0038A000 evenodd=3 lod=4..4 aspect=-1 format=5
1177 pid=FFF0CCF3 t=5929365 grTexDownloadMipMap#1262 tmu=0 addr=0038B000 evenodd=3 lod=5..5 aspect=-1 format=5 data=02B30010
1178 pid=FFF0CCF3 t=5929365 grTexSource#21020 tmu=0 addr=0038B000 evenodd=3 lod=5..5 aspect=-1 format=5
1179 pid=FFF0CCF3 t=5929475 grTexDownloadMipMap#1263 tmu=0 addr=0038C000 evenodd=3 lod=6..6 aspect=-1 format=5 data=02B30010
1180 pid=FFF0CCF3 t=5929475 grTexSource#21381 tmu=0 addr=0038C000 evenodd=3 lod=6..6 aspect=-1 format=5
1181 pid=FFF0CCF3 t=5929475 grTexDownloadMipMap#1264 tmu=0 addr=0038D000 evenodd=3 lod=5..5 aspect=0 format=5 data=02B30010
1182 pid=FFF0CCF3 t=5929475 grTexSource#21382 tmu=0 addr=0038D000 evenodd=3 lod=5..5 aspect=0 format=5
1183 pid=FFF0CCF3 t=5929475 grTexDownloadMipMap#1265 tmu=0 addr=0038E000 evenodd=3 lod=5..5 aspect=-1 format=5 data=02B30010
1184 pid=FFF0CCF3 t=5929475 grTexSource#21383 tmu=0 addr=0038E000 evenodd=3 lod=5..5 aspect=-1 format=5
1185 pid=FFF0CCF3 t=5929475 grTexDownloadMipMap#1266 tmu=0 addr=0038F000 evenodd=3 lod=6..6 aspect=-1 format=5 data=02B30010
1186 pid=FFF0CCF3 t=5929475 grTexSource#21384 tmu=0 addr=0038F000 evenodd=3 lod=6..6 aspect=-1 format=5
1187 pid=FFF0CCF3 t=5929480 grTexDownloadMipMap#1267 tmu=0 addr=00390000 evenodd=3 lod=6..6 aspect=-2 format=5 data=02B30010
1188 pid=FFF0CCF3 t=5929480 grTexSource#21385 tmu=0 addr=00390000 evenodd=3 lod=6..6 aspect=-2 format=5
1189 pid=FFF0CCF3 t=5929480 grTexDownloadMipMap#1268 tmu=0 addr=00391000 evenodd=3 lod=4..4 aspect=1 format=5 data=02B30010
1190 pid=FFF0CCF3 t=5929480 grTexSource#21386 tmu=0 addr=00391000 evenodd=3 lod=4..4 aspect=1 format=5
1191 pid=FFF0CCF3 t=5929480 grTexDownloadMipMap#1269 tmu=0 addr=00392000 evenodd=3 lod=4..4 aspect=1 format=5 data=02B30010
1192 pid=FFF0CCF3 t=5929480 grTexSource#21387 tmu=0 addr=00392000 evenodd=3 lod=4..4 aspect=1 format=5
1193 pid=FFF0CCF3 t=5929480 grTexDownloadMipMap#1270 tmu=0 addr=00393000 evenodd=3 lod=4..4 aspect=-1 format=5 data=02B30010
1194 pid=FFF0CCF3 t=5929480 grTexSource#21388 tmu=0 addr=00393000 evenodd=3 lod=4..4 aspect=-1 format=5
1195 pid=FFF0CCF3 t=5929485 grTexDownloadMipMap#1271 tmu=0 addr=00394000 evenodd=3 lod=5..5 aspect=-1 format=5 data=02B30010
1196 pid=FFF0CCF3 t=5929485 grTexSource#21389 tmu=0 addr=00394000 evenodd=3 lod=5..5 aspect=-1 format=5
1197 pid=FFF0CCF3 t=5929600 grTexDownloadMipMap#1272 tmu=0 addr=00395000 evenodd=3 lod=6..6 aspect=-1 format=5 data=02B30010
1198 pid=FFF0CCF3 t=5929600 grTexSource#21750 tmu=0 addr=00395000 evenodd=3 lod=6..6 aspect=-1 format=5
1199 pid=FFF0CCF3 t=5929605 grTexDownloadMipMap#1273 tmu=0 addr=00396000 evenodd=3 lod=5..5 aspect=0 format=5 data=02B30010
1200 pid=FFF0CCF3 t=5929605 grTexSource#21751 tmu=0 addr=00396000 evenodd=3 lod=5..5 aspect=0 format=5
1201 pid=FFF0CCF3 t=5929605 grTexDownloadMipMap#1274 tmu=0 addr=00397000 evenodd=3 lod=5..5 aspect=-1 format=5 data=02B30010
1202 pid=FFF0CCF3 t=5929605 grTexSource#21752 tmu=0 addr=00397000 evenodd=3 lod=5..5 aspect=-1 format=5
1203 pid=FFF0CCF3 t=5929605 grTexDownloadMipMap#1275 tmu=0 addr=00398000 evenodd=3 lod=6..6 aspect=-1 format=5 data=02B30010
1204 pid=FFF0CCF3 t=5929605 grTexSource#21753 tmu=0 addr=00398000 evenodd=3 lod=6..6 aspect=-1 format=5
1205 pid=FFF0CCF3 t=5929611 grTexDownloadMipMap#1276 tmu=0 addr=00399000 evenodd=3 lod=6..6 aspect=-2 format=5 data=02B30010
1206 pid=FFF0CCF3 t=5929611 grTexSource#21754 tmu=0 addr=00399000 evenodd=3 lod=6..6 aspect=-2 format=5
1207 pid=FFF0CCF3 t=5929611 grTexDownloadMipMap#1277 tmu=0 addr=0039A000 evenodd=3 lod=4..4 aspect=1 format=5 data=02B30010
1208 pid=FFF0CCF3 t=5929611 grTexSource#21755 tmu=0 addr=0039A000 evenodd=3 lod=4..4 aspect=1 format=5
1209 pid=FFF0CCF3 t=5929611 grTexDownloadMipMap#1278 tmu=0 addr=0039B000 evenodd=3 lod=4..4 aspect=1 format=5 data=02B30010
1210 pid=FFF0CCF3 t=5929611 grTexSource#21756 tmu=0 addr=0039B000 evenodd=3 lod=4..4 aspect=1 format=5
1211 pid=FFF0CCF3 t=5929611 grTexDownloadMipMap#1279 tmu=0 addr=0039C000 evenodd=3 lod=4..4 aspect=-1 format=5 data=02B30010
1212 pid=FFF0CCF3 t=5929611 grTexSource#21757 tmu=0 addr=0039C000 evenodd=3 lod=4..4 aspect=-1 format=5
1213 pid=FFF0CCF3 t=5929615 grTexDownloadMipMap#1280 tmu=0 addr=0039D000 evenodd=3 lod=5..5 aspect=-1 format=5 data=02B30010
1214 pid=FFF0CCF3 t=5929615 grTexSource#21758 tmu=0 addr=0039D000 evenodd=3 lod=5..5 aspect=-1 format=5
1215 pid=FFF0CCF3 t=5929720 grTexDownloadMipMap#1281 tmu=0 addr=0039E000 evenodd=3 lod=6..6 aspect=-1 format=5 data=02B30010
1216 pid=FFF0CCF3 t=5929720 grTexSource#22119 tmu=0 addr=0039E000 evenodd=3 lod=6..6 aspect=-1 format=5
1217 pid=FFF0CCF3 t=5929725 grTexDownloadMipMap#1282 tmu=0 addr=0039F000 evenodd=3 lod=5..5 aspect=0 format=5 data=02B30010
1218 pid=FFF0CCF3 t=5929725 grTexSource#22120 tmu=0 addr=0039F000 evenodd=3 lod=5..5 aspect=0 format=5
1219 pid=FFF0CCF3 t=5929725 grTexDownloadMipMap#1283 tmu=0 addr=003A0000 evenodd=3 lod=5..5 aspect=-1 format=5 data=02B30010
1220 pid=FFF0CCF3 t=5929725 grTexSource#22121 tmu=0 addr=003A0000 evenodd=3 lod=5..5 aspect=-1 format=5
1221 pid=FFF0CCF3 t=5929725 grTexDownloadMipMap#1284 tmu=0 addr=003A1000 evenodd=3 lod=6..6 aspect=-1 format=5 data=02B30010
1222 pid=FFF0CCF3 t=5929725 grTexSource#22122 tmu=0 addr=003A1000 evenodd=3 lod=6..6 aspect=-1 format=5
1223 pid=FFF0CCF3 t=5929725 grTexDownloadMipMap#1285 tmu=0 addr=003A2000 evenodd=3 lod=6..6 aspect=-2 format=5 data=02B30010
1224 pid=FFF0CCF3 t=5929725 grTexSource#22123 tmu=0 addr=003A2000 evenodd=3 lod=6..6 aspect=-2 format=5
1225 pid=FFF0CCF3 t=5929730 grTexDownloadMipMap#1286 tmu=0 addr=003A3000 evenodd=3 lod=4..4 aspect=1 format=5 data=02B30010
1226 pid=FFF0CCF3 t=5929730 grTexSource#22124 tmu=0 addr=003A3000 evenodd=3 lod=4..4 aspect=1 format=5
1227 pid=FFF0CCF3 t=5929730 grTexDownloadMipMap#1287 tmu=0 addr=003A4000 evenodd=3 lod=4..4 aspect=1 format=5 data=02B30010
1228 pid=FFF0CCF3 t=5929730 grTexSource#22125 tmu=0 addr=003A4000 evenodd=3 lod=4..4 aspect=1 format=5
1229 pid=FFF0CCF3 t=5929730 grTexDownloadMipMap#1288 tmu=0 addr=003A5000 evenodd=3 lod=4..4 aspect=-1 format=5 data=02B30010
1230 pid=FFF0CCF3 t=5929730 grTexSource#22126 tmu=0 addr=003A5000 evenodd=3 lod=4..4 aspect=-1 format=5
1231 pid=FFF0CCF3 t=5929730 grTexDownloadMipMap#1289 tmu=0 addr=003A6000 evenodd=3 lod=5..5 aspect=-1 format=5 data=02B30010
1232 pid=FFF0CCF3 t=5929730 grTexSource#22127 tmu=0 addr=003A6000 evenodd=3 lod=5..5 aspect=-1 format=5
1233 pid=FFF0CCF3 t=5929890 grTexDownloadMipMap#1290 tmu=0 addr=003A7000 evenodd=3 lod=6..6 aspect=-1 format=5 data=02B30010
1234 pid=FFF0CCF3 t=5929890 grTexSource#22611 tmu=0 addr=003A7000 evenodd=3 lod=6..6 aspect=-1 format=5
1235 pid=FFF0CCF3 t=5929890 grTexDownloadMipMap#1291 tmu=0 addr=003A8000 evenodd=3 lod=5..5 aspect=0 format=5 data=02B30010
1236 pid=FFF0CCF3 t=5929890 grTexSource#22612 tmu=0 addr=003A8000 evenodd=3 lod=5..5 aspect=0 format=5
1237 pid=FFF0CCF3 t=5929895 grTexDownloadMipMap#1292 tmu=0 addr=003A9000 evenodd=3 lod=6..6 aspect=-1 format=5 data=02B30010
1238 pid=FFF0CCF3 t=5929895 grTexSource#22613 tmu=0 addr=003A9000 evenodd=3 lod=6..6 aspect=-1 format=5
1239 pid=FFF0CCF3 t=5929895 grTexDownloadMipMap#1293 tmu=0 addr=003AA000 evenodd=3 lod=5..5 aspect=-1 format=5 data=02B30010
1240 pid=FFF0CCF3 t=5929895 grTexSource#22614 tmu=0 addr=003AA000 evenodd=3 lod=5..5 aspect=-1 format=5
1241 pid=FFF0CCF3 t=5929895 grTexDownloadMipMap#1294 tmu=0 addr=003AB000 evenodd=3 lod=4..4 aspect=1 format=5 data=02B30010
1242 pid=FFF0CCF3 t=5929895 grTexSource#22615 tmu=0 addr=003AB000 evenodd=3 lod=4..4 aspect=1 format=5
1243 pid=FFF0CCF3 t=5929900 grTexDownloadMipMap#1295 tmu=0 addr=003AC000 evenodd=3 lod=4..4 aspect=0 format=5 data=02B30010
1244 pid=FFF0CCF3 t=5929900 grTexSource#22616 tmu=0 addr=003AC000 evenodd=3 lod=4..4 aspect=0 format=5
1245 pid=FFF0CCF3 t=5929900 grTexDownloadMipMap#1296 tmu=0 addr=003AD000 evenodd=3 lod=4..4 aspect=-1 format=5 data=02B30010
1246 pid=FFF0CCF3 t=5929900 grTexSource#22617 tmu=0 addr=003AD000 evenodd=3 lod=4..4 aspect=-1 format=5
1247 pid=FFF0CCF3 t=5929900 grTexDownloadMipMap#1297 tmu=0 addr=003AE000 evenodd=3 lod=5..5 aspect=-1 format=5 data=02B30010
1248 pid=FFF0CCF3 t=5929900 grTexSource#22618 tmu=0 addr=003AE000 evenodd=3 lod=5..5 aspect=-1 format=5
1249 pid=FFF0CCF3 t=5929900 grTexDownloadMipMap#1298 tmu=0 addr=003AF000 evenodd=3 lod=5..5 aspect=-1 format=5 data=02B30010
1250 pid=FFF0CCF3 t=5929900 grTexSource#22619 tmu=0 addr=003AF000 evenodd=3 lod=5..5 aspect=-1 format=5
1251 pid=FFF0CCF3 t=5930015 grTexDownloadMipMap#1299 tmu=0 addr=003B0000 evenodd=3 lod=6..6 aspect=-1 format=5 data=02B30010
1252 pid=FFF0CCF3 t=5930015 grTexSource#22980 tmu=0 addr=003B0000 evenodd=3 lod=6..6 aspect=-1 format=5
1253 pid=FFF0CCF3 t=5930020 grTexDownloadMipMap#1300 tmu=0 addr=003B1000 evenodd=3 lod=5..5 aspect=0 format=5 data=02B30010
1254 pid=FFF0CCF3 t=5930020 grTexSource#22981 tmu=0 addr=003B1000 evenodd=3 lod=5..5 aspect=0 format=5
1255 pid=FFF0CCF3 t=5930020 grTexDownloadMipMap#1301 tmu=0 addr=003B2000 evenodd=3 lod=6..6 aspect=-1 format=5 data=02B30010
1256 pid=FFF0CCF3 t=5930020 grTexSource#22982 tmu=0 addr=003B2000 evenodd=3 lod=6..6 aspect=-1 format=5
1257 pid=FFF0CCF3 t=5930020 grTexDownloadMipMap#1302 tmu=0 addr=003B3000 evenodd=3 lod=5..5 aspect=-1 format=5 data=02B30010
1258 pid=FFF0CCF3 t=5930020 grTexSource#22983 tmu=0 addr=003B3000 evenodd=3 lod=5..5 aspect=-1 format=5
1259 pid=FFF0CCF3 t=5930025 grTexDownloadMipMap#1303 tmu=0 addr=003B4000 evenodd=3 lod=4..4 aspect=1 format=5 data=02B30010
1260 pid=FFF0CCF3 t=5930025 grTexSource#22984 tmu=0 addr=003B4000 evenodd=3 lod=4..4 aspect=1 format=5
1261 pid=FFF0CCF3 t=5930025 grTexDownloadMipMap#1304 tmu=0 addr=003B5000 evenodd=3 lod=4..4 aspect=0 format=5 data=02B30010
1262 pid=FFF0CCF3 t=5930025 grTexSource#22985 tmu=0 addr=003B5000 evenodd=3 lod=4..4 aspect=0 format=5
1263 pid=FFF0CCF3 t=5930025 grTexDownloadMipMap#1305 tmu=0 addr=003B6000 evenodd=3 lod=4..4 aspect=-1 format=5 data=02B30010
1264 pid=FFF0CCF3 t=5930025 grTexSource#22986 tmu=0 addr=003B6000 evenodd=3 lod=4..4 aspect=-1 format=5
1265 pid=FFF0CCF3 t=5930025 grTexDownloadMipMap#1306 tmu=0 addr=003B7000 evenodd=3 lod=5..5 aspect=-1 format=5 data=02B30010
1266 pid=FFF0CCF3 t=5930025 grTexSource#22987 tmu=0 addr=003B7000 evenodd=3 lod=5..5 aspect=-1 format=5
1267 pid=FFF0CCF3 t=5930025 grTexDownloadMipMap#1307 tmu=0 addr=003B8000 evenodd=3 lod=5..5 aspect=-1 format=5 data=02B30010
1268 pid=FFF0CCF3 t=5930030 grTexSource#22988 tmu=0 addr=003B8000 evenodd=3 lod=5..5 aspect=-1 format=5
1269 pid=FFF0CCF3 t=5930135 grTexDownloadMipMap#1308 tmu=0 addr=003B9000 evenodd=3 lod=6..6 aspect=-1 format=5 data=02B30010
1270 pid=FFF0CCF3 t=5930135 grTexSource#23349 tmu=0 addr=003B9000 evenodd=3 lod=6..6 aspect=-1 format=5
1271 pid=FFF0CCF3 t=5930140 grTexDownloadMipMap#1309 tmu=0 addr=003BA000 evenodd=3 lod=5..5 aspect=0 format=5 data=02B30010
1272 pid=FFF0CCF3 t=5930140 grTexSource#23350 tmu=0 addr=003BA000 evenodd=3 lod=5..5 aspect=0 format=5
1273 pid=FFF0CCF3 t=5930140 grTexDownloadMipMap#1310 tmu=0 addr=003BB000 evenodd=3 lod=6..6 aspect=-1 format=5 data=02B30010
1274 pid=FFF0CCF3 t=5930140 grTexSource#23351 tmu=0 addr=003BB000 evenodd=3 lod=6..6 aspect=-1 format=5
1275 pid=FFF0CCF3 t=5930140 grTexDownloadMipMap#1311 tmu=0 addr=003BC000 evenodd=3 lod=5..5 aspect=-1 format=5 data=02B30010
1276 pid=FFF0CCF3 t=5930140 grTexSource#23352 tmu=0 addr=003BC000 evenodd=3 lod=5..5 aspect=-1 format=5
1277 pid=FFF0CCF3 t=5930145 grTexDownloadMipMap#1312 tmu=0 addr=003BD000 evenodd=3 lod=4..4 aspect=1 format=5 data=02B30010
1278 pid=FFF0CCF3 t=5930145 grTexSource#23353 tmu=0 addr=003BD000 evenodd=3 lod=4..4 aspect=1 format=5
1279 pid=FFF0CCF3 t=5930145 grTexDownloadMipMap#1313 tmu=0 addr=003BE000 evenodd=3 lod=4..4 aspect=0 format=5 data=02B30010
1280 pid=FFF0CCF3 t=5930145 grTexSource#23354 tmu=0 addr=003BE000 evenodd=3 lod=4..4 aspect=0 format=5
1281 pid=FFF0CCF3 t=5930145 grTexDownloadMipMap#1314 tmu=0 addr=003BF000 evenodd=3 lod=4..4 aspect=-1 format=5 data=02B30010
1282 pid=FFF0CCF3 t=5930145 grTexSource#23355 tmu=0 addr=003BF000 evenodd=3 lod=4..4 aspect=-1 format=5
1283 pid=FFF0CCF3 t=5930145 grTexDownloadMipMap#1315 tmu=0 addr=003C0000 evenodd=3 lod=5..5 aspect=-1 format=5 data=02B30010
1284 pid=FFF0CCF3 t=5930145 grTexSource#23356 tmu=0 addr=003C0000 evenodd=3 lod=5..5 aspect=-1 format=5
1285 pid=FFF0CCF3 t=5930145 grTexDownloadMipMap#1316 tmu=0 addr=003C1000 evenodd=3 lod=5..5 aspect=-1 format=5 data=02B30010
1286 pid=FFF0CCF3 t=5930145 grTexSource#23357 tmu=0 addr=003C1000 evenodd=3 lod=5..5 aspect=-1 format=5
1287 pid=FFF0CCF3 t=5930265 grTexDownloadMipMap#1317 tmu=0 addr=003C2000 evenodd=3 lod=6..6 aspect=-1 format=5 data=02B30010
1288 pid=FFF0CCF3 t=5930265 grTexSource#23718 tmu=0 addr=003C2000 evenodd=3 lod=6..6 aspect=-1 format=5
1289 pid=FFF0CCF3 t=5930265 grTexDownloadMipMap#1318 tmu=0 addr=003C3000 evenodd=3 lod=5..5 aspect=0 format=5 data=02B30010
1290 pid=FFF0CCF3 t=5930265 grTexSource#23719 tmu=0 addr=003C3000 evenodd=3 lod=5..5 aspect=0 format=5
1291 pid=FFF0CCF3 t=5930270 grTexDownloadMipMap#1319 tmu=0 addr=003C4000 evenodd=3 lod=6..6 aspect=-1 format=5 data=02B30010
1292 pid=FFF0CCF3 t=5930270 grTexSource#23720 tmu=0 addr=003C4000 evenodd=3 lod=6..6 aspect=-1 format=5
1293 pid=FFF0CCF3 t=5930270 grTexDownloadMipMap#1320 tmu=0 addr=003C5000 evenodd=3 lod=5..5 aspect=-1 format=5 data=02B30010
1294 pid=FFF0CCF3 t=5930270 grTexSource#23721 tmu=0 addr=003C5000 evenodd=3 lod=5..5 aspect=-1 format=5
1295 pid=FFF0CCF3 t=5930270 grTexDownloadMipMap#1321 tmu=0 addr=003C6000 evenodd=3 lod=4..4 aspect=1 format=5 data=02B30010
1296 pid=FFF0CCF3 t=5930270 grTexSource#23722 tmu=0 addr=003C6000 evenodd=3 lod=4..4 aspect=1 format=5
1297 pid=FFF0CCF3 t=5930273 grTexDownloadMipMap#1322 tmu=0 addr=003C7000 evenodd=3 lod=4..4 aspect=0 format=5 data=02B30010
1298 pid=FFF0CCF3 t=5930273 grTexSource#23723 tmu=0 addr=003C7000 evenodd=3 lod=4..4 aspect=0 format=5
1299 pid=FFF0CCF3 t=5930275 grTexDownloadMipMap#1323 tmu=0 addr=003C8000 evenodd=3 lod=4..4 aspect=0 format=5 data=02B30010
1300 pid=FFF0CCF3 t=5930275 grTexSource#23724 tmu=0 addr=003C8000 evenodd=3 lod=4..4 aspect=0 format=5
1301 pid=FFF0CCF3 t=5930275 grTexDownloadMipMap#1324 tmu=0 addr=003C9000 evenodd=3 lod=5..5 aspect=-1 format=5 data=02B30010
1302 pid=FFF0CCF3 t=5930275 grTexSource#23725 tmu=0 addr=003C9000 evenodd=3 lod=5..5 aspect=-1 format=5
1303 pid=FFF0CCF3 t=5930275 grTexDownloadMipMap#1325 tmu=0 addr=003CA000 evenodd=3 lod=5..5 aspect=-1 format=5 data=02B30010
1304 pid=FFF0CCF3 t=5930275 grTexSource#23726 tmu=0 addr=003CA000 evenodd=3 lod=5..5 aspect=-1 format=5
1305 pid=FFF0CCF3 t=5937800 census periodic swaps=696
1306 pid=FFF0CCF3 t=5937800 census   draws: drawn=96008 refused=468 culled=0 skipped-textured=0
1307 pid=FFF0CCF3 t=5937800 census   draws: fog-dropped=0 uploads=674 surface-hits=459 evictions=438
1308 pid=FFF0CCF3 t=5937800 census   cycles(Mc): frame=14375 entry=8605 prepare=2632 upload=2238 submit=5914 swap=2555 clear=74 batches=34450
1309 pid=FFF0CCF3 t=5937800 census   batch ends: full=0 texture=33012 state=0
1310 pid=FFF0CCF3 t=5937800 census   grAlphaBlendFunction calls=3331 lines=4
1311 pid=FFF0CCF3 t=5937800 census   grAlphaCombine calls=3331 lines=2
1312 pid=FFF0CCF3 t=5937800 census   grBufferClear calls=1387 lines=4
1313 pid=FFF0CCF3 t=5937800 census   grBufferSwap calls=696 lines=24
1314 pid=FFF0CCF3 t=5937800 census   grChromakeyMode calls=691 lines=1
1315 pid=FFF0CCF3 t=5937800 census   grChromakeyValue calls=3 lines=3
1316 pid=FFF0CCF3 t=5937800 census   grColorCombine calls=691 lines=1
1317 pid=FFF0CCF3 t=5937800 census   grColorMask calls=3 lines=3
1318 pid=FFF0CCF3 t=5937800 census   grConstantColorValue calls=5985 lines=2
1319 pid=FFF0CCF3 t=5937800 census   grCoordinateSpace calls=3 lines=3
1320 pid=FFF0CCF3 t=5937800 census   grDepthMask calls=3 lines=3
1321 pid=FFF0CCF3 t=5937800 census   grDitherMode calls=52836 lines=2
1322 pid=FFF0CCF3 t=5937800 census   grDrawVertexArrayContiguous calls=46851 lines=48
1323 pid=FFF0CCF3 t=5937800 census   grFinish calls=2 lines=2
1324 pid=FFF0CCF3 t=5937800 census   grGet calls=13 lines=13
1325 pid=FFF0CCF3 t=5937800 census   grGetString calls=4 lines=4
1326 pid=FFF0CCF3 t=5937800 census   grGlideInit calls=3 lines=3
1327 pid=FFF0CCF3 t=5937800 census   grGlideShutdown calls=2 lines=2
1328 pid=FFF0CCF3 t=5937800 census   grLoadGammaTable calls=3 lines=3
1329 pid=FFF0CCF3 t=5937800 census   grSstSelect calls=3 lines=3
1330 pid=FFF0CCF3 t=5937800 census   grSstWinClose calls=2 lines=2
1331 pid=FFF0CCF3 t=5937800 census   grSstWinOpen calls=3 lines=3
1332 pid=FFF0CCF3 t=5937800 census   grTexCombine calls=4 lines=4
1333 pid=FFF0CCF3 t=5937800 census   grTexDownloadMipMap calls=1325 lines=480
1334 pid=FFF0CCF3 t=5937800 census   grTexDownloadTable calls=12 lines=7
1335 pid=FFF0CCF3 t=5937800 census   grTexFilterMode calls=694 lines=3
1336 pid=FFF0CCF3 t=5937800 census   grTexMaxAddress calls=3 lines=3
1337 pid=FFF0CCF3 t=5937800 census   grTexMinAddress calls=3 lines=3
1338 pid=FFF0CCF3 t=5937805 census   grTexSource calls=46851 lines=288
1339 pid=FFF0CCF3 t=5937805 census   grVertexLayout calls=12 lines=12
1340 pid=FFF0CCF3 t=5940415 grTexDownloadMipMap#1326 tmu=0 addr=003CB000 evenodd=3 lod=6..6 aspect=0 format=5 data=02B30010
1341 pid=FFF0CCF3 t=5940415 grTexSource#54874 tmu=0 addr=003CB000 evenodd=3 lod=6..6 aspect=0 format=5
1342 pid=FFF0CCF3 t=5940415 grTexDownloadMipMap#1327 tmu=0 addr=003CC000 evenodd=3 lod=6..6 aspect=0 format=5 data=02B30010
1343 pid=FFF0CCF3 t=5940415 grTexSource#54875 tmu=0 addr=003CC000 evenodd=3 lod=6..6 aspect=0 format=5
1344 pid=FFF0CCF3 t=5940420 grTexDownloadMipMap#1328 tmu=0 addr=003CD000 evenodd=3 lod=6..6 aspect=0 format=5 data=02B30010
1345 pid=FFF0CCF3 t=5940420 grTexSource#54876 tmu=0 addr=003CD000 evenodd=3 lod=6..6 aspect=0 format=5
1346 pid=FFF0CCF3 t=5940420 grTexDownloadMipMap#1329 tmu=0 addr=003CE000 evenodd=3 lod=5..5 aspect=0 format=5 data=02B30010
1347 pid=FFF0CCF3 t=5940420 grTexSource#54877 tmu=0 addr=003CE000 evenodd=3 lod=5..5 aspect=0 format=5
1348 pid=FFF0CCF3 t=5940420 grTexDownloadMipMap#1330 tmu=0 addr=003CF000 evenodd=3 lod=5..5 aspect=0 format=5 data=02B30010
1349 pid=FFF0CCF3 t=5940420 grTexSource#54878 tmu=0 addr=003CF000 evenodd=3 lod=5..5 aspect=0 format=5
1350 pid=FFF0CCF3 t=5940425 grTexDownloadMipMap#1331 tmu=0 addr=003D0000 evenodd=3 lod=5..5 aspect=0 format=5 data=02B30010
1351 pid=FFF0CCF3 t=5940425 grTexSource#54879 tmu=0 addr=003D0000 evenodd=3 lod=5..5 aspect=0 format=5
1352 pid=FFF0CCF3 t=5940425 grTexDownloadMipMap#1332 tmu=0 addr=003D1000 evenodd=3 lod=5..5 aspect=0 format=5 data=02B30010
1353 pid=FFF0CCF3 t=5940425 grTexSource#54881 tmu=0 addr=003D1000 evenodd=3 lod=5..5 aspect=0 format=5
1354 pid=FFF0CCF3 t=5940425 grTexDownloadMipMap#1333 tmu=0 addr=003D2000 evenodd=3 lod=5..5 aspect=0 format=5 data=02B30010
1355 pid=FFF0CCF3 t=5940425 grTexSource#54882 tmu=0 addr=003D2000 evenodd=3 lod=5..5 aspect=0 format=5
1356 pid=FFF0CCF3 t=5940425 grTexDownloadMipMap#1334 tmu=0 addr=003D3000 evenodd=3 lod=5..5 aspect=0 format=5 data=02B30010
1357 pid=FFF0CCF3 t=5940425 grTexSource#54883 tmu=0 addr=003D3000 evenodd=3 lod=5..5 aspect=0 format=5
1358 pid=FFF0CCF3 t=5940430 grTexDownloadMipMap#1335 tmu=0 addr=003D4000 evenodd=3 lod=5..5 aspect=0 format=5 data=02B30010
1359 pid=FFF0CCF3 t=5940430 grTexSource#54885 tmu=0 addr=003D4000 evenodd=3 lod=5..5 aspect=0 format=5
1360 pid=FFF0CCF3 t=5940430 grTexDownloadMipMap#1336 tmu=0 addr=003D5000 evenodd=3 lod=5..5 aspect=0 format=5 data=02B30010
1361 pid=FFF0CCF3 t=5940430 grTexSource#54886 tmu=0 addr=003D5000 evenodd=3 lod=5..5 aspect=0 format=5
1362 pid=FFF0CCF3 t=5940430 grTexDownloadMipMap#1337 tmu=0 addr=003D6000 evenodd=3 lod=5..5 aspect=0 format=5 data=02B30010
1363 pid=FFF0CCF3 t=5940430 grTexSource#54887 tmu=0 addr=003D6000 evenodd=3 lod=5..5 aspect=0 format=5
1364 pid=FFF0CCF3 t=5940430 grTexDownloadMipMap#1338 tmu=0 addr=003D7000 evenodd=3 lod=5..5 aspect=0 format=5 data=02B30010
1365 pid=FFF0CCF3 t=5940435 grTexSource#54888 tmu=0 addr=003D7000 evenodd=3 lod=5..5 aspect=0 format=5
1366 pid=FFF0CCF3 t=5940435 grTexDownloadMipMap#1339 tmu=0 addr=003D8000 evenodd=3 lod=5..5 aspect=0 format=5 data=02B30010
1367 pid=FFF0CCF3 t=5940435 grTexSource#54891 tmu=0 addr=003D8000 evenodd=3 lod=5..5 aspect=0 format=5
1368 pid=FFF0CCF3 t=5940435 grTexDownloadMipMap#1340 tmu=0 addr=003D9000 evenodd=3 lod=5..5 aspect=0 format=5 data=02B30010
1369 pid=FFF0CCF3 t=5940435 grTexSource#54893 tmu=0 addr=003D9000 evenodd=3 lod=5..5 aspect=0 format=5
1370 pid=FFF0CCF3 t=5940435 grTexDownloadMipMap#1341 tmu=0 addr=003DA000 evenodd=3 lod=5..5 aspect=0 format=5 data=02B30010
1371 pid=FFF0CCF3 t=5940435 grTexSource#54894 tmu=0 addr=003DA000 evenodd=3 lod=5..5 aspect=0 format=5
1372 pid=FFF0CCF3 t=5940440 grTexDownloadMipMap#1342 tmu=0 addr=003DB000 evenodd=3 lod=5..5 aspect=0 format=5 data=02B30010
1373 pid=FFF0CCF3 t=5940440 grTexSource#54895 tmu=0 addr=003DB000 evenodd=3 lod=5..5 aspect=0 format=5
1374 pid=FFF0CCF3 t=5940440 grConstantColorValue#6843 color=000000C0
1375 pid=FFF0CCF3 t=5940550 grFinish#3 
1376 pid=FFF0CCF3 t=5940550 grSstWinClose#3 context=1
1377 pid=FFF0CCF3 t=5940550 census winclose swaps=762
1378 pid=FFF0CCF3 t=5940550 census   draws: drawn=112418 refused=616 culled=0 skipped-textured=0
1379 pid=FFF0CCF3 t=5940550 census   draws: fog-dropped=0 uploads=690 surface-hits=460 evictions=439
1380 pid=FFF0CCF3 t=5940550 census   cycles(Mc): frame=2538 entry=1368 prepare=29 upload=6 submit=1306 swap=482 clear=3 batches=8279
1381 pid=FFF0CCF3 t=5940550 census   batch ends: full=0 texture=8064 state=0
1382 pid=FFF0CCF3 t=5940550 census   grAlphaBlendFunction calls=3795 lines=4
1383 pid=FFF0CCF3 t=5940550 census   grAlphaCombine calls=3795 lines=2
1384 pid=FFF0CCF3 t=5940550 census   grBufferClear calls=1519 lines=4
1385 pid=FFF0CCF3 t=5940550 census   grBufferSwap calls=762 lines=24
1386 pid=FFF0CCF3 t=5940550 census   grChromakeyMode calls=757 lines=1
1387 pid=FFF0CCF3 t=5940550 census   grChromakeyValue calls=3 lines=3
1388 pid=FFF0CCF3 t=5940550 census   grColorCombine calls=757 lines=1
1389 pid=FFF0CCF3 t=5940550 census   grColorMask calls=3 lines=3
1390 pid=FFF0CCF3 t=5940550 census   grConstantColorValue calls=6851 lines=3
1391 pid=FFF0CCF3 t=5940550 census   grCoordinateSpace calls=3 lines=3
1392 pid=FFF0CCF3 t=5940550 census   grDepthMask calls=3 lines=3
1393 pid=FFF0CCF3 t=5940550 census   grDitherMode calls=61831 lines=2
1394 pid=FFF0CCF3 t=5940550 census   grDrawVertexArrayContiguous calls=54998 lines=48
1395 pid=FFF0CCF3 t=5940550 census   grFinish calls=3 lines=3
1396 pid=FFF0CCF3 t=5940550 census   grGet calls=13 lines=13
1397 pid=FFF0CCF3 t=5940550 census   grGetString calls=4 lines=4
1398 pid=FFF0CCF3 t=5940550 census   grGlideInit calls=3 lines=3
1399 pid=FFF0CCF3 t=5940550 census   grGlideShutdown calls=2 lines=2
1400 pid=FFF0CCF3 t=5940550 census   grLoadGammaTable calls=3 lines=3
1401 pid=FFF0CCF3 t=5940550 census   grSstSelect calls=3 lines=3
1402 pid=FFF0CCF3 t=5940550 census   grSstWinClose calls=3 lines=3
1403 pid=FFF0CCF3 t=5940550 census   grSstWinOpen calls=3 lines=3
1404 pid=FFF0CCF3 t=5940550 census   grTexCombine calls=4 lines=4
1405 pid=FFF0CCF3 t=5940550 census   grTexDownloadMipMap calls=1342 lines=497
1406 pid=FFF0CCF3 t=5940555 census   grTexDownloadTable calls=15 lines=7
1407 pid=FFF0CCF3 t=5940555 census   grTexFilterMode calls=760 lines=3
1408 pid=FFF0CCF3 t=5940555 census   grTexMaxAddress calls=3 lines=3
1409 pid=FFF0CCF3 t=5940555 census   grTexMinAddress calls=3 lines=3
1410 pid=FFF0CCF3 t=5940555 census   grTexSource calls=54998 lines=305
1411 pid=FFF0CCF3 t=5940555 census   grVertexLayout calls=12 lines=12
1412 pid=FFF0CCF3 t=5942325 device: closed
1413 pid=FFF0CCF3 t=5942325 grGlideShutdown#3 
1414 pid=FFF0CCF3 t=5942325 census shutdown swaps=762
1415 pid=FFF0CCF3 t=5942325 census   draws: drawn=112418 refused=616 culled=0 skipped-textured=0
1416 pid=FFF0CCF3 t=5942325 census   draws: fog-dropped=0 uploads=690 surface-hits=460 evictions=439
1417 pid=FFF0CCF3 t=5942325 census   cycles(Mc): frame=0 entry=0 prepare=0 upload=0 submit=0 swap=0 clear=0 batches=0
1418 pid=FFF0CCF3 t=5942325 census   batch ends: full=0 texture=0 state=0
1419 pid=FFF0CCF3 t=5942325 census   grAlphaBlendFunction calls=3795 lines=4
1420 pid=FFF0CCF3 t=5942325 census   grAlphaCombine calls=3795 lines=2
1421 pid=FFF0CCF3 t=5942325 census   grBufferClear calls=1519 lines=4
1422 pid=FFF0CCF3 t=5942325 census   grBufferSwap calls=762 lines=24
1423 pid=FFF0CCF3 t=5942325 census   grChromakeyMode calls=757 lines=1
1424 pid=FFF0CCF3 t=5942325 census   grChromakeyValue calls=3 lines=3
1425 pid=FFF0CCF3 t=5942325 census   grColorCombine calls=757 lines=1
1426 pid=FFF0CCF3 t=5942325 census   grColorMask calls=3 lines=3
1427 pid=FFF0CCF3 t=5942325 census   grConstantColorValue calls=6851 lines=3
1428 pid=FFF0CCF3 t=5942325 census   grCoordinateSpace calls=3 lines=3
1429 pid=FFF0CCF3 t=5942325 census   grDepthMask calls=3 lines=3
1430 pid=FFF0CCF3 t=5942325 census   grDitherMode calls=61831 lines=2
1431 pid=FFF0CCF3 t=5942325 census   grDrawVertexArrayContiguous calls=54998 lines=48
1432 pid=FFF0CCF3 t=5942325 census   grFinish calls=3 lines=3
1433 pid=FFF0CCF3 t=5942325 census   grGet calls=13 lines=13
1434 pid=FFF0CCF3 t=5942325 census   grGetString calls=4 lines=4
1435 pid=FFF0CCF3 t=5942325 census   grGlideInit calls=3 lines=3
1436 pid=FFF0CCF3 t=5942325 census   grGlideShutdown calls=3 lines=3
1437 pid=FFF0CCF3 t=5942325 census   grLoadGammaTable calls=3 lines=3
1438 pid=FFF0CCF3 t=5942325 census   grSstSelect calls=3 lines=3
1439 pid=FFF0CCF3 t=5942325 census   grSstWinClose calls=3 lines=3
1440 pid=FFF0CCF3 t=5942325 census   grSstWinOpen calls=3 lines=3
1441 pid=FFF0CCF3 t=5942325 census   grTexCombine calls=4 lines=4
1442 pid=FFF0CCF3 t=5942325 census   grTexDownloadMipMap calls=1342 lines=497
1443 pid=FFF0CCF3 t=5942325 census   grTexDownloadTable calls=15 lines=7
1444 pid=FFF0CCF3 t=5942325 census   grTexFilterMode calls=760 lines=3
1445 pid=FFF0CCF3 t=5942325 census   grTexMaxAddress calls=3 lines=3
1446 pid=FFF0CCF3 t=5942325 census   grTexMinAddress calls=3 lines=3
1447 pid=FFF0CCF3 t=5942325 census   grTexSource calls=54998 lines=305
1448 pid=FFF0CCF3 t=5942325 census   grVertexLayout calls=12 lines=12
1449 pid=FFF0CCF3 t=5942325 grGlideInit#4 
1450 pid=FFF0CCF3 t=5942325 grSstSelect#4 sst=0
1451 pid=FFF0CCF3 t=5942355 device: window=00000518 ours=0
1452 pid=FFF0CCF3 t=5944406 device: describe result=0 engine=4 generation=25
1453 pid=FFF0CCF3 t=5944406 device: target formats=00000002 texture formats=0000001A hw max=256
1454 pid=FFF0CCF3 t=5944406 device: open 640x480 buffers=3
1455 pid=FFF0CCF3 t=5944410 grSstWinOpen#4 hwnd=00000518 res=7 refresh=0 cformat=2 origin=0 colbuf=2 auxbuf=0 -> 1
1456 pid=FFF0CCF3 t=5944410 grTexDownloadMipMap#1343 tmu=0 addr=00000000 evenodd=3 lod=4..4 aspect=-1 format=5 data=00D605E4
1457 pid=FFF0CCF3 t=5944410 grTexDownloadMipMap#1344 tmu=0 addr=00000080 evenodd=3 lod=4..4 aspect=-1 format=5 data=00D605E4
1458 pid=FFF0CCF3 t=5944410 grTexDownloadMipMap#1345 tmu=0 addr=00000100 evenodd=3 lod=4..4 aspect=-1 format=5 data=00D605E4
1459 pid=FFF0CCF3 t=5944410 grTexDownloadMipMap#1346 tmu=0 addr=00000180 evenodd=3 lod=4..4 aspect=-1 format=5 data=00D605E4
1460 pid=FFF0CCF3 t=5944410 grTexDownloadMipMap#1347 tmu=0 addr=00000200 evenodd=3 lod=4..4 aspect=-1 format=5 data=00D605E4
1461 pid=FFF0CCF3 t=5944410 grTexDownloadMipMap#1348 tmu=0 addr=00000280 evenodd=3 lod=4..4 aspect=-1 format=5 data=00D605E4
1462 pid=FFF0CCF3 t=5944415 grTexDownloadMipMap#1349 tmu=0 addr=00000300 evenodd=3 lod=4..4 aspect=-1 format=5 data=00D605E4
1463 pid=FFF0CCF3 t=5944415 grTexDownloadMipMap#1350 tmu=0 addr=00000380 evenodd=3 lod=4..4 aspect=-1 format=5 data=00D605E4
1464 pid=FFF0CCF3 t=5944415 grTexDownloadMipMap#1351 tmu=0 addr=00000400 evenodd=3 lod=4..4 aspect=-1 format=5 data=00D605E4
1465 pid=FFF0CCF3 t=5944415 grTexDownloadMipMap#1352 tmu=0 addr=00000480 evenodd=3 lod=4..4 aspect=-1 format=5 data=00D605E4
1466 pid=FFF0CCF3 t=5944415 grTexDownloadMipMap#1353 tmu=0 addr=00000500 evenodd=3 lod=4..4 aspect=-1 format=5 data=00D605E4
1467 pid=FFF0CCF3 t=5944415 grTexDownloadMipMap#1354 tmu=0 addr=00000580 evenodd=3 lod=4..4 aspect=-1 format=5 data=00D605E4
1468 pid=FFF0CCF3 t=5944415 grTexDownloadMipMap#1355 tmu=0 addr=00000600 evenodd=3 lod=4..4 aspect=-1 format=5 data=00D605E4
1469 pid=FFF0CCF3 t=5944415 grTexDownloadMipMap#1356 tmu=0 addr=00000680 evenodd=3 lod=4..4 aspect=-1 format=5 data=00D605E4
1470 pid=FFF0CCF3 t=5944415 grTexDownloadMipMap#1357 tmu=0 addr=00000700 evenodd=3 lod=4..4 aspect=-1 format=5 data=00D605E4
1471 pid=FFF0CCF3 t=5944420 grTexDownloadMipMap#1358 tmu=0 addr=00000780 evenodd=3 lod=4..4 aspect=-1 format=5 data=00D605E4
1472 pid=FFF0CCF3 t=5944420 grTexDownloadMipMap#1359 tmu=0 addr=00000800 evenodd=3 lod=4..4 aspect=-1 format=5 data=00D605E4
1473 pid=FFF0CCF3 t=5944420 grTexDownloadMipMap#1360 tmu=0 addr=00000880 evenodd=3 lod=4..4 aspect=-1 format=5 data=00D605E4
1474 pid=FFF0CCF3 t=5944420 grTexDownloadMipMap#1361 tmu=0 addr=00000900 evenodd=3 lod=4..4 aspect=-1 format=5 data=00D605E4
1475 pid=FFF0CCF3 t=5944420 grTexDownloadMipMap#1362 tmu=0 addr=00000980 evenodd=3 lod=4..4 aspect=-1 format=5 data=00D605E4
1476 pid=FFF0CCF3 t=5944420 grTexDownloadMipMap#1363 tmu=0 addr=00000A00 evenodd=3 lod=4..4 aspect=-1 format=5 data=00D605E4
1477 pid=FFF0CCF3 t=5944420 grTexDownloadMipMap#1364 tmu=0 addr=00000A80 evenodd=3 lod=4..4 aspect=-1 format=5 data=00D605E4
1478 pid=FFF0CCF3 t=5944420 grTexDownloadMipMap#1365 tmu=0 addr=00000B00 evenodd=3 lod=4..4 aspect=-1 format=5 data=00D605E4
1479 pid=FFF0CCF3 t=5944425 grTexDownloadMipMap#1366 tmu=0 addr=00000B80 evenodd=3 lod=4..4 aspect=-1 format=5 data=00D605E4
1480 pid=FFF0CCF3 t=5944426 grTexDownloadMipMap#1367 tmu=0 addr=00000C00 evenodd=3 lod=4..4 aspect=-1 format=5 data=00D605E4
1481 pid=FFF0CCF3 t=5944426 grTexDownloadMipMap#1368 tmu=0 addr=00000C80 evenodd=3 lod=4..4 aspect=-1 format=5 data=00D605E4
1482 pid=FFF0CCF3 t=5944426 grTexDownloadMipMap#1369 tmu=0 addr=00000D00 evenodd=3 lod=4..4 aspect=-1 format=5 data=00D605E4
1483 pid=FFF0CCF3 t=5944426 grTexDownloadMipMap#1370 tmu=0 addr=00000D80 evenodd=3 lod=4..4 aspect=-1 format=5 data=00D605E4
1484 pid=FFF0CCF3 t=5944426 grTexDownloadMipMap#1371 tmu=0 addr=00000E00 evenodd=3 lod=4..4 aspect=-1 format=5 data=00D605E4
1485 pid=FFF0CCF3 t=5944426 grTexDownloadMipMap#1372 tmu=0 addr=00000E80 evenodd=3 lod=4..4 aspect=-1 format=5 data=00D605E4
1486 pid=FFF0CCF3 t=5944426 grTexDownloadMipMap#1373 tmu=0 addr=00000F00 evenodd=3 lod=4..4 aspect=-1 format=5 data=00D605E4
1487 pid=FFF0CCF3 t=5944430 grTexDownloadMipMap#1374 tmu=0 addr=00000F80 evenodd=3 lod=4..4 aspect=-1 format=5 data=00D605E4
1488 pid=FFF0CCF3 t=5944430 grTexDownloadMipMap#1375 tmu=0 addr=00001000 evenodd=3 lod=4..4 aspect=-1 format=5 data=00D605E4
1489 pid=FFF0CCF3 t=5944430 grTexDownloadMipMap#1376 tmu=0 addr=00001080 evenodd=3 lod=4..4 aspect=-1 format=5 data=00D605E4
1490 pid=FFF0CCF3 t=5944430 grTexDownloadMipMap#1377 tmu=0 addr=00001100 evenodd=3 lod=4..4 aspect=-1 format=5 data=00D605E4
1491 pid=FFF0CCF3 t=5944430 grTexDownloadMipMap#1378 tmu=0 addr=00001180 evenodd=3 lod=4..4 aspect=-1 format=5 data=00D605E4
1492 pid=FFF0CCF3 t=5944430 grTexDownloadMipMap#1379 tmu=0 addr=00001200 evenodd=3 lod=4..4 aspect=-1 format=5 data=00D605E4
1493 pid=FFF0CCF3 t=5944430 grTexDownloadMipMap#1380 tmu=0 addr=00001280 evenodd=3 lod=4..4 aspect=-1 format=5 data=00D605E4
1494 pid=FFF0CCF3 t=5944430 grTexDownloadMipMap#1381 tmu=0 addr=00001300 evenodd=3 lod=4..4 aspect=-1 format=5 data=00D605E4
1495 pid=FFF0CCF3 t=5944435 grTexDownloadMipMap#1382 tmu=0 addr=00001380 evenodd=3 lod=4..4 aspect=-1 format=5 data=00D605E4
1496 pid=FFF0CCF3 t=5944435 grTexDownloadMipMap#1383 tmu=0 addr=00001400 evenodd=3 lod=4..4 aspect=-1 format=5 data=00D605E4
1497 pid=FFF0CCF3 t=5944435 grTexDownloadMipMap#1384 tmu=0 addr=00001480 evenodd=3 lod=4..4 aspect=-1 format=5 data=00D605E4
1498 pid=FFF0CCF3 t=5944435 grTexDownloadMipMap#1385 tmu=0 addr=00001500 evenodd=3 lod=4..4 aspect=-1 format=5 data=00D605E4
1499 pid=FFF0CCF3 t=5944435 grTexDownloadMipMap#1386 tmu=0 addr=00001580 evenodd=3 lod=4..4 aspect=-1 format=5 data=00D605E4
1500 pid=FFF0CCF3 t=5944435 grTexDownloadMipMap#1387 tmu=0 addr=00001600 evenodd=3 lod=4..4 aspect=-1 format=5 data=00D605E4
1501 pid=FFF0CCF3 t=5944435 grTexDownloadMipMap#1388 tmu=0 addr=00001680 evenodd=3 lod=4..4 aspect=-1 format=5 data=00D605E4
1502 pid=FFF0CCF3 t=5944435 grTexDownloadMipMap#1389 tmu=0 addr=00001700 evenodd=3 lod=4..4 aspect=-1 format=5 data=00D605E4
1503 pid=FFF0CCF3 t=5944440 grTexDownloadMipMap#1390 tmu=0 addr=00001780 evenodd=3 lod=4..4 aspect=-1 format=5 data=00D605E4
1504 pid=FFF0CCF3 t=5944441 grTexDownloadMipMap#1391 tmu=0 addr=00001800 evenodd=3 lod=4..4 aspect=-1 format=5 data=00D605E4
1505 pid=FFF0CCF3 t=5944441 grTexDownloadMipMap#1392 tmu=0 addr=00001880 evenodd=3 lod=4..4 aspect=-1 format=5 data=00D605E4
1506 pid=FFF0CCF3 t=5944441 grTexDownloadMipMap#1393 tmu=0 addr=00001900 evenodd=3 lod=4..4 aspect=-1 format=5 data=00D605E4
1507 pid=FFF0CCF3 t=5944441 grTexDownloadMipMap#1394 tmu=0 addr=00001980 evenodd=3 lod=4..4 aspect=-1 format=5 data=00D605E4
1508 pid=FFF0CCF3 t=5944441 grTexDownloadMipMap#1395 tmu=0 addr=00001A00 evenodd=3 lod=4..4 aspect=-1 format=5 data=00D605E4
1509 pid=FFF0CCF3 t=5944441 grTexDownloadMipMap#1396 tmu=0 addr=00001A80 evenodd=3 lod=4..4 aspect=-1 format=5 data=00D605E4
1510 pid=FFF0CCF3 t=5944441 grTexDownloadMipMap#1397 tmu=0 addr=00001B00 evenodd=3 lod=4..4 aspect=-1 format=5 data=00D605E4
1511 pid=FFF0CCF3 t=5944445 grTexDownloadMipMap#1398 tmu=0 addr=00001B80 evenodd=3 lod=4..4 aspect=-1 format=5 data=00D605E4
1512 pid=FFF0CCF3 t=5944445 grTexDownloadMipMap#1399 tmu=0 addr=00001C00 evenodd=3 lod=4..4 aspect=-1 format=5 data=00D605E4
1513 pid=FFF0CCF3 t=5944445 grTexDownloadMipMap#1400 tmu=0 addr=00001C80 evenodd=3 lod=4..4 aspect=-1 format=5 data=00D605E4
1514 pid=FFF0CCF3 t=5944445 grTexDownloadMipMap#1401 tmu=0 addr=00001D00 evenodd=3 lod=4..4 aspect=-1 format=5 data=00D605E4
1515 pid=FFF0CCF3 t=5944445 grTexDownloadMipMap#1402 tmu=0 addr=00001D80 evenodd=3 lod=4..4 aspect=-1 format=5 data=00D605E4
1516 pid=FFF0CCF3 t=5944445 grTexDownloadMipMap#1403 tmu=0 addr=00001E00 evenodd=3 lod=4..4 aspect=-1 format=5 data=00D605E4
1517 pid=FFF0CCF3 t=5944445 grTexDownloadMipMap#1404 tmu=0 addr=00001E80 evenodd=3 lod=4..4 aspect=-1 format=5 data=00D605E4
1518 pid=FFF0CCF3 t=5944445 grTexDownloadMipMap#1405 tmu=0 addr=00001F00 evenodd=3 lod=4..4 aspect=-1 format=5 data=00D605E4
1519 pid=FFF0CCF3 t=5944450 grTexDownloadMipMap#1406 tmu=0 addr=00001F80 evenodd=3 lod=4..4 aspect=-1 format=5 data=00D605E4
1520 pid=FFF0CCF3 t=5944450 grTexDownloadMipMap#1407 tmu=0 addr=00002000 evenodd=3 lod=4..4 aspect=-1 format=5 data=00D605E4
1521 pid=FFF0CCF3 t=5944450 grTexDownloadMipMap#1408 tmu=0 addr=00002080 evenodd=3 lod=4..4 aspect=-1 format=5 data=00D605E4
1522 pid=FFF0CCF3 t=5944450 grTexDownloadMipMap#1409 tmu=0 addr=00002100 evenodd=3 lod=4..4 aspect=-1 format=5 data=00D605E4
1523 pid=FFF0CCF3 t=5944450 grTexDownloadMipMap#1410 tmu=0 addr=00002180 evenodd=3 lod=4..4 aspect=-1 format=5 data=00D605E4
1524 pid=FFF0CCF3 t=5944450 grTexDownloadMipMap#1411 tmu=0 addr=00002200 evenodd=3 lod=4..4 aspect=-1 format=5 data=00D605E4
1525 pid=FFF0CCF3 t=5944450 grTexDownloadMipMap#1412 tmu=0 addr=00002280 evenodd=3 lod=4..4 aspect=-1 format=5 data=00D605E4
1526 pid=FFF0CCF3 t=5944450 grTexDownloadMipMap#1413 tmu=0 addr=00002300 evenodd=3 lod=4..4 aspect=-1 format=5 data=00D605E4
1527 pid=FFF0CCF3 t=5944455 grTexDownloadMipMap#1414 tmu=0 addr=00002380 evenodd=3 lod=4..4 aspect=-1 format=5 data=00D605E4
1528 pid=FFF0CCF3 t=5944455 grTexDownloadMipMap#1415 tmu=0 addr=00002400 evenodd=3 lod=4..4 aspect=-1 format=5 data=00D605E4
1529 pid=FFF0CCF3 t=5944455 grTexDownloadMipMap#1416 tmu=0 addr=00002480 evenodd=3 lod=4..4 aspect=-1 format=5 data=00D605E4
1530 pid=FFF0CCF3 t=5944455 grTexDownloadMipMap#1417 tmu=0 addr=00002500 evenodd=3 lod=4..4 aspect=-1 format=5 data=00D605E4
1531 pid=FFF0CCF3 t=5944455 grTexDownloadMipMap#1418 tmu=0 addr=00002580 evenodd=3 lod=4..4 aspect=-1 format=5 data=00D605E4
1532 pid=FFF0CCF3 t=5944455 grTexDownloadMipMap#1419 tmu=0 addr=00002600 evenodd=3 lod=4..4 aspect=-1 format=5 data=00D605E4
1533 pid=FFF0CCF3 t=5944455 grTexDownloadMipMap#1420 tmu=0 addr=00002680 evenodd=3 lod=4..4 aspect=-1 format=5 data=00D605E4
1534 pid=FFF0CCF3 t=5944455 grTexDownloadMipMap#1421 tmu=0 addr=00002700 evenodd=3 lod=4..4 aspect=-1 format=5 data=00D605E4
1535 pid=FFF0CCF3 t=5944460 grTexDownloadMipMap#1422 tmu=0 addr=00002780 evenodd=3 lod=4..4 aspect=-1 format=5 data=00D605E4
1536 pid=FFF0CCF3 t=5944460 grTexDownloadMipMap#1423 tmu=0 addr=00002800 evenodd=3 lod=4..4 aspect=-1 format=5 data=00D605E4
1537 pid=FFF0CCF3 t=5944460 grTexDownloadMipMap#1424 tmu=0 addr=00002880 evenodd=3 lod=4..4 aspect=-1 format=5 data=00D605E4
1538 pid=FFF0CCF3 t=5944460 grTexDownloadMipMap#1425 tmu=0 addr=00002900 evenodd=3 lod=4..4 aspect=-1 format=5 data=00D605E4
1539 pid=FFF0CCF3 t=5944460 grTexDownloadMipMap#1426 tmu=0 addr=00002980 evenodd=3 lod=4..4 aspect=-1 format=5 data=00D605E4
1540 pid=FFF0CCF3 t=5944460 grTexDownloadMipMap#1427 tmu=0 addr=00002A00 evenodd=3 lod=4..4 aspect=-1 format=5 data=00D605E4
1541 pid=FFF0CCF3 t=5944460 grTexDownloadMipMap#1428 tmu=0 addr=00002A80 evenodd=3 lod=4..4 aspect=-1 format=5 data=00D605E4
1542 pid=FFF0CCF3 t=5944460 grTexDownloadMipMap#1429 tmu=0 addr=00002B00 evenodd=3 lod=4..4 aspect=-1 format=5 data=00D605E4
1543 pid=FFF0CCF3 t=5944465 grTexDownloadMipMap#1430 tmu=0 addr=00002B80 evenodd=3 lod=4..4 aspect=-1 format=5 data=00D605E4
1544 pid=FFF0CCF3 t=5944465 grTexDownloadMipMap#1431 tmu=0 addr=00002C00 evenodd=3 lod=4..4 aspect=-1 format=5 data=00D605E4
1545 pid=FFF0CCF3 t=5944466 grTexDownloadMipMap#1432 tmu=0 addr=00002C80 evenodd=3 lod=4..4 aspect=-1 format=5 data=00D605E4
1546 pid=FFF0CCF3 t=5944466 grTexDownloadMipMap#1433 tmu=0 addr=00002D00 evenodd=3 lod=4..4 aspect=-1 format=5 data=00D605E4
1547 pid=FFF0CCF3 t=5944466 grTexDownloadMipMap#1434 tmu=0 addr=00002D80 evenodd=3 lod=4..4 aspect=-1 format=5 data=00D605E4
1548 pid=FFF0CCF3 t=5944466 grTexDownloadMipMap#1435 tmu=0 addr=00002E00 evenodd=3 lod=4..4 aspect=-1 format=5 data=00D605E4
1549 pid=FFF0CCF3 t=5944466 grTexDownloadMipMap#1436 tmu=0 addr=00002E80 evenodd=3 lod=4..4 aspect=-1 format=5 data=00D605E4
1550 pid=FFF0CCF3 t=5944466 grTexDownloadMipMap#1437 tmu=0 addr=00002F00 evenodd=3 lod=4..4 aspect=-1 format=5 data=00D605E4
1551 pid=FFF0CCF3 t=5944470 grTexDownloadMipMap#1438 tmu=0 addr=00002F80 evenodd=3 lod=4..4 aspect=-1 format=5 data=00D605E4
1552 pid=FFF0CCF3 t=5944485 grLoadGammaTable#4 entries=256 r=03FC0090 g=03FC0090 b=03FC0090 (ignored)
1553 pid=FFF0CCF3 t=5944755 grTexDownloadTable#17 type=2 sum=BCC267CB first=FF000000 FF240000 FF1C1808 FF2C2410
1554 pid=FFF0CCF3 t=5944820 grTexDownloadMipMap#1439 tmu=0 addr=002E2400 evenodd=3 lod=8..8 aspect=0 format=5 data=02BDD680
1555 pid=FFF0CCF3 t=5944820 grTexSource#54999 tmu=0 addr=002E2400 evenodd=3 lod=8..8 aspect=0 format=5
1556 pid=FFF0CCF3 t=5945006 grLoadGammaTable#5 entries=256 r=04060090 g=04060090 b=04060090 (ignored)
1557 pid=FFF0CCF3 t=5945007 grLoadGammaTable#6 entries=256 r=04050090 g=04050090 b=04050090 (ignored)
1558 pid=FFF0CCF3 t=5945205 grTexDownloadMipMap#1440 tmu=0 addr=002F2400 evenodd=3 lod=8..8 aspect=0 format=5 data=02BDD680
1559 pid=FFF0CCF3 t=5945205 grTexSource#55000 tmu=0 addr=002F2400 evenodd=3 lod=8..8 aspect=0 format=5
1560 pid=FFF0CCF3 t=5945595 grTexDownloadMipMap#1441 tmu=0 addr=00302400 evenodd=3 lod=8..8 aspect=0 format=5 data=02BDD680
1561 pid=FFF0CCF3 t=5945595 grTexSource#55001 tmu=0 addr=00302400 evenodd=3 lod=8..8 aspect=0 format=5
1562 pid=FFF0CCF3 t=5947150 grTexDownloadMipMap#1449 tmu=0 addr=00003000 evenodd=3 lod=8..8 aspect=1 format=5 data=02AD000C
1563 pid=FFF0CCF3 t=5947150 grTexSource#55011 tmu=0 addr=00003000 evenodd=3 lod=8..8 aspect=1 format=5
1564 pid=FFF0CCF3 t=5947150 grTexFilterMode#774 tmu=0 min=1 mag=1
1565 pid=FFF0CCF3 t=5947155 grDrawVertexArray#1 mode=4 count=12 swap=775
1566 pid=FFF0CCF3 t=5947155 grDrawVertexArray#1   v0 4417C000 C2640000 FF808080 3F800000 42A00000 40000000 00000000 441BC000
1567 pid=FFF0CCF3 t=5947155 grDrawVertexArray#2 mode=4 count=12 swap=775
1568 pid=FFF0CCF3 t=5947155 grDrawVertexArray#2   v0 44148000 C24C0000 FF808080 3F800000 42820000 41100000 00000000 44188000
1569 pid=FFF0CCF3 t=5947155 grDrawVertexArray#3 mode=4 count=12 swap=775
1570 pid=FFF0CCF3 t=5947155 grDrawVertexArray#3   v0 44114000 C2340000 FF808080 3F800000 42440000 41880000 00000000 44150000
1571 pid=FFF0CCF3 t=5947155 grDrawVertexArray#4 mode=4 count=12 swap=775
1572 pid=FFF0CCF3 t=5947155 grDrawVertexArray#4   v0 440DC000 C21C0000 FF808080 3F800000 42040000 41C80000 00000000 4411C000
1573 pid=FFF0CCF3 t=5947155 grDrawVertexArray#5 mode=4 count=12 swap=775
1574 pid=FFF0CCF3 t=5947155 grDrawVertexArray#5   v0 440A8000 C2040000 FF808080 3F800000 41880000 42040000 00000000 440E4000
1575 pid=FFF0CCF3 t=5947162 grTexDownloadMipMap#1450 tmu=0 addr=0000B000 evenodd=3 lod=8..8 aspect=1 format=5 data=02AD000C
1576 pid=FFF0CCF3 t=5947162 grTexSource#55012 tmu=0 addr=0000B000 evenodd=3 lod=8..8 aspect=1 format=5
1577 pid=FFF0CCF3 t=5947170 grDrawVertexArray#6 mode=4 count=12 swap=775
1578 pid=FFF0CCF3 t=5947170 grDrawVertexArray#6   v0 43E80000 C2640000 FF808080 3F800000 42A00000 40000000 00000000 43EF8000
1579 pid=FFF0CCF3 t=5947170 grDrawVertexArray#7 mode=4 count=12 swap=775
1580 pid=FFF0CCF3 t=5947170 grDrawVertexArray#7   v0 43E10000 C24C0000 FF808080 3F800000 42820000 41100000 00000000 43E88000
1581 pid=FFF0CCF3 t=5947170 grDrawVertexArray#8 mode=4 count=12 swap=775
1582 pid=FFF0CCF3 t=5947170 grDrawVertexArray#8   v0 43DA0000 C2340000 FF808080 3F800000 42440000 41880000 00000000 43E18000
1583 pid=FFF0CCF3 t=5947170 grDrawVertexArray#9 mode=4 count=12 swap=775
1584 pid=FFF0CCF3 t=5947170 grDrawVertexArray#9   v0 43D30000 C21C0000 FF808080 3F800000 42040000 41C80000 00000000 43DA8000
1585 pid=FFF0CCF3 t=5947170 grDrawVertexArray#10 mode=4 count=12 swap=775
1586 pid=FFF0CCF3 t=5947170 grDrawVertexArray#10   v0 43CC0000 C2040000 FF808080 3F800000 41880000 42040000 00000000 43D38000
1587 pid=FFF0CCF3 t=5947174 grTexDownloadMipMap#1451 tmu=0 addr=00013000 evenodd=3 lod=8..8 aspect=1 format=5 data=02AD000C
1588 pid=FFF0CCF3 t=5947174 grTexSource#55013 tmu=0 addr=00013000 evenodd=3 lod=8..8 aspect=1 format=5
1589 pid=FFF0CCF3 t=5947180 grDrawVertexArray#11 mode=4 count=12 swap=775
1590 pid=FFF0CCF3 t=5947180 grDrawVertexArray#11   v0 44070000 C1D00000 FF808080 3F800000 42A00000 40000000 00000000 440B0000
1591 pid=FFF0CCF3 t=5947180 grDrawVertexArray#12 mode=4 count=12 swap=775
1592 pid=FFF0CCF3 t=5947180 grDrawVertexArray#12   v0 44038000 C1A00000 FF808080 3F800000 42820000 41100000 00000000 44078000
1593 pid=FFF0CCF3 t=5947180 grDrawVertexArray#13 mode=4 count=12 swap=775
1594 pid=FFF0CCF3 t=5947180 grDrawVertexArray#13   v0 44000000 C1500000 FF808080 3F800000 42440000 41880000 00000000 44040000
1595 pid=FFF0CCF3 t=5947180 grDrawVertexArray#14 mode=4 count=12 swap=775
1596 pid=FFF0CCF3 t=5947180 grDrawVertexArray#14   v0 43F90000 C0E00000 FF808080 3F800000 42040000 41C80000 00000000 44008000
1597 pid=FFF0CCF3 t=5947180 grDrawVertexArray#15 mode=4 count=12 swap=775
1598 pid=FFF0CCF3 t=5947180 grDrawVertexArray#15   v0 43F20000 00000000 FF808080 3F800000 41880000 42040000 00000000 43FA0000
1599 pid=FFF0CCF3 t=5947186 grTexDownloadMipMap#1452 tmu=0 addr=0001B000 evenodd=3 lod=8..8 aspect=1 format=5 data=02AD000C
1600 pid=FFF0CCF3 t=5947186 grTexSource#55014 tmu=0 addr=0001B000 evenodd=3 lod=8..8 aspect=1 format=5
1601 pid=FFF0CCF3 t=5947195 grDrawVertexArray#16 mode=4 count=12 swap=775
1602 pid=FFF0CCF3 t=5947195 grDrawVertexArray#16   v0 441B0000 40C00000 FF808080 3F800000 42A00000 40000000 00000000 441F0000
1603 pid=FFF0CCF3 t=5947195 grDrawVertexArray#17 mode=4 count=12 swap=775
1604 pid=FFF0CCF3 t=5947195 grDrawVertexArray#17   v0 44178000 41400000 FF808080 3F800000 42820000 41100000 00000000 441B8000
1605 pid=FFF0CCF3 t=5947195 grDrawVertexArray#18 mode=4 count=12 swap=775
1606 pid=FFF0CCF3 t=5947195 grDrawVertexArray#18   v0 44140000 41980000 FF808080 3F800000 42440000 41880000 00000000 44184000
1607 pid=FFF0CCF3 t=5947195 grDrawVertexArray#19 mode=4 count=12 swap=775
1608 pid=FFF0CCF3 t=5947195 grDrawVertexArray#19   v0 44108000 41D00000 FF808080 3F800000 42040000 41C80000 00000000 4414C000
1609 pid=FFF0CCF3 t=5947195 grDrawVertexArray#20 mode=4 count=12 swap=775
1610 pid=FFF0CCF3 t=5947195 grDrawVertexArray#20   v0 440D0000 42040000 FF808080 3F800000 41880000 42040000 00000000 44110000
1611 pid=FFF0CCF3 t=5947200 grTexDownloadMipMap#1453 tmu=0 addr=00023000 evenodd=3 lod=8..8 aspect=1 format=5 data=02AD000C
1612 pid=FFF0CCF3 t=5947200 grTexSource#55015 tmu=0 addr=00023000 evenodd=3 lod=8..8 aspect=1 format=5
1613 pid=FFF0CCF3 t=5947205 grDrawVertexArray#21 mode=4 count=12 swap=775
1614 pid=FFF0CCF3 t=5947205 grDrawVertexArray#21   v0 43A00000 C2640000 FF808080 3F800000 42A00000 40000000 00000000 43A70000
1615 pid=FFF0CCF3 t=5947205 grDrawVertexArray#22 mode=4 count=12 swap=775
1616 pid=FFF0CCF3 t=5947205 grDrawVertexArray#22   v0 43990000 C24C0000 FF808080 3F800000 42820000 41100000 00000000 43A00000
1617 pid=FFF0CCF3 t=5947205 grDrawVertexArray#23 mode=4 count=12 swap=775
1618 pid=FFF0CCF3 t=5947205 grDrawVertexArray#23   v0 43918000 C2340000 FF808080 3F800000 42440000 41880000 00000000 43988000
1619 pid=FFF0CCF3 t=5947205 grDrawVertexArray#24 mode=4 count=12 swap=775
1620 pid=FFF0CCF3 t=5947205 grDrawVertexArray#24   v0 438A0000 C21C0000 FF808080 3F800000 42040000 41C80000 00000000 43918000
1621 pid=FFF0CCF3 t=5947211 grTexDownloadMipMap#1454 tmu=0 addr=0002B000 evenodd=3 lod=8..8 aspect=1 format=5 data=02AD000C
1622 pid=FFF0CCF3 t=5947211 grTexSource#55016 tmu=0 addr=0002B000 evenodd=3 lod=8..8 aspect=1 format=5
1623 pid=FFF0CCF3 t=5947222 grTexDownloadMipMap#1455 tmu=0 addr=00033000 evenodd=3 lod=8..8 aspect=1 format=5 data=02AD000C
1624 pid=FFF0CCF3 t=5947222 grTexSource#55017 tmu=0 addr=00033000 evenodd=3 lod=8..8 aspect=1 format=5
1625 pid=FFF0CCF3 t=5947235 grTexDownloadMipMap#1456 tmu=0 addr=0003B000 evenodd=3 lod=8..8 aspect=1 format=5 data=02AD000C
1626 pid=FFF0CCF3 t=5947235 grTexSource#55018 tmu=0 addr=0003B000 evenodd=3 lod=8..8 aspect=1 format=5
1627 pid=FFF0CCF3 t=5947245 grTexDownloadMipMap#1457 tmu=0 addr=00043000 evenodd=3 lod=8..8 aspect=1 format=5 data=02AD000C
1628 pid=FFF0CCF3 t=5947245 grTexSource#55019 tmu=0 addr=00043000 evenodd=3 lod=8..8 aspect=1 format=5
1629 pid=FFF0CCF3 t=5947257 grTexDownloadMipMap#1458 tmu=0 addr=0004B000 evenodd=3 lod=8..8 aspect=1 format=5 data=02AD000C
1630 pid=FFF0CCF3 t=5947257 grTexSource#55022 tmu=0 addr=0004B000 evenodd=3 lod=8..8 aspect=1 format=5
1631 pid=FFF0CCF3 t=5947270 grTexDownloadMipMap#1459 tmu=0 addr=00053000 evenodd=3 lod=8..8 aspect=1 format=5 data=02AD000C
1632 pid=FFF0CCF3 t=5947270 grTexSource#55023 tmu=0 addr=00053000 evenodd=3 lod=8..8 aspect=1 format=5
1633 pid=FFF0CCF3 t=5947280 grTexDownloadMipMap#1460 tmu=0 addr=0005B000 evenodd=3 lod=8..8 aspect=1 format=5 data=02AD000C
1634 pid=FFF0CCF3 t=5947280 grTexSource#55025 tmu=0 addr=0005B000 evenodd=3 lod=8..8 aspect=1 format=5
1635 pid=FFF0CCF3 t=5947292 grTexDownloadMipMap#1461 tmu=0 addr=00063000 evenodd=3 lod=8..8 aspect=1 format=5 data=02AD000C
1636 pid=FFF0CCF3 t=5947292 grTexSource#55028 tmu=0 addr=00063000 evenodd=3 lod=8..8 aspect=1 format=5
1637 pid=FFF0CCF3 t=5947305 grTexDownloadMipMap#1462 tmu=0 addr=0006B000 evenodd=3 lod=8..8 aspect=1 format=5 data=02AD000C
1638 pid=FFF0CCF3 t=5947305 grTexSource#55029 tmu=0 addr=0006B000 evenodd=3 lod=8..8 aspect=1 format=5
1639 pid=FFF0CCF3 t=5947315 grTexDownloadMipMap#1463 tmu=0 addr=00073000 evenodd=3 lod=8..8 aspect=1 format=5 data=02AD000C
1640 pid=FFF0CCF3 t=5947315 grTexSource#55030 tmu=0 addr=00073000 evenodd=3 lod=8..8 aspect=1 format=5
1641 pid=FFF0CCF3 t=5947327 grTexDownloadMipMap#1464 tmu=0 addr=0007B000 evenodd=3 lod=8..8 aspect=1 format=5 data=02AD000C
1642 pid=FFF0CCF3 t=5947327 grTexSource#55032 tmu=0 addr=0007B000 evenodd=3 lod=8..8 aspect=1 format=5
1643 pid=FFF0CCF3 t=5947338 grTexDownloadMipMap#1465 tmu=0 addr=00083000 evenodd=3 lod=8..8 aspect=1 format=5 data=02AD000C
1644 pid=FFF0CCF3 t=5947338 grTexSource#55033 tmu=0 addr=00083000 evenodd=3 lod=8..8 aspect=1 format=5
1645 pid=FFF0CCF3 t=5947350 grTexDownloadMipMap#1466 tmu=0 addr=0008B000 evenodd=3 lod=8..8 aspect=1 format=5 data=02AD000C
1646 pid=FFF0CCF3 t=5947350 grTexSource#55034 tmu=0 addr=0008B000 evenodd=3 lod=8..8 aspect=1 format=5
1647 pid=FFF0CCF3 t=5947361 grTexDownloadMipMap#1467 tmu=0 addr=00093000 evenodd=3 lod=8..8 aspect=1 format=5 data=02AD000C
1648 pid=FFF0CCF3 t=5947361 grTexSource#55035 tmu=0 addr=00093000 evenodd=3 lod=8..8 aspect=1 format=5
1649 pid=FFF0CCF3 t=5947372 grTexDownloadMipMap#1468 tmu=0 addr=0009B000 evenodd=3 lod=8..8 aspect=1 format=5 data=02AD000C
1650 pid=FFF0CCF3 t=5947372 grTexSource#55036 tmu=0 addr=0009B000 evenodd=3 lod=8..8 aspect=1 format=5
1651 pid=FFF0CCF3 t=5947385 grTexDownloadMipMap#1469 tmu=0 addr=000A3000 evenodd=3 lod=8..8 aspect=1 format=5 data=02AD000C
1652 pid=FFF0CCF3 t=5947385 grTexSource#55041 tmu=0 addr=000A3000 evenodd=3 lod=8..8 aspect=1 format=5
1653 pid=FFF0CCF3 t=5947398 grTexDownloadMipMap#1470 tmu=0 addr=000AB000 evenodd=3 lod=8..8 aspect=1 format=5 data=02AD000C
1654 pid=FFF0CCF3 t=5947398 grTexSource#55045 tmu=0 addr=000AB000 evenodd=3 lod=8..8 aspect=1 format=5
1655 pid=FFF0CCF3 t=5947410 grTexDownloadMipMap#1471 tmu=0 addr=000B3000 evenodd=3 lod=8..8 aspect=1 format=5 data=02AD000C
1656 pid=FFF0CCF3 t=5947410 grTexSource#55046 tmu=0 addr=000B3000 evenodd=3 lod=8..8 aspect=1 format=5
1657 pid=FFF0CCF3 t=5947421 grTexDownloadMipMap#1472 tmu=0 addr=000BB000 evenodd=3 lod=8..8 aspect=1 format=5 data=02AD000C
1658 pid=FFF0CCF3 t=5947421 grTexSource#55049 tmu=0 addr=000BB000 evenodd=3 lod=8..8 aspect=1 format=5
1659 pid=FFF0CCF3 t=5947433 grTexDownloadMipMap#1473 tmu=0 addr=000C3000 evenodd=3 lod=8..8 aspect=1 format=5 data=02AD000C
1660 pid=FFF0CCF3 t=5947433 grTexSource#55050 tmu=0 addr=000C3000 evenodd=3 lod=8..8 aspect=1 format=5
1661 pid=FFF0CCF3 t=5947445 grTexDownloadMipMap#1474 tmu=0 addr=000CB000 evenodd=3 lod=8..8 aspect=1 format=5 data=02AD000C
1662 pid=FFF0CCF3 t=5947445 grTexSource#55051 tmu=0 addr=000CB000 evenodd=3 lod=8..8 aspect=1 format=5
1663 pid=FFF0CCF3 t=5947463 grTexDownloadMipMap#1475 tmu=0 addr=000D3000 evenodd=3 lod=8..8 aspect=1 format=5 data=02AD000C
1664 pid=FFF0CCF3 t=5947463 grTexSource#55055 tmu=0 addr=000D3000 evenodd=3 lod=8..8 aspect=1 format=5
1665 pid=FFF0CCF3 t=5947475 grTexDownloadMipMap#1476 tmu=0 addr=000DB000 evenodd=3 lod=8..8 aspect=1 format=5 data=02AD000C
1666 pid=FFF0CCF3 t=5947475 grTexSource#55059 tmu=0 addr=000DB000 evenodd=3 lod=8..8 aspect=1 format=5
1667 pid=FFF0CCF3 t=5947487 grTexDownloadMipMap#1477 tmu=0 addr=000E3000 evenodd=3 lod=8..8 aspect=1 format=5 data=02AD000C
1668 pid=FFF0CCF3 t=5947487 grTexSource#55061 tmu=0 addr=000E3000 evenodd=3 lod=8..8 aspect=1 format=5
1669 pid=FFF0CCF3 t=5947500 grTexDownloadMipMap#1478 tmu=0 addr=000EB000 evenodd=3 lod=8..8 aspect=1 format=5 data=02AD000C
1670 pid=FFF0CCF3 t=5947500 grTexSource#55062 tmu=0 addr=000EB000 evenodd=3 lod=8..8 aspect=1 format=5
1671 pid=FFF0CCF3 t=5947510 grTexDownloadMipMap#1479 tmu=0 addr=000F3000 evenodd=3 lod=8..8 aspect=1 format=5 data=02AD000C
1672 pid=FFF0CCF3 t=5947510 grTexSource#55063 tmu=0 addr=000F3000 evenodd=3 lod=8..8 aspect=1 format=5
1673 pid=FFF0CCF3 t=5947521 grTexDownloadMipMap#1480 tmu=0 addr=000FB000 evenodd=3 lod=8..8 aspect=1 format=5 data=02AD000C
1674 pid=FFF0CCF3 t=5947521 grTexSource#55065 tmu=0 addr=000FB000 evenodd=3 lod=8..8 aspect=1 format=5
1675 pid=FFF0CCF3 t=5947532 grTexDownloadMipMap#1481 tmu=0 addr=00103000 evenodd=3 lod=8..8 aspect=1 format=5 data=02AD000C
1676 pid=FFF0CCF3 t=5947532 grTexSource#55066 tmu=0 addr=00103000 evenodd=3 lod=8..8 aspect=1 format=5
1677 pid=FFF0CCF3 t=5947545 grTexDownloadMipMap#1482 tmu=0 addr=0010B000 evenodd=3 lod=8..8 aspect=1 format=5 data=02AD000C
1678 pid=FFF0CCF3 t=5947545 grTexSource#55067 tmu=0 addr=0010B000 evenodd=3 lod=8..8 aspect=1 format=5
1679 pid=FFF0CCF3 t=5947556 grTexDownloadMipMap#1483 tmu=0 addr=00113000 evenodd=3 lod=8..8 aspect=1 format=5 data=02AD000C
1680 pid=FFF0CCF3 t=5947556 grTexSource#55069 tmu=0 addr=00113000 evenodd=3 lod=8..8 aspect=1 format=5
1681 pid=FFF0CCF3 t=5947567 grTexDownloadMipMap#1484 tmu=0 addr=0011B000 evenodd=3 lod=8..8 aspect=1 format=5 data=02AD000C
1682 pid=FFF0CCF3 t=5947567 grTexSource#55070 tmu=0 addr=0011B000 evenodd=3 lod=8..8 aspect=1 format=5
1683 pid=FFF0CCF3 t=5947580 grTexDownloadMipMap#1485 tmu=0 addr=00123000 evenodd=3 lod=8..8 aspect=1 format=5 data=02AD000C
1684 pid=FFF0CCF3 t=5947580 grTexSource#55072 tmu=0 addr=00123000 evenodd=3 lod=8..8 aspect=1 format=5
1685 pid=FFF0CCF3 t=5947590 grTexDownloadMipMap#1486 tmu=0 addr=0012B000 evenodd=3 lod=8..8 aspect=1 format=5 data=02AD000C
1686 pid=FFF0CCF3 t=5947590 grTexSource#55073 tmu=0 addr=0012B000 evenodd=3 lod=8..8 aspect=1 format=5
1687 pid=FFF0CCF3 t=5947602 grTexDownloadMipMap#1487 tmu=0 addr=00133000 evenodd=3 lod=8..8 aspect=1 format=5 data=02AD000C
1688 pid=FFF0CCF3 t=5947602 grTexSource#55074 tmu=0 addr=00133000 evenodd=3 lod=8..8 aspect=1 format=5
1689 pid=FFF0CCF3 t=5947613 grTexDownloadMipMap#1488 tmu=0 addr=0013B000 evenodd=3 lod=8..8 aspect=1 format=5 data=02AD000C
1690 pid=FFF0CCF3 t=5947613 grTexSource#55075 tmu=0 addr=0013B000 evenodd=3 lod=8..8 aspect=1 format=5
1691 pid=FFF0CCF3 t=5947647 grTexDownloadMipMap#1489 tmu=0 addr=001EB000 evenodd=3 lod=5..5 aspect=0 format=5 data=00CF6AA8
1692 pid=FFF0CCF3 t=5947647 grTexSource#55076 tmu=0 addr=001EB000 evenodd=3 lod=5..5 aspect=0 format=5
1693 pid=FFF0CCF3 t=5947647 grTexDownloadMipMap#1490 tmu=0 addr=001EB400 evenodd=3 lod=5..5 aspect=0 format=5 data=00CF6AA8
1694 pid=FFF0CCF3 t=5947647 grTexSource#55077 tmu=0 addr=001EB400 evenodd=3 lod=5..5 aspect=0 format=5
1695 pid=FFF0CCF3 t=5947650 grTexDownloadMipMap#1491 tmu=0 addr=001EB800 evenodd=3 lod=5..5 aspect=0 format=5 data=00CF6AA8
1696 pid=FFF0CCF3 t=5947650 grTexSource#55078 tmu=0 addr=001EB800 evenodd=3 lod=5..5 aspect=0 format=5
1697 pid=FFF0CCF3 t=5947650 grTexDownloadMipMap#1492 tmu=0 addr=001EBC00 evenodd=3 lod=5..5 aspect=0 format=5 data=00CF6AA8
1698 pid=FFF0CCF3 t=5947650 grTexSource#55079 tmu=0 addr=001EBC00 evenodd=3 lod=5..5 aspect=0 format=5
1699 pid=FFF0CCF3 t=5947650 grTexDownloadMipMap#1493 tmu=0 addr=001EC000 evenodd=3 lod=5..5 aspect=0 format=5 data=00CF6AA8
1700 pid=FFF0CCF3 t=5947650 grTexSource#55080 tmu=0 addr=001EC000 evenodd=3 lod=5..5 aspect=0 format=5
1701 pid=FFF0CCF3 t=5947655 grTexDownloadMipMap#1494 tmu=0 addr=001EC400 evenodd=3 lod=5..5 aspect=0 format=5 data=00CF6AA8
1702 pid=FFF0CCF3 t=5947655 grTexSource#55081 tmu=0 addr=001EC400 evenodd=3 lod=5..5 aspect=0 format=5
1703 pid=FFF0CCF3 t=5947657 grTexDownloadMipMap#1495 tmu=0 addr=001EC800 evenodd=3 lod=5..5 aspect=0 format=5 data=00CF6AA8
1704 pid=FFF0CCF3 t=5947657 grTexSource#55082 tmu=0 addr=001EC800 evenodd=3 lod=5..5 aspect=0 format=5
1705 pid=FFF0CCF3 t=5947657 grTexDownloadMipMap#1496 tmu=0 addr=001ECC00 evenodd=3 lod=5..5 aspect=0 format=5 data=00CF6AA8
1706 pid=FFF0CCF3 t=5947657 grTexSource#55083 tmu=0 addr=001ECC00 evenodd=3 lod=5..5 aspect=0 format=5
1707 pid=FFF0CCF3 t=5947660 grTexDownloadMipMap#1497 tmu=0 addr=00312400 evenodd=3 lod=8..8 aspect=-2 format=5 data=02BDD680
1708 pid=FFF0CCF3 t=5947660 grTexSource#55084 tmu=0 addr=00312400 evenodd=3 lod=8..8 aspect=-2 format=5
1709 pid=FFF0CCF3 t=5947670 grTexDownloadMipMap#1498 tmu=0 addr=001ED000 evenodd=3 lod=5..5 aspect=0 format=5 data=00CF6AA8
1710 pid=FFF0CCF3 t=5947670 grTexSource#55085 tmu=0 addr=001ED000 evenodd=3 lod=5..5 aspect=0 format=5
1711 pid=FFF0CCF3 t=5947670 grTexDownloadMipMap#1499 tmu=0 addr=001ED400 evenodd=3 lod=5..5 aspect=0 format=5 data=00CF6AA8
1712 pid=FFF0CCF3 t=5947670 grTexSource#55086 tmu=0 addr=001ED400 evenodd=3 lod=5..5 aspect=0 format=5
1713 pid=FFF0CCF3 t=5947670 grTexDownloadMipMap#1500 tmu=0 addr=001ED800 evenodd=3 lod=5..5 aspect=0 format=5 data=00CF6AA8
1714 pid=FFF0CCF3 t=5947670 grTexSource#55087 tmu=0 addr=001ED800 evenodd=3 lod=5..5 aspect=0 format=5
1715 pid=FFF0CCF3 t=5947675 grTexDownloadMipMap#1501 tmu=0 addr=001EDC00 evenodd=3 lod=5..5 aspect=0 format=5 data=00CF6AA8
1716 pid=FFF0CCF3 t=5947675 grTexSource#55088 tmu=0 addr=001EDC00 evenodd=3 lod=5..5 aspect=0 format=5
1717 pid=FFF0CCF3 t=5947675 grTexDownloadMipMap#1502 tmu=0 addr=001EE000 evenodd=3 lod=5..5 aspect=0 format=5 data=00CF6AA8
1718 pid=FFF0CCF3 t=5947675 grTexSource#55089 tmu=0 addr=001EE000 evenodd=3 lod=5..5 aspect=0 format=5
1719 pid=FFF0CCF3 t=5947675 grTexDownloadMipMap#1503 tmu=0 addr=001EE400 evenodd=3 lod=5..5 aspect=0 format=5 data=00CF6AA8
1720 pid=FFF0CCF3 t=5947675 grTexSource#55090 tmu=0 addr=001EE400 evenodd=3 lod=5..5 aspect=0 format=5
1721 pid=FFF0CCF3 t=5947680 grTexDownloadMipMap#1504 tmu=0 addr=001EE800 evenodd=3 lod=5..5 aspect=0 format=5 data=00CF6AA8
1722 pid=FFF0CCF3 t=5947680 grTexSource#55091 tmu=0 addr=001EE800 evenodd=3 lod=5..5 aspect=0 format=5
1723 pid=FFF0CCF3 t=5947680 grTexDownloadMipMap#1505 tmu=0 addr=001EEC00 evenodd=3 lod=5..5 aspect=0 format=5 data=00CF6AA8
1724 pid=FFF0CCF3 t=5947680 grTexSource#55092 tmu=0 addr=001EEC00 evenodd=3 lod=5..5 aspect=0 format=5
1725 pid=FFF0CCF3 t=5947680 grTexDownloadMipMap#1506 tmu=0 addr=001EF000 evenodd=3 lod=5..5 aspect=0 format=5 data=00CF6AA8
1726 pid=FFF0CCF3 t=5947680 grTexSource#55093 tmu=0 addr=001EF000 evenodd=3 lod=5..5 aspect=0 format=5
1727 pid=FFF0CCF3 t=5947680 grTexDownloadMipMap#1507 tmu=0 addr=001EF400 evenodd=3 lod=5..5 aspect=0 format=5 data=00CF6AA8
1728 pid=FFF0CCF3 t=5947680 grTexSource#55094 tmu=0 addr=001EF400 evenodd=3 lod=5..5 aspect=0 format=5
1729 pid=FFF0CCF3 t=5947685 grTexDownloadMipMap#1508 tmu=0 addr=001EF800 evenodd=3 lod=5..5 aspect=0 format=5 data=00CF6AA8
1730 pid=FFF0CCF3 t=5947685 grTexSource#55095 tmu=0 addr=001EF800 evenodd=3 lod=5..5 aspect=0 format=5
1731 pid=FFF0CCF3 t=5947685 grTexDownloadMipMap#1509 tmu=0 addr=001EFC00 evenodd=3 lod=5..5 aspect=0 format=5 data=00CF6AA8
1732 pid=FFF0CCF3 t=5947685 grTexSource#55096 tmu=0 addr=001EFC00 evenodd=3 lod=5..5 aspect=0 format=5
1733 pid=FFF0CCF3 t=5947685 grTexDownloadMipMap#1510 tmu=0 addr=001F0000 evenodd=3 lod=5..5 aspect=0 format=5 data=00CF6AA8
1734 pid=FFF0CCF3 t=5947685 grTexSource#55097 tmu=0 addr=001F0000 evenodd=3 lod=5..5 aspect=0 format=5
1735 pid=FFF0CCF3 t=5947690 grTexDownloadMipMap#1511 tmu=0 addr=001F0400 evenodd=3 lod=5..5 aspect=0 format=5 data=00CF6AA8
1736 pid=FFF0CCF3 t=5947690 grTexSource#55098 tmu=0 addr=001F0400 evenodd=3 lod=5..5 aspect=0 format=5
1737 pid=FFF0CCF3 t=5947690 grTexDownloadMipMap#1512 tmu=0 addr=001F0800 evenodd=3 lod=5..5 aspect=0 format=5 data=00CF6AA8
1738 pid=FFF0CCF3 t=5947690 grTexSource#55099 tmu=0 addr=001F0800 evenodd=3 lod=5..5 aspect=0 format=5
1739 pid=FFF0CCF3 t=5947690 grTexDownloadMipMap#1513 tmu=0 addr=001F0C00 evenodd=3 lod=5..5 aspect=0 format=5 data=00CF6AA8
1740 pid=FFF0CCF3 t=5947690 grTexSource#55100 tmu=0 addr=001F0C00 evenodd=3 lod=5..5 aspect=0 format=5
1741 pid=FFF0CCF3 t=5947695 grTexDownloadMipMap#1514 tmu=0 addr=001F1000 evenodd=3 lod=5..5 aspect=0 format=5 data=00CF6AA8
1742 pid=FFF0CCF3 t=5947695 grTexSource#55101 tmu=0 addr=001F1000 evenodd=3 lod=5..5 aspect=0 format=5
1743 pid=FFF0CCF3 t=5947698 grTexDownloadMipMap#1515 tmu=0 addr=001F1400 evenodd=3 lod=5..5 aspect=0 format=5 data=00CF6AA8
1744 pid=FFF0CCF3 t=5947698 grTexSource#55102 tmu=0 addr=001F1400 evenodd=3 lod=5..5 aspect=0 format=5
1745 pid=FFF0CCF3 t=5947698 grTexDownloadMipMap#1516 tmu=0 addr=001F1800 evenodd=3 lod=5..5 aspect=0 format=5 data=00CF6AA8
1746 pid=FFF0CCF3 t=5947698 grTexSource#55103 tmu=0 addr=001F1800 evenodd=3 lod=5..5 aspect=0 format=5
1747 pid=FFF0CCF3 t=5947700 grTexDownloadMipMap#1517 tmu=0 addr=001F1C00 evenodd=3 lod=5..5 aspect=0 format=5 data=00CF6AA8
1748 pid=FFF0CCF3 t=5947700 grTexSource#55104 tmu=0 addr=001F1C00 evenodd=3 lod=5..5 aspect=0 format=5
1749 pid=FFF0CCF3 t=5947700 grTexDownloadMipMap#1518 tmu=0 addr=001F2000 evenodd=3 lod=5..5 aspect=0 format=5 data=00CF6AA8
1750 pid=FFF0CCF3 t=5947700 grTexSource#55105 tmu=0 addr=001F2000 evenodd=3 lod=5..5 aspect=0 format=5
1751 pid=FFF0CCF3 t=5947700 grTexDownloadMipMap#1519 tmu=0 addr=001F2400 evenodd=3 lod=5..5 aspect=0 format=5 data=00CF6AA8
1752 pid=FFF0CCF3 t=5947700 grTexSource#55106 tmu=0 addr=001F2400 evenodd=3 lod=5..5 aspect=0 format=5
1753 pid=FFF0CCF3 t=5947705 grTexDownloadMipMap#1520 tmu=0 addr=001F2800 evenodd=3 lod=5..5 aspect=0 format=5 data=00CF6AA8
1754 pid=FFF0CCF3 t=5947705 grTexSource#55107 tmu=0 addr=001F2800 evenodd=3 lod=5..5 aspect=0 format=5
1755 pid=FFF0CCF3 t=5947705 grTexDownloadMipMap#1521 tmu=0 addr=001F2C00 evenodd=3 lod=5..5 aspect=0 format=5 data=00CF6AA8
1756 pid=FFF0CCF3 t=5947705 grTexSource#55108 tmu=0 addr=001F2C00 evenodd=3 lod=5..5 aspect=0 format=5
1757 pid=FFF0CCF3 t=5947705 grTexDownloadMipMap#1522 tmu=0 addr=001F3000 evenodd=3 lod=5..5 aspect=0 format=5 data=00CF6AA8
1758 pid=FFF0CCF3 t=5947705 grTexSource#55109 tmu=0 addr=001F3000 evenodd=3 lod=5..5 aspect=0 format=5
1759 pid=FFF0CCF3 t=5947713 grTexDownloadMipMap#1523 tmu=0 addr=001F3400 evenodd=3 lod=5..5 aspect=0 format=5 data=00CF6AA8
1760 pid=FFF0CCF3 t=5947713 grTexSource#55118 tmu=0 addr=001F3400 evenodd=3 lod=5..5 aspect=0 format=5
1761 pid=FFF0CCF3 t=5947715 grTexDownloadMipMap#1524 tmu=0 addr=001F3800 evenodd=3 lod=5..5 aspect=0 format=5 data=00CF6AA8
1762 pid=FFF0CCF3 t=5947715 grTexSource#55119 tmu=0 addr=001F3800 evenodd=3 lod=5..5 aspect=0 format=5
1763 pid=FFF0CCF3 t=5947715 grTexDownloadMipMap#1525 tmu=0 addr=001F3C00 evenodd=3 lod=5..5 aspect=0 format=5 data=00CF6AA8
1764 pid=FFF0CCF3 t=5947715 grTexSource#55120 tmu=0 addr=001F3C00 evenodd=3 lod=5..5 aspect=0 format=5
1765 pid=FFF0CCF3 t=5947715 grTexDownloadMipMap#1526 tmu=0 addr=001F4000 evenodd=3 lod=5..5 aspect=0 format=5 data=00CF6AA8
1766 pid=FFF0CCF3 t=5947715 grTexSource#55121 tmu=0 addr=001F4000 evenodd=3 lod=5..5 aspect=0 format=5
1767 pid=FFF0CCF3 t=5947720 grTexDownloadMipMap#1527 tmu=0 addr=001F4400 evenodd=3 lod=5..5 aspect=0 format=5 data=00CF6AA8
1768 pid=FFF0CCF3 t=5947720 grTexSource#55122 tmu=0 addr=001F4400 evenodd=3 lod=5..5 aspect=0 format=5
1769 pid=FFF0CCF3 t=5947720 grTexDownloadMipMap#1528 tmu=0 addr=001F4800 evenodd=3 lod=5..5 aspect=0 format=5 data=00CF6AA8
1770 pid=FFF0CCF3 t=5947720 grTexSource#55123 tmu=0 addr=001F4800 evenodd=3 lod=5..5 aspect=0 format=5
1771 pid=FFF0CCF3 t=5947720 grTexDownloadMipMap#1529 tmu=0 addr=001F4C00 evenodd=3 lod=5..5 aspect=0 format=5 data=00CF6AA8
1772 pid=FFF0CCF3 t=5947720 grTexSource#55124 tmu=0 addr=001F4C00 evenodd=3 lod=5..5 aspect=0 format=5
1773 pid=FFF0CCF3 t=5947720 grTexDownloadMipMap#1530 tmu=0 addr=001F5000 evenodd=3 lod=5..5 aspect=0 format=5 data=00CF6AA8
1774 pid=FFF0CCF3 t=5947720 grTexSource#55125 tmu=0 addr=001F5000 evenodd=3 lod=5..5 aspect=0 format=5
1775 pid=FFF0CCF3 t=5947727 grTexDownloadMipMap#1531 tmu=0 addr=001F5400 evenodd=3 lod=5..5 aspect=0 format=5 data=00CF6AA8
1776 pid=FFF0CCF3 t=5947727 grTexSource#55126 tmu=0 addr=001F5400 evenodd=3 lod=5..5 aspect=0 format=5
1777 pid=FFF0CCF3 t=5947727 grTexDownloadMipMap#1532 tmu=0 addr=001F5800 evenodd=3 lod=5..5 aspect=0 format=5 data=00CF6AA8
1778 pid=FFF0CCF3 t=5947727 grTexSource#55127 tmu=0 addr=001F5800 evenodd=3 lod=5..5 aspect=0 format=5
1779 pid=FFF0CCF3 t=5947730 grTexDownloadMipMap#1533 tmu=0 addr=001F5C00 evenodd=3 lod=5..5 aspect=0 format=5 data=00CF6AA8
1780 pid=FFF0CCF3 t=5947730 grTexSource#55128 tmu=0 addr=001F5C00 evenodd=3 lod=5..5 aspect=0 format=5
1781 pid=FFF0CCF3 t=5947730 grTexDownloadMipMap#1534 tmu=0 addr=001F6000 evenodd=3 lod=5..5 aspect=0 format=5 data=00CF6AA8
1782 pid=FFF0CCF3 t=5947730 grTexSource#55129 tmu=0 addr=001F6000 evenodd=3 lod=5..5 aspect=0 format=5
1783 pid=FFF0CCF3 t=5947730 grTexDownloadMipMap#1535 tmu=0 addr=001F6400 evenodd=3 lod=5..5 aspect=0 format=5 data=00CF6AA8
1784 pid=FFF0CCF3 t=5947730 grTexSource#55130 tmu=0 addr=001F6400 evenodd=3 lod=5..5 aspect=0 format=5
1785 pid=FFF0CCF3 t=5947730 grTexDownloadMipMap#1536 tmu=0 addr=001F6800 evenodd=3 lod=5..5 aspect=0 format=5 data=00CF6AA8
1786 pid=FFF0CCF3 t=5947735 grTexSource#55131 tmu=0 addr=001F6800 evenodd=3 lod=5..5 aspect=0 format=5
1787 pid=FFF0CCF3 t=5947735 grTexDownloadMipMap#1537 tmu=0 addr=001F6C00 evenodd=3 lod=5..5 aspect=0 format=5 data=00CF6AA8
1788 pid=FFF0CCF3 t=5947735 grTexSource#55132 tmu=0 addr=001F6C00 evenodd=3 lod=5..5 aspect=0 format=5
1789 pid=FFF0CCF3 t=5947735 grTexDownloadMipMap#1538 tmu=0 addr=001F7000 evenodd=3 lod=5..5 aspect=0 format=5 data=00CF6AA8
1790 pid=FFF0CCF3 t=5947735 grTexSource#55133 tmu=0 addr=001F7000 evenodd=3 lod=5..5 aspect=0 format=5
1791 pid=FFF0CCF3 t=5947741 grTexDownloadMipMap#1539 tmu=0 addr=001F7400 evenodd=3 lod=5..5 aspect=0 format=5 data=00CF6AA8
1792 pid=FFF0CCF3 t=5947741 grTexSource#55134 tmu=0 addr=001F7400 evenodd=3 lod=5..5 aspect=0 format=5
1793 pid=FFF0CCF3 t=5947741 grTexDownloadMipMap#1540 tmu=0 addr=001F7800 evenodd=3 lod=5..5 aspect=0 format=5 data=00CF6AA8
1794 pid=FFF0CCF3 t=5947741 grTexSource#55135 tmu=0 addr=001F7800 evenodd=3 lod=5..5 aspect=0 format=5
1795 pid=FFF0CCF3 t=5947741 grTexDownloadMipMap#1541 tmu=0 addr=001F7C00 evenodd=3 lod=5..5 aspect=0 format=5 data=00CF6AA8
1796 pid=FFF0CCF3 t=5947741 grTexSource#55136 tmu=0 addr=001F7C00 evenodd=3 lod=5..5 aspect=0 format=5
1797 pid=FFF0CCF3 t=5947745 grTexDownloadMipMap#1542 tmu=0 addr=001F8000 evenodd=3 lod=5..5 aspect=0 format=5 data=00CF6AA8
1798 pid=FFF0CCF3 t=5947745 grTexSource#55137 tmu=0 addr=001F8000 evenodd=3 lod=5..5 aspect=0 format=5
1799 pid=FFF0CCF3 t=5947745 grTexDownloadMipMap#1543 tmu=0 addr=001F8400 evenodd=3 lod=5..5 aspect=0 format=5 data=00CF6AA8
1800 pid=FFF0CCF3 t=5947745 grTexSource#55138 tmu=0 addr=001F8400 evenodd=3 lod=5..5 aspect=0 format=5
1801 pid=FFF0CCF3 t=5947745 grTexDownloadMipMap#1544 tmu=0 addr=001F8800 evenodd=3 lod=5..5 aspect=0 format=5 data=00CF6AA8
1802 pid=FFF0CCF3 t=5947745 grTexSource#55139 tmu=0 addr=001F8800 evenodd=3 lod=5..5 aspect=0 format=5
1803 pid=FFF0CCF3 t=5947750 grTexDownloadMipMap#1545 tmu=0 addr=001F8C00 evenodd=3 lod=5..5 aspect=0 format=5 data=00CF6AA8
1804 pid=FFF0CCF3 t=5947750 grTexSource#55140 tmu=0 addr=001F8C00 evenodd=3 lod=5..5 aspect=0 format=5
1805 pid=FFF0CCF3 t=5947750 grTexDownloadMipMap#1546 tmu=0 addr=001F9000 evenodd=3 lod=5..5 aspect=0 format=5 data=00CF6AA8
1806 pid=FFF0CCF3 t=5947750 grTexSource#55141 tmu=0 addr=001F9000 evenodd=3 lod=5..5 aspect=0 format=5
1807 pid=FFF0CCF3 t=5947750 grTexDownloadMipMap#1547 tmu=0 addr=001F9400 evenodd=3 lod=5..5 aspect=0 format=5 data=00CF6AA8
1808 pid=FFF0CCF3 t=5947750 grTexSource#55142 tmu=0 addr=001F9400 evenodd=3 lod=5..5 aspect=0 format=5
1809 pid=FFF0CCF3 t=5947750 grTexDownloadMipMap#1548 tmu=0 addr=001F9800 evenodd=3 lod=5..5 aspect=0 format=5 data=00CF6AA8
1810 pid=FFF0CCF3 t=5947755 grTexSource#55143 tmu=0 addr=001F9800 evenodd=3 lod=5..5 aspect=0 format=5
1811 pid=FFF0CCF3 t=5947755 grTexDownloadMipMap#1549 tmu=0 addr=001F9C00 evenodd=3 lod=5..5 aspect=0 format=5 data=00CF6AA8
1812 pid=FFF0CCF3 t=5947755 grTexSource#55144 tmu=0 addr=001F9C00 evenodd=3 lod=5..5 aspect=0 format=5
1813 pid=FFF0CCF3 t=5947755 grTexDownloadMipMap#1550 tmu=0 addr=001FA000 evenodd=3 lod=5..5 aspect=0 format=5 data=00CF6AA8
1814 pid=FFF0CCF3 t=5947755 grTexSource#55145 tmu=0 addr=001FA000 evenodd=3 lod=5..5 aspect=0 format=5
1815 pid=FFF0CCF3 t=5947755 grTexDownloadMipMap#1551 tmu=0 addr=001FA400 evenodd=3 lod=5..5 aspect=0 format=5 data=00CF6AA8
1816 pid=FFF0CCF3 t=5947755 grTexSource#55146 tmu=0 addr=001FA400 evenodd=3 lod=5..5 aspect=0 format=5
1817 pid=FFF0CCF3 t=5947760 grTexDownloadMipMap#1552 tmu=0 addr=001FA800 evenodd=3 lod=5..5 aspect=0 format=5 data=00CF6AA8
1818 pid=FFF0CCF3 t=5947760 grTexSource#55147 tmu=0 addr=001FA800 evenodd=3 lod=5..5 aspect=0 format=5
1819 pid=FFF0CCF3 t=5947763 grTexDownloadMipMap#1553 tmu=0 addr=001FAC00 evenodd=3 lod=5..5 aspect=0 format=5 data=00CF6AA8
1820 pid=FFF0CCF3 t=5947763 grTexSource#55148 tmu=0 addr=001FAC00 evenodd=3 lod=5..5 aspect=0 format=5
1821 pid=FFF0CCF3 t=5947765 grTexDownloadMipMap#1554 tmu=0 addr=001FB000 evenodd=3 lod=5..5 aspect=0 format=5 data=00CF6AA8
1822 pid=FFF0CCF3 t=5947765 grTexSource#55149 tmu=0 addr=001FB000 evenodd=3 lod=5..5 aspect=0 format=5
1823 pid=FFF0CCF3 t=5947765 grTexDownloadMipMap#1555 tmu=0 addr=001FB400 evenodd=3 lod=5..5 aspect=0 format=5 data=00CF6AA8
1824 pid=FFF0CCF3 t=5947765 grTexSource#55150 tmu=0 addr=001FB400 evenodd=3 lod=5..5 aspect=0 format=5
1825 pid=FFF0CCF3 t=5947765 grTexDownloadMipMap#1556 tmu=0 addr=001FB800 evenodd=3 lod=5..5 aspect=0 format=5 data=00CF6AA8
1826 pid=FFF0CCF3 t=5947765 grTexSource#55151 tmu=0 addr=001FB800 evenodd=3 lod=5..5 aspect=0 format=5
1827 pid=FFF0CCF3 t=5947765 grTexDownloadMipMap#1557 tmu=0 addr=001FBC00 evenodd=3 lod=5..5 aspect=0 format=5 data=00CF6AA8
1828 pid=FFF0CCF3 t=5947770 grTexSource#55152 tmu=0 addr=001FBC00 evenodd=3 lod=5..5 aspect=0 format=5
1829 pid=FFF0CCF3 t=5947770 grTexDownloadMipMap#1558 tmu=0 addr=001FC000 evenodd=3 lod=5..5 aspect=0 format=5 data=00CF6AA8
1830 pid=FFF0CCF3 t=5947770 grTexSource#55153 tmu=0 addr=001FC000 evenodd=3 lod=5..5 aspect=0 format=5
1831 pid=FFF0CCF3 t=5947770 grTexDownloadMipMap#1559 tmu=0 addr=001FC400 evenodd=3 lod=5..5 aspect=0 format=5 data=00CF6AA8
1832 pid=FFF0CCF3 t=5947770 grTexSource#55154 tmu=0 addr=001FC400 evenodd=3 lod=5..5 aspect=0 format=5
1833 pid=FFF0CCF3 t=5947770 grTexDownloadMipMap#1560 tmu=0 addr=001FC800 evenodd=3 lod=5..5 aspect=0 format=5 data=00CF6AA8
1834 pid=FFF0CCF3 t=5947770 grTexSource#55155 tmu=0 addr=001FC800 evenodd=3 lod=5..5 aspect=0 format=5
1835 pid=FFF0CCF3 t=5947780 grTexDownloadMipMap#1561 tmu=0 addr=001FCC00 evenodd=3 lod=5..5 aspect=0 format=5 data=00CF6AA8
1836 pid=FFF0CCF3 t=5947780 grTexSource#55156 tmu=0 addr=001FCC00 evenodd=3 lod=5..5 aspect=0 format=5
1837 pid=FFF0CCF3 t=5947780 grTexDownloadMipMap#1562 tmu=0 addr=001FD000 evenodd=3 lod=5..5 aspect=0 format=5 data=00CF6AA8
1838 pid=FFF0CCF3 t=5947780 grTexSource#55157 tmu=0 addr=001FD000 evenodd=3 lod=5..5 aspect=0 format=5
1839 pid=FFF0CCF3 t=5947780 grTexDownloadMipMap#1563 tmu=0 addr=001FD400 evenodd=3 lod=5..5 aspect=0 format=5 data=00CF6AA8
1840 pid=FFF0CCF3 t=5947780 grTexSource#55158 tmu=0 addr=001FD400 evenodd=3 lod=5..5 aspect=0 format=5
1841 pid=FFF0CCF3 t=5947785 grTexDownloadMipMap#1564 tmu=0 addr=001FD800 evenodd=3 lod=5..5 aspect=0 format=5 data=00CF6AA8
1842 pid=FFF0CCF3 t=5947785 grTexSource#55159 tmu=0 addr=001FD800 evenodd=3 lod=5..5 aspect=0 format=5
1843 pid=FFF0CCF3 t=5947785 grTexDownloadMipMap#1565 tmu=0 addr=001FDC00 evenodd=3 lod=5..5 aspect=0 format=5 data=00CF6AA8
1844 pid=FFF0CCF3 t=5947785 grTexSource#55160 tmu=0 addr=001FDC00 evenodd=3 lod=5..5 aspect=0 format=5
1845 pid=FFF0CCF3 t=5947785 grTexDownloadMipMap#1566 tmu=0 addr=001FE000 evenodd=3 lod=5..5 aspect=0 format=5 data=00CF6AA8
1846 pid=FFF0CCF3 t=5947785 grTexSource#55161 tmu=0 addr=001FE000 evenodd=3 lod=5..5 aspect=0 format=5
1847 pid=FFF0CCF3 t=5947785 grTexDownloadMipMap#1567 tmu=0 addr=001FE400 evenodd=3 lod=5..5 aspect=0 format=5 data=00CF6AA8
1848 pid=FFF0CCF3 t=5947790 grTexSource#55162 tmu=0 addr=001FE400 evenodd=3 lod=5..5 aspect=0 format=5
1849 pid=FFF0CCF3 t=5947790 grTexDownloadMipMap#1568 tmu=0 addr=001FE800 evenodd=3 lod=5..5 aspect=0 format=5 data=00CF6AA8
1850 pid=FFF0CCF3 t=5947790 grTexSource#55163 tmu=0 addr=001FE800 evenodd=3 lod=5..5 aspect=0 format=5
1851 pid=FFF0CCF3 t=5947790 grTexDownloadMipMap#1569 tmu=0 addr=001FEC00 evenodd=3 lod=5..5 aspect=0 format=5 data=00CF6AA8
1852 pid=FFF0CCF3 t=5947790 grTexSource#55164 tmu=0 addr=001FEC00 evenodd=3 lod=5..5 aspect=0 format=5
1853 pid=FFF0CCF3 t=5947790 grTexDownloadMipMap#1570 tmu=0 addr=001FF000 evenodd=3 lod=5..5 aspect=0 format=5 data=00CF6AA8
1854 pid=FFF0CCF3 t=5947790 grTexSource#55165 tmu=0 addr=001FF000 evenodd=3 lod=5..5 aspect=0 format=5
1855 pid=FFF0CCF3 t=5947795 grTexDownloadMipMap#1571 tmu=0 addr=001FF400 evenodd=3 lod=5..5 aspect=0 format=5 data=00CF6AA8
1856 pid=FFF0CCF3 t=5947795 grTexSource#55166 tmu=0 addr=001FF400 evenodd=3 lod=5..5 aspect=0 format=5
1857 pid=FFF0CCF3 t=5947795 grTexDownloadMipMap#1572 tmu=0 addr=001FF800 evenodd=3 lod=5..5 aspect=0 format=5 data=00CF6AA8
1858 pid=FFF0CCF3 t=5947795 grTexSource#55167 tmu=0 addr=001FF800 evenodd=3 lod=5..5 aspect=0 format=5
1859 pid=FFF0CCF3 t=5947795 grTexDownloadMipMap#1573 tmu=0 addr=001FFC00 evenodd=3 lod=5..5 aspect=0 format=5 data=00CF6AA8
1860 pid=FFF0CCF3 t=5947795 grTexSource#55168 tmu=0 addr=001FFC00 evenodd=3 lod=5..5 aspect=0 format=5
1861 pid=FFF0CCF3 t=5947802 grTexDownloadMipMap#1574 tmu=0 addr=00200000 evenodd=3 lod=5..5 aspect=0 format=5 data=00CF6AA8
1862 pid=FFF0CCF3 t=5947802 grTexSource#55169 tmu=0 addr=00200000 evenodd=3 lod=5..5 aspect=0 format=5
1863 pid=FFF0CCF3 t=5947802 grTexDownloadMipMap#1575 tmu=0 addr=00200400 evenodd=3 lod=5..5 aspect=0 format=5 data=00CF6AA8
1864 pid=FFF0CCF3 t=5947802 grTexSource#55170 tmu=0 addr=00200400 evenodd=3 lod=5..5 aspect=0 format=5
1865 pid=FFF0CCF3 t=5947805 grTexDownloadMipMap#1576 tmu=0 addr=00200800 evenodd=3 lod=5..5 aspect=0 format=5 data=00CF6AA8
1866 pid=FFF0CCF3 t=5947805 grTexSource#55171 tmu=0 addr=00200800 evenodd=3 lod=5..5 aspect=0 format=5
1867 pid=FFF0CCF3 t=5947805 grTexDownloadMipMap#1577 tmu=0 addr=00200C00 evenodd=3 lod=5..5 aspect=0 format=5 data=00CF6AA8
1868 pid=FFF0CCF3 t=5947805 grTexSource#55172 tmu=0 addr=00200C00 evenodd=3 lod=5..5 aspect=0 format=5
1869 pid=FFF0CCF3 t=5947805 grTexDownloadMipMap#1578 tmu=0 addr=00201000 evenodd=3 lod=5..5 aspect=0 format=5 data=00CF6AA8
1870 pid=FFF0CCF3 t=5947805 grTexSource#55173 tmu=0 addr=00201000 evenodd=3 lod=5..5 aspect=0 format=5
1871 pid=FFF0CCF3 t=5947805 grTexDownloadMipMap#1579 tmu=0 addr=00201400 evenodd=3 lod=5..5 aspect=0 format=5 data=00CF6AA8
1872 pid=FFF0CCF3 t=5947810 grTexSource#55174 tmu=0 addr=00201400 evenodd=3 lod=5..5 aspect=0 format=5
1873 pid=FFF0CCF3 t=5947810 grTexDownloadMipMap#1580 tmu=0 addr=00201800 evenodd=3 lod=5..5 aspect=0 format=5 data=00CF6AA8
1874 pid=FFF0CCF3 t=5947810 grTexSource#55175 tmu=0 addr=00201800 evenodd=3 lod=5..5 aspect=0 format=5
1875 pid=FFF0CCF3 t=5947810 grTexDownloadMipMap#1581 tmu=0 addr=00201C00 evenodd=3 lod=5..5 aspect=0 format=5 data=00CF6AA8
1876 pid=FFF0CCF3 t=5947810 grTexSource#55176 tmu=0 addr=00201C00 evenodd=3 lod=5..5 aspect=0 format=5
1877 pid=FFF0CCF3 t=5947810 grTexDownloadMipMap#1582 tmu=0 addr=00202000 evenodd=3 lod=5..5 aspect=0 format=5 data=00CF6AA8
1878 pid=FFF0CCF3 t=5947810 grTexSource#55177 tmu=0 addr=00202000 evenodd=3 lod=5..5 aspect=0 format=5
1879 pid=FFF0CCF3 t=5947815 grTexDownloadMipMap#1583 tmu=0 addr=00202400 evenodd=3 lod=5..5 aspect=0 format=5 data=00CF6AA8
1880 pid=FFF0CCF3 t=5947815 grTexSource#55178 tmu=0 addr=00202400 evenodd=3 lod=5..5 aspect=0 format=5
1881 pid=FFF0CCF3 t=5947816 grTexDownloadMipMap#1584 tmu=0 addr=00202800 evenodd=3 lod=5..5 aspect=0 format=5 data=00CF6AA8
1882 pid=FFF0CCF3 t=5947816 grTexSource#55179 tmu=0 addr=00202800 evenodd=3 lod=5..5 aspect=0 format=5
1883 pid=FFF0CCF3 t=5947816 grTexDownloadMipMap#1585 tmu=0 addr=00202C00 evenodd=3 lod=5..5 aspect=0 format=5 data=00CF6AA8
1884 pid=FFF0CCF3 t=5947816 grTexSource#55180 tmu=0 addr=00202C00 evenodd=3 lod=5..5 aspect=0 format=5
1885 pid=FFF0CCF3 t=5947820 grTexDownloadMipMap#1586 tmu=0 addr=00203000 evenodd=3 lod=5..5 aspect=0 format=5 data=00CF6AA8
1886 pid=FFF0CCF3 t=5947820 grTexSource#55181 tmu=0 addr=00203000 evenodd=3 lod=5..5 aspect=0 format=5
1887 pid=FFF0CCF3 t=5947820 grTexDownloadMipMap#1587 tmu=0 addr=00203400 evenodd=3 lod=5..5 aspect=0 format=5 data=00CF6AA8
1888 pid=FFF0CCF3 t=5947820 grTexSource#55182 tmu=0 addr=00203400 evenodd=3 lod=5..5 aspect=0 format=5
1889 pid=FFF0CCF3 t=5947820 grTexDownloadMipMap#1588 tmu=0 addr=00203800 evenodd=3 lod=5..5 aspect=0 format=5 data=00CF6AA8
1890 pid=FFF0CCF3 t=5947820 grTexSource#55183 tmu=0 addr=00203800 evenodd=3 lod=5..5 aspect=0 format=5
1891 pid=FFF0CCF3 t=5947825 grTexDownloadMipMap#1589 tmu=0 addr=00203C00 evenodd=3 lod=5..5 aspect=0 format=5 data=00CF6AA8
1892 pid=FFF0CCF3 t=5947825 grTexSource#55184 tmu=0 addr=00203C00 evenodd=3 lod=5..5 aspect=0 format=5
1893 pid=FFF0CCF3 t=5947825 grTexDownloadMipMap#1590 tmu=0 addr=00204000 evenodd=3 lod=5..5 aspect=0 format=5 data=00CF6AA8
1894 pid=FFF0CCF3 t=5947825 grTexSource#55185 tmu=0 addr=00204000 evenodd=3 lod=5..5 aspect=0 format=5
1895 pid=FFF0CCF3 t=5947825 grTexDownloadMipMap#1591 tmu=0 addr=00204400 evenodd=3 lod=5..5 aspect=0 format=5 data=00CF6AA8
1896 pid=FFF0CCF3 t=5947825 grTexSource#55186 tmu=0 addr=00204400 evenodd=3 lod=5..5 aspect=0 format=5
1897 pid=FFF0CCF3 t=5947830 grTexDownloadMipMap#1592 tmu=0 addr=00204800 evenodd=3 lod=5..5 aspect=0 format=5 data=00CF6AA8
1898 pid=FFF0CCF3 t=5947830 grTexSource#55187 tmu=0 addr=00204800 evenodd=3 lod=5..5 aspect=0 format=5
1899 pid=FFF0CCF3 t=5947832 grTexDownloadMipMap#1593 tmu=0 addr=00386400 evenodd=3 lod=6..6 aspect=0 format=5 data=02BDD680
1900 pid=FFF0CCF3 t=5947832 grTexSource#55188 tmu=0 addr=00386400 evenodd=3 lod=6..6 aspect=0 format=5
1901 pid=FFF0CCF3 t=5947835 grTexDownloadMipMap#1594 tmu=0 addr=00387400 evenodd=3 lod=6..6 aspect=-1 format=5 data=02BDD680
1902 pid=FFF0CCF3 t=5947835 grTexSource#55189 tmu=0 addr=00387400 evenodd=3 lod=6..6 aspect=-1 format=5
1903 pid=FFF0CCF3 t=5947835 grTexDownloadMipMap#1595 tmu=0 addr=00388400 evenodd=3 lod=5..5 aspect=0 format=5 data=02BDD680
1904 pid=FFF0CCF3 t=5947835 grTexSource#55190 tmu=0 addr=00388400 evenodd=3 lod=5..5 aspect=0 format=5
1905 pid=FFF0CCF3 t=5947835 grTexDownloadMipMap#1596 tmu=0 addr=00389400 evenodd=3 lod=6..6 aspect=-1 format=5 data=02BDD680
1906 pid=FFF0CCF3 t=5947835 grTexSource#55191 tmu=0 addr=00389400 evenodd=3 lod=6..6 aspect=-1 format=5
1907 pid=FFF0CCF3 t=5947840 grTexDownloadMipMap#1597 tmu=0 addr=0038A400 evenodd=3 lod=5..5 aspect=-1 format=5 data=02BDD680
1908 pid=FFF0CCF3 t=5947840 grTexSource#55192 tmu=0 addr=0038A400 evenodd=3 lod=5..5 aspect=-1 format=5
1909 pid=FFF0CCF3 t=5947840 grTexDownloadMipMap#1598 tmu=0 addr=0038B400 evenodd=3 lod=4..4 aspect=1 format=5 data=02BDD680
1910 pid=FFF0CCF3 t=5947840 grTexSource#55193 tmu=0 addr=0038B400 evenodd=3 lod=4..4 aspect=1 format=5
1911 pid=FFF0CCF3 t=5947840 grTexDownloadMipMap#1599 tmu=0 addr=0038C400 evenodd=3 lod=4..4 aspect=0 format=5 data=02BDD680
1912 pid=FFF0CCF3 t=5947840 grTexSource#55194 tmu=0 addr=0038C400 evenodd=3 lod=4..4 aspect=0 format=5
1913 pid=FFF0CCF3 t=5947840 grTexDownloadMipMap#1600 tmu=0 addr=0038D400 evenodd=3 lod=4..4 aspect=-1 format=5 data=02BDD680
1914 pid=FFF0CCF3 t=5947840 grTexSource#55195 tmu=0 addr=0038D400 evenodd=3 lod=4..4 aspect=-1 format=5
1915 pid=FFF0CCF3 t=5947845 grTexDownloadMipMap#1601 tmu=0 addr=0038E400 evenodd=3 lod=5..5 aspect=-1 format=5 data=02BDD680
1916 pid=FFF0CCF3 t=5947845 grTexSource#55196 tmu=0 addr=0038E400 evenodd=3 lod=5..5 aspect=-1 format=5
1917 pid=FFF0CCF3 t=5947845 grTexDownloadMipMap#1602 tmu=0 addr=0038F400 evenodd=3 lod=5..5 aspect=-1 format=5 data=02BDD680
1918 pid=FFF0CCF3 t=5947845 grTexSource#55197 tmu=0 addr=0038F400 evenodd=3 lod=5..5 aspect=-1 format=5
1919 pid=FFF0CCF3 t=5947849 grTexDownloadMipMap#1603 tmu=0 addr=00204C00 evenodd=3 lod=5..5 aspect=0 format=5 data=00CF6AA8
1920 pid=FFF0CCF3 t=5947849 grTexSource#55198 tmu=0 addr=00204C00 evenodd=3 lod=5..5 aspect=0 format=5
1921 pid=FFF0CCF3 t=5947850 grTexDownloadMipMap#1604 tmu=0 addr=00205000 evenodd=3 lod=5..5 aspect=0 format=5 data=00CF6AA8
1922 pid=FFF0CCF3 t=5947850 grTexSource#55199 tmu=0 addr=00205000 evenodd=3 lod=5..5 aspect=0 format=5
1923 pid=FFF0CCF3 t=5947850 grTexDownloadMipMap#1605 tmu=0 addr=00205400 evenodd=3 lod=5..5 aspect=0 format=5 data=00CF6AA8
1924 pid=FFF0CCF3 t=5947850 grTexSource#55200 tmu=0 addr=00205400 evenodd=3 lod=5..5 aspect=0 format=5
1925 pid=FFF0CCF3 t=5947850 grTexDownloadMipMap#1606 tmu=0 addr=00205800 evenodd=3 lod=5..5 aspect=0 format=5 data=00CF6AA8
1926 pid=FFF0CCF3 t=5947850 grTexSource#55201 tmu=0 addr=00205800 evenodd=3 lod=5..5 aspect=0 format=5
1927 pid=FFF0CCF3 t=5947855 grTexDownloadMipMap#1607 tmu=0 addr=00205C00 evenodd=3 lod=5..5 aspect=0 format=5 data=00CF6AA8
1928 pid=FFF0CCF3 t=5947855 grTexSource#55202 tmu=0 addr=00205C00 evenodd=3 lod=5..5 aspect=0 format=5
1929 pid=FFF0CCF3 t=5947856 grTexDownloadMipMap#1608 tmu=0 addr=00316400 evenodd=3 lod=7..7 aspect=-1 format=5 data=02BDD680
1930 pid=FFF0CCF3 t=5947856 grTexSource#55203 tmu=0 addr=00316400 evenodd=3 lod=7..7 aspect=-1 format=5
1931 pid=FFF0CCF3 t=5947861 grTexDownloadMipMap#1609 tmu=0 addr=0031A400 evenodd=3 lod=7..7 aspect=1 format=5 data=02BDD680
1932 pid=FFF0CCF3 t=5947861 grTexSource#55204 tmu=0 addr=0031A400 evenodd=3 lod=7..7 aspect=1 format=5
1933 pid=FFF0CCF3 t=5947868 grTexDownloadMipMap#1610 tmu=0 addr=00143000 evenodd=3 lod=8..8 aspect=1 format=5 data=02AD000C
1934 pid=FFF0CCF3 t=5947868 grTexSource#55205 tmu=0 addr=00143000 evenodd=3 lod=8..8 aspect=1 format=5
1935 pid=FFF0CCF3 t=5947880 grTexDownloadMipMap#1611 tmu=0 addr=0014B000 evenodd=3 lod=8..8 aspect=1 format=5 data=02AD000C
1936 pid=FFF0CCF3 t=5947880 grTexSource#55206 tmu=0 addr=0014B000 evenodd=3 lod=8..8 aspect=1 format=5
1937 pid=FFF0CCF3 t=5947890 grTexDownloadMipMap#1612 tmu=0 addr=00153000 evenodd=3 lod=8..8 aspect=1 format=5 data=02AD000C
1938 pid=FFF0CCF3 t=5947890 grTexSource#55207 tmu=0 addr=00153000 evenodd=3 lod=8..8 aspect=1 format=5
1939 pid=FFF0CCF3 t=5947905 grTexDownloadMipMap#1614 tmu=0 addr=00322400 evenodd=3 lod=7..7 aspect=1 format=5 data=02BDD680
1940 pid=FFF0CCF3 t=5947905 grTexSource#55209 tmu=0 addr=00322400 evenodd=3 lod=7..7 aspect=1 format=5
1941 pid=FFF0CCF3 t=5947905 grTexDownloadMipMap#1615 tmu=0 addr=00326400 evenodd=3 lod=7..7 aspect=1 format=5 data=02BDD680
1942 pid=FFF0CCF3 t=5947905 grTexSource#55210 tmu=0 addr=00326400 evenodd=3 lod=7..7 aspect=1 format=5
1943 pid=FFF0CCF3 t=5947910 grTexDownloadMipMap#1616 tmu=0 addr=00390400 evenodd=3 lod=6..6 aspect=0 format=5 data=02BDD680
1944 pid=FFF0CCF3 t=5947910 grTexSource#55211 tmu=0 addr=00390400 evenodd=3 lod=6..6 aspect=0 format=5
1945 pid=FFF0CCF3 t=5947915 grTexDownloadMipMap#1617 tmu=0 addr=0032A400 evenodd=3 lod=7..7 aspect=0 format=5 data=02BDD680
1946 pid=FFF0CCF3 t=5947915 grTexSource#55212 tmu=0 addr=0032A400 evenodd=3 lod=7..7 aspect=0 format=5
1947 pid=FFF0CCF3 t=5947920 grTexDownloadMipMap#1618 tmu=0 addr=0032E400 evenodd=3 lod=7..7 aspect=0 format=5 data=02BDD680
1948 pid=FFF0CCF3 t=5947920 grTexSource#55213 tmu=0 addr=0032E400 evenodd=3 lod=7..7 aspect=0 format=5
1949 pid=FFF0CCF3 t=5947925 grTexDownloadMipMap#1619 tmu=0 addr=00332400 evenodd=3 lod=7..7 aspect=0 format=5 data=02BDD680
1950 pid=FFF0CCF3 t=5947925 grTexSource#55214 tmu=0 addr=00332400 evenodd=3 lod=7..7 aspect=0 format=5
1951 pid=FFF0CCF3 t=5947930 grTexDownloadMipMap#1620 tmu=0 addr=00336400 evenodd=3 lod=7..7 aspect=0 format=5 data=02BDD680
1952 pid=FFF0CCF3 t=5947930 grTexSource#55215 tmu=0 addr=00336400 evenodd=3 lod=7..7 aspect=0 format=5
1953 pid=FFF0CCF3 t=5947936 grTexDownloadMipMap#1621 tmu=0 addr=0033A400 evenodd=3 lod=7..7 aspect=0 format=5 data=02BDD680
1954 pid=FFF0CCF3 t=5947936 grTexSource#55216 tmu=0 addr=0033A400 evenodd=3 lod=7..7 aspect=0 format=5
1955 pid=FFF0CCF3 t=5947940 grTexDownloadMipMap#1622 tmu=0 addr=00391400 evenodd=3 lod=5..5 aspect=-1 format=5 data=02BDD680
1956 pid=FFF0CCF3 t=5947940 grTexSource#55217 tmu=0 addr=00391400 evenodd=3 lod=5..5 aspect=-1 format=5
1957 pid=FFF0CCF3 t=5947940 grColorCombine#771 func=1 factor=0 local=1 other=2 invert=0
1958 pid=FFF0CCF3 t=5947940 grChromakeyMode#771 mode=00000000
1959 pid=FFF0CCF3 t=5947940 grConstantColorValue#6852 color=F4C04CC0
1960 pid=FFF0CCF3 t=5947940 grTexDownloadMipMap#1623 tmu=0 addr=00392400 evenodd=3 lod=5..5 aspect=-1 format=5 data=02BDD680
1961 pid=FFF0CCF3 t=5947940 grTexSource#55218 tmu=0 addr=00392400 evenodd=3 lod=5..5 aspect=-1 format=5
1962 pid=FFF0CCF3 t=5947945 grTexDownloadMipMap#1624 tmu=0 addr=00393400 evenodd=3 lod=5..5 aspect=0 format=5 data=02BDD680
1963 pid=FFF0CCF3 t=5947945 grTexSource#55219 tmu=0 addr=00393400 evenodd=3 lod=5..5 aspect=0 format=5
1964 pid=FFF0CCF3 t=5947945 grTexDownloadMipMap#1625 tmu=0 addr=00394400 evenodd=3 lod=4..4 aspect=0 format=5 data=02BDD680
1965 pid=FFF0CCF3 t=5947945 grTexSource#55220 tmu=0 addr=00394400 evenodd=3 lod=4..4 aspect=0 format=5
1966 pid=FFF0CCF3 t=5947945 grTexDownloadMipMap#1626 tmu=0 addr=00395400 evenodd=3 lod=4..4 aspect=0 format=5 data=02BDD680
1967 pid=FFF0CCF3 t=5947945 grTexSource#55222 tmu=0 addr=00395400 evenodd=3 lod=4..4 aspect=0 format=5
1968 pid=FFF0CCF3 t=5947945 grTexDownloadMipMap#1627 tmu=0 addr=00396400 evenodd=3 lod=4..4 aspect=0 format=5 data=02BDD680
1969 pid=FFF0CCF3 t=5947950 grTexSource#55224 tmu=0 addr=00396400 evenodd=3 lod=4..4 aspect=0 format=5
1970 pid=FFF0CCF3 t=5947950 grTexDownloadMipMap#1628 tmu=0 addr=00397400 evenodd=3 lod=4..4 aspect=0 format=5 data=02BDD680
1971 pid=FFF0CCF3 t=5947950 grTexSource#55226 tmu=0 addr=00397400 evenodd=3 lod=4..4 aspect=0 format=5
1972 pid=FFF0CCF3 t=5947950 grTexDownloadMipMap#1629 tmu=0 addr=00398400 evenodd=3 lod=6..6 aspect=0 format=5 data=02BDD680
1973 pid=FFF0CCF3 t=5947950 grTexSource#55227 tmu=0 addr=00398400 evenodd=3 lod=6..6 aspect=0 format=5
1974 pid=FFF0CCF3 t=5947950 grTexDownloadMipMap#1630 tmu=0 addr=00399400 evenodd=3 lod=4..4 aspect=0 format=5 data=02BDD680
1975 pid=FFF0CCF3 t=5947950 grTexSource#55229 tmu=0 addr=00399400 evenodd=3 lod=4..4 aspect=0 format=5
1976 pid=FFF0CCF3 t=5947955 grTexDownloadMipMap#1631 tmu=0 addr=0039A400 evenodd=3 lod=4..4 aspect=0 format=5 data=02BDD680
1977 pid=FFF0CCF3 t=5947955 grTexSource#55230 tmu=0 addr=0039A400 evenodd=3 lod=4..4 aspect=0 format=5
1978 pid=FFF0CCF3 t=5947955 grTexDownloadMipMap#1632 tmu=0 addr=0039B400 evenodd=3 lod=4..4 aspect=0 format=5 data=02BDD680
1979 pid=FFF0CCF3 t=5947955 grTexSource#55231 tmu=0 addr=0039B400 evenodd=3 lod=4..4 aspect=0 format=5
1980 pid=FFF0CCF3 t=5947955 grTexDownloadMipMap#1633 tmu=0 addr=0039C400 evenodd=3 lod=4..4 aspect=0 format=5 data=02BDD680
1981 pid=FFF0CCF3 t=5947955 grTexSource#55232 tmu=0 addr=0039C400 evenodd=3 lod=4..4 aspect=0 format=5
1982 pid=FFF0CCF3 t=5947955 grTexDownloadMipMap#1634 tmu=0 addr=0039D400 evenodd=3 lod=4..4 aspect=0 format=5 data=02BDD680
1983 pid=FFF0CCF3 t=5947955 grTexSource#55233 tmu=0 addr=0039D400 evenodd=3 lod=4..4 aspect=0 format=5
1984 pid=FFF0CCF3 t=5947960 grTexDownloadMipMap#1635 tmu=0 addr=0039E400 evenodd=3 lod=4..4 aspect=0 format=5 data=02BDD680
1985 pid=FFF0CCF3 t=5947960 grTexSource#55234 tmu=0 addr=0039E400 evenodd=3 lod=4..4 aspect=0 format=5
1986 pid=FFF0CCF3 t=5947960 grTexDownloadMipMap#1636 tmu=0 addr=0039F400 evenodd=3 lod=4..4 aspect=0 format=5 data=02BDD680
1987 pid=FFF0CCF3 t=5947960 grTexSource#55236 tmu=0 addr=0039F400 evenodd=3 lod=4..4 aspect=0 format=5
1988 pid=FFF0CCF3 t=5947960 grTexDownloadMipMap#1637 tmu=0 addr=003A0400 evenodd=3 lod=6..6 aspect=0 format=5 data=02BDD680
1989 pid=FFF0CCF3 t=5947960 grTexSource#55237 tmu=0 addr=003A0400 evenodd=3 lod=6..6 aspect=0 format=5
1990 pid=FFF0CCF3 t=5947965 grTexDownloadMipMap#1638 tmu=0 addr=003A1400 evenodd=3 lod=5..5 aspect=0 format=5 data=02BDD680
1991 pid=FFF0CCF3 t=5947965 grTexSource#55238 tmu=0 addr=003A1400 evenodd=3 lod=5..5 aspect=0 format=5
1992 pid=FFF0CCF3 t=5947965 grTexDownloadMipMap#1639 tmu=0 addr=003A2400 evenodd=3 lod=5..5 aspect=0 format=5 data=02BDD680
1993 pid=FFF0CCF3 t=5947965 grTexSource#55239 tmu=0 addr=003A2400 evenodd=3 lod=5..5 aspect=0 format=5
1994 pid=FFF0CCF3 t=5948000 grTexDownloadMipMap#1640 tmu=0 addr=003A3400 evenodd=3 lod=7..7 aspect=-2 format=5 data=02BDD680
1995 pid=FFF0CCF3 t=5948000 grTexSource#55306 tmu=0 addr=003A3400 evenodd=3 lod=7..7 aspect=-2 format=5
1996 pid=FFF0CCF3 t=5948008 grTexDownloadMipMap#1642 tmu=0 addr=003A4400 evenodd=3 lod=3..3 aspect=0 format=5 data=02BDD680
1997 pid=FFF0CCF3 t=5948008 grTexSource#55319 tmu=0 addr=003A4400 evenodd=3 lod=3..3 aspect=0 format=5
1998 pid=FFF0CCF3 t=5948066 grTexDownloadMipMap#1643 tmu=0 addr=00342400 evenodd=3 lod=8..8 aspect=-2 format=5 data=02BDD680
1999 pid=FFF0CCF3 t=5948066 grTexSource#55549 tmu=0 addr=00342400 evenodd=3 lod=8..8 aspect=-2 format=5
2000 pid=FFF0CCF3 t=5948071 grTexDownloadMipMap#1644 tmu=0 addr=003A5400 evenodd=3 lod=7..7 aspect=-2 format=5 data=02BDD680
2001 pid=FFF0CCF3 t=5948071 grTexSource#55550 tmu=0 addr=003A5400 evenodd=3 lod=7..7 aspect=-2 format=5
2002 pid=FFF0CCF3 t=5948076 grTexDownloadMipMap#1645 tmu=0 addr=00346400 evenodd=3 lod=7..7 aspect=-1 format=5 data=02BDD680
2003 pid=FFF0CCF3 t=5948076 grTexSource#55561 tmu=0 addr=00346400 evenodd=3 lod=7..7 aspect=-1 format=5
2004 pid=FFF0CCF3 t=5948096 grConstantColorValue#6884 color=5050507F
2005 pid=FFF0CCF3 t=5948096 grDrawLine#1 swap=777
2006 pid=FFF0CCF3 t=5948096 grDrawLine#1   v0 43430000 43AC0000 00000001 3F800000 00000000 00000000 00000280 43460000
2007 pid=FFF0CCF3 t=5948130 grTexDownloadMipMap#1646 tmu=0 addr=003A6400 evenodd=3 lod=7..7 aspect=-2 format=5 data=02BDD680
2008 pid=FFF0CCF3 t=5948130 grTexSource#55794 tmu=0 addr=003A6400 evenodd=3 lod=7..7 aspect=-2 format=5
2009 pid=FFF0CCF3 t=5948136 grTexDownloadMipMap#1647 tmu=0 addr=003A7400 evenodd=3 lod=6..6 aspect=-1 format=5 data=02BDD680
2010 pid=FFF0CCF3 t=5948136 grTexSource#55796 tmu=0 addr=003A7400 evenodd=3 lod=6..6 aspect=-1 format=5
2011 pid=FFF0CCF3 t=5948136 grTexDownloadMipMap#1648 tmu=0 addr=003A8400 evenodd=3 lod=5..5 aspect=0 format=5 data=02BDD680
2012 pid=FFF0CCF3 t=5948140 grTexSource#55797 tmu=0 addr=003A8400 evenodd=3 lod=5..5 aspect=0 format=5
2013 pid=FFF0CCF3 t=5948140 grTexDownloadMipMap#1649 tmu=0 addr=003A9400 evenodd=3 lod=6..6 aspect=-1 format=5 data=02BDD680
2014 pid=FFF0CCF3 t=5948140 grTexSource#55798 tmu=0 addr=003A9400 evenodd=3 lod=6..6 aspect=-1 format=5
2015 pid=FFF0CCF3 t=5948140 grTexDownloadMipMap#1650 tmu=0 addr=003AA400 evenodd=3 lod=5..5 aspect=-1 format=5 data=02BDD680
2016 pid=FFF0CCF3 t=5948140 grTexSource#55799 tmu=0 addr=003AA400 evenodd=3 lod=5..5 aspect=-1 format=5
2017 pid=FFF0CCF3 t=5948140 grTexDownloadMipMap#1651 tmu=0 addr=003AB400 evenodd=3 lod=4..4 aspect=1 format=5 data=02BDD680
2018 pid=FFF0CCF3 t=5948140 grTexSource#55800 tmu=0 addr=003AB400 evenodd=3 lod=4..4 aspect=1 format=5
2019 pid=FFF0CCF3 t=5948145 grTexDownloadMipMap#1652 tmu=0 addr=003AC400 evenodd=3 lod=4..4 aspect=1 format=5 data=02BDD680
2020 pid=FFF0CCF3 t=5948145 grTexSource#55801 tmu=0 addr=003AC400 evenodd=3 lod=4..4 aspect=1 format=5
2021 pid=FFF0CCF3 t=5948145 grTexDownloadMipMap#1653 tmu=0 addr=003AD400 evenodd=3 lod=4..4 aspect=-1 format=5 data=02BDD680
2022 pid=FFF0CCF3 t=5948145 grTexSource#55802 tmu=0 addr=003AD400 evenodd=3 lod=4..4 aspect=-1 format=5
2023 pid=FFF0CCF3 t=5948145 grTexDownloadMipMap#1654 tmu=0 addr=003AE400 evenodd=3 lod=5..5 aspect=-1 format=5 data=02BDD680
2024 pid=FFF0CCF3 t=5948145 grTexSource#55803 tmu=0 addr=003AE400 evenodd=3 lod=5..5 aspect=-1 format=5
2025 pid=FFF0CCF3 t=5948145 grTexDownloadMipMap#1655 tmu=0 addr=003AF400 evenodd=3 lod=5..5 aspect=-1 format=5 data=02BDD680
2026 pid=FFF0CCF3 t=5948145 grTexSource#55804 tmu=0 addr=003AF400 evenodd=3 lod=5..5 aspect=-1 format=5
2027 pid=FFF0CCF3 t=5948150 grTexDownloadMipMap#1656 tmu=0 addr=0034A400 evenodd=3 lod=7..7 aspect=1 format=5 data=02BDD680
2028 pid=FFF0CCF3 t=5948150 grTexSource#55806 tmu=0 addr=0034A400 evenodd=3 lod=7..7 aspect=1 format=5
2029 pid=FFF0CCF3 t=5948170 grDrawLine#2 swap=778
2030 pid=FFF0CCF3 t=5948170 grDrawLine#2   v0 434B0000 43B68000 00000001 3F800000 00000000 00000000 00000280 434E0000
2031 pid=FFF0CCF3 t=5948216 grTexDownloadMipMap#1657 tmu=0 addr=0034E400 evenodd=3 lod=8..8 aspect=-2 format=5 data=02BDD680
2032 pid=FFF0CCF3 t=5948216 grTexSource#56037 tmu=0 addr=0034E400 evenodd=3 lod=8..8 aspect=-2 format=5
2033 pid=FFF0CCF3 t=5948220 grTexDownloadMipMap#1658 tmu=0 addr=003B0400 evenodd=3 lod=7..7 aspect=-2 format=5 data=02BDD680
2034 pid=FFF0CCF3 t=5948225 grTexSource#56038 tmu=0 addr=003B0400 evenodd=3 lod=7..7 aspect=-2 format=5
2035 pid=FFF0CCF3 t=5948225 grTexDownloadMipMap#1659 tmu=0 addr=00352400 evenodd=3 lod=7..7 aspect=-1 format=5 data=02BDD680
2036 pid=FFF0CCF3 t=5948225 grTexSource#56049 tmu=0 addr=00352400 evenodd=3 lod=7..7 aspect=-1 format=5
2037 pid=FFF0CCF3 t=5948250 grDrawLine#3 swap=779
2038 pid=FFF0CCF3 t=5948250 grDrawLine#3   v0 43530000 43C10000 00000001 3F800000 00000000 00000000 00000280 43550000
2039 pid=FFF0CCF3 t=5948285 grTexDownloadMipMap#1660 tmu=0 addr=003B1400 evenodd=3 lod=7..7 aspect=-2 format=5 data=02BDD680
2040 pid=FFF0CCF3 t=5948285 grTexSource#56282 tmu=0 addr=003B1400 evenodd=3 lod=7..7 aspect=-2 format=5
2041 pid=FFF0CCF3 t=5948290 grTexDownloadMipMap#1661 tmu=0 addr=00356400 evenodd=3 lod=7..7 aspect=1 format=5 data=02BDD680
2042 pid=FFF0CCF3 t=5948290 grTexSource#56294 tmu=0 addr=00356400 evenodd=3 lod=7..7 aspect=1 format=5
2043 pid=FFF0CCF3 t=5948310 grDrawPoint#1 swap=780
2044 pid=FFF0CCF3 t=5948310 grDrawPoint#1   v0 43530000 43CB8000 00000001 3F800000 00000000 00000000 00000280 00000054
2045 pid=FFF0CCF3 t=5948310 grConstantColorValue#6936 color=3C3C3C7F
2046 pid=FFF0CCF3 t=5948310 grDrawLine#4 swap=780
2047 pid=FFF0CCF3 t=5948310 grDrawLine#4   v0 43DB0000 42DC0000 00000001 3F800000 00000000 00000000 00000280 43DC0000
2048 pid=FFF0CCF3 t=5948350 grTexDownloadMipMap#1662 tmu=0 addr=0035A400 evenodd=3 lod=8..8 aspect=-2 format=5 data=02BDD680
2049 pid=FFF0CCF3 t=5948350 grTexSource#56525 tmu=0 addr=0035A400 evenodd=3 lod=8..8 aspect=-2 format=5
2050 pid=FFF0CCF3 t=5948355 grTexDownloadMipMap#1663 tmu=0 addr=003B2400 evenodd=3 lod=6..6 aspect=-1 format=5 data=02BDD680
2051 pid=FFF0CCF3 t=5948355 grTexSource#56528 tmu=0 addr=003B2400 evenodd=3 lod=6..6 aspect=-1 format=5
2052 pid=FFF0CCF3 t=5948355 grTexDownloadMipMap#1664 tmu=0 addr=003B3400 evenodd=3 lod=5..5 aspect=0 format=5 data=02BDD680
2053 pid=FFF0CCF3 t=5948355 grTexSource#56529 tmu=0 addr=003B3400 evenodd=3 lod=5..5 aspect=0 format=5
2054 pid=FFF0CCF3 t=5948355 grTexDownloadMipMap#1665 tmu=0 addr=003B4400 evenodd=3 lod=5..5 aspect=-1 format=5 data=02BDD680
2055 pid=FFF0CCF3 t=5948360 grTexSource#56530 tmu=0 addr=003B4400 evenodd=3 lod=5..5 aspect=-1 format=5
2056 pid=FFF0CCF3 t=5948360 grTexDownloadMipMap#1666 tmu=0 addr=003B5400 evenodd=3 lod=6..6 aspect=-1 format=5 data=02BDD680
2057 pid=FFF0CCF3 t=5948360 grTexSource#56531 tmu=0 addr=003B5400 evenodd=3 lod=6..6 aspect=-1 format=5
2058 pid=FFF0CCF3 t=5948360 grTexDownloadMipMap#1667 tmu=0 addr=003B6400 evenodd=3 lod=5..5 aspect=-1 format=5 data=02BDD680
2059 pid=FFF0CCF3 t=5948360 grTexSource#56532 tmu=0 addr=003B6400 evenodd=3 lod=5..5 aspect=-1 format=5
2060 pid=FFF0CCF3 t=5948360 grTexDownloadMipMap#1668 tmu=0 addr=003B7400 evenodd=3 lod=4..4 aspect=1 format=5 data=02BDD680
2061 pid=FFF0CCF3 t=5948360 grTexSource#56533 tmu=0 addr=003B7400 evenodd=3 lod=4..4 aspect=1 format=5
2062 pid=FFF0CCF3 t=5948365 grTexDownloadMipMap#1669 tmu=0 addr=003B8400 evenodd=3 lod=4..4 aspect=1 format=5 data=02BDD680
2063 pid=FFF0CCF3 t=5948365 grTexSource#56534 tmu=0 addr=003B8400 evenodd=3 lod=4..4 aspect=1 format=5
2064 pid=FFF0CCF3 t=5948365 grTexDownloadMipMap#1670 tmu=0 addr=003B9400 evenodd=3 lod=4..4 aspect=-1 format=5 data=02BDD680
2065 pid=FFF0CCF3 t=5948365 grTexSource#56535 tmu=0 addr=003B9400 evenodd=3 lod=4..4 aspect=-1 format=5
2066 pid=FFF0CCF3 t=5948365 grTexDownloadMipMap#1671 tmu=0 addr=003BA400 evenodd=3 lod=5..5 aspect=-1 format=5 data=02BDD680
2067 pid=FFF0CCF3 t=5948365 grTexSource#56536 tmu=0 addr=003BA400 evenodd=3 lod=5..5 aspect=-1 format=5
2068 pid=FFF0CCF3 t=5948365 grTexDownloadMipMap#1672 tmu=0 addr=0035E400 evenodd=3 lod=7..7 aspect=-1 format=5 data=02BDD680
2069 pid=FFF0CCF3 t=5948365 grTexSource#56537 tmu=0 addr=0035E400 evenodd=3 lod=7..7 aspect=-1 format=5
2070 pid=FFF0CCF3 t=5948390 grDrawPoint#2 swap=781
2071 pid=FFF0CCF3 t=5948390 grDrawPoint#2   v0 43530000 43CB8000 00000001 3F800000 00000000 00000000 00000280 00000054
2072 pid=FFF0CCF3 t=5948390 grDrawLine#5 swap=781
2073 pid=FFF0CCF3 t=5948390 grDrawLine#5   v0 43DD8000 42F80000 00000001 3F800000 00000000 00000000 00000280 43DE8000
2074 pid=FFF0CCF3 t=5948430 grTexDownloadMipMap#1673 tmu=0 addr=003BB400 evenodd=3 lod=7..7 aspect=-2 format=5 data=02BDD680
2075 pid=FFF0CCF3 t=5948430 grTexSource#56770 tmu=0 addr=003BB400 evenodd=3 lod=7..7 aspect=-2 format=5
2076 pid=FFF0CCF3 t=5948435 grTexDownloadMipMap#1674 tmu=0 addr=00362400 evenodd=3 lod=7..7 aspect=1 format=5 data=02BDD680
2077 pid=FFF0CCF3 t=5948435 grTexSource#56782 tmu=0 addr=00362400 evenodd=3 lod=7..7 aspect=1 format=5
2078 pid=FFF0CCF3 t=5948456 grDrawPoint#3 swap=782
2079 pid=FFF0CCF3 t=5948456 grDrawPoint#3   v0 43530000 43CB8000 00000001 3F800000 00000000 00000000 00000280 00000054
2080 pid=FFF0CCF3 t=5948456 grDrawLine#6 swap=782
2081 pid=FFF0CCF3 t=5948456 grDrawLine#6   v0 43E00000 430A0000 00000001 3F800000 00000000 00000000 00000280 43E10000
2082 pid=FFF0CCF3 t=5948500 grTexDownloadMipMap#1675 tmu=0 addr=00366400 evenodd=3 lod=8..8 aspect=-2 format=5 data=02BDD680
2083 pid=FFF0CCF3 t=5948500 grTexSource#57013 tmu=0 addr=00366400 evenodd=3 lod=8..8 aspect=-2 format=5
2084 pid=FFF0CCF3 t=5948505 grTexDownloadMipMap#1676 tmu=0 addr=003BC400 evenodd=3 lod=7..7 aspect=-2 format=5 data=02BDD680
2085 pid=FFF0CCF3 t=5948505 grTexSource#57014 tmu=0 addr=003BC400 evenodd=3 lod=7..7 aspect=-2 format=5
2086 pid=FFF0CCF3 t=5948505 grTexDownloadMipMap#1677 tmu=0 addr=0036A400 evenodd=3 lod=7..7 aspect=-1 format=5 data=02BDD680
2087 pid=FFF0CCF3 t=5948505 grTexSource#57025 tmu=0 addr=0036A400 evenodd=3 lod=7..7 aspect=-1 format=5
2088 pid=FFF0CCF3 t=5948530 grDrawLine#7 swap=783
2089 pid=FFF0CCF3 t=5948530 grDrawLine#7   v0 44038000 42740000 00000001 3F800000 00000000 00000000 00000280 44044000
2090 pid=FFF0CCF3 t=5948530 grDrawPoint#4 swap=783
2091 pid=FFF0CCF3 t=5948530 grDrawPoint#4   v0 43E00000 43180000 00000001 3F800000 00000000 00000000 00000280 44044000
2092 pid=FFF0CCF3 t=5948530 grDrawLine#8 swap=783
2093 pid=FFF0CCF3 t=5948530 grDrawLine#8   v0 42A20000 43920000 00000001 3F800000 00000000 00000000 00000280 42A80000
2094 pid=FFF0CCF3 t=5948565 grTexDownloadMipMap#1678 tmu=0 addr=003BD400 evenodd=3 lod=7..7 aspect=-2 format=5 data=02BDD680
2095 pid=FFF0CCF3 t=5948565 grTexSource#57258 tmu=0 addr=003BD400 evenodd=3 lod=7..7 aspect=-2 format=5
2096 pid=FFF0CCF3 t=5948570 grTexDownloadMipMap#1679 tmu=0 addr=003BE400 evenodd=3 lod=6..6 aspect=-1 format=5 data=02BDD680
2097 pid=FFF0CCF3 t=5948570 grTexSource#57260 tmu=0 addr=003BE400 evenodd=3 lod=6..6 aspect=-1 format=5
2098 pid=FFF0CCF3 t=5948570 grTexDownloadMipMap#1680 tmu=0 addr=003BF400 evenodd=3 lod=5..5 aspect=0 format=5 data=02BDD680
2099 pid=FFF0CCF3 t=5948570 grTexSource#57261 tmu=0 addr=003BF400 evenodd=3 lod=5..5 aspect=0 format=5
2100 pid=FFF0CCF3 t=5948570 grTexDownloadMipMap#1681 tmu=0 addr=003C0400 evenodd=3 lod=5..5 aspect=-1 format=5 data=02BDD680
2101 pid=FFF0CCF3 t=5948570 grTexSource#57262 tmu=0 addr=003C0400 evenodd=3 lod=5..5 aspect=-1 format=5
2102 pid=FFF0CCF3 t=5948570 grTexDownloadMipMap#1682 tmu=0 addr=003C1400 evenodd=3 lod=6..6 aspect=-1 format=5 data=02BDD680
2103 pid=FFF0CCF3 t=5948575 grTexSource#57263 tmu=0 addr=003C1400 evenodd=3 lod=6..6 aspect=-1 format=5
2104 pid=FFF0CCF3 t=5948577 grTexDownloadMipMap#1683 tmu=0 addr=003C2400 evenodd=3 lod=5..5 aspect=-1 format=5 data=02BDD680
2105 pid=FFF0CCF3 t=5948577 grTexSource#57264 tmu=0 addr=003C2400 evenodd=3 lod=5..5 aspect=-1 format=5
2106 pid=FFF0CCF3 t=5948577 grTexDownloadMipMap#1684 tmu=0 addr=003C3400 evenodd=3 lod=4..4 aspect=1 format=5 data=02BDD680
2107 pid=FFF0CCF3 t=5948577 grTexSource#57265 tmu=0 addr=003C3400 evenodd=3 lod=4..4 aspect=1 format=5
2108 pid=FFF0CCF3 t=5948577 grTexDownloadMipMap#1685 tmu=0 addr=003C4400 evenodd=3 lod=4..4 aspect=1 format=5 data=02BDD680
2109 pid=FFF0CCF3 t=5948577 grTexSource#57266 tmu=0 addr=003C4400 evenodd=3 lod=4..4 aspect=1 format=5
2110 pid=FFF0CCF3 t=5948580 grTexDownloadMipMap#1686 tmu=0 addr=003C5400 evenodd=3 lod=4..4 aspect=-1 format=5 data=02BDD680
2111 pid=FFF0CCF3 t=5948580 grTexSource#57267 tmu=0 addr=003C5400 evenodd=3 lod=4..4 aspect=-1 format=5
2112 pid=FFF0CCF3 t=5948580 grTexDownloadMipMap#1687 tmu=0 addr=003C6400 evenodd=3 lod=5..5 aspect=-1 format=5 data=02BDD680
2113 pid=FFF0CCF3 t=5948580 grTexSource#57268 tmu=0 addr=003C6400 evenodd=3 lod=5..5 aspect=-1 format=5
2114 pid=FFF0CCF3 t=5948580 grTexDownloadMipMap#1688 tmu=0 addr=0036E400 evenodd=3 lod=7..7 aspect=1 format=5 data=02BDD680
2115 pid=FFF0CCF3 t=5948580 grTexSource#57270 tmu=0 addr=0036E400 evenodd=3 lod=7..7 aspect=1 format=5
2116 pid=FFF0CCF3 t=5948605 grDrawLine#9 swap=784
2117 pid=FFF0CCF3 t=5948605 grDrawLine#9   v0 44058000 42A60000 00000001 3F800000 00000000 00000000 00000280 44064000
2118 pid=FFF0CCF3 t=5948605 grDrawPoint#5 swap=784
2119 pid=FFF0CCF3 t=5948605 grDrawPoint#5   v0 43E00000 43180000 00000001 3F800000 00000000 00000000 00000280 44064000
2120 pid=FFF0CCF3 t=5948605 grDrawLine#10 swap=784
2121 pid=FFF0CCF3 t=5948605 grDrawLine#10   v0 42B20000 439D0000 00000001 3F800000 00000000 00000000 00000280 42B80000
2122 pid=FFF0CCF3 t=5948650 grTexDownloadMipMap#1689 tmu=0 addr=00372400 evenodd=3 lod=8..8 aspect=-2 format=5 data=02BDD680
2123 pid=FFF0CCF3 t=5948650 grTexSource#57501 tmu=0 addr=00372400 evenodd=3 lod=8..8 aspect=-2 format=5
2124 pid=FFF0CCF3 t=5948657 grTexDownloadMipMap#1690 tmu=0 addr=003C7400 evenodd=3 lod=7..7 aspect=-2 format=5 data=02BDD680
2125 pid=FFF0CCF3 t=5948657 grTexSource#57502 tmu=0 addr=003C7400 evenodd=3 lod=7..7 aspect=-2 format=5
2126 pid=FFF0CCF3 t=5948657 grTexDownloadMipMap#1691 tmu=0 addr=00376400 evenodd=3 lod=7..7 aspect=-1 format=5 data=02BDD680
2127 pid=FFF0CCF3 t=5948660 grTexSource#57513 tmu=0 addr=00376400 evenodd=3 lod=7..7 aspect=-1 format=5
2128 pid=FFF0CCF3 t=5948680 grDrawLine#11 swap=785
2129 pid=FFF0CCF3 t=5948680 grDrawLine#11   v0 44078000 42D20000 00000001 3F800000 00000000 00000000 00000280 44084000
2130 pid=FFF0CCF3 t=5948680 grDrawPoint#6 swap=785
2131 pid=FFF0CCF3 t=5948680 grDrawPoint#6   v0 43E00000 43180000 00000001 3F800000 00000000 00000000 00000280 44084000
2132 pid=FFF0CCF3 t=5948680 grDrawLine#12 swap=785
2133 pid=FFF0CCF3 t=5948680 grDrawLine#12   v0 42C20000 43A80000 00000001 3F800000 00000000 00000000 00000280 42C80000
2134 pid=FFF0CCF3 t=5948715 grTexDownloadMipMap#1692 tmu=0 addr=0037A400 evenodd=3 lod=7..7 aspect=1 format=5 data=02BDD680
2135 pid=FFF0CCF3 t=5948715 grTexSource#57758 tmu=0 addr=0037A400 evenodd=3 lod=7..7 aspect=1 format=5
2136 pid=FFF0CCF3 t=5948740 grDrawLine#13 swap=786
2137 pid=FFF0CCF3 t=5948740 grDrawLine#13   v0 44098000 42FE0000 00000001 3F800000 00000000 00000000 00000280 440A4000
2138 pid=FFF0CCF3 t=5948740 grConstantColorValue#7047 color=203C187F
2139 pid=FFF0CCF3 t=5948740 grDrawLine#14 swap=786
2140 pid=FFF0CCF3 t=5948740 grDrawLine#14   v0 44078000 43B38000 00000001 3F800000 00000000 00000000 00000280 44084000
2141 pid=FFF0CCF3 t=5948740 grDrawLine#15 swap=786
2142 pid=FFF0CCF3 t=5948740 grDrawLine#15   v0 42D20000 43B30000 00000001 3F800000 00000000 00000000 00000280 42D80000
2143 pid=FFF0CCF3 t=5948740 grDrawLine#16 swap=786
2144 pid=FFF0CCF3 t=5948740 grDrawLine#16   v0 43FE0000 42A60000 00000001 3F800000 00000000 00000000 00000280 43FE8000
2145 pid=FFF0CCF3 t=5948785 grTexDownloadMipMap#1693 tmu=0 addr=0037E400 evenodd=3 lod=8..8 aspect=-2 format=5 data=02BDD680
2146 pid=FFF0CCF3 t=5948785 grTexSource#57989 tmu=0 addr=0037E400 evenodd=3 lod=8..8 aspect=-2 format=5
2147 pid=FFF0CCF3 t=5948790 grTexDownloadMipMap#1694 tmu=0 addr=003C8400 evenodd=3 lod=7..7 aspect=-2 format=5 data=02BDD680
2148 pid=FFF0CCF3 t=5948790 grTexSource#57990 tmu=0 addr=003C8400 evenodd=3 lod=7..7 aspect=-2 format=5
2149 pid=FFF0CCF3 t=5948790 grTexDownloadMipMap#1695 tmu=0 addr=003C9400 evenodd=3 lod=6..6 aspect=-1 format=5 data=02BDD680
2150 pid=FFF0CCF3 t=5948790 grTexSource#57992 tmu=0 addr=003C9400 evenodd=3 lod=6..6 aspect=-1 format=5
2151 pid=FFF0CCF3 t=5948790 grTexDownloadMipMap#1696 tmu=0 addr=003CA400 evenodd=3 lod=5..5 aspect=0 format=5 data=02BDD680
2152 pid=FFF0CCF3 t=5948790 grTexSource#57993 tmu=0 addr=003CA400 evenodd=3 lod=5..5 aspect=0 format=5
2153 pid=FFF0CCF3 t=5948795 grTexDownloadMipMap#1697 tmu=0 addr=003CB400 evenodd=3 lod=4..4 aspect=0 format=5 data=02BDD680
2154 pid=FFF0CCF3 t=5948795 grTexSource#57994 tmu=0 addr=003CB400 evenodd=3 lod=4..4 aspect=0 format=5
2155 pid=FFF0CCF3 t=5948795 grTexDownloadMipMap#1698 tmu=0 addr=003CC400 evenodd=3 lod=6..6 aspect=-1 format=5 data=02BDD680
2156 pid=FFF0CCF3 t=5948795 grTexSource#57995 tmu=0 addr=003CC400 evenodd=3 lod=6..6 aspect=-1 format=5
2157 pid=FFF0CCF3 t=5948795 grTexDownloadMipMap#1700 tmu=0 addr=003CE400 evenodd=3 lod=4..4 aspect=1 format=5 data=02BDD680
2158 pid=FFF0CCF3 t=5948800 grTexSource#57997 tmu=0 addr=003CE400 evenodd=3 lod=4..4 aspect=1 format=5
2159 pid=FFF0CCF3 t=5948800 grTexDownloadMipMap#1702 tmu=0 addr=003D0400 evenodd=3 lod=4..4 aspect=-1 format=5 data=02BDD680
2160 pid=FFF0CCF3 t=5948800 grTexSource#57999 tmu=0 addr=003D0400 evenodd=3 lod=4..4 aspect=-1 format=5
2161 pid=FFF0CCF3 t=5948800 grTexDownloadMipMap#1703 tmu=0 addr=003D1400 evenodd=3 lod=5..5 aspect=-1 format=5 data=02BDD680
2162 pid=FFF0CCF3 t=5948800 grTexSource#58000 tmu=0 addr=003D1400 evenodd=3 lod=5..5 aspect=-1 format=5
2163 pid=FFF0CCF3 t=5948800 grTexDownloadMipMap#1704 tmu=0 addr=00382400 evenodd=3 lod=7..7 aspect=-1 format=5 data=02BDD680
2164 pid=FFF0CCF3 t=5948800 grTexSource#58001 tmu=0 addr=00382400 evenodd=3 lod=7..7 aspect=-1 format=5
2165 pid=FFF0CCF3 t=5948825 grDrawLine#17 swap=787
2166 pid=FFF0CCF3 t=5948825 grDrawLine#17   v0 440B8000 43150000 00000001 3F800000 00000000 00000000 00000280 440C4000
2167 pid=FFF0CCF3 t=5948825 grDrawLine#18 swap=787
2168 pid=FFF0CCF3 t=5948825 grDrawLine#18   v0 44098000 43BE0000 00000001 3F800000 00000000 00000000 00000280 440A4000
2169 pid=FFF0CCF3 t=5948825 grDrawLine#19 swap=787
2170 pid=FFF0CCF3 t=5948825 grDrawLine#19   v0 42E20000 43BE0000 00000001 3F800000 00000000 00000000 00000280 42E80000
2171 pid=FFF0CCF3 t=5948825 grDrawLine#20 swap=787
2172 pid=FFF0CCF3 t=5948825 grDrawLine#20   v0 44000000 42C00000 00000001 3F800000 00000000 00000000 00000280 44004000
2173 pid=FFF0CCF3 t=5948865 grTexDownloadMipMap#1705 tmu=0 addr=003D2400 evenodd=3 lod=7..7 aspect=-2 format=5 data=02BDD680
2174 pid=FFF0CCF3 t=5948865 grTexSource#58234 tmu=0 addr=003D2400 evenodd=3 lod=7..7 aspect=-2 format=5
2175 pid=FFF0CCF3 t=5948890 grDrawLine#21 swap=788
2176 pid=FFF0CCF3 t=5948890 grDrawLine#21   v0 440D8000 432B0000 00000001 3F800000 00000000 00000000 00000280 440E4000
2177 pid=FFF0CCF3 t=5948890 grDrawLine#22 swap=788
2178 pid=FFF0CCF3 t=5948890 grDrawLine#22   v0 440B8000 43C88000 00000001 3F800000 00000000 00000000 00000280 440B8000
2179 pid=FFF0CCF3 t=5948890 grDrawLine#23 swap=788
2180 pid=FFF0CCF3 t=5948890 grDrawLine#23   v0 42F20000 43C90000 00000001 3F800000 00000000 00000000 00000280 42F80000
2181 pid=FFF0CCF3 t=5948890 grDrawPoint#7 swap=788
2182 pid=FFF0CCF3 t=5948890 grDrawPoint#7   v0 44010000 42DA0000 00000001 3F800000 00000000 00000000 00000280 42F80000
2183 pid=FFF0CCF3 t=5948940 grTexDownloadMipMap#1708 tmu=0 addr=003D3400 evenodd=3 lod=7..7 aspect=-2 format=5 data=02BDD680
2184 pid=FFF0CCF3 t=5948940 grTexSource#58478 tmu=0 addr=003D3400 evenodd=3 lod=7..7 aspect=-2 format=5
2185 pid=FFF0CCF3 t=5948965 grDrawLine#24 swap=789
2186 pid=FFF0CCF3 t=5948965 grDrawLine#24   v0 440F8000 43410000 00000001 3F800000 00000000 00000000 00000280 44104000
2187 pid=FFF0CCF3 t=5948965 grDrawPoint#8 swap=789
2188 pid=FFF0CCF3 t=5948965 grDrawPoint#8   v0 440B8000 43D30000 00000001 3F800000 00000000 00000000 00000280 44104000
2189 pid=FFF0CCF3 t=5948965 grDrawPoint#9 swap=789
2190 pid=FFF0CCF3 t=5948965 grDrawPoint#9   v0 43010000 43D40000 00000001 3F800000 00000000 00000000 00000280 44104000
2191 pid=FFF0CCF3 t=5948965 grDrawPoint#10 swap=789
2192 pid=FFF0CCF3 t=5948965 grDrawPoint#10   v0 44010000 42F40000 00000001 3F800000 00000000 00000000 00000280 44104000
2193 pid=FFF0CCF3 t=5948965 grConstantColorValue#7110 color=2034187F
2194 pid=FFF0CCF3 t=5948965 grDrawPoint#11 swap=789
2195 pid=FFF0CCF3 t=5948965 grDrawPoint#11   v0 439E8000 43410000 00000001 3F800000 00000000 00000000 00000280 44104000
2196 pid=FFF0CCF3 t=5949000 grTexDownloadMipMap#1710 tmu=0 addr=003D4400 evenodd=3 lod=7..7 aspect=-2 format=5 data=02BDD680
2197 pid=FFF0CCF3 t=5949000 grTexSource#58722 tmu=0 addr=003D4400 evenodd=3 lod=7..7 aspect=-2 format=5
2198 pid=FFF0CCF3 t=5949000 grTexDownloadMipMap#1711 tmu=0 addr=003D5400 evenodd=3 lod=6..6 aspect=-1 format=5 data=02BDD680
2199 pid=FFF0CCF3 t=5949000 grTexSource#58724 tmu=0 addr=003D5400 evenodd=3 lod=6..6 aspect=-1 format=5
2200 pid=FFF0CCF3 t=5949005 grTexDownloadMipMap#1712 tmu=0 addr=003D6400 evenodd=3 lod=5..5 aspect=0 format=5 data=02BDD680
2201 pid=FFF0CCF3 t=5949005 grTexSource#58725 tmu=0 addr=003D6400 evenodd=3 lod=5..5 aspect=0 format=5
2202 pid=FFF0CCF3 t=5949005 grTexDownloadMipMap#1713 tmu=0 addr=003D7400 evenodd=3 lod=4..4 aspect=0 format=5 data=02BDD680
2203 pid=FFF0CCF3 t=5949005 grTexSource#58726 tmu=0 addr=003D7400 evenodd=3 lod=4..4 aspect=0 format=5
2204 pid=FFF0CCF3 t=5949005 grTexDownloadMipMap#1714 tmu=0 addr=003D8400 evenodd=3 lod=6..6 aspect=-1 format=5 data=02BDD680
2205 pid=FFF0CCF3 t=5949005 grTexSource#58727 tmu=0 addr=003D8400 evenodd=3 lod=6..6 aspect=-1 format=5
2206 pid=FFF0CCF3 t=5949010 grTexDownloadMipMap#1715 tmu=0 addr=003D9400 evenodd=3 lod=6..6 aspect=-2 format=5 data=02BDD680
2207 pid=FFF0CCF3 t=5949010 grTexSource#58728 tmu=0 addr=003D9400 evenodd=3 lod=6..6 aspect=-2 format=5
2208 pid=FFF0CCF3 t=5949010 grTexDownloadMipMap#1716 tmu=0 addr=003DA400 evenodd=3 lod=4..4 aspect=1 format=5 data=02BDD680
2209 pid=FFF0CCF3 t=5949010 grTexSource#58729 tmu=0 addr=003DA400 evenodd=3 lod=4..4 aspect=1 format=5
2210 pid=FFF0CCF3 t=5949010 grTexDownloadMipMap#1717 tmu=0 addr=003DB400 evenodd=3 lod=4..4 aspect=1 format=5 data=02BDD680
2211 pid=FFF0CCF3 t=5949010 grTexSource#58730 tmu=0 addr=003DB400 evenodd=3 lod=4..4 aspect=1 format=5
2212 pid=FFF0CCF3 t=5949010 grTexDownloadMipMap#1718 tmu=0 addr=003DC400 evenodd=3 lod=4..4 aspect=-1 format=5 data=02BDD680
2213 pid=FFF0CCF3 t=5949010 grTexSource#58731 tmu=0 addr=003DC400 evenodd=3 lod=4..4 aspect=-1 format=5
2214 pid=FFF0CCF3 t=5949015 grTexDownloadMipMap#1719 tmu=0 addr=003DD400 evenodd=3 lod=5..5 aspect=-1 format=5 data=02BDD680
2215 pid=FFF0CCF3 t=5949015 grTexSource#58732 tmu=0 addr=003DD400 evenodd=3 lod=5..5 aspect=-1 format=5
2216 pid=FFF0CCF3 t=5949035 grDrawPoint#12 swap=790
2217 pid=FFF0CCF3 t=5949035 grDrawPoint#12   v0 440B8000 43D30000 00000001 3F800000 00000000 00000000 00000280 44124000
2218 pid=FFF0CCF3 t=5949035 grDrawPoint#13 swap=790
2219 pid=FFF0CCF3 t=5949035 grDrawPoint#13   v0 44010000 42F40000 00000001 3F800000 00000000 00000000 00000280 44124000
2220 pid=FFF0CCF3 t=5949035 grDrawPoint#14 swap=790
2221 pid=FFF0CCF3 t=5949035 grDrawPoint#14   v0 439E8000 43410000 00000001 3F800000 00000000 00000000 00000280 44124000
2222 pid=FFF0CCF3 t=5949070 grTexDownloadMipMap#1722 tmu=0 addr=003DE400 evenodd=3 lod=7..7 aspect=-2 format=5 data=02BDD680
2223 pid=FFF0CCF3 t=5949070 grTexSource#58966 tmu=0 addr=003DE400 evenodd=3 lod=7..7 aspect=-2 format=5
2224 pid=FFF0CCF3 t=5949096 grDrawPoint#15 swap=791
2225 pid=FFF0CCF3 t=5949096 grDrawPoint#15   v0 440B8000 43D30000 00000001 3F800000 00000000 00000000 00000280 44144000
2226 pid=FFF0CCF3 t=5949096 grDrawPoint#16 swap=791
2227 pid=FFF0CCF3 t=5949096 grDrawPoint#16   v0 44010000 42F40000 00000001 3F800000 00000000 00000000 00000280 44144000
2228 pid=FFF0CCF3 t=5949096 grDrawPoint#17 swap=791
2229 pid=FFF0CCF3 t=5949100 grDrawPoint#17   v0 439E8000 43410000 00000001 3F800000 00000000 00000000 00000280 44144000
2230 pid=FFF0CCF3 t=5949155 grConstantColorValue#7169 color=6C6C6C7F
2231 pid=FFF0CCF3 t=5949155 grConstantColorValue#7170 color=6464647F
2232 pid=FFF0CCF3 t=5949155 grConstantColorValue#7171 color=5C5C5C7F
2233 pid=FFF0CCF3 t=5949230 grConstantColorValue#7190 color=4444447F
2234 pid=FFF0CCF3 t=5949230 grDrawPoint#18 swap=793
2235 pid=FFF0CCF3 t=5949230 grDrawPoint#18   v0 43DB8000 42900000 00000001 3F800000 00000000 00000000 00000280 441A0000
2236 pid=FFF0CCF3 t=5949270 grTexDownloadMipMap#1731 tmu=0 addr=00389400 evenodd=3 lod=4..4 aspect=0 format=5 data=02BDD680
2237 pid=FFF0CCF3 t=5949270 grTexSource#59702 tmu=0 addr=00389400 evenodd=3 lod=4..4 aspect=0 format=5
2238 pid=FFF0CCF3 t=5949270 grTexDownloadMipMap#1732 tmu=0 addr=0038A400 evenodd=3 lod=6..6 aspect=-1 format=5 data=02BDD680
2239 pid=FFF0CCF3 t=5949270 grTexSource#59703 tmu=0 addr=0038A400 evenodd=3 lod=6..6 aspect=-1 format=5
2240 pid=FFF0CCF3 t=5949275 grTexDownloadMipMap#1733 tmu=0 addr=0038B400 evenodd=3 lod=6..6 aspect=-2 format=5 data=02BDD680
2241 pid=FFF0CCF3 t=5949275 grTexSource#59704 tmu=0 addr=0038B400 evenodd=3 lod=6..6 aspect=-2 format=5
2242 pid=FFF0CCF3 t=5949275 grTexDownloadMipMap#1734 tmu=0 addr=0038C400 evenodd=3 lod=4..4 aspect=1 format=5 data=02BDD680
2243 pid=FFF0CCF3 t=5949275 grTexSource#59705 tmu=0 addr=0038C400 evenodd=3 lod=4..4 aspect=1 format=5
2244 pid=FFF0CCF3 t=5949275 grTexDownloadMipMap#1736 tmu=0 addr=0038E400 evenodd=3 lod=4..4 aspect=-1 format=5 data=02BDD680
2245 pid=FFF0CCF3 t=5949275 grTexSource#59707 tmu=0 addr=0038E400 evenodd=3 lod=4..4 aspect=-1 format=5
2246 pid=FFF0CCF3 t=5949300 grDrawPoint#19 swap=794
2247 pid=FFF0CCF3 t=5949300 grDrawPoint#19   v0 43DB8000 42A80000 00000001 3F800000 00000000 00000000 00000280 441B8000
2248 pid=FFF0CCF3 t=5949360 grDrawPoint#20 swap=795
2249 pid=FFF0CCF3 t=5949360 grDrawPoint#20   v0 43DB8000 42A80000 00000001 3F800000 00000000 00000000 00000280 441D0000
2250 pid=FFF0CCF3 t=5949425 grDrawPoint#21 swap=796
2251 pid=FFF0CCF3 t=5949425 grDrawPoint#21   v0 43DB8000 42A80000 00000001 3F800000 00000000 00000000 00000280 441E8000
2252 pid=FFF0CCF3 t=5949470 grTexDownloadMipMap#1747 tmu=0 addr=003A9400 evenodd=3 lod=5..5 aspect=-1 format=5 data=02BDD680
2253 pid=FFF0CCF3 t=5949470 grTexSource#60434 tmu=0 addr=003A9400 evenodd=3 lod=5..5 aspect=-1 format=5
2254 pid=FFF0CCF3 t=5949470 grTexDownloadMipMap#1748 tmu=0 addr=003AA400 evenodd=3 lod=6..6 aspect=-1 format=5 data=02BDD680
2255 pid=FFF0CCF3 t=5949470 grTexSource#60435 tmu=0 addr=003AA400 evenodd=3 lod=6..6 aspect=-1 format=5
2256 pid=FFF0CCF3 t=5949480 grTexDownloadMipMap#1749 tmu=0 addr=003AB400 evenodd=3 lod=6..6 aspect=-2 format=5 data=02BDD680
2257 pid=FFF0CCF3 t=5949480 grTexSource#60436 tmu=0 addr=003AB400 evenodd=3 lod=6..6 aspect=-2 format=5
2258 pid=FFF0CCF3 t=5949485 grTexDownloadMipMap#1751 tmu=0 addr=003AD400 evenodd=3 lod=4..4 aspect=1 format=5 data=02BDD680
2259 pid=FFF0CCF3 t=5949485 grTexSource#60438 tmu=0 addr=003AD400 evenodd=3 lod=4..4 aspect=1 format=5
2260 pid=FFF0CCF3 t=5949485 grTexDownloadMipMap#1752 tmu=0 addr=003AE400 evenodd=3 lod=4..4 aspect=-1 format=5 data=02BDD680
2261 pid=FFF0CCF3 t=5949485 grTexSource#60439 tmu=0 addr=003AE400 evenodd=3 lod=4..4 aspect=-1 format=5
2262 pid=FFF0CCF3 t=5949510 grDrawPoint#22 swap=797
2263 pid=FFF0CCF3 t=5949510 grDrawPoint#22   v0 4416C000 43800000 00000001 3F800000 00000000 00000000 00000280 42FE0000
2264 pid=FFF0CCF3 t=5949510 grConstantColorValue#7284 color=4848487F
2265 pid=FFF0CCF3 t=5949575 grDrawPoint#23 swap=798
2266 pid=FFF0CCF3 t=5949575 grDrawPoint#23   v0 4416C000 43888000 00000001 3F800000 00000000 00000000 00000280 43030000
2267 pid=FFF0CCF3 t=5949575 grDrawPoint#24 swap=798
2268 pid=FFF0CCF3 t=5949575 grDrawPoint#24   v0 441F8000 436A0000 00000001 3F800000 00000000 00000000 00000280 43030000
2269 pid=FFF0CCF3 t=5949575 grConstantColorValue#7306 color=5858587F
2270 pid=FFF0CCF3 t=5949890 grTexDownloadMipMap#1781 tmu=0 addr=003C2400 evenodd=3 lod=6..6 aspect=-2 format=5 data=02BDD680
2271 pid=FFF0CCF3 t=5949890 grTexSource#61900 tmu=0 addr=003C2400 evenodd=3 lod=6..6 aspect=-2 format=5
2272 pid=FFF0CCF3 t=5950085 grTexDownloadMipMap#1795 tmu=0 addr=003CB400 evenodd=3 lod=5..5 aspect=-1 format=5 data=02BDD680
2273 pid=FFF0CCF3 t=5950085 grTexSource#62630 tmu=0 addr=003CB400 evenodd=3 lod=5..5 aspect=-1 format=5
2274 pid=FFF0CCF3 t=5950220 grTexDownloadMipMap#1806 tmu=0 addr=00356400 evenodd=3 lod=7..7 aspect=-1 format=5 data=02BDD680
2275 pid=FFF0CCF3 t=5950220 grTexSource#63125 tmu=0 addr=00356400 evenodd=3 lod=7..7 aspect=-1 format=5
2276 pid=FFF0CCF3 t=5950220 grTexDownloadMipMap#1807 tmu=0 addr=0035A400 evenodd=3 lod=7..7 aspect=1 format=5 data=02BDD680
2277 pid=FFF0CCF3 t=5950220 grTexSource#63126 tmu=0 addr=0035A400 evenodd=3 lod=7..7 aspect=1 format=5
2278 pid=FFF0CCF3 t=5950245 grTexDownloadMipMap#1808 tmu=0 addr=003DE400 evenodd=3 lod=5..5 aspect=0 format=5 data=02BDD680
2279 pid=FFF0CCF3 t=5950245 grTexSource#63291 tmu=0 addr=003DE400 evenodd=3 lod=5..5 aspect=0 format=5
2280 pid=FFF0CCF3 t=5950285 grTexDownloadMipMap#1809 tmu=0 addr=0035E400 evenodd=3 lod=8..8 aspect=-2 format=5 data=02BDD680
2281 pid=FFF0CCF3 t=5950285 grTexSource#63357 tmu=0 addr=0035E400 evenodd=3 lod=8..8 aspect=-2 format=5
2282 pid=FFF0CCF3 t=5950285 grTexDownloadMipMap#1811 tmu=0 addr=00362400 evenodd=3 lod=7..7 aspect=-1 format=5 data=02BDD680
2283 pid=FFF0CCF3 t=5950290 grTexSource#63369 tmu=0 addr=00362400 evenodd=3 lod=7..7 aspect=-1 format=5
2284 pid=FFF0CCF3 t=5950310 grConstantColorValue#7584 color=3434347F
2285 pid=FFF0CCF3 t=5950350 grTexDownloadMipMap#1812 tmu=0 addr=003D5400 evenodd=3 lod=7..7 aspect=-2 format=5 data=02BDD680
2286 pid=FFF0CCF3 t=5950350 grTexSource#63602 tmu=0 addr=003D5400 evenodd=3 lod=7..7 aspect=-2 format=5
2287 pid=FFF0CCF3 t=5950355 grTexDownloadMipMap#1813 tmu=0 addr=003D6400 evenodd=3 lod=6..6 aspect=-1 format=5 data=02BDD680
2288 pid=FFF0CCF3 t=5950355 grTexSource#63604 tmu=0 addr=003D6400 evenodd=3 lod=6..6 aspect=-1 format=5
2289 pid=FFF0CCF3 t=5950355 grTexDownloadMipMap#1814 tmu=0 addr=003D7400 evenodd=3 lod=5..5 aspect=0 format=5 data=02BDD680
2290 pid=FFF0CCF3 t=5950355 grTexSource#63605 tmu=0 addr=003D7400 evenodd=3 lod=5..5 aspect=0 format=5
2291 pid=FFF0CCF3 t=5950355 grTexDownloadMipMap#1816 tmu=0 addr=003D9400 evenodd=3 lod=5..5 aspect=-1 format=5 data=02BDD680
2292 pid=FFF0CCF3 t=5950355 grTexSource#63607 tmu=0 addr=003D9400 evenodd=3 lod=5..5 aspect=-1 format=5
2293 pid=FFF0CCF3 t=5950360 grTexDownloadMipMap#1818 tmu=0 addr=003DB400 evenodd=3 lod=4..4 aspect=0 format=5 data=02BDD680
2294 pid=FFF0CCF3 t=5950360 grTexSource#63609 tmu=0 addr=003DB400 evenodd=3 lod=4..4 aspect=0 format=5
2295 pid=FFF0CCF3 t=5950360 grTexDownloadMipMap#1821 tmu=0 addr=003A5400 evenodd=3 lod=5..5 aspect=-1 format=5 data=02BDD680
2296 pid=FFF0CCF3 t=5950360 grTexSource#63612 tmu=0 addr=003A5400 evenodd=3 lod=5..5 aspect=-1 format=5
2297 pid=FFF0CCF3 t=5950365 grTexDownloadMipMap#1822 tmu=0 addr=00366400 evenodd=3 lod=7..7 aspect=1 format=5 data=02BDD680
2298 pid=FFF0CCF3 t=5950365 grTexSource#63614 tmu=0 addr=00366400 evenodd=3 lod=7..7 aspect=1 format=5
2299 pid=FFF0CCF3 t=5950420 grTexDownloadMipMap#1823 tmu=0 addr=0036A400 evenodd=3 lod=8..8 aspect=-2 format=5 data=02BDD680
2300 pid=FFF0CCF3 t=5950420 grTexSource#63845 tmu=0 addr=0036A400 evenodd=3 lod=8..8 aspect=-2 format=5
2301 pid=FFF0CCF3 t=5950420 grTexDownloadMipMap#1825 tmu=0 addr=0036E400 evenodd=3 lod=7..7 aspect=-1 format=5 data=02BDD680
2302 pid=FFF0CCF3 t=5950420 grTexSource#63857 tmu=0 addr=0036E400 evenodd=3 lod=7..7 aspect=-1 format=5
2303 pid=FFF0CCF3 t=5950485 grTexDownloadMipMap#1826 tmu=0 addr=00387400 evenodd=3 lod=7..7 aspect=-2 format=5 data=02BDD680
2304 pid=FFF0CCF3 t=5950485 grTexSource#64090 tmu=0 addr=00387400 evenodd=3 lod=7..7 aspect=-2 format=5
2305 pid=FFF0CCF3 t=5950485 grTexDownloadMipMap#1827 tmu=0 addr=00372400 evenodd=3 lod=7..7 aspect=-1 format=5 data=02BDD680
2306 pid=FFF0CCF3 t=5950485 grTexSource#64101 tmu=0 addr=00372400 evenodd=3 lod=7..7 aspect=-1 format=5
2307 pid=FFF0CCF3 t=5950490 grTexDownloadMipMap#1828 tmu=0 addr=00376400 evenodd=3 lod=7..7 aspect=1 format=5 data=02BDD680
2308 pid=FFF0CCF3 t=5950490 grTexSource#64102 tmu=0 addr=00376400 evenodd=3 lod=7..7 aspect=1 format=5
2309 pid=FFF0CCF3 t=5950550 grTexDownloadMipMap#1830 tmu=0 addr=0037A400 evenodd=3 lod=8..8 aspect=-2 format=5 data=02BDD680
2310 pid=FFF0CCF3 t=5950550 grTexSource#64333 tmu=0 addr=0037A400 evenodd=3 lod=8..8 aspect=-2 format=5
2311 pid=FFF0CCF3 t=5950555 grTexDownloadMipMap#1831 tmu=0 addr=00389400 evenodd=3 lod=7..7 aspect=-2 format=5 data=02BDD680
2312 pid=FFF0CCF3 t=5950555 grTexSource#64334 tmu=0 addr=00389400 evenodd=3 lod=7..7 aspect=-2 format=5
2313 pid=FFF0CCF3 t=5950555 grTexDownloadMipMap#1833 tmu=0 addr=0038B400 evenodd=3 lod=5..5 aspect=0 format=5 data=02BDD680
2314 pid=FFF0CCF3 t=5950555 grTexSource#64337 tmu=0 addr=0038B400 evenodd=3 lod=5..5 aspect=0 format=5
2315 pid=FFF0CCF3 t=5950555 grTexDownloadMipMap#1834 tmu=0 addr=0038C400 evenodd=3 lod=6..6 aspect=-1 format=5 data=02BDD680
2316 pid=FFF0CCF3 t=5950555 grTexSource#64338 tmu=0 addr=0038C400 evenodd=3 lod=6..6 aspect=-1 format=5
2317 pid=FFF0CCF3 t=5950560 grTexDownloadMipMap#1835 tmu=0 addr=0038D400 evenodd=3 lod=5..5 aspect=-1 format=5 data=02BDD680
2318 pid=FFF0CCF3 t=5950560 grTexSource#64339 tmu=0 addr=0038D400 evenodd=3 lod=5..5 aspect=-1 format=5
2319 pid=FFF0CCF3 t=5950560 grTexDownloadMipMap#1836 tmu=0 addr=0038E400 evenodd=3 lod=4..4 aspect=1 format=5 data=02BDD680
2320 pid=FFF0CCF3 t=5950560 grTexSource#64340 tmu=0 addr=0038E400 evenodd=3 lod=4..4 aspect=1 format=5
2321 pid=FFF0CCF3 t=5950560 grTexDownloadMipMap#1838 tmu=0 addr=003B0400 evenodd=3 lod=4..4 aspect=-1 format=5 data=02BDD680
2322 pid=FFF0CCF3 t=5950560 grTexSource#64342 tmu=0 addr=003B0400 evenodd=3 lod=4..4 aspect=-1 format=5
2323 pid=FFF0CCF3 t=5950565 grTexDownloadMipMap#1839 tmu=0 addr=003B1400 evenodd=3 lod=5..5 aspect=-1 format=5 data=02BDD680
2324 pid=FFF0CCF3 t=5950565 grTexSource#64343 tmu=0 addr=003B1400 evenodd=3 lod=5..5 aspect=-1 format=5
2325 pid=FFF0CCF3 t=5950565 grTexDownloadMipMap#1840 tmu=0 addr=003BB400 evenodd=3 lod=5..5 aspect=-1 format=5 data=02BDD680
2326 pid=FFF0CCF3 t=5950565 grTexSource#64344 tmu=0 addr=003BB400 evenodd=3 lod=5..5 aspect=-1 format=5
2327 pid=FFF0CCF3 t=5950565 grTexDownloadMipMap#1841 tmu=0 addr=0037E400 evenodd=3 lod=7..7 aspect=-1 format=5 data=02BDD680
2328 pid=FFF0CCF3 t=5950565 grTexSource#64345 tmu=0 addr=0037E400 evenodd=3 lod=7..7 aspect=-1 format=5
2329 pid=FFF0CCF3 t=5950620 grTexDownloadMipMap#1842 tmu=0 addr=00382400 evenodd=3 lod=7..7 aspect=1 format=5 data=02BDD680
2330 pid=FFF0CCF3 t=5950620 grTexSource#64590 tmu=0 addr=00382400 evenodd=3 lod=7..7 aspect=1 format=5
2331 pid=FFF0CCF3 t=5950685 grTexDownloadMipMap#1843 tmu=0 addr=0031A400 evenodd=3 lod=8..8 aspect=-2 format=5 data=02BDD680
2332 pid=FFF0CCF3 t=5950685 grTexSource#64821 tmu=0 addr=0031A400 evenodd=3 lod=8..8 aspect=-2 format=5
2333 pid=FFF0CCF3 t=5950685 grTexDownloadMipMap#1844 tmu=0 addr=003A7400 evenodd=3 lod=7..7 aspect=-2 format=5 data=02BDD680
2334 pid=FFF0CCF3 t=5950685 grTexSource#64822 tmu=0 addr=003A7400 evenodd=3 lod=7..7 aspect=-2 format=5
2335 pid=FFF0CCF3 t=5950690 grTexDownloadMipMap#1845 tmu=0 addr=00312400 evenodd=3 lod=7..7 aspect=-1 format=5 data=02BDD680
2336 pid=FFF0CCF3 t=5950690 grTexSource#64833 tmu=0 addr=00312400 evenodd=3 lod=7..7 aspect=-1 format=5
2337 pid=FFF0CCF3 t=5950750 grTexDownloadMipMap#1846 tmu=0 addr=003A8400 evenodd=3 lod=7..7 aspect=-2 format=5 data=02BDD680
2338 pid=FFF0CCF3 t=5950750 grTexSource#65066 tmu=0 addr=003A8400 evenodd=3 lod=7..7 aspect=-2 format=5
2339 pid=FFF0CCF3 t=5950755 grTexDownloadMipMap#1848 tmu=0 addr=003AA400 evenodd=3 lod=5..5 aspect=0 format=5 data=02BDD680
2340 pid=FFF0CCF3 t=5950755 grTexSource#65069 tmu=0 addr=003AA400 evenodd=3 lod=5..5 aspect=0 format=5
2341 pid=FFF0CCF3 t=5950755 grTexDownloadMipMap#1849 tmu=0 addr=003AB400 evenodd=3 lod=6..6 aspect=-1 format=5 data=02BDD680
2342 pid=FFF0CCF3 t=5950755 grTexSource#65070 tmu=0 addr=003AB400 evenodd=3 lod=6..6 aspect=-1 format=5
2343 pid=FFF0CCF3 t=5950755 grTexDownloadMipMap#1850 tmu=0 addr=003AC400 evenodd=3 lod=5..5 aspect=-1 format=5 data=02BDD680
2344 pid=FFF0CCF3 t=5950760 grTexSource#65071 tmu=0 addr=003AC400 evenodd=3 lod=5..5 aspect=-1 format=5
2345 pid=FFF0CCF3 t=5950760 grTexDownloadMipMap#1852 tmu=0 addr=003AE400 evenodd=3 lod=4..4 aspect=0 format=5 data=02BDD680
2346 pid=FFF0CCF3 t=5950760 grTexSource#65073 tmu=0 addr=003AE400 evenodd=3 lod=4..4 aspect=0 format=5
2347 pid=FFF0CCF3 t=5950760 grTexDownloadMipMap#1853 tmu=0 addr=003AF400 evenodd=3 lod=4..4 aspect=-1 format=5 data=02BDD680
2348 pid=FFF0CCF3 t=5950760 grTexSource#65074 tmu=0 addr=003AF400 evenodd=3 lod=4..4 aspect=-1 format=5
2349 pid=FFF0CCF3 t=5950760 grTexDownloadMipMap#1854 tmu=0 addr=003BC400 evenodd=3 lod=5..5 aspect=-1 format=5 data=02BDD680
2350 pid=FFF0CCF3 t=5950760 grTexSource#65075 tmu=0 addr=003BC400 evenodd=3 lod=5..5 aspect=-1 format=5
2351 pid=FFF0CCF3 t=5950765 grTexDownloadMipMap#1855 tmu=0 addr=003BD400 evenodd=3 lod=5..5 aspect=-1 format=5 data=02BDD680
2352 pid=FFF0CCF3 t=5950765 grTexSource#65076 tmu=0 addr=003BD400 evenodd=3 lod=5..5 aspect=-1 format=5
2353 pid=FFF0CCF3 t=5950790 grTexDownloadMipMap#1858 tmu=0 addr=003B2400 evenodd=3 lod=5..5 aspect=0 format=5 data=02BDD680
2354 pid=FFF0CCF3 t=5950790 grTexSource#65243 tmu=0 addr=003B2400 evenodd=3 lod=5..5 aspect=0 format=5
2355 pid=FFF0CCF3 t=5950820 grTexDownloadMipMap#1860 tmu=0 addr=003B3400 evenodd=3 lod=7..7 aspect=-2 format=5 data=02BDD680
2356 pid=FFF0CCF3 t=5950820 grTexSource#65310 tmu=0 addr=003B3400 evenodd=3 lod=7..7 aspect=-2 format=5
2357 pid=FFF0CCF3 t=5950885 grTexDownloadMipMap#1862 tmu=0 addr=003B4400 evenodd=3 lod=7..7 aspect=-2 format=5 data=02BDD680
2358 pid=FFF0CCF3 t=5950885 grTexSource#65554 tmu=0 addr=003B4400 evenodd=3 lod=7..7 aspect=-2 format=5
2359 pid=FFF0CCF3 t=5950885 grTexDownloadMipMap#1863 tmu=0 addr=00352400 evenodd=3 lod=7..7 aspect=1 format=5 data=02BDD680
2360 pid=FFF0CCF3 t=5950885 grTexSource#65566 tmu=0 addr=00352400 evenodd=3 lod=7..7 aspect=1 format=5
2361 pid=FFF0CCF3 t=5950950 grTexDownloadMipMap#1864 tmu=0 addr=0034A400 evenodd=3 lod=8..8 aspect=-2 format=5 data=02BDD680
2362 pid=FFF0CCF3 t=5950955 grTexSource#65797 tmu=0 addr=0034A400 evenodd=3 lod=8..8 aspect=-2 format=5
2363 pid=FFF0CCF3 t=5950956 grTexDownloadMipMap#1866 tmu=0 addr=003B6400 evenodd=3 lod=5..5 aspect=0 format=5 data=02BDD680
2364 pid=FFF0CCF3 t=5950956 grTexSource#65801 tmu=0 addr=003B6400 evenodd=3 lod=5..5 aspect=0 format=5
2365 pid=FFF0CCF3 t=5950956 grTexDownloadMipMap#1867 tmu=0 addr=003B7400 evenodd=3 lod=6..6 aspect=-1 format=5 data=02BDD680
2366 pid=FFF0CCF3 t=5950956 grTexSource#65802 tmu=0 addr=003B7400 evenodd=3 lod=6..6 aspect=-1 format=5
2367 pid=FFF0CCF3 t=5950956 grTexDownloadMipMap#1868 tmu=0 addr=003B8400 evenodd=3 lod=5..5 aspect=-1 format=5 data=02BDD680
2368 pid=FFF0CCF3 t=5950956 grTexSource#65803 tmu=0 addr=003B8400 evenodd=3 lod=5..5 aspect=-1 format=5
2369 pid=FFF0CCF3 t=5950960 grTexDownloadMipMap#1869 tmu=0 addr=003B9400 evenodd=3 lod=4..4 aspect=1 format=5 data=02BDD680
2370 pid=FFF0CCF3 t=5950960 grTexSource#65804 tmu=0 addr=003B9400 evenodd=3 lod=4..4 aspect=1 format=5
2371 pid=FFF0CCF3 t=5950960 grTexDownloadMipMap#1870 tmu=0 addr=003BA400 evenodd=3 lod=4..4 aspect=0 format=5 data=02BDD680
2372 pid=FFF0CCF3 t=5950960 grTexSource#65805 tmu=0 addr=003BA400 evenodd=3 lod=4..4 aspect=0 format=5
2373 pid=FFF0CCF3 t=5950960 grTexDownloadMipMap#1872 tmu=0 addr=003C8400 evenodd=3 lod=5..5 aspect=-1 format=5 data=02BDD680
2374 pid=FFF0CCF3 t=5950960 grTexSource#65807 tmu=0 addr=003C8400 evenodd=3 lod=5..5 aspect=-1 format=5
2375 pid=FFF0CCF3 t=5950960 grTexDownloadMipMap#1873 tmu=0 addr=003D2400 evenodd=3 lod=5..5 aspect=-1 format=5 data=02BDD680
2376 pid=FFF0CCF3 t=5950960 grTexSource#65808 tmu=0 addr=003D2400 evenodd=3 lod=5..5 aspect=-1 format=5
2377 pid=FFF0CCF3 t=5950965 grTexDownloadMipMap#1874 tmu=0 addr=0034E400 evenodd=3 lod=7..7 aspect=-1 format=5 data=02BDD680
2378 pid=FFF0CCF3 t=5950965 grTexSource#65809 tmu=0 addr=0034E400 evenodd=3 lod=7..7 aspect=-1 format=5
2379 pid=FFF0CCF3 t=5951020 grTexDownloadMipMap#1875 tmu=0 addr=003BE400 evenodd=3 lod=7..7 aspect=-2 format=5 data=02BDD680
2380 pid=FFF0CCF3 t=5951020 grTexSource#66042 tmu=0 addr=003BE400 evenodd=3 lod=7..7 aspect=-2 format=5
2381 pid=FFF0CCF3 t=5951090 grTexDownloadMipMap#1880 tmu=0 addr=003C0400 evenodd=3 lod=7..7 aspect=-2 format=5 data=02BDD680
2382 pid=FFF0CCF3 t=5951090 grTexSource#66286 tmu=0 addr=003C0400 evenodd=3 lod=7..7 aspect=-2 format=5
2383 pid=FFF0CCF3 t=5951150 grTexDownloadMipMap#1882 tmu=0 addr=003C1400 evenodd=3 lod=7..7 aspect=-2 format=5 data=02BDD680
2384 pid=FFF0CCF3 t=5951155 grTexSource#66530 tmu=0 addr=003C1400 evenodd=3 lod=7..7 aspect=-2 format=5
2385 pid=FFF0CCF3 t=5951155 grTexDownloadMipMap#1883 tmu=0 addr=003C2400 evenodd=3 lod=6..6 aspect=-1 format=5 data=02BDD680
2386 pid=FFF0CCF3 t=5951155 grTexSource#66532 tmu=0 addr=003C2400 evenodd=3 lod=6..6 aspect=-1 format=5
2387 pid=FFF0CCF3 t=5951155 grTexDownloadMipMap#1884 tmu=0 addr=003C3400 evenodd=3 lod=5..5 aspect=0 format=5 data=02BDD680
2388 pid=FFF0CCF3 t=5951155 grTexSource#66533 tmu=0 addr=003C3400 evenodd=3 lod=5..5 aspect=0 format=5
2389 pid=FFF0CCF3 t=5951155 grTexDownloadMipMap#1885 tmu=0 addr=003C4400 evenodd=3 lod=6..6 aspect=-1 format=5 data=02BDD680
2390 pid=FFF0CCF3 t=5951155 grTexSource#66534 tmu=0 addr=003C4400 evenodd=3 lod=6..6 aspect=-1 format=5
2391 pid=FFF0CCF3 t=5951160 grTexDownloadMipMap#1886 tmu=0 addr=003C5400 evenodd=3 lod=5..5 aspect=-1 format=5 data=02BDD680
2392 pid=FFF0CCF3 t=5951160 grTexSource#66535 tmu=0 addr=003C5400 evenodd=3 lod=5..5 aspect=-1 format=5
2393 pid=FFF0CCF3 t=5951160 grTexDownloadMipMap#1887 tmu=0 addr=003C6400 evenodd=3 lod=4..4 aspect=1 format=5 data=02BDD680
2394 pid=FFF0CCF3 t=5951160 grTexSource#66536 tmu=0 addr=003C6400 evenodd=3 lod=4..4 aspect=1 format=5
2395 pid=FFF0CCF3 t=5951160 grTexDownloadMipMap#1888 tmu=0 addr=003D3400 evenodd=3 lod=4..4 aspect=0 format=5 data=02BDD680
2396 pid=FFF0CCF3 t=5951160 grTexSource#66537 tmu=0 addr=003D3400 evenodd=3 lod=4..4 aspect=0 format=5
2397 pid=FFF0CCF3 t=5951160 grTexDownloadMipMap#1889 tmu=0 addr=003A2400 evenodd=3 lod=4..4 aspect=-1 format=5 data=02BDD680
2398 pid=FFF0CCF3 t=5951160 grTexSource#66538 tmu=0 addr=003A2400 evenodd=3 lod=4..4 aspect=-1 format=5
2399 pid=FFF0CCF3 t=5951160 grTexDownloadMipMap#1890 tmu=0 addr=003D4400 evenodd=3 lod=5..5 aspect=-1 format=5 data=02BDD680
2400 pid=FFF0CCF3 t=5951165 grTexSource#66539 tmu=0 addr=003D4400 evenodd=3 lod=5..5 aspect=-1 format=5
2401 pid=FFF0CCF3 t=5951165 grTexDownloadMipMap#1891 tmu=0 addr=003A3400 evenodd=3 lod=5..5 aspect=-1 format=5 data=02BDD680
2402 pid=FFF0CCF3 t=5951165 grTexSource#66540 tmu=0 addr=003A3400 evenodd=3 lod=5..5 aspect=-1 format=5
2403 pid=FFF0CCF3 t=5951220 grTexDownloadMipMap#1894 tmu=0 addr=003C9400 evenodd=3 lod=7..7 aspect=-2 format=5 data=02BDD680
2404 pid=FFF0CCF3 t=5951220 grTexSource#66774 tmu=0 addr=003C9400 evenodd=3 lod=7..7 aspect=-2 format=5
2405 pid=FFF0CCF3 t=5951285 grTexDownloadMipMap#1896 tmu=0 addr=003CA400 evenodd=3 lod=7..7 aspect=-2 format=5 data=02BDD680
2406 pid=FFF0CCF3 t=5951285 grTexSource#67018 tmu=0 addr=003CA400 evenodd=3 lod=7..7 aspect=-2 format=5
2407 pid=FFF0CCF3 t=5951310 grTexDownloadMipMap#1899 tmu=0 addr=003CB400 evenodd=3 lod=5..5 aspect=0 format=5 data=02BDD680
2408 pid=FFF0CCF3 t=5951310 grTexSource#67195 tmu=0 addr=003CB400 evenodd=3 lod=5..5 aspect=0 format=5
2409 pid=FFF0CCF3 t=5951420 grTexDownloadMipMap#1902 tmu=0 addr=003CC400 evenodd=3 lod=7..7 aspect=-2 format=5 data=02BDD680
2410 pid=FFF0CCF3 t=5951420 grTexSource#67506 tmu=0 addr=003CC400 evenodd=3 lod=7..7 aspect=-2 format=5
2411 pid=FFF0CCF3 t=5951420 grTexDownloadMipMap#1903 tmu=0 addr=003CD400 evenodd=3 lod=6..6 aspect=-1 format=5 data=02BDD680
2412 pid=FFF0CCF3 t=5951420 grTexSource#67508 tmu=0 addr=003CD400 evenodd=3 lod=6..6 aspect=-1 format=5
2413 pid=FFF0CCF3 t=5951420 grTexDownloadMipMap#1904 tmu=0 addr=003CE400 evenodd=3 lod=5..5 aspect=0 format=5 data=02BDD680
2414 pid=FFF0CCF3 t=5951420 grTexSource#67509 tmu=0 addr=003CE400 evenodd=3 lod=5..5 aspect=0 format=5
2415 pid=FFF0CCF3 t=5951425 grTexDownloadMipMap#1905 tmu=0 addr=003CF400 evenodd=3 lod=6..6 aspect=-1 format=5 data=02BDD680
2416 pid=FFF0CCF3 t=5951425 grTexSource#67510 tmu=0 addr=003CF400 evenodd=3 lod=6..6 aspect=-1 format=5
2417 pid=FFF0CCF3 t=5951425 grTexDownloadMipMap#1906 tmu=0 addr=003D0400 evenodd=3 lod=5..5 aspect=-1 format=5 data=02BDD680
2418 pid=FFF0CCF3 t=5951425 grTexSource#67511 tmu=0 addr=003D0400 evenodd=3 lod=5..5 aspect=-1 format=5
2419 pid=FFF0CCF3 t=5951425 grTexDownloadMipMap#1907 tmu=0 addr=003D1400 evenodd=3 lod=4..4 aspect=1 format=5 data=02BDD680
2420 pid=FFF0CCF3 t=5951425 grTexSource#67512 tmu=0 addr=003D1400 evenodd=3 lod=4..4 aspect=1 format=5
2421 pid=FFF0CCF3 t=5951425 grTexDownloadMipMap#1909 tmu=0 addr=003A6400 evenodd=3 lod=4..4 aspect=-1 format=5 data=02BDD680
2422 pid=FFF0CCF3 t=5951425 grTexSource#67514 tmu=0 addr=003A6400 evenodd=3 lod=4..4 aspect=-1 format=5
2423 pid=FFF0CCF3 t=5951425 grTexDownloadMipMap#1910 tmu=0 addr=003DE400 evenodd=3 lod=5..5 aspect=-1 format=5 data=02BDD680
2424 pid=FFF0CCF3 t=5951425 grTexSource#67515 tmu=0 addr=003DE400 evenodd=3 lod=5..5 aspect=-1 format=5
2425 pid=FFF0CCF3 t=5951430 grTexDownloadMipMap#1911 tmu=0 addr=00387400 evenodd=3 lod=5..5 aspect=-1 format=5 data=02BDD680
2426 pid=FFF0CCF3 t=5951430 grTexSource#67516 tmu=0 addr=00387400 evenodd=3 lod=5..5 aspect=-1 format=5
2427 pid=FFF0CCF3 t=5951430 grTexDownloadMipMap#1912 tmu=0 addr=00312400 evenodd=3 lod=7..7 aspect=1 format=5 data=02BDD680
2428 pid=FFF0CCF3 t=5951430 grTexSource#67518 tmu=0 addr=00312400 evenodd=3 lod=7..7 aspect=1 format=5
2429 pid=FFF0CCF3 t=5951485 grTexDownloadMipMap#1913 tmu=0 addr=00382400 evenodd=3 lod=8..8 aspect=-2 format=5 data=02BDD680
2430 pid=FFF0CCF3 t=5951485 grTexSource#67749 tmu=0 addr=00382400 evenodd=3 lod=8..8 aspect=-2 format=5
2431 pid=FFF0CCF3 t=5951490 grTexDownloadMipMap#1914 tmu=0 addr=003D6400 evenodd=3 lod=7..7 aspect=-2 format=5 data=02BDD680
2432 pid=FFF0CCF3 t=5951490 grTexSource#67750 tmu=0 addr=003D6400 evenodd=3 lod=7..7 aspect=-2 format=5
2433 pid=FFF0CCF3 t=5951490 grTexDownloadMipMap#1915 tmu=0 addr=0031A400 evenodd=3 lod=7..7 aspect=-1 format=5 data=02BDD680
2434 pid=FFF0CCF3 t=5951490 grTexSource#67761 tmu=0 addr=0031A400 evenodd=3 lod=7..7 aspect=-1 format=5
2435 pid=FFF0CCF3 t=5951555 grTexDownloadMipMap#1916 tmu=0 addr=003D7400 evenodd=3 lod=7..7 aspect=-2 format=5 data=02BDD680
2436 pid=FFF0CCF3 t=5951555 grTexSource#67994 tmu=0 addr=003D7400 evenodd=3 lod=7..7 aspect=-2 format=5
2437 pid=FFF0CCF3 t=5951580 grTexDownloadMipMap#1919 tmu=0 addr=003D8400 evenodd=3 lod=5..5 aspect=0 format=5 data=02BDD680
2438 pid=FFF0CCF3 t=5951580 grTexSource#68171 tmu=0 addr=003D8400 evenodd=3 lod=5..5 aspect=0 format=5
2439 pid=FFF0CCF3 t=5951620 grTexDownloadMipMap#1921 tmu=0 addr=003D9400 evenodd=3 lod=7..7 aspect=-2 format=5 data=02BDD680
2440 pid=FFF0CCF3 t=5951620 grTexSource#68238 tmu=0 addr=003D9400 evenodd=3 lod=7..7 aspect=-2 format=5
2441 pid=FFF0CCF3 t=5951620 grTexDownloadMipMap#1922 tmu=0 addr=003DA400 evenodd=3 lod=6..6 aspect=-1 format=5 data=02BDD680
2442 pid=FFF0CCF3 t=5951620 grTexSource#68240 tmu=0 addr=003DA400 evenodd=3 lod=6..6 aspect=-1 format=5
2443 pid=FFF0CCF3 t=5951625 grTexDownloadMipMap#1923 tmu=0 addr=003DB400 evenodd=3 lod=5..5 aspect=0 format=5 data=02BDD680
2444 pid=FFF0CCF3 t=5951625 grTexSource#68241 tmu=0 addr=003DB400 evenodd=3 lod=5..5 aspect=0 format=5
2445 pid=FFF0CCF3 t=5951625 grTexDownloadMipMap#1924 tmu=0 addr=003DC400 evenodd=3 lod=6..6 aspect=-1 format=5 data=02BDD680
2446 pid=FFF0CCF3 t=5951625 grTexSource#68242 tmu=0 addr=003DC400 evenodd=3 lod=6..6 aspect=-1 format=5
2447 pid=FFF0CCF3 t=5951625 grTexDownloadMipMap#1926 tmu=0 addr=003A5400 evenodd=3 lod=4..4 aspect=1 format=5 data=02BDD680
2448 pid=FFF0CCF3 t=5951625 grTexSource#68244 tmu=0 addr=003A5400 evenodd=3 lod=4..4 aspect=1 format=5
2449 pid=FFF0CCF3 t=5951625 grTexDownloadMipMap#1927 tmu=0 addr=00389400 evenodd=3 lod=4..4 aspect=1 format=5 data=02BDD680
2450 pid=FFF0CCF3 t=5951625 grTexSource#68245 tmu=0 addr=00389400 evenodd=3 lod=4..4 aspect=1 format=5
2451 pid=FFF0CCF3 t=5951625 grTexDownloadMipMap#1928 tmu=0 addr=003A7400 evenodd=3 lod=4..4 aspect=-1 format=5 data=02BDD680
2452 pid=FFF0CCF3 t=5951625 grTexSource#68246 tmu=0 addr=003A7400 evenodd=3 lod=4..4 aspect=-1 format=5
2453 pid=FFF0CCF3 t=5951630 grTexDownloadMipMap#1930 tmu=0 addr=0038B400 evenodd=3 lod=5..5 aspect=-1 format=5 data=02BDD680
2454 pid=FFF0CCF3 t=5951630 grTexSource#68248 tmu=0 addr=0038B400 evenodd=3 lod=5..5 aspect=-1 format=5
2455 pid=FFF0CCF3 t=5951685 grTexDownloadMipMap#1932 tmu=0 addr=0034E400 evenodd=3 lod=7..7 aspect=1 format=5 data=02BDD680
2456 pid=FFF0CCF3 t=5951685 grTexSource#68494 tmu=0 addr=0034E400 evenodd=3 lod=7..7 aspect=1 format=5
2457 pid=FFF0CCF3 t=5951755 grTexDownloadMipMap#1933 tmu=0 addr=00352400 evenodd=3 lod=8..8 aspect=-2 format=5 data=02BDD680
2458 pid=FFF0CCF3 t=5951755 grTexSource#68725 tmu=0 addr=00352400 evenodd=3 lod=8..8 aspect=-2 format=5
2459 pid=FFF0CCF3 t=5951755 grTexDownloadMipMap#1934 tmu=0 addr=0038C400 evenodd=3 lod=7..7 aspect=-2 format=5 data=02BDD680
2460 pid=FFF0CCF3 t=5951755 grTexSource#68726 tmu=0 addr=0038C400 evenodd=3 lod=7..7 aspect=-2 format=5
2461 pid=FFF0CCF3 t=5951755 grTexDownloadMipMap#1935 tmu=0 addr=0034A400 evenodd=3 lod=7..7 aspect=-1 format=5 data=02BDD680
2462 pid=FFF0CCF3 t=5951755 grTexSource#68737 tmu=0 addr=0034A400 evenodd=3 lod=7..7 aspect=-1 format=5
2463 pid=FFF0CCF3 t=5951820 grTexDownloadMipMap#1936 tmu=0 addr=0038D400 evenodd=3 lod=7..7 aspect=-2 format=5 data=02BDD680
2464 pid=FFF0CCF3 t=5951820 grTexSource#68970 tmu=0 addr=0038D400 evenodd=3 lod=7..7 aspect=-2 format=5
2465 pid=FFF0CCF3 t=5951820 grTexDownloadMipMap#1937 tmu=0 addr=0038E400 evenodd=3 lod=6..6 aspect=-1 format=5 data=02BDD680
2466 pid=FFF0CCF3 t=5951820 grTexSource#68972 tmu=0 addr=0038E400 evenodd=3 lod=6..6 aspect=-1 format=5
2467 pid=FFF0CCF3 t=5951820 grTexDownloadMipMap#1938 tmu=0 addr=0038F400 evenodd=3 lod=5..5 aspect=0 format=5 data=02BDD680
2468 pid=FFF0CCF3 t=5951820 grTexSource#68973 tmu=0 addr=0038F400 evenodd=3 lod=5..5 aspect=0 format=5
2469 pid=FFF0CCF3 t=5951825 grTexDownloadMipMap#1939 tmu=0 addr=003B0400 evenodd=3 lod=5..5 aspect=-1 format=5 data=02BDD680
2470 pid=FFF0CCF3 t=5951825 grTexSource#68974 tmu=0 addr=003B0400 evenodd=3 lod=5..5 aspect=-1 format=5
2471 pid=FFF0CCF3 t=5951825 grTexDownloadMipMap#1940 tmu=0 addr=003B1400 evenodd=3 lod=6..6 aspect=-1 format=5 data=02BDD680
2472 pid=FFF0CCF3 t=5951825 grTexSource#68975 tmu=0 addr=003B1400 evenodd=3 lod=6..6 aspect=-1 format=5
2473 pid=FFF0CCF3 t=5951825 grTexDownloadMipMap#1943 tmu=0 addr=003A8400 evenodd=3 lod=4..4 aspect=1 format=5 data=02BDD680
2474 pid=FFF0CCF3 t=5951825 grTexSource#68978 tmu=0 addr=003A8400 evenodd=3 lod=4..4 aspect=1 format=5
2475 pid=FFF0CCF3 t=5951825 grTexDownloadMipMap#1944 tmu=0 addr=003B3400 evenodd=3 lod=4..4 aspect=-1 format=5 data=02BDD680
2476 pid=FFF0CCF3 t=5951825 grTexSource#68979 tmu=0 addr=003B3400 evenodd=3 lod=4..4 aspect=-1 format=5
2477 pid=FFF0CCF3 t=5951885 grTexDownloadMipMap#1950 tmu=0 addr=003AB400 evenodd=3 lod=7..7 aspect=-2 format=5 data=02BDD680
2478 pid=FFF0CCF3 t=5951885 grTexSource#69214 tmu=0 addr=003AB400 evenodd=3 lod=7..7 aspect=-2 format=5
2479 pid=FFF0CCF3 t=5951955 grTexDownloadMipMap#1952 tmu=0 addr=003AC400 evenodd=3 lod=7..7 aspect=-2 format=5 data=02BDD680
2480 pid=FFF0CCF3 t=5951955 grTexSource#69458 tmu=0 addr=003AC400 evenodd=3 lod=7..7 aspect=-2 format=5
2481 pid=FFF0CCF3 t=5951955 grTexDownloadMipMap#1953 tmu=0 addr=0036A400 evenodd=3 lod=7..7 aspect=1 format=5 data=02BDD680
2482 pid=FFF0CCF3 t=5951955 grTexSource#69470 tmu=0 addr=0036A400 evenodd=3 lod=7..7 aspect=1 format=5
2483 pid=FFF0CCF3 t=5952020 grTexDownloadMipMap#1954 tmu=0 addr=0036E400 evenodd=3 lod=8..8 aspect=-2 format=5 data=02BDD680
2484 pid=FFF0CCF3 t=5952020 grTexSource#69701 tmu=0 addr=0036E400 evenodd=3 lod=8..8 aspect=-2 format=5
2485 pid=FFF0CCF3 t=5952020 grTexDownloadMipMap#1955 tmu=0 addr=003AD400 evenodd=3 lod=6..6 aspect=-1 format=5 data=02BDD680
2486 pid=FFF0CCF3 t=5952020 grTexSource#69704 tmu=0 addr=003AD400 evenodd=3 lod=6..6 aspect=-1 format=5
2487 pid=FFF0CCF3 t=5952025 grTexDownloadMipMap#1956 tmu=0 addr=003AE400 evenodd=3 lod=5..5 aspect=0 format=5 data=02BDD680
2488 pid=FFF0CCF3 t=5952025 grTexSource#69705 tmu=0 addr=003AE400 evenodd=3 lod=5..5 aspect=0 format=5
2489 pid=FFF0CCF3 t=5952025 grTexDownloadMipMap#1958 tmu=0 addr=003BC400 evenodd=3 lod=6..6 aspect=-1 format=5 data=02BDD680
2490 pid=FFF0CCF3 t=5952025 grTexSource#69707 tmu=0 addr=003BC400 evenodd=3 lod=6..6 aspect=-1 format=5
2491 pid=FFF0CCF3 t=5952025 grTexDownloadMipMap#1960 tmu=0 addr=003B4400 evenodd=3 lod=4..4 aspect=1 format=5 data=02BDD680
2492 pid=FFF0CCF3 t=5952025 grTexSource#69709 tmu=0 addr=003B4400 evenodd=3 lod=4..4 aspect=1 format=5
2493 pid=FFF0CCF3 t=5952025 grTexDownloadMipMap#1961 tmu=0 addr=003B2400 evenodd=3 lod=4..4 aspect=1 format=5 data=02BDD680
2494 pid=FFF0CCF3 t=5952025 grTexSource#69710 tmu=0 addr=003B2400 evenodd=3 lod=4..4 aspect=1 format=5
2495 pid=FFF0CCF3 t=5952030 grTexDownloadMipMap#1962 tmu=0 addr=003BE400 evenodd=3 lod=4..4 aspect=-1 format=5 data=02BDD680
2496 pid=FFF0CCF3 t=5952030 grTexSource#69711 tmu=0 addr=003BE400 evenodd=3 lod=4..4 aspect=-1 format=5
2497 pid=FFF0CCF3 t=5952030 grTexDownloadMipMap#1964 tmu=0 addr=00366400 evenodd=3 lod=7..7 aspect=-1 format=5 data=02BDD680
2498 pid=FFF0CCF3 t=5952030 grTexSource#69713 tmu=0 addr=00366400 evenodd=3 lod=7..7 aspect=-1 format=5
2499 pid=FFF0CCF3 t=5952085 grTexDownloadMipMap#1965 tmu=0 addr=003B5400 evenodd=3 lod=7..7 aspect=-2 format=5 data=02BDD680
2500 pid=FFF0CCF3 t=5952085 grTexSource#69946 tmu=0 addr=003B5400 evenodd=3 lod=7..7 aspect=-2 format=5
2501 pid=FFF0CCF3 t=5952155 grTexDownloadMipMap#1970 tmu=0 addr=003B7400 evenodd=3 lod=7..7 aspect=-2 format=5 data=02BDD680
2502 pid=FFF0CCF3 t=5952155 grTexSource#70190 tmu=0 addr=003B7400 evenodd=3 lod=7..7 aspect=-2 format=5
2503 pid=FFF0CCF3 t=5952220 grTexDownloadMipMap#1972 tmu=0 addr=003B8400 evenodd=3 lod=7..7 aspect=-2 format=5 data=02BDD680
2504 pid=FFF0CCF3 t=5952220 grTexSource#70434 tmu=0 addr=003B8400 evenodd=3 lod=7..7 aspect=-2 format=5
2505 pid=FFF0CCF3 t=5952220 grTexDownloadMipMap#1973 tmu=0 addr=003B9400 evenodd=3 lod=6..6 aspect=-1 format=5 data=02BDD680
2506 pid=FFF0CCF3 t=5952220 grTexSource#70436 tmu=0 addr=003B9400 evenodd=3 lod=6..6 aspect=-1 format=5
2507 pid=FFF0CCF3 t=5952225 grTexDownloadMipMap#1974 tmu=0 addr=003BA400 evenodd=3 lod=5..5 aspect=0 format=5 data=02BDD680
2508 pid=FFF0CCF3 t=5952225 grTexSource#70437 tmu=0 addr=003BA400 evenodd=3 lod=5..5 aspect=0 format=5
2509 pid=FFF0CCF3 t=5952225 grTexDownloadMipMap#1976 tmu=0 addr=003C8400 evenodd=3 lod=6..6 aspect=-1 format=5 data=02BDD680
2510 pid=FFF0CCF3 t=5952225 grTexSource#70439 tmu=0 addr=003C8400 evenodd=3 lod=6..6 aspect=-1 format=5
2511 pid=FFF0CCF3 t=5952225 grTexDownloadMipMap#1978 tmu=0 addr=003C1400 evenodd=3 lod=4..4 aspect=1 format=5 data=02BDD680
2512 pid=FFF0CCF3 t=5952225 grTexSource#70441 tmu=0 addr=003C1400 evenodd=3 lod=4..4 aspect=1 format=5
2513 pid=FFF0CCF3 t=5952225 grTexDownloadMipMap#1979 tmu=0 addr=003C9400 evenodd=3 lod=4..4 aspect=1 format=5 data=02BDD680
2514 pid=FFF0CCF3 t=5952225 grTexSource#70442 tmu=0 addr=003C9400 evenodd=3 lod=4..4 aspect=1 format=5
2515 pid=FFF0CCF3 t=5952230 grTexDownloadMipMap#1980 tmu=0 addr=003BF400 evenodd=3 lod=4..4 aspect=-1 format=5 data=02BDD680
2516 pid=FFF0CCF3 t=5952230 grTexSource#70443 tmu=0 addr=003BF400 evenodd=3 lod=4..4 aspect=-1 format=5
2517 pid=FFF0CCF3 t=5952230 grTexDownloadMipMap#1981 tmu=0 addr=003CA400 evenodd=3 lod=5..5 aspect=-1 format=5 data=02BDD680
2518 pid=FFF0CCF3 t=5952230 grTexSource#70444 tmu=0 addr=003CA400 evenodd=3 lod=5..5 aspect=-1 format=5
2519 pid=FFF0CCF3 t=5952290 grTexDownloadMipMap#1984 tmu=0 addr=003C2400 evenodd=3 lod=7..7 aspect=-2 format=5 data=02BDD680
2520 pid=FFF0CCF3 t=5952290 grTexSource#70678 tmu=0 addr=003C2400 evenodd=3 lod=7..7 aspect=-2 format=5
2521 pid=FFF0CCF3 t=5952355 grTexDownloadMipMap#1986 tmu=0 addr=003C3400 evenodd=3 lod=7..7 aspect=-2 format=5 data=02BDD680
2522 pid=FFF0CCF3 t=5952355 grTexSource#70922 tmu=0 addr=003C3400 evenodd=3 lod=7..7 aspect=-2 format=5
2523 pid=FFF0CCF3 t=5952380 grTexDownloadMipMap#1989 tmu=0 addr=003C4400 evenodd=3 lod=5..5 aspect=0 format=5 data=02BDD680
2524 pid=FFF0CCF3 t=5952380 grTexSource#71099 tmu=0 addr=003C4400 evenodd=3 lod=5..5 aspect=0 format=5
2525 pid=FFF0CCF3 t=5952485 grTexDownloadMipMap#1992 tmu=0 addr=003C5400 evenodd=3 lod=7..7 aspect=-2 format=5 data=02BDD680
2526 pid=FFF0CCF3 t=5952490 grTexSource#71410 tmu=0 addr=003C5400 evenodd=3 lod=7..7 aspect=-2 format=5
2527 pid=FFF0CCF3 t=5952490 grTexDownloadMipMap#1994 tmu=0 addr=003D3400 evenodd=3 lod=5..5 aspect=0 format=5 data=02BDD680
2528 pid=FFF0CCF3 t=5952490 grTexSource#71413 tmu=0 addr=003D3400 evenodd=3 lod=5..5 aspect=0 format=5
2529 pid=FFF0CCF3 t=5952490 grTexDownloadMipMap#1995 tmu=0 addr=003A2400 evenodd=3 lod=4..4 aspect=0 format=5 data=02BDD680
2530 pid=FFF0CCF3 t=5952490 grTexSource#71414 tmu=0 addr=003A2400 evenodd=3 lod=4..4 aspect=0 format=5
2531 pid=FFF0CCF3 t=5952490 grTexDownloadMipMap#1996 tmu=0 addr=003D4400 evenodd=3 lod=6..6 aspect=-1 format=5 data=02BDD680
2532 pid=FFF0CCF3 t=5952490 grTexSource#71415 tmu=0 addr=003D4400 evenodd=3 lod=6..6 aspect=-1 format=5
2533 pid=FFF0CCF3 t=5952495 grTexDownloadMipMap#1998 tmu=0 addr=003CC400 evenodd=3 lod=4..4 aspect=1 format=5 data=02BDD680
2534 pid=FFF0CCF3 t=5952495 grTexSource#71417 tmu=0 addr=003CC400 evenodd=3 lod=4..4 aspect=1 format=5
2535 pid=FFF0CCF3 t=5952495 grTexDownloadMipMap#1999 tmu=0 addr=003D6400 evenodd=3 lod=4..4 aspect=1 format=5 data=02BDD680
2536 pid=FFF0CCF3 t=5952495 grTexSource#71418 tmu=0 addr=003D6400 evenodd=3 lod=4..4 aspect=1 format=5
2537 pid=FFF0CCF3 t=5952497 grTexDownloadMipMap#2000 tmu=0 addr=003CB400 evenodd=3 lod=4..4 aspect=-1 format=5 data=02BDD680
2538 pid=FFF0CCF3 t=5952497 grTexSource#71419 tmu=0 addr=003CB400 evenodd=3 lod=4..4 aspect=-1 format=5
2539 pid=FFF0CCF3 t=5952497 grTexDownloadMipMap#2001 tmu=0 addr=003D7400 evenodd=3 lod=5..5 aspect=-1 format=5 data=02BDD680
2540 pid=FFF0CCF3 t=5952497 grTexSource#71420 tmu=0 addr=003D7400 evenodd=3 lod=5..5 aspect=-1 format=5
2541 pid=FFF0CCF3 t=5952555 grTexDownloadMipMap#2004 tmu=0 addr=003CD400 evenodd=3 lod=7..7 aspect=-2 format=5 data=02BDD680
2542 pid=FFF0CCF3 t=5952555 grTexSource#71654 tmu=0 addr=003CD400 evenodd=3 lod=7..7 aspect=-2 format=5
2543 pid=FFF0CCF3 t=5952620 grTexDownloadMipMap#2006 tmu=0 addr=003CE400 evenodd=3 lod=7..7 aspect=-2 format=5 data=02BDD680
2544 pid=FFF0CCF3 t=5952620 grTexSource#71898 tmu=0 addr=003CE400 evenodd=3 lod=7..7 aspect=-2 format=5
2545 pid=FFF0CCF3 t=5952705 grTexDownloadMipMap#2010 tmu=0 addr=003CF400 evenodd=3 lod=7..7 aspect=-2 format=5 data=02BDD680
2546 pid=FFF0CCF3 t=5952705 grTexSource#72142 tmu=0 addr=003CF400 evenodd=3 lod=7..7 aspect=-2 format=5
2547 pid=FFF0CCF3 t=5952710 grTexDownloadMipMap#2011 tmu=0 addr=003D0400 evenodd=3 lod=6..6 aspect=-1 format=5 data=02BDD680
2548 pid=FFF0CCF3 t=5952710 grTexSource#72144 tmu=0 addr=003D0400 evenodd=3 lod=6..6 aspect=-1 format=5
2549 pid=FFF0CCF3 t=5952710 grTexDownloadMipMap#2012 tmu=0 addr=003D1400 evenodd=3 lod=5..5 aspect=0 format=5 data=02BDD680
2550 pid=FFF0CCF3 t=5952710 grTexSource#72145 tmu=0 addr=003D1400 evenodd=3 lod=5..5 aspect=0 format=5
2551 pid=FFF0CCF3 t=5952710 grTexDownloadMipMap#2014 tmu=0 addr=003A6400 evenodd=3 lod=6..6 aspect=-1 format=5 data=02BDD680
2552 pid=FFF0CCF3 t=5952710 grTexSource#72147 tmu=0 addr=003A6400 evenodd=3 lod=6..6 aspect=-1 format=5
2553 pid=FFF0CCF3 t=5952715 grTexDownloadMipMap#2016 tmu=0 addr=00387400 evenodd=3 lod=4..4 aspect=1 format=5 data=02BDD680
2554 pid=FFF0CCF3 t=5952715 grTexSource#72149 tmu=0 addr=00387400 evenodd=3 lod=4..4 aspect=1 format=5
2555 pid=FFF0CCF3 t=5952715 grTexDownloadMipMap#2017 tmu=0 addr=003D9400 evenodd=3 lod=4..4 aspect=1 format=5 data=02BDD680
2556 pid=FFF0CCF3 t=5952715 grTexSource#72150 tmu=0 addr=003D9400 evenodd=3 lod=4..4 aspect=1 format=5
2557 pid=FFF0CCF3 t=5952715 grTexDownloadMipMap#2018 tmu=0 addr=0038C400 evenodd=3 lod=4..4 aspect=-1 format=5 data=02BDD680
2558 pid=FFF0CCF3 t=5952715 grTexSource#72151 tmu=0 addr=0038C400 evenodd=3 lod=4..4 aspect=-1 format=5
2559 pid=FFF0CCF3 t=5952715 grTexDownloadMipMap#2019 tmu=0 addr=003DA400 evenodd=3 lod=5..5 aspect=-1 format=5 data=02BDD680
2560 pid=FFF0CCF3 t=5952715 grTexSource#72152 tmu=0 addr=003DA400 evenodd=3 lod=5..5 aspect=-1 format=5
2561 pid=FFF0CCF3 t=5952810 census periodic swaps=847
2562 pid=FFF0CCF3 t=5952810 census   draws: drawn=443956 refused=2966 culled=85608 skipped-textured=0
2563 pid=FFF0CCF3 t=5952810 census   draws: fog-dropped=0 uploads=1092 surface-hits=641 evictions=439
2564 pid=FFF0CCF3 t=5952810 census   cycles(Mc): frame=11806 entry=3520 prepare=1013 upload=606 submit=1740 swap=831 clear=49 batches=17361
2565 pid=FFF0CCF3 t=5952810 census   batch ends: full=144 texture=16475 state=0
2566 pid=FFF0CCF3 t=5952810 census   grAlphaBlendFunction calls=4305 lines=4
2567 pid=FFF0CCF3 t=5952810 census   grAlphaCombine calls=4305 lines=2
2568 pid=FFF0CCF3 t=5952810 census   grBufferClear calls=1605 lines=4
2569 pid=FFF0CCF3 t=5952810 census   grBufferSwap calls=847 lines=24
2570 pid=FFF0CCF3 t=5952810 census   grChromakeyMode calls=2715 lines=2
2571 pid=FFF0CCF3 t=5952810 census   grChromakeyValue calls=4 lines=3
2572 pid=FFF0CCF3 t=5952810 census   grColorCombine calls=1125 lines=2
2573 pid=FFF0CCF3 t=5952810 census   grColorMask calls=4 lines=3
2574 pid=FFF0CCF3 t=5952810 census   grConstantColorValue calls=8853 lines=15
2575 pid=FFF0CCF3 t=5952810 census   grCoordinateSpace calls=4 lines=3
2576 pid=FFF0CCF3 t=5952810 census   grDepthMask calls=4 lines=3
2577 pid=FFF0CCF3 t=5952810 census   grDitherMode calls=65083 lines=2
2578 pid=FFF0CCF3 t=5952810 census   grDrawLine calls=639 lines=48
2579 pid=FFF0CCF3 t=5952810 census   grDrawPoint calls=226 lines=48
2580 pid=FFF0CCF3 t=5952810 census   grDrawVertexArray calls=41184 lines=48
2581 pid=FFF0CCF3 t=5952810 census   grDrawVertexArrayContiguous calls=59387 lines=48
2582 pid=FFF0CCF3 t=5952810 census   grFinish calls=3 lines=3
2583 pid=FFF0CCF3 t=5952810 census   grGet calls=19 lines=13
2584 pid=FFF0CCF3 t=5952810 census   grGetString calls=4 lines=4
2585 pid=FFF0CCF3 t=5952810 census   grGlideInit calls=4 lines=4
2586 pid=FFF0CCF3 t=5952815 census   grGlideShutdown calls=3 lines=3
2587 pid=FFF0CCF3 t=5952815 census   grLoadGammaTable calls=6 lines=6
2588 pid=FFF0CCF3 t=5952815 census   grSstSelect calls=4 lines=4
2589 pid=FFF0CCF3 t=5952815 census   grSstWinClose calls=3 lines=3
2590 pid=FFF0CCF3 t=5952815 census   grSstWinOpen calls=4 lines=4
2591 pid=FFF0CCF3 t=5952815 census   grTexCombine calls=5 lines=4
2592 pid=FFF0CCF3 t=5952815 census   grTexDownloadMipMap calls=2021 lines=1016
2593 pid=FFF0CCF3 t=5952815 census   grTexDownloadTable calls=19 lines=8
2594 pid=FFF0CCF3 t=5952815 census   grTexFilterMode calls=1061 lines=4
2595 pid=FFF0CCF3 t=5952815 census   grTexMaxAddress calls=4 lines=3
2596 pid=FFF0CCF3 t=5952815 census   grTexMinAddress calls=4 lines=3
2597 pid=FFF0CCF3 t=5952815 census   grTexSource calls=72563 lines=728
2598 pid=FFF0CCF3 t=5952815 census   grVertexLayout calls=16 lines=12
2599 pid=FFF0CCF3 t=5952840 grTexDownloadMipMap#2023 tmu=0 addr=003DB400 evenodd=3 lod=7..7 aspect=-2 format=5 data=02BDD680
2600 pid=FFF0CCF3 t=5952845 grTexSource#72630 tmu=0 addr=003DB400 evenodd=3 lod=7..7 aspect=-2 format=5
2601 pid=FFF0CCF3 t=5952905 grTexDownloadMipMap#2025 tmu=0 addr=003DC400 evenodd=3 lod=7..7 aspect=-2 format=5 data=02BDD680
2602 pid=FFF0CCF3 t=5952905 grTexSource#72874 tmu=0 addr=003DC400 evenodd=3 lod=7..7 aspect=-2 format=5
2603 pid=FFF0CCF3 t=5952905 grTexDownloadMipMap#2027 tmu=0 addr=003A5400 evenodd=3 lod=5..5 aspect=0 format=5 data=02BDD680
2604 pid=FFF0CCF3 t=5952905 grTexSource#72877 tmu=0 addr=003A5400 evenodd=3 lod=5..5 aspect=0 format=5
2605 pid=FFF0CCF3 t=5952910 grTexDownloadMipMap#2028 tmu=0 addr=00389400 evenodd=3 lod=5..5 aspect=-1 format=5 data=02BDD680
2606 pid=FFF0CCF3 t=5952910 grTexSource#72878 tmu=0 addr=00389400 evenodd=3 lod=5..5 aspect=-1 format=5
2607 pid=FFF0CCF3 t=5952910 grTexDownloadMipMap#2032 tmu=0 addr=003D8400 evenodd=3 lod=4..4 aspect=1 format=5 data=02BDD680
2608 pid=FFF0CCF3 t=5952910 grTexSource#72882 tmu=0 addr=003D8400 evenodd=3 lod=4..4 aspect=1 format=5
2609 pid=FFF0CCF3 t=5952910 grTexDownloadMipMap#2034 tmu=0 addr=003AB400 evenodd=3 lod=5..5 aspect=-1 format=5 data=02BDD680
2610 pid=FFF0CCF3 t=5952910 grTexSource#72884 tmu=0 addr=003AB400 evenodd=3 lod=5..5 aspect=-1 format=5
2611 pid=FFF0CCF3 t=5952937 grTexDownloadMipMap#2037 tmu=0 addr=0038E400 evenodd=3 lod=5..5 aspect=0 format=5 data=02BDD680
2612 pid=FFF0CCF3 t=5952937 grTexSource#73051 tmu=0 addr=0038E400 evenodd=3 lod=5..5 aspect=0 format=5
2613 pid=FFF0CCF3 t=5952970 grTexDownloadMipMap#2039 tmu=0 addr=0038F400 evenodd=3 lod=7..7 aspect=-2 format=5 data=02BDD680
2614 pid=FFF0CCF3 t=5952975 grTexSource#73118 tmu=0 addr=0038F400 evenodd=3 lod=7..7 aspect=-2 format=5
2615 pid=FFF0CCF3 t=5953110 grTexDownloadMipMap#2045 tmu=0 addr=003BB400 evenodd=3 lod=6..6 aspect=-1 format=5 data=02BDD680
2616 pid=FFF0CCF3 t=5953110 grTexSource#73608 tmu=0 addr=003BB400 evenodd=3 lod=6..6 aspect=-1 format=5
2617 pid=FFF0CCF3 t=5953110 grTexDownloadMipMap#2047 tmu=0 addr=003A8400 evenodd=3 lod=5..5 aspect=-1 format=5 data=02BDD680
2618 pid=FFF0CCF3 t=5953110 grTexSource#73610 tmu=0 addr=003A8400 evenodd=3 lod=5..5 aspect=-1 format=5
2619 pid=FFF0CCF3 t=5953110 grTexDownloadMipMap#2048 tmu=0 addr=003B3400 evenodd=3 lod=6..6 aspect=-1 format=5 data=02BDD680
2620 pid=FFF0CCF3 t=5953115 grTexSource#73611 tmu=0 addr=003B3400 evenodd=3 lod=6..6 aspect=-1 format=5
2621 pid=FFF0CCF3 t=5953115 grTexDownloadMipMap#2052 tmu=0 addr=003B5400 evenodd=3 lod=4..4 aspect=-1 format=5 data=02BDD680
2622 pid=FFF0CCF3 t=5953115 grTexSource#73615 tmu=0 addr=003B5400 evenodd=3 lod=4..4 aspect=-1 format=5
2623 pid=FFF0CCF3 t=5953115 grTexDownloadMipMap#2053 tmu=0 addr=003B7400 evenodd=3 lod=5..5 aspect=-1 format=5 data=02BDD680
2624 pid=FFF0CCF3 t=5953115 grTexSource#73616 tmu=0 addr=003B7400 evenodd=3 lod=5..5 aspect=-1 format=5
2625 pid=FFF0CCF3 t=5953240 grTexDownloadMipMap#2058 tmu=0 addr=003AD400 evenodd=3 lod=7..7 aspect=-2 format=5 data=02BDD680
2626 pid=FFF0CCF3 t=5953240 grTexSource#74094 tmu=0 addr=003AD400 evenodd=3 lod=7..7 aspect=-2 format=5
2627 pid=FFF0CCF3 t=5953305 grTexDownloadMipMap#2060 tmu=0 addr=003AE400 evenodd=3 lod=7..7 aspect=-2 format=5 data=02BDD680
2628 pid=FFF0CCF3 t=5953305 grTexSource#74338 tmu=0 addr=003AE400 evenodd=3 lod=7..7 aspect=-2 format=5
2629 pid=FFF0CCF3 t=5953305 grTexDownloadMipMap#2062 tmu=0 addr=003BC400 evenodd=3 lod=5..5 aspect=0 format=5 data=02BDD680
2630 pid=FFF0CCF3 t=5953305 grTexSource#74341 tmu=0 addr=003BC400 evenodd=3 lod=5..5 aspect=0 format=5
2631 pid=FFF0CCF3 t=5953310 grTexDownloadMipMap#2064 tmu=0 addr=003B4400 evenodd=3 lod=6..6 aspect=-1 format=5 data=02BDD680
2632 pid=FFF0CCF3 t=5953310 grTexSource#74343 tmu=0 addr=003B4400 evenodd=3 lod=6..6 aspect=-1 format=5
2633 pid=FFF0CCF3 t=5953310 grTexDownloadMipMap#2065 tmu=0 addr=003B2400 evenodd=3 lod=6..6 aspect=-2 format=5 data=02BDD680
2634 pid=FFF0CCF3 t=5953310 grTexSource#74344 tmu=0 addr=003B2400 evenodd=3 lod=6..6 aspect=-2 format=5
2635 pid=FFF0CCF3 t=5953310 grTexDownloadMipMap#2067 tmu=0 addr=003C0400 evenodd=3 lod=4..4 aspect=1 format=5 data=02BDD680
2636 pid=FFF0CCF3 t=5953310 grTexSource#74346 tmu=0 addr=003C0400 evenodd=3 lod=4..4 aspect=1 format=5
2637 pid=FFF0CCF3 t=5953310 grTexDownloadMipMap#2068 tmu=0 addr=003B8400 evenodd=3 lod=4..4 aspect=-1 format=5 data=02BDD680
2638 pid=FFF0CCF3 t=5953310 grTexSource#74347 tmu=0 addr=003B8400 evenodd=3 lod=4..4 aspect=-1 format=5
2639 pid=FFF0CCF3 t=5953375 grTexDownloadMipMap#2072 tmu=0 addr=003B6400 evenodd=3 lod=7..7 aspect=-2 format=5 data=02BDD680
2640 pid=FFF0CCF3 t=5953375 grTexSource#74582 tmu=0 addr=003B6400 evenodd=3 lod=7..7 aspect=-2 format=5
2641 pid=FFF0CCF3 t=5953465 grTexDownloadMipMap#2077 tmu=0 addr=003B9400 evenodd=3 lod=5..5 aspect=0 format=5 data=02BDD680
2642 pid=FFF0CCF3 t=5953465 grTexSource#75003 tmu=0 addr=003B9400 evenodd=3 lod=5..5 aspect=0 format=5
2643 pid=FFF0CCF3 t=5953570 grTexDownloadMipMap#2080 tmu=0 addr=003BA400 evenodd=3 lod=7..7 aspect=-2 format=5 data=02BDD680
2644 pid=FFF0CCF3 t=5953570 grTexSource#75314 tmu=0 addr=003BA400 evenodd=3 lod=7..7 aspect=-2 format=5
2645 pid=FFF0CCF3 t=5953575 grTexDownloadMipMap#2081 tmu=0 addr=003C7400 evenodd=3 lod=6..6 aspect=-1 format=5 data=02BDD680
2646 pid=FFF0CCF3 t=5953575 grTexSource#75316 tmu=0 addr=003C7400 evenodd=3 lod=6..6 aspect=-1 format=5
2647 pid=FFF0CCF3 t=5953577 grTexDownloadMipMap#2082 tmu=0 addr=003C8400 evenodd=3 lod=5..5 aspect=0 format=5 data=02BDD680
2648 pid=FFF0CCF3 t=5953577 grTexSource#75317 tmu=0 addr=003C8400 evenodd=3 lod=5..5 aspect=0 format=5
2649 pid=FFF0CCF3 t=5953577 grTexDownloadMipMap#2086 tmu=0 addr=003BF400 evenodd=3 lod=4..4 aspect=1 format=5 data=02BDD680
2650 pid=FFF0CCF3 t=5953577 grTexSource#75321 tmu=0 addr=003BF400 evenodd=3 lod=4..4 aspect=1 format=5
2651 pid=FFF0CCF3 t=5953580 grTexDownloadMipMap#2087 tmu=0 addr=003CA400 evenodd=3 lod=4..4 aspect=1 format=5 data=02BDD680
2652 pid=FFF0CCF3 t=5953580 grTexSource#75322 tmu=0 addr=003CA400 evenodd=3 lod=4..4 aspect=1 format=5
2653 pid=FFF0CCF3 t=5953580 grTexDownloadMipMap#2089 tmu=0 addr=003CD400 evenodd=3 lod=5..5 aspect=-1 format=5 data=02BDD680
2654 pid=FFF0CCF3 t=5953580 grTexSource#75324 tmu=0 addr=003CD400 evenodd=3 lod=5..5 aspect=-1 format=5
2655 pid=FFF0CCF3 t=5953705 grTexDownloadMipMap#2094 tmu=0 addr=003C6400 evenodd=3 lod=7..7 aspect=-2 format=5 data=02BDD680
2656 pid=FFF0CCF3 t=5953705 grTexSource#75802 tmu=0 addr=003C6400 evenodd=3 lod=7..7 aspect=-2 format=5
2657 pid=FFF0CCF3 t=5953777 grTexDownloadMipMap#2099 tmu=0 addr=003A2400 evenodd=3 lod=6..6 aspect=-1 format=5 data=02BDD680
2658 pid=FFF0CCF3 t=5953777 grTexSource#76048 tmu=0 addr=003A2400 evenodd=3 lod=6..6 aspect=-1 format=5
2659 pid=FFF0CCF3 t=5953777 grTexDownloadMipMap#2100 tmu=0 addr=003D4400 evenodd=3 lod=5..5 aspect=0 format=5 data=02BDD680
2660 pid=FFF0CCF3 t=5953777 grTexSource#76049 tmu=0 addr=003D4400 evenodd=3 lod=5..5 aspect=0 format=5
2661 pid=FFF0CCF3 t=5953777 grTexDownloadMipMap#2101 tmu=0 addr=003A3400 evenodd=3 lod=6..6 aspect=-1 format=5 data=02BDD680
2662 pid=FFF0CCF3 t=5953777 grTexSource#76050 tmu=0 addr=003A3400 evenodd=3 lod=6..6 aspect=-1 format=5
2663 pid=FFF0CCF3 t=5953777 grTexDownloadMipMap#2102 tmu=0 addr=003CC400 evenodd=3 lod=5..5 aspect=-1 format=5 data=02BDD680
2664 pid=FFF0CCF3 t=5953780 grTexSource#76051 tmu=0 addr=003CC400 evenodd=3 lod=5..5 aspect=-1 format=5
2665 pid=FFF0CCF3 t=5953780 grTexDownloadMipMap#2105 tmu=0 addr=003D7400 evenodd=3 lod=4..4 aspect=-1 format=5 data=02BDD680
2666 pid=FFF0CCF3 t=5953780 grTexSource#76054 tmu=0 addr=003D7400 evenodd=3 lod=4..4 aspect=-1 format=5
2667 pid=FFF0CCF3 t=5953780 grTexDownloadMipMap#2106 tmu=0 addr=003CF400 evenodd=3 lod=5..5 aspect=-1 format=5 data=02BDD680
2668 pid=FFF0CCF3 t=5953780 grTexSource#76055 tmu=0 addr=003CF400 evenodd=3 lod=5..5 aspect=-1 format=5
2669 pid=FFF0CCF3 t=5953780 grTexDownloadMipMap#2107 tmu=0 addr=003DB400 evenodd=3 lod=5..5 aspect=-1 format=5 data=02BDD680
2670 pid=FFF0CCF3 t=5953780 grTexSource#76056 tmu=0 addr=003DB400 evenodd=3 lod=5..5 aspect=-1 format=5
2671 pid=FFF0CCF3 t=5953840 grTexDownloadMipMap#2109 tmu=0 addr=003D0400 evenodd=3 lod=7..7 aspect=-2 format=5 data=02BDD680
2672 pid=FFF0CCF3 t=5953840 grTexSource#76290 tmu=0 addr=003D0400 evenodd=3 lod=7..7 aspect=-2 format=5
2673 pid=FFF0CCF3 t=5953975 grTexDownloadMipMap#2113 tmu=0 addr=003D1400 evenodd=3 lod=7..7 aspect=-2 format=5 data=02BDD680
2674 pid=FFF0CCF3 t=5953975 grTexSource#76778 tmu=0 addr=003D1400 evenodd=3 lod=7..7 aspect=-2 format=5
2675 pid=FFF0CCF3 t=5953977 grTexDownloadMipMap#2115 tmu=0 addr=003A6400 evenodd=3 lod=5..5 aspect=0 format=5 data=02BDD680
2676 pid=FFF0CCF3 t=5953977 grTexSource#76781 tmu=0 addr=003A6400 evenodd=3 lod=5..5 aspect=0 format=5
2677 pid=FFF0CCF3 t=5953977 grTexDownloadMipMap#2116 tmu=0 addr=003DE400 evenodd=3 lod=6..6 aspect=-1 format=5 data=02BDD680
2678 pid=FFF0CCF3 t=5953977 grTexSource#76782 tmu=0 addr=003DE400 evenodd=3 lod=6..6 aspect=-1 format=5
2679 pid=FFF0CCF3 t=5953980 grTexDownloadMipMap#2120 tmu=0 addr=003DA400 evenodd=3 lod=4..4 aspect=-1 format=5 data=02BDD680
2680 pid=FFF0CCF3 t=5953980 grTexSource#76786 tmu=0 addr=003DA400 evenodd=3 lod=4..4 aspect=-1 format=5
2681 pid=FFF0CCF3 t=5953980 grTexDownloadMipMap#2121 tmu=0 addr=003C4400 evenodd=3 lod=5..5 aspect=-1 format=5 data=02BDD680
2682 pid=FFF0CCF3 t=5953980 grTexSource#76787 tmu=0 addr=003C4400 evenodd=3 lod=5..5 aspect=-1 format=5
2683 pid=FFF0CCF3 t=5953980 grTexDownloadMipMap#2122 tmu=0 addr=003DC400 evenodd=3 lod=5..5 aspect=-1 format=5 data=02BDD680
2684 pid=FFF0CCF3 t=5953980 grTexSource#76788 tmu=0 addr=003DC400 evenodd=3 lod=5..5 aspect=-1 format=5
2685 pid=FFF0CCF3 t=5954105 grTexDownloadMipMap#2129 tmu=0 addr=003DD400 evenodd=3 lod=7..7 aspect=-2 format=5 data=02BDD680
2686 pid=FFF0CCF3 t=5954105 grTexSource#77266 tmu=0 addr=003DD400 evenodd=3 lod=7..7 aspect=-2 format=5
2687 pid=FFF0CCF3 t=5954177 grTexDownloadMipMap#2134 tmu=0 addr=003A7400 evenodd=3 lod=5..5 aspect=0 format=5 data=02BDD680
2688 pid=FFF0CCF3 t=5954177 grTexSource#77513 tmu=0 addr=003A7400 evenodd=3 lod=5..5 aspect=0 format=5
2689 pid=FFF0CCF3 t=5954180 grTexDownloadMipMap#2139 tmu=0 addr=003AB400 evenodd=3 lod=4..4 aspect=-1 format=5 data=02BDD680
2690 pid=FFF0CCF3 t=5954180 grTexSource#77518 tmu=0 addr=003AB400 evenodd=3 lod=4..4 aspect=-1 format=5
2691 pid=FFF0CCF3 t=5954180 grTexDownloadMipMap#2141 tmu=0 addr=003AD400 evenodd=3 lod=5..5 aspect=-1 format=5 data=02BDD680
2692 pid=FFF0CCF3 t=5954180 grTexSource#77520 tmu=0 addr=003AD400 evenodd=3 lod=5..5 aspect=-1 format=5
2693 pid=FFF0CCF3 t=5954375 grTexDownloadMipMap#2148 tmu=0 addr=00388400 evenodd=3 lod=7..7 aspect=-2 format=5 data=02BDD680
2694 pid=FFF0CCF3 t=5954375 grTexSource#78242 tmu=0 addr=00388400 evenodd=3 lod=7..7 aspect=-2 format=5
2695 pid=FFF0CCF3 t=5954377 grTexDownloadMipMap#2149 tmu=0 addr=003A8400 evenodd=3 lod=6..6 aspect=-1 format=5 data=02BDD680
2696 pid=FFF0CCF3 t=5954377 grTexSource#78244 tmu=0 addr=003A8400 evenodd=3 lod=6..6 aspect=-1 format=5
2697 pid=FFF0CCF3 t=5954380 grTexDownloadMipMap#2154 tmu=0 addr=003B5400 evenodd=3 lod=4..4 aspect=0 format=5 data=02BDD680
2698 pid=FFF0CCF3 t=5954380 grTexSource#78249 tmu=0 addr=003B5400 evenodd=3 lod=4..4 aspect=0 format=5
2699 pid=FFF0CCF3 t=5954380 grTexDownloadMipMap#2155 tmu=0 addr=003B7400 evenodd=3 lod=4..4 aspect=0 format=5 data=02BDD680
2700 pid=FFF0CCF3 t=5954380 grTexSource#78250 tmu=0 addr=003B7400 evenodd=3 lod=4..4 aspect=0 format=5
2701 pid=FFF0CCF3 t=5954443 grTexDownloadMipMap#2160 tmu=0 addr=0038E400 evenodd=3 lod=7..7 aspect=-2 format=5 data=02BDD680
2702 pid=FFF0CCF3 t=5954443 grTexSource#78486 tmu=0 addr=0038E400 evenodd=3 lod=7..7 aspect=-2 format=5
2703 pid=FFF0CCF3 t=5954530 grTexDownloadMipMap#2165 tmu=0 addr=003AF400 evenodd=3 lod=5..5 aspect=0 format=5 data=02BDD680
2704 pid=FFF0CCF3 t=5954530 grTexSource#78907 tmu=0 addr=003AF400 evenodd=3 lod=5..5 aspect=0 format=5
2705 pid=FFF0CCF3 t=5954640 grTexDownloadMipMap#2169 tmu=0 addr=003BD400 evenodd=3 lod=6..6 aspect=-1 format=5 data=02BDD680
2706 pid=FFF0CCF3 t=5954640 grTexSource#79220 tmu=0 addr=003BD400 evenodd=3 lod=6..6 aspect=-1 format=5
2707 pid=FFF0CCF3 t=5954640 grTexDownloadMipMap#2170 tmu=0 addr=003B4400 evenodd=3 lod=5..5 aspect=0 format=5 data=02BDD680
2708 pid=FFF0CCF3 t=5954640 grTexSource#79221 tmu=0 addr=003B4400 evenodd=3 lod=5..5 aspect=0 format=5
2709 pid=FFF0CCF3 t=5954645 grTexDownloadMipMap#2172 tmu=0 addr=003BE400 evenodd=3 lod=5..5 aspect=-1 format=5 data=02BDD680
2710 pid=FFF0CCF3 t=5954645 grTexSource#79223 tmu=0 addr=003BE400 evenodd=3 lod=5..5 aspect=-1 format=5
2711 pid=FFF0CCF3 t=5954645 grTexDownloadMipMap#2174 tmu=0 addr=003B8400 evenodd=3 lod=4..4 aspect=0 format=5 data=02BDD680
2712 pid=FFF0CCF3 t=5954645 grTexSource#79225 tmu=0 addr=003B8400 evenodd=3 lod=4..4 aspect=0 format=5
2713 pid=FFF0CCF3 t=5954645 grTexDownloadMipMap#2175 tmu=0 addr=003C2400 evenodd=3 lod=4..4 aspect=-1 format=5 data=02BDD680
2714 pid=FFF0CCF3 t=5954645 grTexSource#79226 tmu=0 addr=003C2400 evenodd=3 lod=4..4 aspect=-1 format=5
2715 pid=FFF0CCF3 t=5954645 grTexDownloadMipMap#2177 tmu=0 addr=003CE400 evenodd=3 lod=5..5 aspect=-1 format=5 data=02BDD680
2716 pid=FFF0CCF3 t=5954645 grTexSource#79228 tmu=0 addr=003CE400 evenodd=3 lod=5..5 aspect=-1 format=5
2717 pid=FFF0CCF3 t=5954840 grTexDownloadMipMap#2187 tmu=0 addr=003D2400 evenodd=3 lod=6..6 aspect=-1 format=5 data=02BDD680
2718 pid=FFF0CCF3 t=5954840 grTexSource#79952 tmu=0 addr=003D2400 evenodd=3 lod=6..6 aspect=-1 format=5
2719 pid=FFF0CCF3 t=5954845 grTexDownloadMipMap#2188 tmu=0 addr=003C1400 evenodd=3 lod=5..5 aspect=0 format=5 data=02BDD680
2720 pid=FFF0CCF3 t=5954845 grTexSource#79953 tmu=0 addr=003C1400 evenodd=3 lod=5..5 aspect=0 format=5
2721 pid=FFF0CCF3 t=5954845 grTexDownloadMipMap#2190 tmu=0 addr=003BF400 evenodd=3 lod=5..5 aspect=-1 format=5 data=02BDD680
2722 pid=FFF0CCF3 t=5954845 grTexSource#79955 tmu=0 addr=003BF400 evenodd=3 lod=5..5 aspect=-1 format=5
2723 pid=FFF0CCF3 t=5954845 grTexDownloadMipMap#2193 tmu=0 addr=003CD400 evenodd=3 lod=4..4 aspect=-1 format=5 data=02BDD680
2724 pid=FFF0CCF3 t=5954845 grTexSource#79958 tmu=0 addr=003CD400 evenodd=3 lod=4..4 aspect=-1 format=5
2725 pid=FFF0CCF3 t=5954850 grTexDownloadMipMap#2194 tmu=0 addr=003D3400 evenodd=3 lod=5..5 aspect=-1 format=5 data=02BDD680
2726 pid=FFF0CCF3 t=5954850 grTexSource#79959 tmu=0 addr=003D3400 evenodd=3 lod=5..5 aspect=-1 format=5
2727 pid=FFF0CCF3 t=5954905 grTexDownloadMipMap#2197 tmu=0 addr=003A2400 evenodd=3 lod=7..7 aspect=-2 format=5 data=02BDD680
2728 pid=FFF0CCF3 t=5954905 grTexSource#80194 tmu=0 addr=003A2400 evenodd=3 lod=7..7 aspect=-2 format=5
2729 pid=FFF0CCF3 t=5955040 grTexDownloadMipMap#2203 tmu=0 addr=003CC400 evenodd=3 lod=5..5 aspect=0 format=5 data=02BDD680
2730 pid=FFF0CCF3 t=5955040 grTexSource#80685 tmu=0 addr=003CC400 evenodd=3 lod=5..5 aspect=0 format=5
2731 pid=FFF0CCF3 t=5955045 grTexDownloadMipMap#2208 tmu=0 addr=003DB400 evenodd=3 lod=4..4 aspect=-1 format=5 data=02BDD680
2732 pid=FFF0CCF3 t=5955045 grTexSource#80690 tmu=0 addr=003DB400 evenodd=3 lod=4..4 aspect=-1 format=5
2733 pid=FFF0CCF3 t=5955045 grTexDownloadMipMap#2209 tmu=0 addr=003B9400 evenodd=3 lod=5..5 aspect=-1 format=5 data=02BDD680
2734 pid=FFF0CCF3 t=5955045 grTexSource#80691 tmu=0 addr=003B9400 evenodd=3 lod=5..5 aspect=-1 format=5
2735 pid=FFF0CCF3 t=5955070 grTexDownloadMipMap#2212 tmu=0 addr=003B0400 evenodd=3 lod=5..5 aspect=0 format=5 data=02BDD680
2736 pid=FFF0CCF3 t=5955070 grTexSource#80859 tmu=0 addr=003B0400 evenodd=3 lod=5..5 aspect=0 format=5
2737 pid=FFF0CCF3 t=5955245 grTexDownloadMipMap#2221 tmu=0 addr=00387400 evenodd=3 lod=5..5 aspect=0 format=5 data=02BDD680
2738 pid=FFF0CCF3 t=5955245 grTexSource#81417 tmu=0 addr=00387400 evenodd=3 lod=5..5 aspect=0 format=5
2739 pid=FFF0CCF3 t=5955245 grTexDownloadMipMap#2226 tmu=0 addr=003DC400 evenodd=3 lod=4..4 aspect=1 format=5 data=02BDD680
2740 pid=FFF0CCF3 t=5955245 grTexSource#81422 tmu=0 addr=003DC400 evenodd=3 lod=4..4 aspect=1 format=5
2741 pid=FFF0CCF3 t=5955245 grTexDownloadMipMap#2227 tmu=0 addr=003A5400 evenodd=3 lod=4..4 aspect=-1 format=5 data=02BDD680
2742 pid=FFF0CCF3 t=5955245 grTexSource#81423 tmu=0 addr=003A5400 evenodd=3 lod=4..4 aspect=-1 format=5
2743 pid=FFF0CCF3 t=5955378 grTexDownloadMipMap#2237 tmu=0 addr=003D8400 evenodd=3 lod=5..5 aspect=-1 format=5 data=02BDD680
2744 pid=FFF0CCF3 t=5955378 grTexSource#81906 tmu=0 addr=003D8400 evenodd=3 lod=5..5 aspect=-1 format=5
2745 pid=FFF0CCF3 t=5955378 grTexDownloadMipMap#2238 tmu=0 addr=0038D400 evenodd=3 lod=6..6 aspect=-1 format=5 data=02BDD680
2746 pid=FFF0CCF3 t=5955378 grTexSource#81907 tmu=0 addr=0038D400 evenodd=3 lod=6..6 aspect=-1 format=5
2747 pid=FFF0CCF3 t=5955380 grTexDownloadMipMap#2242 tmu=0 addr=00388400 evenodd=3 lod=4..4 aspect=-1 format=5 data=02BDD680
2748 pid=FFF0CCF3 t=5955380 grTexSource#81911 tmu=0 addr=00388400 evenodd=3 lod=4..4 aspect=-1 format=5
2749 pid=FFF0CCF3 t=5955578 grTexDownloadMipMap#2252 tmu=0 addr=0033E400 evenodd=3 lod=8..8 aspect=-2 format=5 data=02BDD680
2750 pid=FFF0CCF3 t=5955578 grTexSource#82633 tmu=0 addr=0033E400 evenodd=3 lod=8..8 aspect=-2 format=5
2751 pid=FFF0CCF3 t=5955580 grTexDownloadMipMap#2255 tmu=0 addr=003A9400 evenodd=3 lod=5..5 aspect=0 format=5 data=02BDD680
2752 pid=FFF0CCF3 t=5955580 grTexSource#82637 tmu=0 addr=003A9400 evenodd=3 lod=5..5 aspect=0 format=5
2753 pid=FFF0CCF3 t=5955580 grTexDownloadMipMap#2260 tmu=0 addr=003AE400 evenodd=3 lod=4..4 aspect=1 format=5 data=02BDD680
2754 pid=FFF0CCF3 t=5955580 grTexSource#82642 tmu=0 addr=003AE400 evenodd=3 lod=4..4 aspect=1 format=5
2755 pid=FFF0CCF3 t=5955580 grTexDownloadMipMap#2261 tmu=0 addr=003B6400 evenodd=3 lod=4..4 aspect=-1 format=5 data=02BDD680
2756 pid=FFF0CCF3 t=5955580 grTexSource#82643 tmu=0 addr=003B6400 evenodd=3 lod=4..4 aspect=-1 format=5
2757 pid=FFF0CCF3 t=5955585 grTexDownloadMipMap#2263 tmu=0 addr=00342400 evenodd=3 lod=7..7 aspect=-1 format=5 data=02BDD680
2758 pid=FFF0CCF3 t=5955585 grTexSource#82645 tmu=0 addr=00342400 evenodd=3 lod=7..7 aspect=-1 format=5
2759 pid=FFF0CCF3 t=5955585 grTexDownloadMipMap#2264 tmu=0 addr=00346400 evenodd=3 lod=7..7 aspect=1 format=5 data=02BDD680
2760 pid=FFF0CCF3 t=5955585 grTexSource#82646 tmu=0 addr=00346400 evenodd=3 lod=7..7 aspect=1 format=5
2761 pid=FFF0CCF3 t=5955610 grTexDownloadMipMap#2265 tmu=0 addr=003C6400 evenodd=3 lod=5..5 aspect=0 format=5 data=02BDD680
2762 pid=FFF0CCF3 t=5955610 grTexSource#82811 tmu=0 addr=003C6400 evenodd=3 lod=5..5 aspect=0 format=5
2763 pid=FFF0CCF3 t=5955710 grTexDownloadMipMap#2272 tmu=0 addr=003BE400 evenodd=3 lod=4..4 aspect=0 format=5 data=02BDD680
2764 pid=FFF0CCF3 t=5955710 grTexSource#83126 tmu=0 addr=003BE400 evenodd=3 lod=4..4 aspect=0 format=5
2765 pid=FFF0CCF3 t=5955710 grTexDownloadMipMap#2273 tmu=0 addr=003C0400 evenodd=3 lod=6..6 aspect=-1 format=5 data=02BDD680
2766 pid=FFF0CCF3 t=5955710 grTexSource#83127 tmu=0 addr=003C0400 evenodd=3 lod=6..6 aspect=-1 format=5
2767 pid=FFF0CCF3 t=5955715 grTexDownloadMipMap#2275 tmu=0 addr=003C2400 evenodd=3 lod=4..4 aspect=1 format=5 data=02BDD680
2768 pid=FFF0CCF3 t=5955715 grTexSource#83129 tmu=0 addr=003C2400 evenodd=3 lod=4..4 aspect=1 format=5
2769 pid=FFF0CCF3 t=5955715 grTexDownloadMipMap#2277 tmu=0 addr=003CE400 evenodd=3 lod=4..4 aspect=-1 format=5 data=02BDD680
2770 pid=FFF0CCF3 t=5955715 grTexSource#83131 tmu=0 addr=003CE400 evenodd=3 lod=4..4 aspect=-1 format=5
2771 pid=FFF0CCF3 t=5955845 grTexDownloadMipMap#2287 tmu=0 addr=003C9400 evenodd=3 lod=4..4 aspect=0 format=5 data=02BDD680
2772 pid=FFF0CCF3 t=5955845 grTexSource#83614 tmu=0 addr=003C9400 evenodd=3 lod=4..4 aspect=0 format=5
2773 pid=FFF0CCF3 t=5955848 grTexDownloadMipMap#2288 tmu=0 addr=003BF400 evenodd=3 lod=6..6 aspect=-1 format=5 data=02BDD680
2774 pid=FFF0CCF3 t=5955848 grTexSource#83615 tmu=0 addr=003BF400 evenodd=3 lod=6..6 aspect=-1 format=5
2775 pid=FFF0CCF3 t=5955848 grTexDownloadMipMap#2289 tmu=0 addr=003CA400 evenodd=3 lod=6..6 aspect=-2 format=5 data=02BDD680
2776 pid=FFF0CCF3 t=5955848 grTexSource#83616 tmu=0 addr=003CA400 evenodd=3 lod=6..6 aspect=-2 format=5
2777 pid=FFF0CCF3 t=5955850 grTexDownloadMipMap#2290 tmu=0 addr=003C5400 evenodd=3 lod=4..4 aspect=1 format=5 data=02BDD680
2778 pid=FFF0CCF3 t=5955850 grTexSource#83617 tmu=0 addr=003C5400 evenodd=3 lod=4..4 aspect=1 format=5
2779 pid=FFF0CCF3 t=5955850 grTexDownloadMipMap#2292 tmu=0 addr=003D3400 evenodd=3 lod=4..4 aspect=-1 format=5 data=02BDD680
2780 pid=FFF0CCF3 t=5955850 grTexSource#83619 tmu=0 addr=003D3400 evenodd=3 lod=4..4 aspect=-1 format=5
2781 pid=FFF0CCF3 t=5955921 grTexDownloadMipMap#2296 tmu=0 addr=00376400 evenodd=3 lod=8..8 aspect=-2 format=5 data=02BDD680
2782 pid=FFF0CCF3 t=5955921 grTexSource#83853 tmu=0 addr=00376400 evenodd=3 lod=8..8 aspect=-2 format=5
2783 pid=FFF0CCF3 t=5955921 grTexDownloadMipMap#2297 tmu=0 addr=003AF400 evenodd=3 lod=7..7 aspect=-2 format=5 data=02BDD680
2784 pid=FFF0CCF3 t=5955921 grTexSource#83854 tmu=0 addr=003AF400 evenodd=3 lod=7..7 aspect=-2 format=5
2785 pid=FFF0CCF3 t=5955925 grTexDownloadMipMap#2299 tmu=0 addr=003DD400 evenodd=3 lod=5..5 aspect=0 format=5 data=02BDD680
2786 pid=FFF0CCF3 t=5955925 grTexSource#83857 tmu=0 addr=003DD400 evenodd=3 lod=5..5 aspect=0 format=5
2787 pid=FFF0CCF3 t=5955927 grTexDownloadMipMap#2300 tmu=0 addr=003D5400 evenodd=3 lod=5..5 aspect=-1 format=5 data=02BDD680
2788 pid=FFF0CCF3 t=5955927 grTexSource#83858 tmu=0 addr=003D5400 evenodd=3 lod=5..5 aspect=-1 format=5
2789 pid=FFF0CCF3 t=5955930 grTexDownloadMipMap#2304 tmu=0 addr=003CB400 evenodd=3 lod=4..4 aspect=1 format=5 data=02BDD680
2790 pid=FFF0CCF3 t=5955930 grTexSource#83862 tmu=0 addr=003CB400 evenodd=3 lod=4..4 aspect=1 format=5
2791 pid=FFF0CCF3 t=5955930 grTexDownloadMipMap#2308 tmu=0 addr=00372400 evenodd=3 lod=7..7 aspect=1 format=5 data=02BDD680
2792 pid=FFF0CCF3 t=5955930 grTexSource#83866 tmu=0 addr=00372400 evenodd=3 lod=7..7 aspect=1 format=5
2793 pid=FFF0CCF3 t=5956060 grTexDownloadMipMap#2313 tmu=0 addr=003B9400 evenodd=3 lod=7..7 aspect=-2 format=5 data=02BDD680
2794 pid=FFF0CCF3 t=5956060 grTexSource#84342 tmu=0 addr=003B9400 evenodd=3 lod=7..7 aspect=-2 format=5
2795 pid=FFF0CCF3 t=5956060 grTexDownloadMipMap#2314 tmu=0 addr=003D1400 evenodd=3 lod=6..6 aspect=-1 format=5 data=02BDD680
2796 pid=FFF0CCF3 t=5956060 grTexSource#84344 tmu=0 addr=003D1400 evenodd=3 lod=6..6 aspect=-1 format=5
2797 pid=FFF0CCF3 t=5956065 grTexDownloadMipMap#2318 tmu=0 addr=00387400 evenodd=3 lod=6..6 aspect=-2 format=5 data=02BDD680
2798 pid=FFF0CCF3 t=5956065 grTexSource#84348 tmu=0 addr=00387400 evenodd=3 lod=6..6 aspect=-2 format=5
2799 pid=FFF0CCF3 t=5956127 grTexDownloadMipMap#2324 tmu=0 addr=00316400 evenodd=3 lod=8..8 aspect=-2 format=5 data=02BDD680
2800 pid=FFF0CCF3 t=5956127 grTexSource#84585 tmu=0 addr=00316400 evenodd=3 lod=8..8 aspect=-2 format=5
2801 pid=FFF0CCF3 t=5956195 grTexDownloadMipMap#2330 tmu=0 addr=0033E400 evenodd=3 lod=7..7 aspect=-1 format=5 data=02BDD680
2802 pid=FFF0CCF3 t=5956195 grTexSource#84841 tmu=0 addr=0033E400 evenodd=3 lod=7..7 aspect=-1 format=5
2803 pid=FFF0CCF3 t=5956195 grTexDownloadMipMap#2331 tmu=0 addr=00342400 evenodd=3 lod=7..7 aspect=1 format=5 data=02BDD680
2804 pid=FFF0CCF3 t=5956195 grTexSource#84842 tmu=0 addr=00342400 evenodd=3 lod=7..7 aspect=1 format=5
2805 pid=FFF0CCF3 t=5956260 grTexDownloadMipMap#2337 tmu=0 addr=0038B400 evenodd=3 lod=6..6 aspect=-1 format=5 data=02BDD680
2806 pid=FFF0CCF3 t=5956265 grTexSource#85079 tmu=0 addr=0038B400 evenodd=3 lod=6..6 aspect=-1 format=5
2807 pid=FFF0CCF3 t=5956265 grTexDownloadMipMap#2341 tmu=0 addr=003B1400 evenodd=3 lod=4..4 aspect=-1 format=5 data=02BDD680
2808 pid=FFF0CCF3 t=5956265 grTexSource#85083 tmu=0 addr=003B1400 evenodd=3 lod=4..4 aspect=-1 format=5
2809 pid=FFF0CCF3 t=5956395 grTexDownloadMipMap#2349 tmu=0 addr=003B0400 evenodd=3 lod=6..6 aspect=-1 format=5 data=02BDD680
2810 pid=FFF0CCF3 t=5956395 grTexSource#85564 tmu=0 addr=003B0400 evenodd=3 lod=6..6 aspect=-1 format=5
2811 pid=FFF0CCF3 t=5956395 grTexDownloadMipMap#2351 tmu=0 addr=003C7400 evenodd=3 lod=5..5 aspect=-1 format=5 data=02BDD680
2812 pid=FFF0CCF3 t=5956395 grTexSource#85566 tmu=0 addr=003C7400 evenodd=3 lod=5..5 aspect=-1 format=5
2813 pid=FFF0CCF3 t=5956530 grTexDownloadMipMap#2366 tmu=0 addr=003BD400 evenodd=3 lod=5..5 aspect=0 format=5 data=02BDD680
2814 pid=FFF0CCF3 t=5956530 grTexSource#86053 tmu=0 addr=003BD400 evenodd=3 lod=5..5 aspect=0 format=5
2815 pid=FFF0CCF3 t=5956530 grTexDownloadMipMap#2368 tmu=0 addr=003B2400 evenodd=3 lod=5..5 aspect=-1 format=5 data=02BDD680
2816 pid=FFF0CCF3 t=5956530 grTexSource#86055 tmu=0 addr=003B2400 evenodd=3 lod=5..5 aspect=-1 format=5
2817 pid=FFF0CCF3 t=5956655 grTexDownloadMipMap#2381 tmu=0 addr=003D2400 evenodd=3 lod=5..5 aspect=0 format=5 data=02BDD680
2818 pid=FFF0CCF3 t=5956655 grTexSource#86541 tmu=0 addr=003D2400 evenodd=3 lod=5..5 aspect=0 format=5
2819 pid=FFF0CCF3 t=5956660 grTexDownloadMipMap#2383 tmu=0 addr=003C9400 evenodd=3 lod=5..5 aspect=-1 format=5 data=02BDD680
2820 pid=FFF0CCF3 t=5956660 grTexSource#86543 tmu=0 addr=003C9400 evenodd=3 lod=5..5 aspect=-1 format=5
2821 pid=FFF0CCF3 t=5956688 grTexDownloadMipMap#2391 tmu=0 addr=003D0400 evenodd=3 lod=5..5 aspect=0 format=5 data=02BDD680
2822 pid=FFF0CCF3 t=5956688 grTexSource#86715 tmu=0 addr=003D0400 evenodd=3 lod=5..5 aspect=0 format=5
2823 pid=FFF0CCF3 t=5956795 grTexDownloadMipMap#2396 tmu=0 addr=003DB400 evenodd=3 lod=6..6 aspect=-1 format=5 data=02BDD680
2824 pid=FFF0CCF3 t=5956795 grTexSource#87028 tmu=0 addr=003DB400 evenodd=3 lod=6..6 aspect=-1 format=5
2825 pid=FFF0CCF3 t=5956795 grTexDownloadMipMap#2400 tmu=0 addr=003A3400 evenodd=3 lod=4..4 aspect=1 format=5 data=02BDD680
2826 pid=FFF0CCF3 t=5956795 grTexSource#87032 tmu=0 addr=003A3400 evenodd=3 lod=4..4 aspect=1 format=5
2827 pid=FFF0CCF3 t=5956800 grTexDownloadMipMap#2401 tmu=0 addr=003CC400 evenodd=3 lod=4..4 aspect=0 format=5 data=02BDD680
2828 pid=FFF0CCF3 t=5956800 grTexSource#87033 tmu=0 addr=003CC400 evenodd=3 lod=4..4 aspect=0 format=5
2829 pid=FFF0CCF3 t=5956800 grTexDownloadMipMap#2402 tmu=0 addr=003D6400 evenodd=3 lod=4..4 aspect=-1 format=5 data=02BDD680
2830 pid=FFF0CCF3 t=5956800 grTexSource#87034 tmu=0 addr=003D6400 evenodd=3 lod=4..4 aspect=-1 format=5
2831 pid=FFF0CCF3 t=5956875 grTexDownloadMipMap#2409 tmu=0 addr=0035A400 evenodd=3 lod=7..7 aspect=-1 format=5 data=02BDD680
2832 pid=FFF0CCF3 t=5956875 grTexSource#87281 tmu=0 addr=0035A400 evenodd=3 lod=7..7 aspect=-1 format=5
2833 pid=FFF0CCF3 t=5956930 grTexDownloadMipMap#2414 tmu=0 addr=003DC400 evenodd=3 lod=5..5 aspect=0 format=5 data=02BDD680
2834 pid=FFF0CCF3 t=5956930 grTexSource#87517 tmu=0 addr=003DC400 evenodd=3 lod=5..5 aspect=0 format=5
2835 pid=FFF0CCF3 t=5956995 grTexDownloadMipMap#2422 tmu=0 addr=00356400 evenodd=3 lod=8..8 aspect=-2 format=5 data=02BDD680
2836 pid=FFF0CCF3 t=5956995 grTexSource#87757 tmu=0 addr=00356400 evenodd=3 lod=8..8 aspect=-2 format=5
2837 pid=FFF0CCF3 t=5956995 grTexDownloadMipMap#2425 tmu=0 addr=0035E400 evenodd=3 lod=7..7 aspect=1 format=5 data=02BDD680
2838 pid=FFF0CCF3 t=5956995 grTexSource#87770 tmu=0 addr=0035E400 evenodd=3 lod=7..7 aspect=1 format=5
2839 pid=FFF0CCF3 t=5957060 grTexDownloadMipMap#2426 tmu=0 addr=003DA400 evenodd=3 lod=7..7 aspect=-2 format=5 data=02BDD680
2840 pid=FFF0CCF3 t=5957060 grTexSource#88002 tmu=0 addr=003DA400 evenodd=3 lod=7..7 aspect=-2 format=5
2841 pid=FFF0CCF3 t=5957065 grTexDownloadMipMap#2429 tmu=0 addr=00388400 evenodd=3 lod=6..6 aspect=-1 format=5 data=02BDD680
2842 pid=FFF0CCF3 t=5957065 grTexSource#88006 tmu=0 addr=00388400 evenodd=3 lod=6..6 aspect=-1 format=5
2843 pid=FFF0CCF3 t=5957065 grTexDownloadMipMap#2433 tmu=0 addr=0038B400 evenodd=3 lod=4..4 aspect=-1 format=5 data=02BDD680
2844 pid=FFF0CCF3 t=5957065 grTexSource#88010 tmu=0 addr=0038B400 evenodd=3 lod=4..4 aspect=-1 format=5
2845 pid=FFF0CCF3 t=5957195 grTexDownloadMipMap#2444 tmu=0 addr=003AD400 evenodd=3 lod=5..5 aspect=0 format=5 data=02BDD680
2846 pid=FFF0CCF3 t=5957195 grTexSource#88493 tmu=0 addr=003AD400 evenodd=3 lod=5..5 aspect=0 format=5
2847 pid=FFF0CCF3 t=5957195 grTexDownloadMipMap#2447 tmu=0 addr=003B0400 evenodd=3 lod=4..4 aspect=1 format=5 data=02BDD680
2848 pid=FFF0CCF3 t=5957195 grTexSource#88496 tmu=0 addr=003B0400 evenodd=3 lod=4..4 aspect=1 format=5
2849 pid=FFF0CCF3 t=5957200 grTexDownloadMipMap#2449 tmu=0 addr=003C7400 evenodd=3 lod=4..4 aspect=-1 format=5 data=02BDD680
2850 pid=FFF0CCF3 t=5957200 grTexSource#88498 tmu=0 addr=003C7400 evenodd=3 lod=4..4 aspect=-1 format=5
2851 pid=FFF0CCF3 t=5957200 grTexDownloadMipMap#2450 tmu=0 addr=003B3400 evenodd=3 lod=5..5 aspect=-1 format=5 data=02BDD680
2852 pid=FFF0CCF3 t=5957200 grTexSource#88499 tmu=0 addr=003B3400 evenodd=3 lod=5..5 aspect=-1 format=5
2853 pid=FFF0CCF3 t=5957225 grTexDownloadMipMap#2452 tmu=0 addr=003AC400 evenodd=3 lod=5..5 aspect=0 format=5 data=02BDD680
2854 pid=FFF0CCF3 t=5957225 grTexSource#88667 tmu=0 addr=003AC400 evenodd=3 lod=5..5 aspect=0 format=5
2855 pid=FFF0CCF3 t=5957260 grTexDownloadMipMap#2454 tmu=0 addr=003AA400 evenodd=3 lod=7..7 aspect=-2 format=5 data=02BDD680
2856 pid=FFF0CCF3 t=5957260 grTexSource#88734 tmu=0 addr=003AA400 evenodd=3 lod=7..7 aspect=-2 format=5
2857 pid=FFF0CCF3 t=5957330 grTexDownloadMipMap#2462 tmu=0 addr=003BD400 evenodd=3 lod=4..4 aspect=1 format=5 data=02BDD680
2858 pid=FFF0CCF3 t=5957330 grTexSource#88984 tmu=0 addr=003BD400 evenodd=3 lod=4..4 aspect=1 format=5
2859 pid=FFF0CCF3 t=5957330 grTexDownloadMipMap#2464 tmu=0 addr=003B2400 evenodd=3 lod=4..4 aspect=-1 format=5 data=02BDD680
2860 pid=FFF0CCF3 t=5957330 grTexSource#88986 tmu=0 addr=003B2400 evenodd=3 lod=4..4 aspect=-1 format=5
2861 pid=FFF0CCF3 t=5957460 grTexDownloadMipMap#2475 tmu=0 addr=003BA400 evenodd=3 lod=6..6 aspect=-1 format=5 data=02BDD680
2862 pid=FFF0CCF3 t=5957465 grTexSource#89468 tmu=0 addr=003BA400 evenodd=3 lod=6..6 aspect=-1 format=5
2863 pid=FFF0CCF3 t=5957665 grTexDownloadMipMap#2494 tmu=0 addr=003CF400 evenodd=3 lod=5..5 aspect=0 format=5 data=02BDD680
2864 pid=FFF0CCF3 t=5957665 grTexSource#90201 tmu=0 addr=003CF400 evenodd=3 lod=5..5 aspect=0 format=5
2865 pid=FFF0CCF3 t=5957665 grTexDownloadMipMap#2498 tmu=0 addr=003D5400 evenodd=3 lod=4..4 aspect=1 format=5 data=02BDD680
2866 pid=FFF0CCF3 t=5957665 grTexSource#90205 tmu=0 addr=003D5400 evenodd=3 lod=4..4 aspect=1 format=5
2867 pid=FFF0CCF3 t=5957665 grTexDownloadMipMap#2500 tmu=0 addr=003CC400 evenodd=3 lod=4..4 aspect=-1 format=5 data=02BDD680
2868 pid=FFF0CCF3 t=5957665 grTexSource#90207 tmu=0 addr=003CC400 evenodd=3 lod=4..4 aspect=-1 format=5
2869 pid=FFF0CCF3 t=5957670 grTexDownloadMipMap#2501 tmu=0 addr=003D6400 evenodd=3 lod=5..5 aspect=-1 format=5 data=02BDD680
2870 pid=FFF0CCF3 t=5957670 grTexSource#90208 tmu=0 addr=003D6400 evenodd=3 lod=5..5 aspect=-1 format=5
2871 pid=FFF0CCF3 t=5957730 grTexDownloadMipMap#2505 tmu=0 addr=003CB400 evenodd=3 lod=7..7 aspect=-2 format=5 data=02BDD680
2872 pid=FFF0CCF3 t=5957730 grTexSource#90442 tmu=0 addr=003CB400 evenodd=3 lod=7..7 aspect=-2 format=5
2873 pid=FFF0CCF3 t=5957800 grTexDownloadMipMap#2516 tmu=0 addr=003DE400 evenodd=3 lod=4..4 aspect=-1 format=5 data=02BDD680
2874 pid=FFF0CCF3 t=5957800 grTexSource#90695 tmu=0 addr=003DE400 evenodd=3 lod=4..4 aspect=-1 format=5
2875 pid=FFF0CCF3 t=5957880 grTexDownloadMipMap#2528 tmu=0 addr=0038A400 evenodd=3 lod=4..4 aspect=1 format=5 data=02BDD680
2876 pid=FFF0CCF3 t=5957880 grTexSource#90938 tmu=0 addr=0038A400 evenodd=3 lod=4..4 aspect=1 format=5
2877 pid=FFF0CCF3 t=5957880 grTexDownloadMipMap#2531 tmu=0 addr=0037A400 evenodd=3 lod=7..7 aspect=-1 format=5 data=02BDD680
2878 pid=FFF0CCF3 t=5957880 grTexSource#90941 tmu=0 addr=0037A400 evenodd=3 lod=7..7 aspect=-1 format=5
2879 pid=FFF0CCF3 t=5957880 grTexDownloadMipMap#2532 tmu=0 addr=0037E400 evenodd=3 lod=7..7 aspect=1 format=5 data=02BDD680
2880 pid=FFF0CCF3 t=5957880 grTexSource#90942 tmu=0 addr=0037E400 evenodd=3 lod=7..7 aspect=1 format=5
2881 pid=FFF0CCF3 t=5958015 grTexDownloadMipMap#2540 tmu=0 addr=003B1400 evenodd=3 lod=4..4 aspect=0 format=5 data=02BDD680
2882 pid=FFF0CCF3 t=5958015 grTexSource#91422 tmu=0 addr=003B1400 evenodd=3 lod=4..4 aspect=0 format=5
2883 pid=FFF0CCF3 t=5958015 grTexDownloadMipMap#2545 tmu=0 addr=003A8400 evenodd=3 lod=4..4 aspect=-1 format=5 data=02BDD680
2884 pid=FFF0CCF3 t=5958015 grTexSource#91427 tmu=0 addr=003A8400 evenodd=3 lod=4..4 aspect=-1 format=5
2885 pid=FFF0CCF3 t=5958145 grTexDownloadMipMap#2552 tmu=0 addr=003A9400 evenodd=3 lod=7..7 aspect=-2 format=5 data=02BDD680
2886 pid=FFF0CCF3 t=5958145 grTexSource#91906 tmu=0 addr=003A9400 evenodd=3 lod=7..7 aspect=-2 format=5
2887 pid=FFF0CCF3 t=5958150 grTexDownloadMipMap#2554 tmu=0 addr=003B8400 evenodd=3 lod=5..5 aspect=0 format=5 data=02BDD680
2888 pid=FFF0CCF3 t=5958150 grTexSource#91909 tmu=0 addr=003B8400 evenodd=3 lod=5..5 aspect=0 format=5
2889 pid=FFF0CCF3 t=5958150 grTexDownloadMipMap#2557 tmu=0 addr=003CE400 evenodd=3 lod=6..6 aspect=-2 format=5 data=02BDD680
2890 pid=FFF0CCF3 t=5958150 grTexSource#91912 tmu=0 addr=003CE400 evenodd=3 lod=6..6 aspect=-2 format=5
2891 pid=FFF0CCF3 t=5958150 grTexDownloadMipMap#2560 tmu=0 addr=003B4400 evenodd=3 lod=4..4 aspect=-1 format=5 data=02BDD680
2892 pid=FFF0CCF3 t=5958150 grTexSource#91915 tmu=0 addr=003B4400 evenodd=3 lod=4..4 aspect=-1 format=5
2893 pid=FFF0CCF3 t=5958305 grTexDownloadMipMap#2571 tmu=0 addr=003C2400 evenodd=3 lod=5..5 aspect=0 format=5 data=02BDD680
2894 pid=FFF0CCF3 t=5958305 grTexSource#92571 tmu=0 addr=003C2400 evenodd=3 lod=5..5 aspect=0 format=5
2895 pid=FFF0CCF3 t=5958345 grTexDownloadMipMap#2572 tmu=0 addr=00362400 evenodd=3 lod=8..8 aspect=-2 format=5 data=02BDD680
2896 pid=FFF0CCF3 t=5958345 grTexSource#92637 tmu=0 addr=00362400 evenodd=3 lod=8..8 aspect=-2 format=5
2897 pid=FFF0CCF3 t=5958350 grTexDownloadMipMap#2579 tmu=0 addr=003D2400 evenodd=3 lod=4..4 aspect=1 format=5 data=02BDD680
2898 pid=FFF0CCF3 t=5958350 grTexSource#92645 tmu=0 addr=003D2400 evenodd=3 lod=4..4 aspect=1 format=5
2899 pid=FFF0CCF3 t=5958350 grTexDownloadMipMap#2581 tmu=0 addr=003C9400 evenodd=3 lod=4..4 aspect=-1 format=5 data=02BDD680
2900 pid=FFF0CCF3 t=5958350 grTexSource#92647 tmu=0 addr=003C9400 evenodd=3 lod=4..4 aspect=-1 format=5
2901 pid=FFF0CCF3 t=5958495 grTexDownloadMipMap#2589 tmu=0 addr=003AC400 evenodd=3 lod=6..6 aspect=-1 format=5 data=02BDD680
2902 pid=FFF0CCF3 t=5958495 grTexSource#93128 tmu=0 addr=003AC400 evenodd=3 lod=6..6 aspect=-1 format=5
2903 pid=FFF0CCF3 t=5958498 grTexDownloadMipMap#2593 tmu=0 addr=003DB400 evenodd=3 lod=6..6 aspect=-2 format=5 data=02BDD680
2904 pid=FFF0CCF3 t=5958498 grTexSource#93132 tmu=0 addr=003DB400 evenodd=3 lod=6..6 aspect=-2 format=5
2905 pid=FFF0CCF3 t=5958498 grTexDownloadMipMap#2594 tmu=0 addr=003D4400 evenodd=3 lod=4..4 aspect=1 format=5 data=02BDD680
2906 pid=FFF0CCF3 t=5958498 grTexSource#93133 tmu=0 addr=003D4400 evenodd=3 lod=4..4 aspect=1 format=5
2907 pid=FFF0CCF3 t=5958498 grTexDownloadMipMap#2595 tmu=0 addr=003DD400 evenodd=3 lod=4..4 aspect=1 format=5 data=02BDD680
2908 pid=FFF0CCF3 t=5958498 grTexSource#93134 tmu=0 addr=003DD400 evenodd=3 lod=4..4 aspect=1 format=5
2909 pid=FFF0CCF3 t=5958500 grTexDownloadMipMap#2596 tmu=0 addr=003D5400 evenodd=3 lod=4..4 aspect=-1 format=5 data=02BDD680
2910 pid=FFF0CCF3 t=5958500 grTexSource#93135 tmu=0 addr=003D5400 evenodd=3 lod=4..4 aspect=-1 format=5
2911 pid=FFF0CCF3 t=5958575 grTexDownloadMipMap#2604 tmu=0 addr=0038C400 evenodd=3 lod=5..5 aspect=-1 format=5 data=02BDD680
2912 pid=FFF0CCF3 t=5958575 grTexSource#93374 tmu=0 addr=0038C400 evenodd=3 lod=5..5 aspect=-1 format=5
2913 pid=FFF0CCF3 t=5958575 grTexDownloadMipMap#2607 tmu=0 addr=003BB400 evenodd=3 lod=4..4 aspect=1 format=5 data=02BDD680
2914 pid=FFF0CCF3 t=5958575 grTexSource#93377 tmu=0 addr=003BB400 evenodd=3 lod=4..4 aspect=1 format=5
2915 pid=FFF0CCF3 t=5958580 grTexDownloadMipMap#2612 tmu=0 addr=00316400 evenodd=3 lod=7..7 aspect=1 format=5 data=02BDD680
2916 pid=FFF0CCF3 t=5958580 grTexSource#93382 tmu=0 addr=00316400 evenodd=3 lod=7..7 aspect=1 format=5
2917 pid=FFF0CCF3 t=5958715 grTexDownloadMipMap#2618 tmu=0 addr=003D9400 evenodd=3 lod=5..5 aspect=0 format=5 data=02BDD680
2918 pid=FFF0CCF3 t=5958715 grTexSource#93861 tmu=0 addr=003D9400 evenodd=3 lod=5..5 aspect=0 format=5
2919 pid=FFF0CCF3 t=5958720 grTexDownloadMipMap#2625 tmu=0 addr=003C3400 evenodd=3 lod=5..5 aspect=-1 format=5 data=02BDD680
2920 pid=FFF0CCF3 t=5958720 grTexSource#93868 tmu=0 addr=003C3400 evenodd=3 lod=5..5 aspect=-1 format=5
2921 pid=FFF0CCF3 t=5958780 grTexDownloadMipMap#2629 tmu=0 addr=0038A400 evenodd=3 lod=7..7 aspect=-2 format=5 data=02BDD680
2922 pid=FFF0CCF3 t=5958780 grTexSource#94102 tmu=0 addr=0038A400 evenodd=3 lod=7..7 aspect=-2 format=5
2923 pid=FFF0CCF3 t=5958848 grTexDownloadMipMap#2631 tmu=0 addr=0038B400 evenodd=3 lod=7..7 aspect=-2 format=5 data=02BDD680
2924 pid=FFF0CCF3 t=5958848 grTexSource#94346 tmu=0 addr=0038B400 evenodd=3 lod=7..7 aspect=-2 format=5
2925 pid=FFF0CCF3 t=5959050 grTexDownloadMipMap#2656 tmu=0 addr=003B5400 evenodd=3 lod=5..5 aspect=-1 format=5 data=02BDD680
2926 pid=FFF0CCF3 t=5959050 grTexSource#95083 tmu=0 addr=003B5400 evenodd=3 lod=5..5 aspect=-1 format=5
2927 pid=FFF0CCF3 t=5959180 grTexDownloadMipMap#2668 tmu=0 addr=003C5400 evenodd=3 lod=5..5 aspect=0 format=5 data=02BDD680
2928 pid=FFF0CCF3 t=5959180 grTexSource#95569 tmu=0 addr=003C5400 evenodd=3 lod=5..5 aspect=0 format=5
2929 pid=FFF0CCF3 t=5959185 grTexDownloadMipMap#2672 tmu=0 addr=003A5400 evenodd=3 lod=4..4 aspect=0 format=5 data=02BDD680
2930 pid=FFF0CCF3 t=5959185 grTexSource#95573 tmu=0 addr=003A5400 evenodd=3 lod=4..4 aspect=0 format=5
2931 pid=FFF0CCF3 t=5959185 grTexDownloadMipMap#2674 tmu=0 addr=003A2400 evenodd=3 lod=5..5 aspect=-1 format=5 data=02BDD680
2932 pid=FFF0CCF3 t=5959185 grTexSource#95575 tmu=0 addr=003A2400 evenodd=3 lod=5..5 aspect=-1 format=5
2933 pid=FFF0CCF3 t=5959315 grTexDownloadMipMap#2688 tmu=0 addr=003AF400 evenodd=3 lod=4..4 aspect=1 format=5 data=02BDD680
2934 pid=FFF0CCF3 t=5959315 grTexSource#96060 tmu=0 addr=003AF400 evenodd=3 lod=4..4 aspect=1 format=5
2935 pid=FFF0CCF3 t=5959409 grTexDownloadMipMap#2697 tmu=0 addr=003A3400 evenodd=3 lod=5..5 aspect=0 format=5 data=02BDD680
2936 pid=FFF0CCF3 t=5959409 grTexSource#96475 tmu=0 addr=003A3400 evenodd=3 lod=5..5 aspect=0 format=5
2937 pid=FFF0CCF3 t=5959450 grTexDownloadMipMap#2705 tmu=0 addr=003D1400 evenodd=3 lod=4..4 aspect=-1 format=5 data=02BDD680
2938 pid=FFF0CCF3 t=5959450 grTexSource#96550 tmu=0 addr=003D1400 evenodd=3 lod=4..4 aspect=-1 format=5
2939 pid=FFF0CCF3 t=5959450 grTexDownloadMipMap#2706 tmu=0 addr=003A6400 evenodd=3 lod=5..5 aspect=-1 format=5 data=02BDD680
2940 pid=FFF0CCF3 t=5959450 grTexSource#96551 tmu=0 addr=003A6400 evenodd=3 lod=5..5 aspect=-1 format=5
2941 pid=FFF0CCF3 t=5959580 grTexDownloadMipMap#2717 tmu=0 addr=003D9400 evenodd=3 lod=6..6 aspect=-1 format=5 data=02BDD680
2942 pid=FFF0CCF3 t=5959580 grTexSource#97034 tmu=0 addr=003D9400 evenodd=3 lod=6..6 aspect=-1 format=5
2943 pid=FFF0CCF3 t=5959585 grTexDownloadMipMap#2722 tmu=0 addr=00388400 evenodd=3 lod=5..5 aspect=-1 format=5 data=02BDD680
2944 pid=FFF0CCF3 t=5959585 grTexSource#97039 tmu=0 addr=00388400 evenodd=3 lod=5..5 aspect=-1 format=5
2945 pid=FFF0CCF3 t=5959785 grTexDownloadMipMap#2734 tmu=0 addr=003C7400 evenodd=3 lod=5..5 aspect=0 format=5 data=02BDD680
2946 pid=FFF0CCF3 t=5959785 grTexSource#97765 tmu=0 addr=003C7400 evenodd=3 lod=5..5 aspect=0 format=5
2947 pid=FFF0CCF3 t=5959915 grTexDownloadMipMap#2747 tmu=0 addr=003AE400 evenodd=3 lod=6..6 aspect=-1 format=5 data=02BDD680
2948 pid=FFF0CCF3 t=5959915 grTexSource#98252 tmu=0 addr=003AE400 evenodd=3 lod=6..6 aspect=-1 format=5
2949 pid=FFF0CCF3 t=5960050 grTexDownloadMipMap#2766 tmu=0 addr=003B2400 evenodd=3 lod=4..4 aspect=0 format=5 data=02BDD680
2950 pid=FFF0CCF3 t=5960050 grTexSource#98742 tmu=0 addr=003B2400 evenodd=3 lod=4..4 aspect=0 format=5
2951 pid=FFF0CCF3 t=5960050 grTexDownloadMipMap#2767 tmu=0 addr=003C5400 evenodd=3 lod=6..6 aspect=-1 format=5 data=02BDD680
2952 pid=FFF0CCF3 t=5960050 grTexSource#98743 tmu=0 addr=003C5400 evenodd=3 lod=6..6 aspect=-1 format=5
2953 pid=FFF0CCF3 t=5960130 grTexDownloadMipMap#2778 tmu=0 addr=003C9400 evenodd=3 lod=5..5 aspect=0 format=5 data=02BDD680
2954 pid=FFF0CCF3 t=5960130 grTexSource#98985 tmu=0 addr=003C9400 evenodd=3 lod=5..5 aspect=0 format=5
2955 pid=FFF0CCF3 t=5960545 grTexDownloadMipMap#2831 tmu=0 addr=003D0400 evenodd=3 lod=4..4 aspect=1 format=5 data=02BDD680
2956 pid=FFF0CCF3 t=5960550 grTexSource#100453 tmu=0 addr=003D0400 evenodd=3 lod=4..4 aspect=1 format=5
2957 pid=FFF0CCF3 t=5961542 grTexDownloadMipMap#2905 tmu=0 addr=003BB400 evenodd=3 lod=5..5 aspect=0 format=5 data=02BDD680
2958 pid=FFF0CCF3 t=5961542 grTexSource#102645 tmu=0 addr=003BB400 evenodd=3 lod=5..5 aspect=0 format=5
2959 pid=FFF0CCF3 t=5961542 grTexDownloadMipMap#2908 tmu=0 addr=003DE400 evenodd=3 lod=4..4 aspect=1 format=5 data=02BDD680
2960 pid=FFF0CCF3 t=5961542 grTexSource#102648 tmu=0 addr=003DE400 evenodd=3 lod=4..4 aspect=1 format=5
2961 pid=FFF0CCF3 t=5961542 grTexDownloadMipMap#2909 tmu=0 addr=003C3400 evenodd=3 lod=4..4 aspect=0 format=5 data=02BDD680
2962 pid=FFF0CCF3 t=5961545 grTexSource#102649 tmu=0 addr=003C3400 evenodd=3 lod=4..4 aspect=0 format=5
2963 pid=FFF0CCF3 t=5961720 grTexDownloadMipMap#2925 tmu=0 addr=0038F400 evenodd=3 lod=4..4 aspect=1 format=5 data=02BDD680
2964 pid=FFF0CCF3 t=5961720 grTexSource#103136 tmu=0 addr=0038F400 evenodd=3 lod=4..4 aspect=1 format=5
2965 pid=FFF0CCF3 t=5961855 grTexDownloadMipMap#2936 tmu=0 addr=003AB400 evenodd=3 lod=5..5 aspect=0 format=5 data=02BDD680
2966 pid=FFF0CCF3 t=5961855 grTexSource#103621 tmu=0 addr=003AB400 evenodd=3 lod=5..5 aspect=0 format=5
2967 pid=FFF0CCF3 t=5961855 grTexDownloadMipMap#2940 tmu=0 addr=003A3400 evenodd=3 lod=4..4 aspect=0 format=5 data=02BDD680
2968 pid=FFF0CCF3 t=5961855 grTexSource#103625 tmu=0 addr=003A3400 evenodd=3 lod=4..4 aspect=0 format=5
2969 pid=FFF0CCF3 t=5961990 grTexDownloadMipMap#2958 tmu=0 addr=003C1400 evenodd=3 lod=5..5 aspect=-1 format=5 data=02BDD680
2970 pid=FFF0CCF3 t=5961990 grTexSource#104115 tmu=0 addr=003C1400 evenodd=3 lod=5..5 aspect=-1 format=5
2971 pid=FFF0CCF3 t=5962120 grTexDownloadMipMap#2968 tmu=0 addr=003A5400 evenodd=3 lod=6..6 aspect=-1 format=5 data=02BDD680
2972 pid=FFF0CCF3 t=5962120 grTexSource#104598 tmu=0 addr=003A5400 evenodd=3 lod=6..6 aspect=-1 format=5
2973 pid=FFF0CCF3 t=5962120 grTexDownloadMipMap#2969 tmu=0 addr=003A7400 evenodd=3 lod=5..5 aspect=-1 format=5 data=02BDD680
2974 pid=FFF0CCF3 t=5962120 grTexSource#104599 tmu=0 addr=003A7400 evenodd=3 lod=5..5 aspect=-1 format=5
2975 pid=FFF0CCF3 t=5962255 grTexDownloadMipMap#2983 tmu=0 addr=003D5400 evenodd=3 lod=5..5 aspect=0 format=5 data=02BDD680
2976 pid=FFF0CCF3 t=5962255 grTexSource#105085 tmu=0 addr=003D5400 evenodd=3 lod=5..5 aspect=0 format=5
2977 pid=FFF0CCF3 t=5962255 grTexDownloadMipMap#2985 tmu=0 addr=003D3400 evenodd=3 lod=6..6 aspect=-1 format=5 data=02BDD680
2978 pid=FFF0CCF3 t=5962255 grTexSource#105087 tmu=0 addr=003D3400 evenodd=3 lod=6..6 aspect=-1 format=5
2979 pid=FFF0CCF3 t=5962530 grTexDownloadMipMap#3014 tmu=0 addr=0038A400 evenodd=3 lod=5..5 aspect=0 format=5 data=02BDD680
2980 pid=FFF0CCF3 t=5962530 grTexSource#106061 tmu=0 addr=0038A400 evenodd=3 lod=5..5 aspect=0 format=5
2981 pid=FFF0CCF3 t=5962530 grTexDownloadMipMap#3015 tmu=0 addr=00387400 evenodd=3 lod=4..4 aspect=0 format=5 data=02BDD680
2982 pid=FFF0CCF3 t=5962530 grTexSource#106062 tmu=0 addr=00387400 evenodd=3 lod=4..4 aspect=0 format=5
2983 pid=FFF0CCF3 t=5962925 grTexDownloadMipMap#3067 tmu=0 addr=003AC400 evenodd=3 lod=4..4 aspect=-1 format=5 data=02BDD680
2984 pid=FFF0CCF3 t=5962925 grTexSource#107531 tmu=0 addr=003AC400 evenodd=3 lod=4..4 aspect=-1 format=5
2985 pid=FFF0CCF3 t=5963520 grTexDownloadMipMap#3132 tmu=0 addr=003AA400 evenodd=3 lod=4..4 aspect=-1 format=5 data=02BDD680
2986 pid=FFF0CCF3 t=5963520 grTexSource#109726 tmu=0 addr=003AA400 evenodd=3 lod=4..4 aspect=-1 format=5
2987 pid=FFF0CCF3 t=5963670 grTexDownloadMipMap#3145 tmu=0 addr=003CB400 evenodd=3 lod=6..6 aspect=-1 format=5 data=02BDD680
2988 pid=FFF0CCF3 t=5963670 grTexSource#110210 tmu=0 addr=003CB400 evenodd=3 lod=6..6 aspect=-1 format=5
2989 pid=FFF0CCF3 t=5963670 grTexDownloadMipMap#3149 tmu=0 addr=003C0400 evenodd=3 lod=4..4 aspect=-1 format=5 data=02BDD680
2990 pid=FFF0CCF3 t=5963670 grTexSource#110214 tmu=0 addr=003C0400 evenodd=3 lod=4..4 aspect=-1 format=5
2991 pid=FFF0CCF3 t=5963735 grTexDownloadMipMap#3154 tmu=0 addr=00346400 evenodd=3 lod=8..8 aspect=-2 format=5 data=02BDD680
2992 pid=FFF0CCF3 t=5963735 grTexSource#110449 tmu=0 addr=00346400 evenodd=3 lod=8..8 aspect=-2 format=5
2993 pid=FFF0CCF3 t=5963965 grTexDownloadMipMap#3185 tmu=0 addr=00206000 evenodd=3 lod=5..5 aspect=0 format=5 data=00CF6AA8
2994 pid=FFF0CCF3 t=5963965 grTexSource#111316 tmu=0 addr=00206000 evenodd=3 lod=5..5 aspect=0 format=5
2995 pid=FFF0CCF3 t=5963965 grTexDownloadMipMap#3186 tmu=0 addr=00206400 evenodd=3 lod=5..5 aspect=0 format=5 data=00CF6AA8
2996 pid=FFF0CCF3 t=5963965 grTexSource#111317 tmu=0 addr=00206400 evenodd=3 lod=5..5 aspect=0 format=5
2997 pid=FFF0CCF3 t=5964018 grTexDownloadMipMap#3188 tmu=0 addr=0015B000 evenodd=3 lod=8..8 aspect=1 format=5 data=02AD000C
2998 pid=FFF0CCF3 t=5964018 grTexSource#111416 tmu=0 addr=0015B000 evenodd=3 lod=8..8 aspect=1 format=5
2999 pid=FFF0CCF3 t=5964055 grTexDownloadMipMap#3202 tmu=0 addr=00206800 evenodd=3 lod=5..5 aspect=0 format=5 data=00CF6AA8
3000 pid=FFF0CCF3 t=5964055 grTexSource#111552 tmu=0 addr=00206800 evenodd=3 lod=5..5 aspect=0 format=5
3001 pid=FFF0CCF3 t=5964060 grTexDownloadMipMap#3203 tmu=0 addr=00206C00 evenodd=3 lod=5..5 aspect=0 format=5 data=00CF6AA8
3002 pid=FFF0CCF3 t=5964060 grTexSource#111559 tmu=0 addr=00206C00 evenodd=3 lod=5..5 aspect=0 format=5
3003 pid=FFF0CCF3 t=5964135 grTexDownloadMipMap#3218 tmu=0 addr=00207000 evenodd=3 lod=5..5 aspect=0 format=5 data=00CF6AA8
3004 pid=FFF0CCF3 t=5964135 grTexSource#111796 tmu=0 addr=00207000 evenodd=3 lod=5..5 aspect=0 format=5
3005 pid=FFF0CCF3 t=5964170 grTexDownloadMipMap#3221 tmu=0 addr=003C4400 evenodd=3 lod=6..6 aspect=0 format=5 data=02BDD680
3006 pid=FFF0CCF3 t=5964170 grTexSource#111901 tmu=0 addr=003C4400 evenodd=3 lod=6..6 aspect=0 format=5
3007 pid=FFF0CCF3 t=5964310 grTexDownloadMipMap#3249 tmu=0 addr=003A2400 evenodd=3 lod=4..4 aspect=1 format=5 data=02BDD680
3008 pid=FFF0CCF3 t=5964310 grTexSource#112364 tmu=0 addr=003A2400 evenodd=3 lod=4..4 aspect=1 format=5
3009 pid=FFF0CCF3 t=5964330 grTexDownloadMipMap#3255 tmu=0 addr=00207400 evenodd=3 lod=5..5 aspect=0 format=5 data=00CF6AA8
3010 pid=FFF0CCF3 t=5964330 grTexSource#112476 tmu=0 addr=00207400 evenodd=3 lod=5..5 aspect=0 format=5
3011 pid=FFF0CCF3 t=5964330 grTexDownloadMipMap#3256 tmu=0 addr=00207800 evenodd=3 lod=5..5 aspect=0 format=5 data=00CF6AA8
3012 pid=FFF0CCF3 t=5964330 grTexSource#112478 tmu=0 addr=00207800 evenodd=3 lod=5..5 aspect=0 format=5
3013 pid=FFF0CCF3 t=5964335 grTexDownloadMipMap#3257 tmu=0 addr=003CD400 evenodd=3 lod=5..5 aspect=0 format=5 data=02BDD680
3014 pid=FFF0CCF3 t=5964335 grTexSource#112513 tmu=0 addr=003CD400 evenodd=3 lod=5..5 aspect=0 format=5
3015 pid=FFF0CCF3 t=5964395 grTexDownloadMipMap#3272 tmu=0 addr=00207C00 evenodd=3 lod=5..5 aspect=0 format=5 data=00CF6AA8
3016 pid=FFF0CCF3 t=5964395 grTexSource#112681 tmu=0 addr=00207C00 evenodd=3 lod=5..5 aspect=0 format=5
3017 pid=FFF0CCF3 t=5964575 grTexDownloadMipMap#3299 tmu=0 addr=00163000 evenodd=3 lod=8..8 aspect=1 format=5 data=02AD000C
3018 pid=FFF0CCF3 t=5964575 grTexSource#113212 tmu=0 addr=00163000 evenodd=3 lod=8..8 aspect=1 format=5
3019 pid=FFF0CCF3 t=5964605 grTexDownloadMipMap#3300 tmu=0 addr=0016B000 evenodd=3 lod=8..8 aspect=1 format=5 data=02AD000C
3020 pid=FFF0CCF3 t=5964605 grTexSource#113226 tmu=0 addr=0016B000 evenodd=3 lod=8..8 aspect=1 format=5
3021 pid=FFF0CCF3 t=5964675 grTexDownloadMipMap#3307 tmu=0 addr=003DA400 evenodd=3 lod=5..5 aspect=0 format=5 data=02BDD680
3022 pid=FFF0CCF3 t=5964675 grTexSource#113457 tmu=0 addr=003DA400 evenodd=3 lod=5..5 aspect=0 format=5
3023 pid=FFF0CCF3 t=5964690 grTexDownloadMipMap#3316 tmu=0 addr=00208000 evenodd=3 lod=5..5 aspect=0 format=5 data=00CF6AA8
3024 pid=FFF0CCF3 t=5964690 grTexSource#113563 tmu=0 addr=00208000 evenodd=3 lod=5..5 aspect=0 format=5
3025 pid=FFF0CCF3 t=5964695 grTexDownloadMipMap#3317 tmu=0 addr=00208400 evenodd=3 lod=5..5 aspect=0 format=5 data=00CF6AA8
3026 pid=FFF0CCF3 t=5964695 grTexSource#113566 tmu=0 addr=00208400 evenodd=3 lod=5..5 aspect=0 format=5
3027 pid=FFF0CCF3 t=5964790 grTexDownloadMipMap#3322 tmu=0 addr=003AB400 evenodd=3 lod=6..6 aspect=0 format=5 data=02BDD680
3028 pid=FFF0CCF3 t=5964790 grTexSource#113881 tmu=0 addr=003AB400 evenodd=3 lod=6..6 aspect=0 format=5
3029 pid=FFF0CCF3 t=5964840 grTexDownloadMipMap#3335 tmu=0 addr=003D7400 evenodd=3 lod=6..6 aspect=-1 format=5 data=02BDD680
3030 pid=FFF0CCF3 t=5964840 grTexSource#114087 tmu=0 addr=003D7400 evenodd=3 lod=6..6 aspect=-1 format=5
3031 pid=FFF0CCF3 t=5964845 grTexDownloadMipMap#3336 tmu=0 addr=003C0400 evenodd=3 lod=5..5 aspect=0 format=5 data=02BDD680
3032 pid=FFF0CCF3 t=5964845 grTexSource#114088 tmu=0 addr=003C0400 evenodd=3 lod=5..5 aspect=0 format=5
3033 pid=FFF0CCF3 t=5964945 grTexDownloadMipMap#3359 tmu=0 addr=00173000 evenodd=3 lod=8..8 aspect=1 format=5 data=02AD000C
3034 pid=FFF0CCF3 t=5964945 grTexSource#114425 tmu=0 addr=00173000 evenodd=3 lod=8..8 aspect=1 format=5
3035 pid=FFF0CCF3 t=5965020 grTexDownloadMipMap#3363 tmu=0 addr=003BF400 evenodd=3 lod=7..7 aspect=-2 format=5 data=02BDD680
3036 pid=FFF0CCF3 t=5965020 grTexSource#114660 tmu=0 addr=003BF400 evenodd=3 lod=7..7 aspect=-2 format=5
3037 pid=FFF0CCF3 t=5965129 grTexDownloadMipMap#3381 tmu=0 addr=0017B000 evenodd=3 lod=8..8 aspect=1 format=5 data=02AD000C
3038 pid=FFF0CCF3 t=5965129 grTexSource#115024 tmu=0 addr=0017B000 evenodd=3 lod=8..8 aspect=1 format=5
3039 pid=FFF0CCF3 t=5965590 grTexDownloadMipMap#3451 tmu=0 addr=0038C400 evenodd=3 lod=5..5 aspect=0 format=5 data=02BDD680
3040 pid=FFF0CCF3 t=5965590 grTexSource#116548 tmu=0 addr=0038C400 evenodd=3 lod=5..5 aspect=0 format=5
3041 pid=FFF0CCF3 t=5965865 grTexDownloadMipMap#3487 tmu=0 addr=003D8400 evenodd=3 lod=7..7 aspect=-2 format=5 data=02BDD680
3042 pid=FFF0CCF3 t=5965865 grTexSource#117503 tmu=0 addr=003D8400 evenodd=3 lod=7..7 aspect=-2 format=5
3043 pid=FFF0CCF3 t=5966025 grTexDownloadMipMap#3496 tmu=0 addr=003BC400 evenodd=3 lod=6..6 aspect=-2 format=5 data=02BDD680
3044 pid=FFF0CCF3 t=5966025 grTexSource#118061 tmu=0 addr=003BC400 evenodd=3 lod=6..6 aspect=-2 format=5
3045 pid=FFF0CCF3 t=5966525 grTexDownloadMipMap#3552 tmu=0 addr=003BE400 evenodd=3 lod=5..5 aspect=0 format=5 data=02BDD680
3046 pid=FFF0CCF3 t=5966525 grTexSource#119761 tmu=0 addr=003BE400 evenodd=3 lod=5..5 aspect=0 format=5
3047 pid=FFF0CCF3 t=5966951 grTexDownloadMipMap#3600 tmu=0 addr=003A5400 evenodd=3 lod=5..5 aspect=-2 format=5 data=02BDD680
3048 pid=FFF0CCF3 t=5966951 grTexSource#121279 tmu=0 addr=003A5400 evenodd=3 lod=5..5 aspect=-2 format=5
3049 pid=FFF0CCF3 t=5967845 census periodic swaps=1073
3050 pid=FFF0CCF3 t=5967845 census   draws: drawn=1431283 refused=10686 culled=356739 skipped-textured=0
3051 pid=FFF0CCF3 t=5967845 census   draws: fog-dropped=0 uploads=1323 surface-hits=2089 evictions=441
3052 pid=FFF0CCF3 t=5967845 census   cycles(Mc): frame=14370 entry=8778 prepare=1037 upload=95 submit=5348 swap=1983 clear=92 batches=51314
3053 pid=FFF0CCF3 t=5967845 census   batch ends: full=783 texture=48400 state=0
3054 pid=FFF0CCF3 t=5967845 census   grAlphaBlendFunction calls=5887 lines=4
3055 pid=FFF0CCF3 t=5967845 census   grAlphaCombine calls=5887 lines=2
3056 pid=FFF0CCF3 t=5967845 census   grBufferClear calls=1831 lines=4
3057 pid=FFF0CCF3 t=5967845 census   grBufferSwap calls=1073 lines=24
3058 pid=FFF0CCF3 t=5967845 census   grChromakeyMode calls=31809 lines=2
3059 pid=FFF0CCF3 t=5967845 census   grChromakeyValue calls=4 lines=3
3060 pid=FFF0CCF3 t=5967845 census   grColorCombine calls=2255 lines=2
3061 pid=FFF0CCF3 t=5967845 census   grColorMask calls=4 lines=3
3062 pid=FFF0CCF3 t=5967850 census   grConstantColorValue calls=26739 lines=15
3063 pid=FFF0CCF3 t=5967850 census   grCoordinateSpace calls=4 lines=3
3064 pid=FFF0CCF3 t=5967850 census   grDepthMask calls=4 lines=3
3065 pid=FFF0CCF3 t=5967850 census   grDitherMode calls=75372 lines=2
3066 pid=FFF0CCF3 t=5967850 census   grDrawLine calls=10831 lines=48
3067 pid=FFF0CCF3 t=5967850 census   grDrawPoint calls=4242 lines=48
3068 pid=FFF0CCF3 t=5967850 census   grDrawVertexArray calls=162952 lines=48
3069 pid=FFF0CCF3 t=5967850 census   grDrawVertexArrayContiguous calls=73354 lines=48
3070 pid=FFF0CCF3 t=5967850 census   grFinish calls=3 lines=3
3071 pid=FFF0CCF3 t=5967850 census   grGet calls=19 lines=13
3072 pid=FFF0CCF3 t=5967850 census   grGetString calls=4 lines=4
3073 pid=FFF0CCF3 t=5967850 census   grGlideInit calls=4 lines=4
3074 pid=FFF0CCF3 t=5967850 census   grGlideShutdown calls=3 lines=3
3075 pid=FFF0CCF3 t=5967850 census   grLoadGammaTable calls=6 lines=6
3076 pid=FFF0CCF3 t=5967850 census   grSstSelect calls=4 lines=4
3077 pid=FFF0CCF3 t=5967850 census   grSstWinClose calls=3 lines=3
3078 pid=FFF0CCF3 t=5967850 census   grSstWinOpen calls=4 lines=4
3079 pid=FFF0CCF3 t=5967850 census   grTexCombine calls=5 lines=4
3080 pid=FFF0CCF3 t=5967850 census   grTexDownloadMipMap calls=3700 lines=1241
3081 pid=FFF0CCF3 t=5967850 census   grTexDownloadTable calls=19 lines=8
3082 pid=FFF0CCF3 t=5967850 census   grTexFilterMode calls=1859 lines=4
3083 pid=FFF0CCF3 t=5967850 census   grTexMaxAddress calls=4 lines=3
3084 pid=FFF0CCF3 t=5967850 census   grTexMinAddress calls=4 lines=3
3085 pid=FFF0CCF3 t=5967850 census   grTexSource calls=124415 lines=953
3086 pid=FFF0CCF3 t=5967850 census   grVertexLayout calls=16 lines=12
3087 pid=FFF0CCF3 t=5968325 grTexDownloadMipMap#3748 tmu=0 addr=003B2400 evenodd=3 lod=7..7 aspect=-2 format=5 data=02BDD680
3088 pid=FFF0CCF3 t=5968325 grTexSource#125806 tmu=0 addr=003B2400 evenodd=3 lod=7..7 aspect=-2 format=5
3089 pid=FFF0CCF3 t=5968795 grTexDownloadMipMap#3801 tmu=0 addr=003B5400 evenodd=3 lod=5..5 aspect=0 format=5 data=02BDD680
3090 pid=FFF0CCF3 t=5968795 grTexSource#127510 tmu=0 addr=003B5400 evenodd=3 lod=5..5 aspect=0 format=5
3091 pid=FFF0CCF3 t=5969145 grTexDownloadMipMap#3850 tmu=0 addr=003A5400 evenodd=3 lod=6..6 aspect=-2 format=5 data=02BDD680
3092 pid=FFF0CCF3 t=5969145 grTexSource#128834 tmu=0 addr=003A5400 evenodd=3 lod=6..6 aspect=-2 format=5
3093 pid=FFF0CCF3 t=5969450 grTexDownloadMipMap#3889 tmu=0 addr=003AD400 evenodd=3 lod=4..4 aspect=0 format=5 data=02BDD680
3094 pid=FFF0CCF3 t=5969450 grTexSource#129971 tmu=0 addr=003AD400 evenodd=3 lod=4..4 aspect=0 format=5
3095 pid=FFF0CCF3 t=5969546 grTexDownloadMipMap#3900 tmu=0 addr=003B1400 evenodd=3 lod=5..5 aspect=0 format=5 data=02BDD680
3096 pid=FFF0CCF3 t=5969546 grTexSource#130345 tmu=0 addr=003B1400 evenodd=3 lod=5..5 aspect=0 format=5
3097 pid=FFF0CCF3 t=5969995 grTexDownloadMipMap#3952 tmu=0 addr=003C3400 evenodd=3 lod=6..6 aspect=-1 format=5 data=02BDD680
3098 pid=FFF0CCF3 t=5969995 grTexSource#132046 tmu=0 addr=003C3400 evenodd=3 lod=6..6 aspect=-1 format=5
3099 pid=FFF0CCF3 t=5970250 grTexDownloadMipMap#3987 tmu=0 addr=0038D400 evenodd=3 lod=5..5 aspect=0 format=5 data=02BDD680
3100 pid=FFF0CCF3 t=5970250 grTexSource#132992 tmu=0 addr=0038D400 evenodd=3 lod=5..5 aspect=0 format=5
3101 pid=FFF0CCF3 t=5971551 grTexDownloadMipMap#4131 tmu=0 addr=00389400 evenodd=3 lod=5..5 aspect=0 format=5 data=02BDD680
3102 pid=FFF0CCF3 t=5971551 grTexSource#137906 tmu=0 addr=00389400 evenodd=3 lod=5..5 aspect=0 format=5
3103 pid=FFF0CCF3 t=5972000 grTexDownloadMipMap#4170 tmu=0 addr=003C4400 evenodd=3 lod=7..7 aspect=-2 format=5 data=02BDD680
3104 pid=FFF0CCF3 t=5972000 grTexSource#139604 tmu=0 addr=003C4400 evenodd=3 lod=7..7 aspect=-2 format=5
3105 pid=FFF0CCF3 t=5975455 grFinish#4 
3106 pid=FFF0CCF3 t=5975455 grSstWinClose#4 context=1
3107 pid=FFF0CCF3 t=5975455 census winclose swaps=1210
3108 pid=FFF0CCF3 t=5975455 census   draws: drawn=1923489 refused=15481 culled=525660 skipped-textured=0
3109 pid=FFF0CCF3 t=5975460 census   draws: fog-dropped=0 uploads=1367 surface-hits=2827 evictions=444
3110 pid=FFF0CCF3 t=5975460 census   cycles(Mc): frame=7208 entry=4607 prepare=565 upload=57 submit=2733 swap=626 clear=69 batches=25649
3111 pid=FFF0CCF3 t=5975460 census   batch ends: full=855 texture=23738 state=0
3112 pid=FFF0CCF3 t=5975460 census   grAlphaBlendFunction calls=6846 lines=4
3113 pid=FFF0CCF3 t=5975460 census   grAlphaCombine calls=6846 lines=2
3114 pid=FFF0CCF3 t=5975460 census   grBufferClear calls=1968 lines=4
3115 pid=FFF0CCF3 t=5975460 census   grBufferSwap calls=1210 lines=24
3116 pid=FFF0CCF3 t=5975460 census   grChromakeyMode calls=66484 lines=2
3117 pid=FFF0CCF3 t=5975460 census   grChromakeyValue calls=4 lines=3
3118 pid=FFF0CCF3 t=5975460 census   grColorCombine calls=2940 lines=2
3119 pid=FFF0CCF3 t=5975460 census   grColorMask calls=4 lines=3
3120 pid=FFF0CCF3 t=5975460 census   grConstantColorValue calls=46200 lines=15
3121 pid=FFF0CCF3 t=5975460 census   grCoordinateSpace calls=4 lines=3
3122 pid=FFF0CCF3 t=5975460 census   grDepthMask calls=4 lines=3
3123 pid=FFF0CCF3 t=5975460 census   grDitherMode calls=81811 lines=2
3124 pid=FFF0CCF3 t=5975460 census   grDrawLine calls=22856 lines=48
3125 pid=FFF0CCF3 t=5975460 census   grDrawPoint calls=9349 lines=48
3126 pid=FFF0CCF3 t=5975460 census   grDrawVertexArray calls=224191 lines=48
3127 pid=FFF0CCF3 t=5975460 census   grDrawVertexArrayContiguous calls=82122 lines=48
3128 pid=FFF0CCF3 t=5975460 census   grFinish calls=4 lines=4
3129 pid=FFF0CCF3 t=5975460 census   grGet calls=19 lines=13
3130 pid=FFF0CCF3 t=5975460 census   grGetString calls=4 lines=4
3131 pid=FFF0CCF3 t=5975460 census   grGlideInit calls=4 lines=4
3132 pid=FFF0CCF3 t=5975460 census   grGlideShutdown calls=3 lines=3
3133 pid=FFF0CCF3 t=5975460 census   grLoadGammaTable calls=6 lines=6
3134 pid=FFF0CCF3 t=5975460 census   grSstSelect calls=4 lines=4
3135 pid=FFF0CCF3 t=5975460 census   grSstWinClose calls=4 lines=4
3136 pid=FFF0CCF3 t=5975460 census   grSstWinOpen calls=4 lines=4
3137 pid=FFF0CCF3 t=5975460 census   grTexCombine calls=5 lines=4
3138 pid=FFF0CCF3 t=5975460 census   grTexDownloadMipMap calls=4482 lines=1250
3139 pid=FFF0CCF3 t=5975460 census   grTexDownloadTable calls=21 lines=8
3140 pid=FFF0CCF3 t=5975460 census   grTexFilterMode calls=2133 lines=4
3141 pid=FFF0CCF3 t=5975460 census   grTexMaxAddress calls=4 lines=3
3142 pid=FFF0CCF3 t=5975460 census   grTexMinAddress calls=4 lines=3
3143 pid=FFF0CCF3 t=5975460 census   grTexSource calls=150308 lines=962
3144 pid=FFF0CCF3 t=5975460 census   grVertexLayout calls=16 lines=12
3145 pid=FFF0CCF3 t=5977261 device: closed
3146 pid=FFF0CCF3 t=5977298 grGlideShutdown#4 
3147 pid=FFF0CCF3 t=5977298 census shutdown swaps=1210
3148 pid=FFF0CCF3 t=5977298 census   draws: drawn=1923489 refused=15481 culled=525660 skipped-textured=0
3149 pid=FFF0CCF3 t=5977298 census   draws: fog-dropped=0 uploads=1367 surface-hits=2827 evictions=444
3150 pid=FFF0CCF3 t=5977298 census   cycles(Mc): frame=0 entry=0 prepare=0 upload=0 submit=0 swap=0 clear=0 batches=0
3151 pid=FFF0CCF3 t=5977298 census   batch ends: full=0 texture=0 state=0
3152 pid=FFF0CCF3 t=5977298 census   grAlphaBlendFunction calls=6846 lines=4
3153 pid=FFF0CCF3 t=5977298 census   grAlphaCombine calls=6846 lines=2
3154 pid=FFF0CCF3 t=5977298 census   grBufferClear calls=1968 lines=4
3155 pid=FFF0CCF3 t=5977298 census   grBufferSwap calls=1210 lines=24
3156 pid=FFF0CCF3 t=5977298 census   grChromakeyMode calls=66484 lines=2
3157 pid=FFF0CCF3 t=5977298 census   grChromakeyValue calls=4 lines=3
3158 pid=FFF0CCF3 t=5977298 census   grColorCombine calls=2940 lines=2
3159 pid=FFF0CCF3 t=5977298 census   grColorMask calls=4 lines=3
3160 pid=FFF0CCF3 t=5977298 census   grConstantColorValue calls=46200 lines=15
3161 pid=FFF0CCF3 t=5977298 census   grCoordinateSpace calls=4 lines=3
3162 pid=FFF0CCF3 t=5977298 census   grDepthMask calls=4 lines=3
3163 pid=FFF0CCF3 t=5977300 census   grDitherMode calls=81811 lines=2
3164 pid=FFF0CCF3 t=5977300 census   grDrawLine calls=22856 lines=48
3165 pid=FFF0CCF3 t=5977300 census   grDrawPoint calls=9349 lines=48
3166 pid=FFF0CCF3 t=5977300 census   grDrawVertexArray calls=224191 lines=48
3167 pid=FFF0CCF3 t=5977300 census   grDrawVertexArrayContiguous calls=82122 lines=48
3168 pid=FFF0CCF3 t=5977300 census   grFinish calls=4 lines=4
3169 pid=FFF0CCF3 t=5977300 census   grGet calls=19 lines=13
3170 pid=FFF0CCF3 t=5977300 census   grGetString calls=4 lines=4
3171 pid=FFF0CCF3 t=5977300 census   grGlideInit calls=4 lines=4
3172 pid=FFF0CCF3 t=5977300 census   grGlideShutdown calls=4 lines=4
3173 pid=FFF0CCF3 t=5977300 census   grLoadGammaTable calls=6 lines=6
3174 pid=FFF0CCF3 t=5977300 census   grSstSelect calls=4 lines=4
3175 pid=FFF0CCF3 t=5977300 census   grSstWinClose calls=4 lines=4
3176 pid=FFF0CCF3 t=5977300 census   grSstWinOpen calls=4 lines=4
3177 pid=FFF0CCF3 t=5977300 census   grTexCombine calls=5 lines=4
3178 pid=FFF0CCF3 t=5977300 census   grTexDownloadMipMap calls=4482 lines=1250
3179 pid=FFF0CCF3 t=5977300 census   grTexDownloadTable calls=21 lines=8
3180 pid=FFF0CCF3 t=5977300 census   grTexFilterMode calls=2133 lines=4
3181 pid=FFF0CCF3 t=5977300 census   grTexMaxAddress calls=4 lines=3
3182 pid=FFF0CCF3 t=5977300 census   grTexMinAddress calls=4 lines=3
3183 pid=FFF0CCF3 t=5977300 census   grTexSource calls=150308 lines=962
3184 pid=FFF0CCF3 t=5977300 census   grVertexLayout calls=16 lines=12
3185 pid=FFF0CCF3 t=5977321 census detach swaps=1210
3186 pid=FFF0CCF3 t=5977321 census   draws: drawn=1923489 refused=15481 culled=525660 skipped-textured=0
3187 pid=FFF0CCF3 t=5977321 census   draws: fog-dropped=0 uploads=1367 surface-hits=2827 evictions=444
3188 pid=FFF0CCF3 t=5977321 census   cycles(Mc): frame=0 entry=0 prepare=0 upload=0 submit=0 swap=0 clear=0 batches=0
3189 pid=FFF0CCF3 t=5977321 census   batch ends: full=0 texture=0 state=0
3190 pid=FFF0CCF3 t=5977321 census   grAlphaBlendFunction calls=6846 lines=4
3191 pid=FFF0CCF3 t=5977321 census   grAlphaCombine calls=6846 lines=2
3192 pid=FFF0CCF3 t=5977321 census   grBufferClear calls=1968 lines=4
3193 pid=FFF0CCF3 t=5977321 census   grBufferSwap calls=1210 lines=24
3194 pid=FFF0CCF3 t=5977321 census   grChromakeyMode calls=66484 lines=2
3195 pid=FFF0CCF3 t=5977321 census   grChromakeyValue calls=4 lines=3
3196 pid=FFF0CCF3 t=5977321 census   grColorCombine calls=2940 lines=2
3197 pid=FFF0CCF3 t=5977321 census   grColorMask calls=4 lines=3
3198 pid=FFF0CCF3 t=5977321 census   grConstantColorValue calls=46200 lines=15
3199 pid=FFF0CCF3 t=5977321 census   grCoordinateSpace calls=4 lines=3
3200 pid=FFF0CCF3 t=5977321 census   grDepthMask calls=4 lines=3
3201 pid=FFF0CCF3 t=5977321 census   grDitherMode calls=81811 lines=2
3202 pid=FFF0CCF3 t=5977321 census   grDrawLine calls=22856 lines=48
3203 pid=FFF0CCF3 t=5977321 census   grDrawPoint calls=9349 lines=48
3204 pid=FFF0CCF3 t=5977321 census   grDrawVertexArray calls=224191 lines=48
3205 pid=FFF0CCF3 t=5977321 census   grDrawVertexArrayContiguous calls=82122 lines=48
3206 pid=FFF0CCF3 t=5977321 census   grFinish calls=4 lines=4
3207 pid=FFF0CCF3 t=5977321 census   grGet calls=19 lines=13
3208 pid=FFF0CCF3 t=5977321 census   grGetString calls=4 lines=4
3209 pid=FFF0CCF3 t=5977321 census   grGlideInit calls=4 lines=4
3210 pid=FFF0CCF3 t=5977321 census   grGlideShutdown calls=4 lines=4
3211 pid=FFF0CCF3 t=5977321 census   grLoadGammaTable calls=6 lines=6
3212 pid=FFF0CCF3 t=5977321 census   grSstSelect calls=4 lines=4
3213 pid=FFF0CCF3 t=5977321 census   grSstWinClose calls=4 lines=4
3214 pid=FFF0CCF3 t=5977321 census   grSstWinOpen calls=4 lines=4
3215 pid=FFF0CCF3 t=5977321 census   grTexCombine calls=5 lines=4
3216 pid=FFF0CCF3 t=5977321 census   grTexDownloadMipMap calls=4482 lines=1250
3217 pid=FFF0CCF3 t=5977321 census   grTexDownloadTable calls=21 lines=8
3218 pid=FFF0CCF3 t=5977321 census   grTexFilterMode calls=2133 lines=4
3219 pid=FFF0CCF3 t=5977321 census   grTexMaxAddress calls=4 lines=3
3220 pid=FFF0CCF3 t=5977321 census   grTexMinAddress calls=4 lines=3
3221 pid=FFF0CCF3 t=5977321 census   grTexSource calls=150308 lines=962
3222 pid=FFF0CCF3 t=5977321 census   grVertexLayout calls=16 lines=12
