1 pid=FFFE15CD attach instance=09C90000 tls=21 build-marker=1
2 pid=FFFE15CD DrvValidateVersion version=1
3 pid=FFFE15CD DrvSetCallbackProcs count=3 procs=78B23978
4 pid=FFFE15CD describe result=0 engine=3 formats=00000002
5 pid=FFFE15CD DrvDescribePixelFormat index=1 bytes=0 -> count=1
6 pid=FFFE15CD DrvDescribePixelFormat index=1 bytes=40 -> count=1
7 pid=FFFE15CD DrvDescribePixelFormat index=1 bytes=0 -> count=1
8 pid=FFFE15CD DrvDescribePixelFormat index=1 bytes=0 -> count=1
9 pid=FFFE15CD DrvDescribePixelFormat index=1 bytes=0 -> count=1
10 pid=FFFE15CD DrvDescribePixelFormat index=1 bytes=0 -> count=1
11 pid=FFFE15CD DrvDescribePixelFormat index=1 bytes=0 -> count=1
12 pid=FFFE15CD DrvDescribePixelFormat index=1 bytes=0 -> count=1
13 pid=FFFE15CD DrvDescribePixelFormat index=1 bytes=0 -> count=1
14 pid=FFFE15CD DrvDescribePixelFormat index=1 bytes=0 -> count=1
15 pid=FFFE15CD DrvDescribePixelFormat index=1 bytes=0 -> count=1
16 pid=FFFE15CD DrvDescribePixelFormat index=1 bytes=0 -> count=1
17 pid=FFFE15CD DrvDescribePixelFormat index=1 bytes=0 -> count=1
18 pid=FFFE15CD DrvDescribePixelFormat index=1 bytes=0 -> count=1
19 pid=FFFE15CD DrvDescribePixelFormat index=1 bytes=0 -> count=1
20 pid=FFFE15CD DrvDescribePixelFormat index=1 bytes=0 -> count=1
21 pid=FFFE15CD DrvDescribePixelFormat index=1 bytes=0 -> count=1
22 pid=FFFE15CD DrvDescribePixelFormat index=1 bytes=0 -> count=1
23 pid=FFFE15CD DrvDescribePixelFormat index=1 bytes=0 -> count=1
24 pid=FFFE15CD DrvDescribePixelFormat index=1 bytes=0 -> count=1
25 pid=FFFE15CD DrvDescribePixelFormat index=1 bytes=0 -> count=1
26 pid=FFFE15CD DrvDescribePixelFormat index=1 bytes=0 -> count=1
27 pid=FFFE15CD DrvDescribePixelFormat index=1 bytes=0 -> count=1
28 pid=FFFE15CD DrvDescribePixelFormat index=1 bytes=0 -> count=1
29 pid=FFFE15CD DrvDescribePixelFormat index=1 bytes=0 -> count=1
30 pid=FFFE15CD DrvDescribePixelFormat index=1 bytes=0 -> count=1
31 pid=FFFE15CD DrvDescribePixelFormat index=1 bytes=0 -> count=1
32 pid=FFFE15CD DrvSetPixelFormat hdc=00001202 index=1
33 pid=FFFE15CD DrvDescribePixelFormat index=1 bytes=0 -> count=1
34 pid=FFFE15CD DrvDescribePixelFormat index=1 bytes=40 -> count=1
35 pid=FFFE15CD DrvDescribePixelFormat index=1 bytes=0 -> count=1
36 pid=FFFE15CD DrvDescribePixelFormat index=1 bytes=40 -> count=1
37 pid=FFFE15CD DrvCreateLayerContext hdc=00001202 layer=0 -> 1
38 pid=FFFE15CD drawable window=000008C0 640x480
39 pid=FFFE15CD DrvSetContext hdc=00001202 context=1 -> 1
40 pid=FFFE15CD state tex=2 size=01000080 tex=01010100 blend=00050601 depth=00020101 colour=FFFFFFFF mask=7 scissor=0,0,640,480 fog=0
41 pid=FFFE15CD time interval-ms=11270986 swaps=0 present-ms=0 draw-ms=2147483648 upload-ms=2
42 pid=FFFE15CD tsc frames=0 wall-ms=11270986 vertex-ms=1924371 flush-in-vertex-ms=0 flush-other-ms=341672349 bind-ms=511483 iface-ms=112693804 beginend-ms=2010153 swap-ms=0 vertices=4 flushes=1 draws=1 sink-ms=1879415 sink-prep-ms=1767026 sinks=1
43 pid=FFFE15CD paths batches/triangles untextured=0/0 hw=1/3 cpu=0/0 cpu-nonsquare=0/0 hw-refused=0/0
44 pid=FFFE15CD counters hwtex live=1 creates=1 create-failed=0 evictions=0 uploads=1 upload-kb=64 squared=0 alpha-dropped=1 stubs=0 failed r4=0 r7=0 r8=0 other=0
45 pid=FFFE15CD state tex=3 size=01000080 tex=01040202 blend=00050601 depth=00020101 colour=FFFFB233 mask=7 scissor=0,0,640,480 fog=0
46 pid=FFFE15CD state tex=64 size=00800080 tex=01010200 blend=00050600 depth=01040102 colour=FFFFFFFF mask=7 scissor=0,0,640,480 fog=0
47 pid=FFFE15CD state tex=67 size=01000080 tex=01010200 blend=00050600 depth=01040102 colour=FFFFFFFF mask=7 scissor=0,0,640,480 fog=0
48 pid=FFFE15CD state tex=5802 size=01000100 tex=01010200 blend=00050600 depth=01040101 colour=FFFFFFFF mask=7 scissor=0,0,640,480 fog=0
49 pid=FFFE15CD state tex=5803 size=01000100 tex=01010200 blend=00050600 depth=01040101 colour=FFFFFFFF mask=7 scissor=0,0,640,480 fog=0
50 pid=FFFE15CD state tex=5805 size=01000100 tex=01010200 blend=00050600 depth=01040101 colour=FFFFFFFF mask=7 scissor=0,0,640,480 fog=0
51 pid=FFFE15CD stub first-call slot=319 glPolygonOffset
52 pid=FFFE15CD state tex=80 size=00800080 tex=01010200 blend=00050600 depth=01040102 colour=FFFFFFFF mask=7 scissor=0,0,640,480 fog=0
53 pid=FFFE15CD state tex=516 size=00800080 tex=01010200 blend=01090300 depth=01040001 colour=FFAAAAAA mask=7 scissor=0,0,640,480 fog=0
54 pid=FFFE15CD state tex=517 size=00800080 tex=01010200 blend=01090300 depth=01040001 colour=FFAAAAAA mask=7 scissor=0,0,640,480 fog=0
55 pid=FFFE15CD state tex=518 size=00800080 tex=01010200 blend=01090300 depth=01040001 colour=FFAAAAAA mask=7 scissor=0,0,640,480 fog=0
56 pid=FFFE15CD state tex=519 size=00800080 tex=01010200 blend=01090300 depth=01040001 colour=FFAAAAAA mask=7 scissor=0,0,640,480 fog=0
57 pid=FFFE15CD state tex=80 size=00800080 tex=01010200 blend=00090300 depth=01040102 colour=FFFFFFFF mask=7 scissor=0,0,640,480 fog=0
58 pid=FFFE15CD state tex=523 size=00800080 tex=01010200 blend=01090300 depth=01040001 colour=FFAAAAAA mask=7 scissor=0,0,640,480 fog=0
59 pid=FFFE15CD state tex=584 size=00200080 tex=01010200 blend=00090300 depth=01040101 colour=005D4A13 mask=7 scissor=0,0,640,480 fog=0
60 pid=FFFE15CD state tex=587 size=00200040 tex=01010200 blend=00090300 depth=01040101 colour=0093BCBC mask=7 scissor=0,0,640,480 fog=0
61 pid=FFFE15CD state tex=590 size=00400040 tex=01010200 blend=00090300 depth=01040101 colour=009EC9C9 mask=7 scissor=0,0,640,480 fog=0
62 pid=FFFE15CD state tex=591 size=00800040 tex=01010200 blend=00090300 depth=01040101 colour=00C7FEFE mask=7 scissor=0,0,640,480 fog=0
63 pid=FFFE15CD state tex=592 size=00400040 tex=01010200 blend=00090300 depth=01040101 colour=009CC7C7 mask=7 scissor=0,0,640,480 fog=0
64 pid=FFFE15CD state tex=593 size=00200020 tex=01010200 blend=00090300 depth=01040101 colour=009AC4C4 mask=7 scissor=0,0,640,480 fog=0
65 pid=FFFE15CD state tex=595 size=00080040 tex=01010200 blend=00090300 depth=01040101 colour=009EC9C9 mask=7 scissor=0,0,640,480 fog=0
66 pid=FFFE15CD state tex=596 size=00200040 tex=01010200 blend=00090300 depth=01040101 colour=00C5FBFB mask=7 scissor=0,0,640,480 fog=0
67 pid=FFFE15CD state tex=597 size=00200020 tex=01010200 blend=00090300 depth=01040101 colour=009ECACA mask=7 scissor=0,0,640,480 fog=0
68 pid=FFFE15CD state tex=598 size=00200020 tex=01010200 blend=00090300 depth=01040101 colour=0081A4A4 mask=7 scissor=0,0,640,480 fog=0
69 pid=FFFE15CD state tex=80 size=00800080 tex=01010101 blend=00090300 depth=01040102 colour=FFFFFFFF mask=7 scissor=0,0,640,480 fog=0
70 pid=FFFE15CD state tex=524 size=00800080 tex=01010200 blend=01090300 depth=01040001 colour=FFAAAAAA mask=7 scissor=0,0,640,480 fog=0
71 pid=FFFE15CD state tex=453 size=00200020 tex=01010200 blend=01020201 depth=00040002 colour=FF1F1502 mask=7 scissor=0,0,640,480 fog=0
72 pid=FFFE15CD state tex=47 size=01000080 tex=01010200 blend=01020201 depth=00040001 colour=FF643E00 mask=7 scissor=0,0,640,480 fog=0
73 pid=FFFE15CD state tex=47 size=00000000 tex=00000000 blend=01050201 depth=00040100 colour=64FFA000 mask=7 scissor=0,0,640,480 fog=0
74 pid=FFFE15CD state tex=2 size=01000080 tex=01010100 blend=00020201 depth=00040101 colour=FFFFFFFF mask=7 scissor=0,0,640,480 fog=0
75 pid=FFFE15CD state tex=3 size=01000080 tex=01040202 blend=00020201 depth=00040101 colour=FFFF9B32 mask=7 scissor=0,0,640,480 fog=0
76 pid=FFFE15CD state tex=249 size=00400040 tex=01010200 blend=00050600 depth=01040101 colour=FF1D2214 mask=7 scissor=0,0,640,480 fog=0
77 pid=FFFE15CD state tex=250 size=00400040 tex=01010200 blend=00050600 depth=01040101 colour=FF171C10 mask=7 scissor=0,0,640,480 fog=0
78 pid=FFFE15CD state tex=251 size=00200020 tex=01010200 blend=00050600 depth=01040101 colour=FF1D2214 mask=7 scissor=0,0,640,480 fog=0
79 pid=FFFE15CD state tex=252 size=00200020 tex=01010200 blend=00050600 depth=01040101 colour=FF171C10 mask=7 scissor=0,0,640,480 fog=0
80 pid=FFFE15CD state tex=253 size=00400040 tex=01010200 blend=00050600 depth=01040101 colour=FF171C10 mask=7 scissor=0,0,640,480 fog=0
81 pid=FFFE15CD state tex=254 size=00200020 tex=01010200 blend=00050600 depth=01040101 colour=FF1D2214 mask=7 scissor=0,0,640,480 fog=0
82 pid=FFFE15CD state tex=255 size=00800010 tex=01010200 blend=00050600 depth=01040101 colour=FF191E12 mask=7 scissor=0,0,640,480 fog=0
83 pid=FFFE15CD state tex=256 size=00100020 tex=01010200 blend=00050600 depth=01040101 colour=FF191E12 mask=7 scissor=0,0,640,480 fog=0
84 pid=FFFE15CD state tex=257 size=00200040 tex=01010200 blend=00050600 depth=01040101 colour=FF1B2113 mask=7 scissor=0,0,640,480 fog=0
85 pid=FFFE15CD state tex=258 size=00100020 tex=01010200 blend=00050600 depth=01040101 colour=FF191D11 mask=7 scissor=0,0,640,480 fog=0
86 pid=FFFE15CD state tex=259 size=00400040 tex=01010200 blend=00050600 depth=01040101 colour=FF171C10 mask=7 scissor=0,0,640,480 fog=0
87 pid=FFFE15CD state tex=260 size=00800040 tex=01010200 blend=00050600 depth=01040101 colour=FF171C10 mask=7 scissor=0,0,640,480 fog=0
88 pid=FFFE15CD state tex=261 size=00400040 tex=01010200 blend=00050600 depth=01040101 colour=FF161A0F mask=7 scissor=0,0,640,480 fog=0
89 pid=FFFE15CD state tex=262 size=00200010 tex=01010200 blend=00050600 depth=01040101 colour=FF161A0F mask=7 scissor=0,0,640,480 fog=0
90 pid=FFFE15CD state tex=263 size=00400010 tex=01010200 blend=00050600 depth=01040101 colour=FF171C10 mask=7 scissor=0,0,640,480 fog=0
91 pid=FFFE15CD state tex=265 size=00400010 tex=01010200 blend=00050600 depth=01040101 colour=FF1C2214 mask=7 scissor=0,0,640,480 fog=0
92 pid=FFFE15CD state tex=267 size=00400040 tex=01010200 blend=00050600 depth=01040101 colour=FF171C10 mask=7 scissor=0,0,640,480 fog=0
93 pid=FFFE15CD time interval-ms=10001 swaps=276 present-ms=160 draw-ms=2081 upload-ms=132
94 pid=FFFE15CD tsc frames=276 wall-ms=10001 vertex-ms=1241 flush-in-vertex-ms=1 flush-other-ms=2546 bind-ms=258 iface-ms=2081 beginend-ms=1061 swap-ms=161 vertices=592251 flushes=19439 draws=19439 sink-ms=941 sink-prep-ms=162 sinks=65547
95 pid=FFFE15CD paths batches/triangles untextured=97/194 hw=19343/169572 cpu=0/0 cpu-nonsquare=0/0 hw-refused=0/0
96 pid=FFFE15CD counters hwtex live=142 creates=142 create-failed=0 evictions=0 uploads=175 upload-kb=2955 squared=0 alpha-dropped=1326 stubs=72 failed r4=0 r7=0 r8=0 other=0
97 pid=FFFE15CD time interval-ms=10000 swaps=158 present-ms=113 draw-ms=2675 upload-ms=60
98 pid=FFFE15CD tsc frames=158 wall-ms=10000 vertex-ms=2462 flush-in-vertex-ms=38 flush-other-ms=2974 bind-ms=233 iface-ms=2674 beginend-ms=1622 swap-ms=108 vertices=1343018 flushes=17446 draws=17446 sink-ms=1381 sink-prep-ms=318 sinks=130195
99 pid=FFFE15CD paths batches/triangles untextured=255/510 hw=36631/519423 cpu=0/0 cpu-nonsquare=0/0 hw-refused=0/0
100 pid=FFFE15CD counters hwtex live=192 creates=192 create-failed=0 evictions=0 uploads=261 upload-kb=4453 squared=0 alpha-dropped=3346 stubs=96 failed r4=0 r7=0 r8=0 other=0
101 pid=FFFE15CD time interval-ms=10000 swaps=126 present-ms=73 draw-ms=2719 upload-ms=127
102 pid=FFFE15CD tsc frames=126 wall-ms=10000 vertex-ms=2662 flush-in-vertex-ms=79 flush-other-ms=3065 bind-ms=235 iface-ms=2719 beginend-ms=1894 swap-ms=73 vertices=1410724 flushes=21038 draws=21038 sink-ms=1706 sink-prep-ms=371 sinks=153821
103 pid=FFFE15CD paths batches/triangles untextured=381/762 hw=57543/945162 cpu=0/0 cpu-nonsquare=0/0 hw-refused=0/0
104 pid=FFFE15CD counters hwtex live=214 creates=214 create-failed=0 evictions=0 uploads=366 upload-kb=7350 squared=0 alpha-dropped=5023 stubs=160 failed r4=0 r7=0 r8=0 other=0
105 pid=FFFE15CD time interval-ms=10000 swaps=463 present-ms=299 draw-ms=5811 upload-ms=0
106 pid=FFFE15CD tsc frames=463 wall-ms=10000 vertex-ms=1293 flush-in-vertex-ms=1 flush-other-ms=6564 bind-ms=405 iface-ms=5811 beginend-ms=816 swap-ms=299 vertices=759910 flushes=180574 draws=180574 sink-ms=572 sink-prep-ms=396 sinks=183669
107 pid=FFFE15CD paths batches/triangles untextured=388/776 hw=238110/1316396 cpu=0/0 cpu-nonsquare=0/0 hw-refused=0/0
108 pid=FFFE15CD counters hwtex live=214 creates=214 create-failed=0 evictions=0 uploads=366 upload-kb=7350 squared=0 alpha-dropped=5564 stubs=166 failed r4=0 r7=0 r8=0 other=0
109 pid=FFFE15CD time interval-ms=10000 swaps=471 present-ms=339 draw-ms=5944 upload-ms=0
110 pid=FFFE15CD tsc frames=471 wall-ms=10000 vertex-ms=1307 flush-in-vertex-ms=0 flush-other-ms=6706 bind-ms=356 iface-ms=5944 beginend-ms=735 swap-ms=340 vertices=741664 flushes=185416 draws=185416 sink-ms=507 sink-prep-ms=356 sinks=185416
111 pid=FFFE15CD paths batches/triangles untextured=388/776 hw=423526/1687699 cpu=0/0 cpu-nonsquare=0/0 hw-refused=0/0
112 pid=FFFE15CD counters hwtex live=214 creates=214 create-failed=0 evictions=0 uploads=366 upload-kb=7350 squared=0 alpha-dropped=6035 stubs=166 failed r4=0 r7=0 r8=0 other=0
113 pid=FFFE15CD time interval-ms=10000 swaps=443 present-ms=258 draw-ms=5455 upload-ms=0
114 pid=FFFE15CD tsc frames=443 wall-ms=10000 vertex-ms=1339 flush-in-vertex-ms=0 flush-other-ms=6374 bind-ms=559 iface-ms=5455 beginend-ms=767 swap-ms=259 vertices=697656 flushes=174414 draws=174414 sink-ms=566 sink-prep-ms=457 sinks=174414
115 pid=FFFE15CD paths batches/triangles untextured=388/776 hw=597940/2036970 cpu=0/0 cpu-nonsquare=0/0 hw-refused=0/0
116 pid=FFFE15CD counters hwtex live=214 creates=214 create-failed=0 evictions=0 uploads=366 upload-kb=7350 squared=0 alpha-dropped=6478 stubs=166 failed r4=0 r7=0 r8=0 other=0
117 pid=FFFE15CD time interval-ms=10000 swaps=470 present-ms=271 draw-ms=5864 upload-ms=0
118 pid=FFFE15CD tsc frames=470 wall-ms=10000 vertex-ms=1367 flush-in-vertex-ms=0 flush-other-ms=6593 bind-ms=302 iface-ms=5864 beginend-ms=697 swap-ms=272 vertices=740840 flushes=185210 draws=185210 sink-ms=483 sink-prep-ms=365 sinks=185210
119 pid=FFFE15CD paths batches/triangles untextured=388/776 hw=783150/2407860 cpu=0/0 cpu-nonsquare=0/0 hw-refused=0/0
120 pid=FFFE15CD counters hwtex live=214 creates=214 create-failed=0 evictions=0 uploads=366 upload-kb=7350 squared=0 alpha-dropped=6948 stubs=166 failed r4=0 r7=0 r8=0 other=0
121 pid=FFFE15CD time interval-ms=10000 swaps=444 present-ms=299 draw-ms=5605 upload-ms=0
122 pid=FFFE15CD tsc frames=444 wall-ms=10000 vertex-ms=1270 flush-in-vertex-ms=0 flush-other-ms=6632 bind-ms=563 iface-ms=5605 beginend-ms=748 swap-ms=299 vertices=699492 flushes=174873 draws=174873 sink-ms=511 sink-prep-ms=399 sinks=174873
123 pid=FFFE15CD paths batches/triangles untextured=388/776 hw=958023/2758050 cpu=0/0 cpu-nonsquare=0/0 hw-refused=0/0
124 pid=FFFE15CD counters hwtex live=214 creates=214 create-failed=0 evictions=0 uploads=366 upload-kb=7350 squared=0 alpha-dropped=7392 stubs=166 failed r4=0 r7=0 r8=0 other=0
125 pid=FFFE15CD time interval-ms=10000 swaps=308 present-ms=206 draw-ms=4125 upload-ms=59
126 pid=FFFE15CD tsc frames=308 wall-ms=10000 vertex-ms=1492 flush-in-vertex-ms=0 flush-other-ms=4758 bind-ms=343 iface-ms=4125 beginend-ms=1081 swap-ms=207 vertices=728987 flushes=99264 draws=99264 sink-ms=883 sink-prep-ms=252 sinks=128089
127 pid=FFFE15CD paths batches/triangles untextured=471/942 hw=1057204/3041404 cpu=0/0 cpu-nonsquare=0/0 hw-refused=0/0
128 pid=FFFE15CD counters hwtex live=214 creates=214 create-failed=0 evictions=0 uploads=395 upload-kb=8758 squared=0 alpha-dropped=8591 stubs=224 failed r4=0 r7=0 r8=0 other=0
129 pid=FFFE15CD time interval-ms=10000 swaps=156 present-ms=93 draw-ms=2474 upload-ms=66
130 pid=FFFE15CD tsc frames=156 wall-ms=10000 vertex-ms=2505 flush-in-vertex-ms=15 flush-other-ms=2634 bind-ms=51 iface-ms=2474 beginend-ms=1511 swap-ms=93 vertices=1364956 flushes=16822 draws=16822 sink-ms=1209 sink-prep-ms=275 sinks=131345
131 pid=FFFE15CD paths batches/triangles untextured=627/1254 hw=1073870/3392036 cpu=0/0 cpu-nonsquare=0/0 hw-refused=0/0
132 pid=FFFE15CD counters hwtex live=214 creates=214 create-failed=0 evictions=0 uploads=445 upload-kb=10454 squared=0 alpha-dropped=10552 stubs=262 failed r4=0 r7=0 r8=0 other=0
133 pid=FFFE15CD time interval-ms=10001 swaps=120 present-ms=70 draw-ms=2676 upload-ms=83
134 pid=FFFE15CD tsc frames=120 wall-ms=10001 vertex-ms=2929 flush-in-vertex-ms=95 flush-other-ms=2888 bind-ms=126 iface-ms=2676 beginend-ms=1727 swap-ms=71 vertices=1444721 flushes=21445 draws=21445 sink-ms=1531 sink-prep-ms=316 sinks=159020
135 pid=FFFE15CD paths batches/triangles untextured=747/1494 hw=1095195/3829028 cpu=0/0 cpu-nonsquare=0/0 hw-refused=0/0
136 pid=FFFE15CD counters hwtex live=214 creates=214 create-failed=0 evictions=0 uploads=511 upload-kb=12566 squared=0 alpha-dropped=12182 stubs=304 failed r4=0 r7=0 r8=0 other=0
137 pid=FFFE15CD time interval-ms=10004 swaps=310 present-ms=201 draw-ms=5279 upload-ms=27
138 pid=FFFE15CD tsc frames=310 wall-ms=10004 vertex-ms=1570 flush-in-vertex-ms=5 flush-other-ms=6000 bind-ms=313 iface-ms=5279 beginend-ms=953 swap-ms=201 vertices=834947 flushes=167924 draws=167924 sink-ms=674 sink-prep-ms=330 sinks=181700
139 pid=FFFE15CD paths batches/triangles untextured=776/1552 hw=1263090/4208208 cpu=0/0 cpu-nonsquare=0/0 hw-refused=0/0
140 pid=FFFE15CD counters hwtex live=214 creates=214 create-failed=0 evictions=0 uploads=531 upload-kb=13206 squared=0 alpha-dropped=12824 stubs=332 failed r4=0 r7=0 r8=0 other=0
141 pid=FFFE15CD time interval-ms=10000 swaps=310 present-ms=180 draw-ms=5481 upload-ms=0
142 pid=FFFE15CD tsc frames=310 wall-ms=10000 vertex-ms=1437 flush-in-vertex-ms=0 flush-other-ms=6547 bind-ms=657 iface-ms=5481 beginend-ms=950 swap-ms=180 vertices=728904 flushes=182226 draws=182226 sink-ms=588 sink-prep-ms=474 sinks=182226
143 pid=FFFE15CD paths batches/triangles untextured=776/1552 hw=1445316/4572970 cpu=0/0 cpu-nonsquare=0/0 hw-refused=0/0
144 pid=FFFE15CD counters hwtex live=214 creates=214 create-failed=0 evictions=0 uploads=531 upload-kb=13206 squared=0 alpha-dropped=13134 stubs=332 failed r4=0 r7=0 r8=0 other=0
145 pid=FFFE15CD DrvReleaseContext context=1 -> 1
146 pid=FFFE15CD paths batches/triangles untextured=776/1552 hw=1464621/4611612 cpu=0/0 cpu-nonsquare=0/0 hw-refused=0/0
147 pid=FFFE15CD counters hwtex live=0 creates=214 create-failed=0 evictions=0 uploads=531 upload-kb=13206 squared=0 alpha-dropped=13166 stubs=332 failed r4=0 r7=0 r8=0 other=0
148 pid=FFFE15CD DrvDeleteContext context=1 -> 1
149 pid=FFFE15CD detach slots-called=1 stub-calls=332
1 pid=FFFE14AD attach instance=0A1A0000 tls=21 build-marker=1
2 pid=FFFE14AD DrvValidateVersion version=1
3 pid=FFFE14AD DrvSetCallbackProcs count=3 procs=78B23978
4 pid=FFFE14AD describe result=0 engine=3 formats=00000002
5 pid=FFFE14AD DrvDescribePixelFormat index=1 bytes=0 -> count=1
6 pid=FFFE14AD DrvDescribePixelFormat index=1 bytes=40 -> count=1
7 pid=FFFE14AD DrvDescribePixelFormat index=1 bytes=0 -> count=1
8 pid=FFFE14AD DrvDescribePixelFormat index=1 bytes=0 -> count=1
9 pid=FFFE14AD DrvDescribePixelFormat index=1 bytes=0 -> count=1
10 pid=FFFE14AD DrvDescribePixelFormat index=1 bytes=0 -> count=1
11 pid=FFFE14AD DrvDescribePixelFormat index=1 bytes=0 -> count=1
12 pid=FFFE14AD DrvDescribePixelFormat index=1 bytes=0 -> count=1
13 pid=FFFE14AD DrvDescribePixelFormat index=1 bytes=0 -> count=1
14 pid=FFFE14AD DrvDescribePixelFormat index=1 bytes=0 -> count=1
15 pid=FFFE14AD DrvDescribePixelFormat index=1 bytes=0 -> count=1
16 pid=FFFE14AD DrvDescribePixelFormat index=1 bytes=0 -> count=1
17 pid=FFFE14AD DrvDescribePixelFormat index=1 bytes=0 -> count=1
18 pid=FFFE14AD DrvDescribePixelFormat index=1 bytes=0 -> count=1
19 pid=FFFE14AD DrvDescribePixelFormat index=1 bytes=0 -> count=1
20 pid=FFFE14AD DrvDescribePixelFormat index=1 bytes=0 -> count=1
21 pid=FFFE14AD DrvDescribePixelFormat index=1 bytes=0 -> count=1
22 pid=FFFE14AD DrvDescribePixelFormat index=1 bytes=0 -> count=1
23 pid=FFFE14AD DrvDescribePixelFormat index=1 bytes=0 -> count=1
24 pid=FFFE14AD DrvDescribePixelFormat index=1 bytes=0 -> count=1
25 pid=FFFE14AD DrvDescribePixelFormat index=1 bytes=0 -> count=1
26 pid=FFFE14AD DrvDescribePixelFormat index=1 bytes=0 -> count=1
27 pid=FFFE14AD DrvDescribePixelFormat index=1 bytes=0 -> count=1
28 pid=FFFE14AD DrvDescribePixelFormat index=1 bytes=0 -> count=1
29 pid=FFFE14AD DrvDescribePixelFormat index=1 bytes=0 -> count=1
30 pid=FFFE14AD DrvDescribePixelFormat index=1 bytes=0 -> count=1
31 pid=FFFE14AD DrvDescribePixelFormat index=1 bytes=0 -> count=1
32 pid=FFFE14AD DrvSetPixelFormat hdc=000011BA index=1
33 pid=FFFE14AD DrvDescribePixelFormat index=1 bytes=0 -> count=1
34 pid=FFFE14AD DrvDescribePixelFormat index=1 bytes=40 -> count=1
35 pid=FFFE14AD DrvDescribePixelFormat index=1 bytes=0 -> count=1
36 pid=FFFE14AD DrvDescribePixelFormat index=1 bytes=40 -> count=1
37 pid=FFFE14AD DrvCreateLayerContext hdc=000011BA layer=0 -> 1
38 pid=FFFE14AD drawable window=00000988 640x480
39 pid=FFFE14AD DrvSetContext hdc=000011BA context=1 -> 1
40 pid=FFFE14AD state tex=2 size=01000080 tex=01010100 blend=00050601 depth=00020101 colour=FFFFFFFF mask=7 scissor=0,0,640,480 fog=0
41 pid=FFFE14AD time interval-ms=11873263 swaps=0 present-ms=0 draw-ms=2147483648 upload-ms=10
42 pid=FFFE14AD tsc frames=0 wall-ms=11873263 vertex-ms=2476697 flush-in-vertex-ms=0 flush-other-ms=1198841156 bind-ms=447115 iface-ms=162774976 beginend-ms=2530280 swap-ms=0 vertices=4 flushes=1 draws=1 sink-ms=2335597 sink-prep-ms=2168896 sinks=1
43 pid=FFFE14AD paths batches/triangles untextured=0/0 hw=1/3 cpu=0/0 cpu-nonsquare=0/0 hw-refused=0/0
44 pid=FFFE14AD counters hwtex live=1 creates=1 create-failed=0 evictions=0 uploads=1 upload-kb=64 squared=0 alpha-dropped=1 stubs=0 failed r4=0 r7=0 r8=0 other=0
45 pid=FFFE14AD state tex=3 size=01000080 tex=01040202 blend=00050601 depth=00020101 colour=FFFFB233 mask=7 scissor=0,0,640,480 fog=0
46 pid=FFFE14AD state tex=64 size=00800080 tex=01010200 blend=00050600 depth=01040102 colour=FFFFFFFF mask=7 scissor=0,0,640,480 fog=0
47 pid=FFFE14AD state tex=67 size=01000080 tex=01010200 blend=00050600 depth=01040102 colour=FFFFFFFF mask=7 scissor=0,0,640,480 fog=0
48 pid=FFFE14AD state tex=5802 size=01000100 tex=01010200 blend=00050600 depth=01040101 colour=FFFFFFFF mask=7 scissor=0,0,640,480 fog=0
49 pid=FFFE14AD state tex=5803 size=01000100 tex=01010200 blend=00050600 depth=01040101 colour=FFFFFFFF mask=7 scissor=0,0,640,480 fog=0
50 pid=FFFE14AD state tex=5805 size=01000100 tex=01010200 blend=00050600 depth=01040101 colour=FFFFFFFF mask=7 scissor=0,0,640,480 fog=0
51 pid=FFFE14AD stub first-call slot=319 glPolygonOffset
52 pid=FFFE14AD state tex=80 size=00800080 tex=01010200 blend=00050600 depth=01040102 colour=FFFFFFFF mask=7 scissor=0,0,640,480 fog=0
53 pid=FFFE14AD state tex=516 size=00800080 tex=01010200 blend=01090300 depth=01040001 colour=FFAAAAAA mask=7 scissor=0,0,640,480 fog=0
54 pid=FFFE14AD state tex=517 size=00800080 tex=01010200 blend=01090300 depth=01040001 colour=FFAAAAAA mask=7 scissor=0,0,640,480 fog=0
55 pid=FFFE14AD state tex=518 size=00800080 tex=01010200 blend=01090300 depth=01040001 colour=FFAAAAAA mask=7 scissor=0,0,640,480 fog=0
56 pid=FFFE14AD state tex=519 size=00800080 tex=01010200 blend=01090300 depth=01040001 colour=FFAAAAAA mask=7 scissor=0,0,640,480 fog=0
57 pid=FFFE14AD state tex=80 size=00800080 tex=01010200 blend=00090300 depth=01040102 colour=FFFFFFFF mask=7 scissor=0,0,640,480 fog=0
58 pid=FFFE14AD state tex=523 size=00800080 tex=01010200 blend=01090300 depth=01040001 colour=FFAAAAAA mask=7 scissor=0,0,640,480 fog=0
59 pid=FFFE14AD state tex=584 size=00200080 tex=01010200 blend=00090300 depth=01040101 colour=005D4A13 mask=7 scissor=0,0,640,480 fog=0
60 pid=FFFE14AD state tex=587 size=00200040 tex=01010200 blend=00090300 depth=01040101 colour=0093BCBC mask=7 scissor=0,0,640,480 fog=0
61 pid=FFFE14AD state tex=590 size=00400040 tex=01010200 blend=00090300 depth=01040101 colour=009EC9C9 mask=7 scissor=0,0,640,480 fog=0
62 pid=FFFE14AD state tex=591 size=00800040 tex=01010200 blend=00090300 depth=01040101 colour=00C7FEFE mask=7 scissor=0,0,640,480 fog=0
63 pid=FFFE14AD state tex=592 size=00400040 tex=01010200 blend=00090300 depth=01040101 colour=009CC7C7 mask=7 scissor=0,0,640,480 fog=0
64 pid=FFFE14AD state tex=593 size=00200020 tex=01010200 blend=00090300 depth=01040101 colour=009AC4C4 mask=7 scissor=0,0,640,480 fog=0
65 pid=FFFE14AD state tex=595 size=00080040 tex=01010200 blend=00090300 depth=01040101 colour=009EC9C9 mask=7 scissor=0,0,640,480 fog=0
66 pid=FFFE14AD state tex=596 size=00200040 tex=01010200 blend=00090300 depth=01040101 colour=00C5FBFB mask=7 scissor=0,0,640,480 fog=0
67 pid=FFFE14AD state tex=597 size=00200020 tex=01010200 blend=00090300 depth=01040101 colour=009ECACA mask=7 scissor=0,0,640,480 fog=0
68 pid=FFFE14AD state tex=598 size=00200020 tex=01010200 blend=00090300 depth=01040101 colour=0081A4A4 mask=7 scissor=0,0,640,480 fog=0
69 pid=FFFE14AD state tex=80 size=00800080 tex=01010101 blend=00090300 depth=01040102 colour=FFFFFFFF mask=7 scissor=0,0,640,480 fog=0
70 pid=FFFE14AD state tex=524 size=00800080 tex=01010200 blend=01090300 depth=01040001 colour=FFAAAAAA mask=7 scissor=0,0,640,480 fog=0
71 pid=FFFE14AD state tex=453 size=00200020 tex=01010200 blend=01020201 depth=00040002 colour=FF1F1502 mask=7 scissor=0,0,640,480 fog=0
72 pid=FFFE14AD state tex=47 size=01000080 tex=01010200 blend=01020201 depth=00040001 colour=FF643E00 mask=7 scissor=0,0,640,480 fog=0
73 pid=FFFE14AD state tex=47 size=00000000 tex=00000000 blend=01050201 depth=00040100 colour=64FFA000 mask=7 scissor=0,0,640,480 fog=0
74 pid=FFFE14AD state tex=2 size=01000080 tex=01010100 blend=00020201 depth=00040101 colour=FFFFFFFF mask=7 scissor=0,0,640,480 fog=0
75 pid=FFFE14AD state tex=3 size=01000080 tex=01040202 blend=00020201 depth=00040101 colour=FFFF9B32 mask=7 scissor=0,0,640,480 fog=0
76 pid=FFFE14AD state tex=249 size=00400040 tex=01010200 blend=00050600 depth=01040101 colour=FF1D2214 mask=7 scissor=0,0,640,480 fog=0
77 pid=FFFE14AD state tex=250 size=00400040 tex=01010200 blend=00050600 depth=01040101 colour=FF171C10 mask=7 scissor=0,0,640,480 fog=0
78 pid=FFFE14AD state tex=251 size=00200020 tex=01010200 blend=00050600 depth=01040101 colour=FF1D2214 mask=7 scissor=0,0,640,480 fog=0
79 pid=FFFE14AD state tex=252 size=00200020 tex=01010200 blend=00050600 depth=01040101 colour=FF171C10 mask=7 scissor=0,0,640,480 fog=0
80 pid=FFFE14AD state tex=253 size=00400040 tex=01010200 blend=00050600 depth=01040101 colour=FF171C10 mask=7 scissor=0,0,640,480 fog=0
81 pid=FFFE14AD state tex=254 size=00200020 tex=01010200 blend=00050600 depth=01040101 colour=FF1D2214 mask=7 scissor=0,0,640,480 fog=0
82 pid=FFFE14AD state tex=255 size=00800010 tex=01010200 blend=00050600 depth=01040101 colour=FF191E12 mask=7 scissor=0,0,640,480 fog=0
83 pid=FFFE14AD state tex=256 size=00100020 tex=01010200 blend=00050600 depth=01040101 colour=FF191E12 mask=7 scissor=0,0,640,480 fog=0
84 pid=FFFE14AD state tex=257 size=00200040 tex=01010200 blend=00050600 depth=01040101 colour=FF1B2113 mask=7 scissor=0,0,640,480 fog=0
85 pid=FFFE14AD state tex=258 size=00100020 tex=01010200 blend=00050600 depth=01040101 colour=FF191D11 mask=7 scissor=0,0,640,480 fog=0
86 pid=FFFE14AD state tex=259 size=00400040 tex=01010200 blend=00050600 depth=01040101 colour=FF171C10 mask=7 scissor=0,0,640,480 fog=0
87 pid=FFFE14AD state tex=260 size=00800040 tex=01010200 blend=00050600 depth=01040101 colour=FF171C10 mask=7 scissor=0,0,640,480 fog=0
88 pid=FFFE14AD state tex=261 size=00400040 tex=01010200 blend=00050600 depth=01040101 colour=FF161A0F mask=7 scissor=0,0,640,480 fog=0
89 pid=FFFE14AD state tex=262 size=00200010 tex=01010200 blend=00050600 depth=01040101 colour=FF161A0F mask=7 scissor=0,0,640,480 fog=0
90 pid=FFFE14AD state tex=263 size=00400010 tex=01010200 blend=00050600 depth=01040101 colour=FF171C10 mask=7 scissor=0,0,640,480 fog=0
91 pid=FFFE14AD state tex=265 size=00400010 tex=01010200 blend=00050600 depth=01040101 colour=FF1C2214 mask=7 scissor=0,0,640,480 fog=0
92 pid=FFFE14AD state tex=267 size=00400040 tex=01010200 blend=00050600 depth=01040101 colour=FF171C10 mask=7 scissor=0,0,640,480 fog=0
93 pid=FFFE14AD time interval-ms=10003 swaps=431 present-ms=265 draw-ms=1870 upload-ms=61
94 pid=FFFE14AD tsc frames=431 wall-ms=10003 vertex-ms=695 flush-in-vertex-ms=0 flush-other-ms=2073 bind-ms=93 iface-ms=1870 beginend-ms=594 swap-ms=266 vertices=287536 flushes=22248 draws=22248 sink-ms=511 sink-prep-ms=87 sinks=40994
95 pid=FFFE14AD paths batches/triangles untextured=48/96 hw=22201/100682 cpu=0/0 cpu-nonsquare=0/0 hw-refused=0/0
96 pid=FFFE14AD counters hwtex live=48 creates=48 create-failed=0 evictions=0 uploads=56 upload-kb=1476 squared=0 alpha-dropped=964 stubs=49 failed r4=0 r7=0 r8=0 other=0
97 pid=FFFE14AD time interval-ms=10001 swaps=163 present-ms=95 draw-ms=2593 upload-ms=109
98 pid=FFFE14AD tsc frames=163 wall-ms=10001 vertex-ms=2377 flush-in-vertex-ms=14 flush-other-ms=2848 bind-ms=103 iface-ms=2593 beginend-ms=1544 swap-ms=96 vertices=1258710 flushes=15646 draws=15646 sink-ms=1253 sink-prep-ms=239 sinks=118834
99 pid=FFFE14AD paths batches/triangles untextured=211/422 hw=37684/420185 cpu=0/0 cpu-nonsquare=0/0 hw-refused=0/0
100 pid=FFFE14AD counters hwtex live=175 creates=175 create-failed=0 evictions=0 uploads=239 upload-kb=4155 squared=0 alpha-dropped=2940 stubs=96 failed r4=0 r7=0 r8=0 other=0
101 pid=FFFE14AD time interval-ms=10000 swaps=124 present-ms=73 draw-ms=2732 upload-ms=64
102 pid=FFFE14AD tsc frames=124 wall-ms=10000 vertex-ms=2779 flush-in-vertex-ms=55 flush-other-ms=2882 bind-ms=91 iface-ms=2732 beginend-ms=1645 swap-ms=73 vertices=1449676 flushes=21808 draws=21808 sink-ms=1429 sink-prep-ms=314 sinks=158669
103 pid=FFFE14AD paths batches/triangles untextured=335/670 hw=59368/854728 cpu=0/0 cpu-nonsquare=0/0 hw-refused=0/0
104 pid=FFFE14AD counters hwtex live=214 creates=214 create-failed=0 evictions=0 uploads=315 upload-kb=5718 squared=0 alpha-dropped=4668 stubs=114 failed r4=0 r7=0 r8=0 other=0
105 pid=FFFE14AD time interval-ms=10000 swaps=385 present-ms=227 draw-ms=4662 upload-ms=64
106 pid=FFFE14AD tsc frames=385 wall-ms=10000 vertex-ms=1820 flush-in-vertex-ms=8 flush-other-ms=5175 bind-ms=189 iface-ms=4662 beginend-ms=1155 swap-ms=228 vertices=896449 flushes=125450 draws=125450 sink-ms=887 sink-prep-ms=349 sinks=161245
107 pid=FFFE14AD paths batches/triangles untextured=388/776 hw=184765/1209597 cpu=0/0 cpu-nonsquare=0/0 hw-refused=0/0
108 pid=FFFE14AD counters hwtex live=214 creates=214 create-failed=0 evictions=0 uploads=366 upload-kb=7350 squared=0 alpha-dropped=5643 stubs=166 failed r4=0 r7=0 r8=0 other=0
109 pid=FFFE14AD DrvReleaseContext context=1 -> 1
110 pid=FFFE14AD paths batches/triangles untextured=388/776 hw=236267/1312743 cpu=0/0 cpu-nonsquare=0/0 hw-refused=0/0
111 pid=FFFE14AD counters hwtex live=0 creates=214 create-failed=0 evictions=0 uploads=366 upload-kb=7350 squared=0 alpha-dropped=5785 stubs=166 failed r4=0 r7=0 r8=0 other=0
112 pid=FFFE14AD DrvDeleteContext context=1 -> 1
113 pid=FFFE14AD detach slots-called=1 stub-calls=166
1 pid=FFFE14AD attach instance=00A50000 tls=14 build-marker=1
2 pid=FFFE14AD DrvValidateVersion version=1
3 pid=FFFE14AD DrvSetCallbackProcs count=3 procs=78B23978
4 pid=FFFE14AD describe result=0 engine=3 formats=00000002
5 pid=FFFE14AD DrvDescribePixelFormat index=1 bytes=0 -> count=1
6 pid=FFFE14AD DrvDescribePixelFormat index=1 bytes=40 -> count=1
7 pid=FFFE14AD DrvDescribePixelFormat index=1 bytes=0 -> count=1
8 pid=FFFE14AD DrvDescribePixelFormat index=1 bytes=0 -> count=1
9 pid=FFFE14AD DrvDescribePixelFormat index=1 bytes=0 -> count=1
10 pid=FFFE14AD DrvDescribePixelFormat index=1 bytes=0 -> count=1
11 pid=FFFE14AD DrvDescribePixelFormat index=1 bytes=0 -> count=1
12 pid=FFFE14AD DrvDescribePixelFormat index=1 bytes=0 -> count=1
13 pid=FFFE14AD DrvDescribePixelFormat index=1 bytes=0 -> count=1
14 pid=FFFE14AD DrvDescribePixelFormat index=1 bytes=0 -> count=1
15 pid=FFFE14AD DrvDescribePixelFormat index=1 bytes=0 -> count=1
16 pid=FFFE14AD DrvDescribePixelFormat index=1 bytes=0 -> count=1
17 pid=FFFE14AD DrvDescribePixelFormat index=1 bytes=0 -> count=1
18 pid=FFFE14AD DrvDescribePixelFormat index=1 bytes=0 -> count=1
19 pid=FFFE14AD DrvDescribePixelFormat index=1 bytes=0 -> count=1
20 pid=FFFE14AD DrvDescribePixelFormat index=1 bytes=0 -> count=1
21 pid=FFFE14AD DrvDescribePixelFormat index=1 bytes=0 -> count=1
22 pid=FFFE14AD DrvDescribePixelFormat index=1 bytes=0 -> count=1
23 pid=FFFE14AD DrvDescribePixelFormat index=1 bytes=0 -> count=1
24 pid=FFFE14AD DrvDescribePixelFormat index=1 bytes=0 -> count=1
25 pid=FFFE14AD DrvDescribePixelFormat index=1 bytes=0 -> count=1
26 pid=FFFE14AD DrvDescribePixelFormat index=1 bytes=0 -> count=1
27 pid=FFFE14AD DrvDescribePixelFormat index=1 bytes=0 -> count=1
28 pid=FFFE14AD DrvDescribePixelFormat index=1 bytes=0 -> count=1
29 pid=FFFE14AD DrvDescribePixelFormat index=1 bytes=0 -> count=1
30 pid=FFFE14AD DrvDescribePixelFormat index=1 bytes=0 -> count=1
31 pid=FFFE14AD DrvDescribePixelFormat index=1 bytes=0 -> count=1
32 pid=FFFE14AD DrvSetPixelFormat hdc=000011D6 index=1
33 pid=FFFE14AD DrvDescribePixelFormat index=1 bytes=0 -> count=1
34 pid=FFFE14AD DrvDescribePixelFormat index=1 bytes=40 -> count=1
35 pid=FFFE14AD DrvDescribePixelFormat index=1 bytes=0 -> count=1
36 pid=FFFE14AD DrvDescribePixelFormat index=1 bytes=40 -> count=1
37 pid=FFFE14AD DrvCreateLayerContext hdc=000011D6 layer=0 -> 1
38 pid=FFFE14AD drawable window=00000AB0 640x480
39 pid=FFFE14AD DrvSetContext hdc=000011D6 context=1 -> 1
40 pid=FFFE14AD DrvGetProcAddress name=wglGetExtensionsStringARB -> NULL
41 pid=FFFE14AD stub first-call slot=285 glGetTexLevelParameteriv
42 pid=FFFE14AD state tex=243 size=00800080 tex=01040202 blend=01050600 depth=00040002 colour=FF00D800 mask=7 scissor=0,0,640,480 fog=0
43 pid=FFFE14AD time interval-ms=11937195 swaps=3 present-ms=2 draw-ms=3785 upload-ms=1
44 pid=FFFE14AD tsc frames=3 wall-ms=11937195 vertex-ms=352 flush-in-vertex-ms=0 flush-other-ms=78739 bind-ms=200 iface-ms=3784 beginend-ms=72 swap-ms=68041 vertices=8 flushes=1 draws=1 sink-ms=792 sink-prep-ms=600 sinks=1
45 pid=FFFE14AD paths batches/triangles untextured=0/0 hw=1/44 cpu=0/0 cpu-nonsquare=0/0 hw-refused=0/0
46 pid=FFFE14AD counters hwtex live=1 creates=1 create-failed=0 evictions=0 uploads=1 upload-kb=42 squared=0 alpha-dropped=0 stubs=1 failed r4=0 r7=0 r8=0 other=0
47 pid=FFFE14AD time interval-ms=10109 swaps=61 present-ms=41 draw-ms=10 upload-ms=0
48 pid=FFFE14AD tsc frames=61 wall-ms=10109 vertex-ms=1 flush-in-vertex-ms=0 flush-other-ms=13 bind-ms=2 iface-ms=10 beginend-ms=0 swap-ms=41 vertices=488 flushes=122 draws=122 sink-ms=1 sink-prep-ms=0 sinks=122
49 pid=FFFE14AD paths batches/triangles untextured=0/0 hw=123/3216 cpu=0/0 cpu-nonsquare=0/0 hw-refused=0/0
50 pid=FFFE14AD counters hwtex live=1 creates=1 create-failed=0 evictions=0 uploads=1 upload-kb=42 squared=0 alpha-dropped=0 stubs=1 failed r4=0 r7=0 r8=0 other=0
51 pid=FFFE14AD time interval-ms=10058 swaps=81 present-ms=52 draw-ms=11 upload-ms=0
52 pid=FFFE14AD tsc frames=81 wall-ms=10058 vertex-ms=1 flush-in-vertex-ms=0 flush-other-ms=15 bind-ms=3 iface-ms=11 beginend-ms=0 swap-ms=52 vertices=648 flushes=162 draws=162 sink-ms=1 sink-prep-ms=0 sinks=162
53 pid=FFFE14AD paths batches/triangles untextured=0/0 hw=285/6304 cpu=0/0 cpu-nonsquare=0/0 hw-refused=0/0
54 pid=FFFE14AD counters hwtex live=1 creates=1 create-failed=0 evictions=0 uploads=1 upload-kb=42 squared=0 alpha-dropped=0 stubs=1 failed r4=0 r7=0 r8=0 other=0
55 pid=FFFE14AD time interval-ms=10100 swaps=69 present-ms=45 draw-ms=10 upload-ms=0
56 pid=FFFE14AD tsc frames=69 wall-ms=10100 vertex-ms=1 flush-in-vertex-ms=0 flush-other-ms=33 bind-ms=23 iface-ms=10 beginend-ms=0 swap-ms=46 vertices=552 flushes=138 draws=138 sink-ms=1 sink-prep-ms=1 sinks=138
57 pid=FFFE14AD paths batches/triangles untextured=0/0 hw=423/8788 cpu=0/0 cpu-nonsquare=0/0 hw-refused=0/0
58 pid=FFFE14AD counters hwtex live=1 creates=1 create-failed=0 evictions=0 uploads=1 upload-kb=42 squared=0 alpha-dropped=0 stubs=1 failed r4=0 r7=0 r8=0 other=0
59 pid=FFFE14AD time interval-ms=10005 swaps=81 present-ms=52 draw-ms=12 upload-ms=0
60 pid=FFFE14AD tsc frames=81 wall-ms=10005 vertex-ms=1 flush-in-vertex-ms=0 flush-other-ms=31 bind-ms=19 iface-ms=12 beginend-ms=0 swap-ms=52 vertices=648 flushes=162 draws=162 sink-ms=1 sink-prep-ms=0 sinks=162
61 pid=FFFE14AD paths batches/triangles untextured=0/0 hw=585/12034 cpu=0/0 cpu-nonsquare=0/0 hw-refused=0/0
62 pid=FFFE14AD counters hwtex live=1 creates=1 create-failed=0 evictions=0 uploads=1 upload-kb=42 squared=0 alpha-dropped=0 stubs=1 failed r4=0 r7=0 r8=0 other=0
63 pid=FFFE14AD time interval-ms=10055 swaps=91 present-ms=77 draw-ms=13 upload-ms=0
64 pid=FFFE14AD tsc frames=91 wall-ms=10055 vertex-ms=1 flush-in-vertex-ms=0 flush-other-ms=24 bind-ms=11 iface-ms=13 beginend-ms=0 swap-ms=77 vertices=728 flushes=182 draws=182 sink-ms=1 sink-prep-ms=1 sinks=182
65 pid=FFFE14AD paths batches/triangles untextured=0/0 hw=767/15678 cpu=0/0 cpu-nonsquare=0/0 hw-refused=0/0
66 pid=FFFE14AD counters hwtex live=1 creates=1 create-failed=0 evictions=0 uploads=1 upload-kb=42 squared=0 alpha-dropped=0 stubs=1 failed r4=0 r7=0 r8=0 other=0
67 pid=FFFE14AD time interval-ms=10015 swaps=90 present-ms=57 draw-ms=13 upload-ms=0
68 pid=FFFE14AD tsc frames=90 wall-ms=10015 vertex-ms=1 flush-in-vertex-ms=0 flush-other-ms=33 bind-ms=19 iface-ms=13 beginend-ms=0 swap-ms=58 vertices=720 flushes=180 draws=180 sink-ms=1 sink-prep-ms=1 sinks=180
69 pid=FFFE14AD paths batches/triangles untextured=0/0 hw=947/19278 cpu=0/0 cpu-nonsquare=0/0 hw-refused=0/0
70 pid=FFFE14AD counters hwtex live=1 creates=1 create-failed=0 evictions=0 uploads=1 upload-kb=42 squared=0 alpha-dropped=0 stubs=1 failed r4=0 r7=0 r8=0 other=0
71 pid=FFFE14AD time interval-ms=10098 swaps=90 present-ms=57 draw-ms=12 upload-ms=0
72 pid=FFFE14AD tsc frames=90 wall-ms=10098 vertex-ms=1 flush-in-vertex-ms=0 flush-other-ms=43 bind-ms=30 iface-ms=12 beginend-ms=0 swap-ms=57 vertices=720 flushes=180 draws=180 sink-ms=1 sink-prep-ms=1 sinks=180
73 pid=FFFE14AD paths batches/triangles untextured=0/0 hw=1127/22878 cpu=0/0 cpu-nonsquare=0/0 hw-refused=0/0
74 pid=FFFE14AD counters hwtex live=1 creates=1 create-failed=0 evictions=0 uploads=1 upload-kb=42 squared=0 alpha-dropped=0 stubs=1 failed r4=0 r7=0 r8=0 other=0
75 pid=FFFE14AD time interval-ms=10132 swaps=90 present-ms=57 draw-ms=13 upload-ms=0
76 pid=FFFE14AD tsc frames=90 wall-ms=10132 vertex-ms=1 flush-in-vertex-ms=0 flush-other-ms=68 bind-ms=54 iface-ms=13 beginend-ms=0 swap-ms=57 vertices=720 flushes=180 draws=180 sink-ms=1 sink-prep-ms=1 sinks=180
77 pid=FFFE14AD paths batches/triangles untextured=0/0 hw=1307/26478 cpu=0/0 cpu-nonsquare=0/0 hw-refused=0/0
78 pid=FFFE14AD counters hwtex live=1 creates=1 create-failed=0 evictions=0 uploads=1 upload-kb=42 squared=0 alpha-dropped=0 stubs=1 failed r4=0 r7=0 r8=0 other=0
79 pid=FFFE14AD time interval-ms=10030 swaps=89 present-ms=57 draw-ms=12 upload-ms=0
80 pid=FFFE14AD tsc frames=89 wall-ms=10030 vertex-ms=1 flush-in-vertex-ms=0 flush-other-ms=51 bind-ms=38 iface-ms=12 beginend-ms=0 swap-ms=57 vertices=712 flushes=178 draws=178 sink-ms=1 sink-prep-ms=1 sinks=178
81 pid=FFFE14AD paths batches/triangles untextured=0/0 hw=1485/30038 cpu=0/0 cpu-nonsquare=0/0 hw-refused=0/0
82 pid=FFFE14AD counters hwtex live=1 creates=1 create-failed=0 evictions=0 uploads=1 upload-kb=42 squared=0 alpha-dropped=0 stubs=1 failed r4=0 r7=0 r8=0 other=0
83 pid=FFFE14AD time interval-ms=10065 swaps=87 present-ms=55 draw-ms=13 upload-ms=0
84 pid=FFFE14AD tsc frames=87 wall-ms=10065 vertex-ms=1 flush-in-vertex-ms=0 flush-other-ms=43 bind-ms=30 iface-ms=13 beginend-ms=0 swap-ms=56 vertices=696 flushes=174 draws=174 sink-ms=1 sink-prep-ms=1 sinks=174
85 pid=FFFE14AD paths batches/triangles untextured=0/0 hw=1659/33516 cpu=0/0 cpu-nonsquare=0/0 hw-refused=0/0
86 pid=FFFE14AD counters hwtex live=1 creates=1 create-failed=0 evictions=0 uploads=1 upload-kb=42 squared=0 alpha-dropped=0 stubs=1 failed r4=0 r7=0 r8=0 other=0
87 pid=FFFE14AD stub first-call slot=207 glClearStencil
88 pid=FFFE14AD state tex=392 size=01000080 tex=01010200 blend=00050600 depth=01040102 colour=FFFFFFFF mask=7 scissor=0,0,640,480 fog=0
89 pid=FFFE14AD state tex=390 size=01000080 tex=01010200 blend=00050600 depth=01040102 colour=FFFFFFFF mask=7 scissor=0,0,640,480 fog=0
90 pid=FFFE14AD state tex=388 size=01000080 tex=01010200 blend=00050600 depth=01040102 colour=FFFFFFFF mask=7 scissor=0,0,640,480 fog=0
91 pid=FFFE14AD state tex=380 size=01000040 tex=01010200 blend=00050600 depth=01040102 colour=FFFFFFFF mask=7 scissor=0,0,640,480 fog=0
92 pid=FFFE14AD state tex=376 size=01000040 tex=01010200 blend=00050600 depth=01040102 colour=FFFFFFFF mask=7 scissor=0,0,640,480 fog=0
93 pid=FFFE14AD state tex=374 size=01000040 tex=01010200 blend=00050600 depth=01040102 colour=FFFFFFFF mask=7 scissor=0,0,640,480 fog=0
94 pid=FFFE14AD state tex=372 size=01000040 tex=01010200 blend=00050600 depth=01040102 colour=FFFFFFFF mask=7 scissor=0,0,640,480 fog=0
95 pid=FFFE14AD state tex=372 size=00000000 tex=00000000 blend=00050600 depth=01040100 colour=FFBB9335 mask=7 scissor=0,0,640,480 fog=0
96 pid=FFFE14AD state tex=416 size=01000100 tex=01010200 blend=00050600 depth=01040102 colour=FFFFFFFF mask=7 scissor=0,0,640,480 fog=0
97 pid=FFFE14AD state tex=414 size=01000100 tex=01010200 blend=00050600 depth=01040102 colour=FFFFFFFF mask=7 scissor=0,0,640,480 fog=0
98 pid=FFFE14AD state tex=366 size=00800080 tex=01010200 blend=00050600 depth=01040102 colour=FF000000 mask=7 scissor=0,0,640,480 fog=0
99 pid=FFFE14AD state tex=810 size=00010001 tex=01010200 blend=01090300 depth=01040102 colour=FFFFFFFF mask=7 scissor=0,0,640,480 fog=0
100 pid=FFFE14AD state tex=811 size=00010001 tex=01010200 blend=01090300 depth=01040102 colour=FFFFFFFF mask=7 scissor=0,0,640,480 fog=0
101 pid=FFFE14AD state tex=812 size=00200020 tex=01010200 blend=01090300 depth=01040102 colour=FFFFFFFF mask=7 scissor=0,0,640,480 fog=0
102 pid=FFFE14AD state tex=813 size=00400020 tex=01010200 blend=01090300 depth=01040102 colour=FFFFFFFF mask=7 scissor=0,0,640,480 fog=0
103 pid=FFFE14AD state tex=814 size=00200040 tex=01010200 blend=01090300 depth=01040102 colour=FFFFFFFF mask=7 scissor=0,0,640,480 fog=0
104 pid=FFFE14AD time interval-ms=10047 swaps=69 present-ms=45 draw-ms=59 upload-ms=32
105 pid=FFFE14AD tsc frames=69 wall-ms=10047 vertex-ms=1 flush-in-vertex-ms=0 flush-other-ms=97 bind-ms=2 iface-ms=59 beginend-ms=0 swap-ms=45 vertices=496 flushes=184 draws=184 sink-ms=3 sink-prep-ms=1 sinks=184
106 pid=FFFE14AD paths batches/triangles untextured=4/47 hw=1839/35540 cpu=0/0 cpu-nonsquare=0/0 hw-refused=0/0
107 pid=FFFE14AD counters hwtex live=16 creates=16 create-failed=0 evictions=0 uploads=16 upload-kb=859 squared=0 alpha-dropped=0 stubs=6 failed r4=0 r7=0 r8=0 other=0
108 pid=FFFE14AD state tex=655 size=00000000 tex=00000000 blend=01050600 depth=00040000 colour=EE000000 mask=7 scissor=0,0,640,480 fog=0
109 pid=FFFE14AD state tex=245 size=01000100 tex=01040202 blend=01050600 depth=00040002 colour=7F007F00 mask=7 scissor=0,0,640,480 fog=0
110 pid=FFFE14AD state tex=247 size=00100010 tex=01040202 blend=01050600 depth=00040002 colour=FF007F00 mask=7 scissor=0,0,640,480 fog=0
111 pid=FFFE14AD state tex=252 size=01000100 tex=01040202 blend=01050600 depth=00040002 colour=FFFFFFFF mask=7 scissor=0,0,640,480 fog=0
112 pid=FFFE14AD state tex=250 size=01000100 tex=01040202 blend=01050600 depth=00040002 colour=FFFFFFFF mask=7 scissor=0,0,640,480 fog=0
113 pid=FFFE14AD state tex=262 size=01000040 tex=01040202 blend=01050600 depth=00040002 colour=FFFFFFFF mask=7 scissor=0,0,640,480 fog=0
114 pid=FFFE14AD state tex=264 size=01000040 tex=01040202 blend=01050600 depth=00040002 colour=FFFFFFFF mask=7 scissor=0,0,640,480 fog=0
115 pid=FFFE14AD state tex=256 size=01000100 tex=01040202 blend=01050600 depth=00040002 colour=FFFFFFFF mask=7 scissor=0,0,640,480 fog=0
116 pid=FFFE14AD state tex=258 size=01000100 tex=01040202 blend=01050600 depth=00040002 colour=FF0D850D mask=7 scissor=0,0,640,480 fog=0
117 pid=FFFE14AD state tex=248 size=00200020 tex=01040202 blend=01050600 depth=00040002 colour=FFFFFFFF mask=7 scissor=0,0,640,480 fog=0
118 pid=FFFE14AD time interval-ms=10001 swaps=112 present-ms=65 draw-ms=1366 upload-ms=38
119 pid=FFFE14AD tsc frames=112 wall-ms=10001 vertex-ms=0 flush-in-vertex-ms=0 flush-other-ms=1654 bind-ms=244 iface-ms=1366 beginend-ms=0 swap-ms=66 vertices=0 flushes=1828 draws=1828 sink-ms=20 sink-prep-ms=4 sinks=1828
120 pid=FFFE14AD paths batches/triangles untextured=133/1113 hw=3538/48045 cpu=0/0 cpu-nonsquare=0/0 hw-refused=0/0
121 pid=FFFE14AD counters hwtex live=10 creates=25 create-failed=0 evictions=0 uploads=25 upload-kb=1795 squared=0 alpha-dropped=0 stubs=118 failed r4=0 r7=0 r8=0 other=0
122 pid=FFFE14AD state tex=258 size=00000000 tex=00000000 blend=01050600 depth=00040000 colour=80000000 mask=7 scissor=0,0,640,480 fog=0
123 pid=FFFE14AD state tex=815 size=01000100 tex=01010200 blend=01050600 depth=00040002 colour=FFFFFFFF mask=7 scissor=0,0,640,480 fog=0
124 pid=FFFE14AD state tex=241 size=01000080 tex=01040202 blend=01050600 depth=00040002 colour=FFFFFFFF mask=7 scissor=0,0,640,480 fog=0
125 pid=FFFE14AD DrvReleaseContext context=1 -> 1
126 pid=FFFE14AD paths batches/triangles untextured=142/1140 hw=3872/52433 cpu=0/0 cpu-nonsquare=0/0 hw-refused=0/0
127 pid=FFFE14AD counters hwtex live=0 creates=27 create-failed=0 evictions=0 uploads=27 upload-kb=2050 squared=0 alpha-dropped=0 stubs=131 failed r4=0 r7=0 r8=0 other=0
128 pid=FFFE14AD DrvDeleteContext context=1 -> 1
129 pid=FFFE14AD detach slots-called=2 stub-calls=131
1 pid=FFFCA3D9 attach instance=09C90000 tls=21 build-marker=1
2 pid=FFFCA3D9 DrvValidateVersion version=1
3 pid=FFFCA3D9 DrvSetCallbackProcs count=3 procs=78B23978
4 pid=FFFCA3D9 describe result=0 engine=3 formats=00000002
5 pid=FFFCA3D9 DrvDescribePixelFormat index=1 bytes=0 -> count=1
6 pid=FFFCA3D9 DrvDescribePixelFormat index=1 bytes=40 -> count=1
7 pid=FFFCA3D9 DrvDescribePixelFormat index=1 bytes=0 -> count=1
8 pid=FFFCA3D9 DrvDescribePixelFormat index=1 bytes=0 -> count=1
9 pid=FFFCA3D9 DrvDescribePixelFormat index=1 bytes=0 -> count=1
10 pid=FFFCA3D9 DrvDescribePixelFormat index=1 bytes=0 -> count=1
11 pid=FFFCA3D9 DrvDescribePixelFormat index=1 bytes=0 -> count=1
12 pid=FFFCA3D9 DrvDescribePixelFormat index=1 bytes=0 -> count=1
13 pid=FFFCA3D9 DrvDescribePixelFormat index=1 bytes=0 -> count=1
14 pid=FFFCA3D9 DrvDescribePixelFormat index=1 bytes=0 -> count=1
15 pid=FFFCA3D9 DrvDescribePixelFormat index=1 bytes=0 -> count=1
16 pid=FFFCA3D9 DrvDescribePixelFormat index=1 bytes=0 -> count=1
17 pid=FFFCA3D9 DrvDescribePixelFormat index=1 bytes=0 -> count=1
18 pid=FFFCA3D9 DrvDescribePixelFormat index=1 bytes=0 -> count=1
19 pid=FFFCA3D9 DrvDescribePixelFormat index=1 bytes=0 -> count=1
20 pid=FFFCA3D9 DrvDescribePixelFormat index=1 bytes=0 -> count=1
21 pid=FFFCA3D9 DrvDescribePixelFormat index=1 bytes=0 -> count=1
22 pid=FFFCA3D9 DrvDescribePixelFormat index=1 bytes=0 -> count=1
23 pid=FFFCA3D9 DrvDescribePixelFormat index=1 bytes=0 -> count=1
24 pid=FFFCA3D9 DrvDescribePixelFormat index=1 bytes=0 -> count=1
25 pid=FFFCA3D9 DrvDescribePixelFormat index=1 bytes=0 -> count=1
26 pid=FFFCA3D9 DrvDescribePixelFormat index=1 bytes=0 -> count=1
27 pid=FFFCA3D9 DrvDescribePixelFormat index=1 bytes=0 -> count=1
28 pid=FFFCA3D9 DrvDescribePixelFormat index=1 bytes=0 -> count=1
29 pid=FFFCA3D9 DrvDescribePixelFormat index=1 bytes=0 -> count=1
30 pid=FFFCA3D9 DrvDescribePixelFormat index=1 bytes=0 -> count=1
31 pid=FFFCA3D9 DrvDescribePixelFormat index=1 bytes=0 -> count=1
32 pid=FFFCA3D9 DrvSetPixelFormat hdc=000011C2 index=1
33 pid=FFFCA3D9 DrvDescribePixelFormat index=1 bytes=0 -> count=1
34 pid=FFFCA3D9 DrvDescribePixelFormat index=1 bytes=40 -> count=1
35 pid=FFFCA3D9 DrvDescribePixelFormat index=1 bytes=0 -> count=1
36 pid=FFFCA3D9 DrvDescribePixelFormat index=1 bytes=40 -> count=1
37 pid=FFFCA3D9 DrvCreateLayerContext hdc=000011C2 layer=0 -> 1
38 pid=FFFCA3D9 drawable window=000004D4 640x480
39 pid=FFFCA3D9 DrvSetContext hdc=000011C2 context=1 -> 1
40 pid=FFFCA3D9 state tex=2 size=01000080 tex=01010100 blend=00050601 depth=00020101 colour=FFFFFFFF mask=7 scissor=0,0,640,480 fog=0
41 pid=FFFCA3D9 time interval-ms=349472 swaps=0 present-ms=0 draw-ms=662349289 upload-ms=2
42 pid=FFFCA3D9 tsc frames=0 wall-ms=349472 vertex-ms=113935 flush-in-vertex-ms=0 flush-other-ms=18434567 bind-ms=19844 iface-ms=6447467 beginend-ms=114259 swap-ms=0 vertices=4 flushes=1 draws=1 sink-ms=105160 sink-prep-ms=97952 sinks=1
43 pid=FFFCA3D9 paths batches/triangles untextured=0/0 hw=1/3 cpu=0/0 cpu-nonsquare=0/0 hw-refused=0/0
44 pid=FFFCA3D9 counters hwtex live=1 creates=1 create-failed=0 evictions=0 uploads=1 upload-kb=64 squared=0 alpha-dropped=1 stubs=0 failed r4=0 r7=0 r8=0 other=0
45 pid=FFFCA3D9 state tex=3 size=01000080 tex=01040202 blend=00050601 depth=00020101 colour=FFFFB233 mask=7 scissor=0,0,640,480 fog=0
46 pid=FFFCA3D9 state tex=64 size=00800080 tex=01010200 blend=00050600 depth=01040102 colour=FFFFFFFF mask=7 scissor=0,0,640,480 fog=0
47 pid=FFFCA3D9 state tex=67 size=01000080 tex=01010200 blend=00050600 depth=01040102 colour=FFFFFFFF mask=7 scissor=0,0,640,480 fog=0
48 pid=FFFCA3D9 state tex=5802 size=01000100 tex=01010200 blend=00050600 depth=01040101 colour=FFFFFFFF mask=7 scissor=0,0,640,480 fog=0
49 pid=FFFCA3D9 state tex=5803 size=01000100 tex=01010200 blend=00050600 depth=01040101 colour=FFFFFFFF mask=7 scissor=0,0,640,480 fog=0
50 pid=FFFCA3D9 state tex=5805 size=01000100 tex=01010200 blend=00050600 depth=01040101 colour=FFFFFFFF mask=7 scissor=0,0,640,480 fog=0
51 pid=FFFCA3D9 stub first-call slot=319 glPolygonOffset
52 pid=FFFCA3D9 state tex=80 size=00800080 tex=01010200 blend=00050600 depth=01040102 colour=FFFFFFFF mask=7 scissor=0,0,640,480 fog=0
53 pid=FFFCA3D9 state tex=516 size=00800080 tex=01010200 blend=01090300 depth=01040001 colour=FFAAAAAA mask=7 scissor=0,0,640,480 fog=0
54 pid=FFFCA3D9 state tex=517 size=00800080 tex=01010200 blend=01090300 depth=01040001 colour=FFAAAAAA mask=7 scissor=0,0,640,480 fog=0
55 pid=FFFCA3D9 state tex=518 size=00800080 tex=01010200 blend=01090300 depth=01040001 colour=FFAAAAAA mask=7 scissor=0,0,640,480 fog=0
56 pid=FFFCA3D9 state tex=519 size=00800080 tex=01010200 blend=01090300 depth=01040001 colour=FFAAAAAA mask=7 scissor=0,0,640,480 fog=0
57 pid=FFFCA3D9 state tex=80 size=00800080 tex=01010200 blend=00090300 depth=01040102 colour=FFFFFFFF mask=7 scissor=0,0,640,480 fog=0
58 pid=FFFCA3D9 state tex=523 size=00800080 tex=01010200 blend=01090300 depth=01040001 colour=FFAAAAAA mask=7 scissor=0,0,640,480 fog=0
59 pid=FFFCA3D9 state tex=584 size=00200080 tex=01010200 blend=00090300 depth=01040101 colour=005D4A13 mask=7 scissor=0,0,640,480 fog=0
60 pid=FFFCA3D9 state tex=587 size=00200040 tex=01010200 blend=00090300 depth=01040101 colour=0093BCBC mask=7 scissor=0,0,640,480 fog=0
61 pid=FFFCA3D9 state tex=590 size=00400040 tex=01010200 blend=00090300 depth=01040101 colour=009EC9C9 mask=7 scissor=0,0,640,480 fog=0
62 pid=FFFCA3D9 state tex=591 size=00800040 tex=01010200 blend=00090300 depth=01040101 colour=00C7FEFE mask=7 scissor=0,0,640,480 fog=0
63 pid=FFFCA3D9 state tex=592 size=00400040 tex=01010200 blend=00090300 depth=01040101 colour=009CC7C7 mask=7 scissor=0,0,640,480 fog=0
64 pid=FFFCA3D9 state tex=593 size=00200020 tex=01010200 blend=00090300 depth=01040101 colour=009AC4C4 mask=7 scissor=0,0,640,480 fog=0
65 pid=FFFCA3D9 state tex=595 size=00080040 tex=01010200 blend=00090300 depth=01040101 colour=009EC9C9 mask=7 scissor=0,0,640,480 fog=0
66 pid=FFFCA3D9 state tex=596 size=00200040 tex=01010200 blend=00090300 depth=01040101 colour=00C5FBFB mask=7 scissor=0,0,640,480 fog=0
67 pid=FFFCA3D9 state tex=597 size=00200020 tex=01010200 blend=00090300 depth=01040101 colour=009ECACA mask=7 scissor=0,0,640,480 fog=0
68 pid=FFFCA3D9 state tex=598 size=00200020 tex=01010200 blend=00090300 depth=01040101 colour=0081A4A4 mask=7 scissor=0,0,640,480 fog=0
69 pid=FFFCA3D9 state tex=80 size=00800080 tex=01010101 blend=00090300 depth=01040102 colour=FFFFFFFF mask=7 scissor=0,0,640,480 fog=0
70 pid=FFFCA3D9 state tex=524 size=00800080 tex=01010200 blend=01090300 depth=01040001 colour=FFAAAAAA mask=7 scissor=0,0,640,480 fog=0
71 pid=FFFCA3D9 state tex=453 size=00200020 tex=01010200 blend=01020201 depth=00040002 colour=FF1F1502 mask=7 scissor=0,0,640,480 fog=0
72 pid=FFFCA3D9 state tex=47 size=01000080 tex=01010200 blend=01020201 depth=00040001 colour=FF643E00 mask=7 scissor=0,0,640,480 fog=0
73 pid=FFFCA3D9 state tex=47 size=00000000 tex=00000000 blend=01050201 depth=00040100 colour=64FFA000 mask=7 scissor=0,0,640,480 fog=0
74 pid=FFFCA3D9 state tex=2 size=01000080 tex=01010100 blend=00020201 depth=00040101 colour=FFFFFFFF mask=7 scissor=0,0,640,480 fog=0
75 pid=FFFCA3D9 state tex=3 size=01000080 tex=01040202 blend=00020201 depth=00040101 colour=FFFF9B32 mask=7 scissor=0,0,640,480 fog=0
76 pid=FFFCA3D9 state tex=249 size=00400040 tex=01010200 blend=00050600 depth=01040101 colour=FF1D2214 mask=7 scissor=0,0,640,480 fog=0
77 pid=FFFCA3D9 state tex=250 size=00400040 tex=01010200 blend=00050600 depth=01040101 colour=FF171C10 mask=7 scissor=0,0,640,480 fog=0
78 pid=FFFCA3D9 state tex=251 size=00200020 tex=01010200 blend=00050600 depth=01040101 colour=FF1D2214 mask=7 scissor=0,0,640,480 fog=0
79 pid=FFFCA3D9 state tex=252 size=00200020 tex=01010200 blend=00050600 depth=01040101 colour=FF171C10 mask=7 scissor=0,0,640,480 fog=0
80 pid=FFFCA3D9 state tex=253 size=00400040 tex=01010200 blend=00050600 depth=01040101 colour=FF171C10 mask=7 scissor=0,0,640,480 fog=0
81 pid=FFFCA3D9 state tex=254 size=00200020 tex=01010200 blend=00050600 depth=01040101 colour=FF1D2214 mask=7 scissor=0,0,640,480 fog=0
82 pid=FFFCA3D9 state tex=255 size=00800010 tex=01010200 blend=00050600 depth=01040101 colour=FF191E12 mask=7 scissor=0,0,640,480 fog=0
83 pid=FFFCA3D9 state tex=256 size=00100020 tex=01010200 blend=00050600 depth=01040101 colour=FF191E12 mask=7 scissor=0,0,640,480 fog=0
84 pid=FFFCA3D9 state tex=257 size=00200040 tex=01010200 blend=00050600 depth=01040101 colour=FF1B2113 mask=7 scissor=0,0,640,480 fog=0
85 pid=FFFCA3D9 state tex=258 size=00100020 tex=01010200 blend=00050600 depth=01040101 colour=FF191D11 mask=7 scissor=0,0,640,480 fog=0
86 pid=FFFCA3D9 state tex=259 size=00400040 tex=01010200 blend=00050600 depth=01040101 colour=FF171C10 mask=7 scissor=0,0,640,480 fog=0
87 pid=FFFCA3D9 state tex=260 size=00800040 tex=01010200 blend=00050600 depth=01040101 colour=FF171C10 mask=7 scissor=0,0,640,480 fog=0
88 pid=FFFCA3D9 state tex=261 size=00400040 tex=01010200 blend=00050600 depth=01040101 colour=FF161A0F mask=7 scissor=0,0,640,480 fog=0
89 pid=FFFCA3D9 state tex=262 size=00200010 tex=01010200 blend=00050600 depth=01040101 colour=FF161A0F mask=7 scissor=0,0,640,480 fog=0
90 pid=FFFCA3D9 state tex=263 size=00400010 tex=01010200 blend=00050600 depth=01040101 colour=FF171C10 mask=7 scissor=0,0,640,480 fog=0
91 pid=FFFCA3D9 state tex=265 size=00400010 tex=01010200 blend=00050600 depth=01040101 colour=FF1C2214 mask=7 scissor=0,0,640,480 fog=0
92 pid=FFFCA3D9 state tex=267 size=00400040 tex=01010200 blend=00050600 depth=01040101 colour=FF171C10 mask=7 scissor=0,0,640,480 fog=0
93 pid=FFFCA3D9 time interval-ms=10006 swaps=258 present-ms=151 draw-ms=2205 upload-ms=139
94 pid=FFFCA3D9 tsc frames=258 wall-ms=10006 vertex-ms=1282 flush-in-vertex-ms=1 flush-other-ms=2659 bind-ms=271 iface-ms=2205 beginend-ms=1077 swap-ms=152 vertices=597607 flushes=18939 draws=18939 sink-ms=949 sink-prep-ms=164 sinks=66237
95 pid=FFFCA3D9 paths batches/triangles untextured=98/196 hw=18842/171679 cpu=0/0 cpu-nonsquare=0/0 hw-refused=0/0
96 pid=FFFCA3D9 counters hwtex live=142 creates=142 create-failed=0 evictions=0 uploads=175 upload-kb=2955 squared=0 alpha-dropped=1320 stubs=73 failed r4=0 r7=0 r8=0 other=0
97 pid=FFFCA3D9 time interval-ms=10004 swaps=155 present-ms=110 draw-ms=2674 upload-ms=60
98 pid=FFFCA3D9 tsc frames=155 wall-ms=10004 vertex-ms=2410 flush-in-vertex-ms=16 flush-other-ms=3197 bind-ms=432 iface-ms=2674 beginend-ms=1648 swap-ms=110 vertices=1310308 flushes=16898 draws=16898 sink-ms=1384 sink-prep-ms=276 sinks=126074
99 pid=FFFCA3D9 paths batches/triangles untextured=253/506 hw=35585/510799 cpu=0/0 cpu-nonsquare=0/0 hw-refused=0/0
100 pid=FFFCA3D9 counters hwtex live=191 creates=191 create-failed=0 evictions=0 uploads=259 upload-kb=4421 squared=0 alpha-dropped=3298 stubs=96 failed r4=0 r7=0 r8=0 other=0
101 pid=FFFCA3D9 time interval-ms=10001 swaps=119 present-ms=69 draw-ms=2645 upload-ms=138
102 pid=FFFCA3D9 tsc frames=119 wall-ms=10001 vertex-ms=2641 flush-in-vertex-ms=64 flush-other-ms=3105 bind-ms=335 iface-ms=2645 beginend-ms=1889 swap-ms=70 vertices=1386656 flushes=20593 draws=20593 sink-ms=1681 sink-prep-ms=328 sinks=151819
103 pid=FFFCA3D9 paths batches/triangles untextured=372/744 hw=56059/929990 cpu=0/0 cpu-nonsquare=0/0 hw-refused=0/0
104 pid=FFFCA3D9 counters hwtex live=214 creates=214 create-failed=0 evictions=0 uploads=366 upload-kb=7350 squared=0 alpha-dropped=4896 stubs=151 failed r4=0 r7=0 r8=0 other=0
105 pid=FFFCA3D9 time interval-ms=10000 swaps=403 present-ms=246 draw-ms=5664 upload-ms=0
106 pid=FFFCA3D9 tsc frames=403 wall-ms=10000 vertex-ms=1248 flush-in-vertex-ms=2 flush-other-ms=6620 bind-ms=578 iface-ms=5664 beginend-ms=793 swap-ms=236 vertices=708320 flushes=156270 draws=156270 sink-ms=573 sink-prep-ms=339 sinks=163269
107 pid=FFFCA3D9 paths batches/triangles untextured=388/776 hw=212313/1264602 cpu=0/0 cpu-nonsquare=0/0 hw-refused=0/0
108 pid=FFFCA3D9 counters hwtex live=214 creates=214 create-failed=0 evictions=0 uploads=366 upload-kb=7350 squared=0 alpha-dropped=5474 stubs=166 failed r4=0 r7=0 r8=0 other=0
109 pid=FFFCA3D9 time interval-ms=10022 swaps=399 present-ms=263 draw-ms=5462 upload-ms=0
110 pid=FFFCA3D9 tsc frames=399 wall-ms=10022 vertex-ms=1217 flush-in-vertex-ms=0 flush-other-ms=6940 bind-ms=1148 iface-ms=5462 beginend-ms=677 swap-ms=264 vertices=638980 flushes=159745 draws=159745 sink-ms=442 sink-prep-ms=321 sinks=159745
111 pid=FFFCA3D9 paths batches/triangles untextured=388/776 hw=372058/1584491 cpu=0/0 cpu-nonsquare=0/0 hw-refused=0/0
112 pid=FFFCA3D9 counters hwtex live=214 creates=214 create-failed=0 evictions=0 uploads=366 upload-kb=7350 squared=0 alpha-dropped=5873 stubs=166 failed r4=0 r7=0 r8=0 other=0
113 pid=FFFCA3D9 time interval-ms=10002 swaps=428 present-ms=266 draw-ms=5688 upload-ms=0
114 pid=FFFCA3D9 tsc frames=428 wall-ms=10002 vertex-ms=1292 flush-in-vertex-ms=0 flush-other-ms=6395 bind-ms=335 iface-ms=5688 beginend-ms=716 swap-ms=266 vertices=683580 flushes=170895 draws=170895 sink-ms=433 sink-prep-ms=335 sinks=170895
115 pid=FFFCA3D9 paths batches/triangles untextured=388/776 hw=542953/1926709 cpu=0/0 cpu-nonsquare=0/0 hw-refused=0/0
116 pid=FFFCA3D9 counters hwtex live=214 creates=214 create-failed=0 evictions=0 uploads=366 upload-kb=7350 squared=0 alpha-dropped=6301 stubs=166 failed r4=0 r7=0 r8=0 other=0
117 pid=FFFCA3D9 time interval-ms=10000 swaps=291 present-ms=184 draw-ms=4322 upload-ms=28
118 pid=FFFCA3D9 tsc frames=291 wall-ms=10000 vertex-ms=1201 flush-in-vertex-ms=0 flush-other-ms=5547 bind-ms=943 iface-ms=4322 beginend-ms=936 swap-ms=185 vertices=593962 flushes=109290 draws=109290 sink-ms=731 sink-prep-ms=254 sinks=124273
119 pid=FFFCA3D9 paths batches/triangles untextured=426/852 hw=652205/2190218 cpu=0/0 cpu-nonsquare=0/0 hw-refused=0/0
120 pid=FFFCA3D9 counters hwtex live=214 creates=214 create-failed=0 evictions=0 uploads=380 upload-kb=8086 squared=0 alpha-dropped=7013 stubs=205 failed r4=0 r7=0 r8=0 other=0
121 pid=FFFCA3D9 time interval-ms=10007 swaps=161 present-ms=114 draw-ms=2691 upload-ms=146
122 pid=FFFCA3D9 tsc frames=161 wall-ms=10007 vertex-ms=2394 flush-in-vertex-ms=4 flush-other-ms=3044 bind-ms=181 iface-ms=2691 beginend-ms=1586 swap-ms=114 vertices=1144593 flushes=14010 draws=14010 sink-ms=1347 sink-prep-ms=243 sinks=105597
123 pid=FFFCA3D9 paths batches/triangles untextured=587/1174 hw=666054/2472437 cpu=0/0 cpu-nonsquare=0/0 hw-refused=0/0
124 pid=FFFCA3D9 counters hwtex live=214 creates=214 create-failed=0 evictions=0 uploads=439 upload-kb=10262 squared=0 alpha-dropped=8954 stubs=262 failed r4=0 r7=0 r8=0 other=0
125 pid=FFFCA3D9 time interval-ms=10000 swaps=115 present-ms=107 draw-ms=2730 upload-ms=44
126 pid=FFFCA3D9 tsc frames=115 wall-ms=10000 vertex-ms=2758 flush-in-vertex-ms=99 flush-other-ms=2878 bind-ms=159 iface-ms=2730 beginend-ms=1812 swap-ms=107 vertices=1385252 flushes=20565 draws=20565 sink-ms=1629 sink-prep-ms=494 sinks=151754
127 pid=FFFCA3D9 paths batches/triangles untextured=702/1404 hw=686504/2890032 cpu=0/0 cpu-nonsquare=0/0 hw-refused=0/0
128 pid=FFFCA3D9 counters hwtex live=214 creates=214 create-failed=0 evictions=0 uploads=472 upload-kb=11318 squared=0 alpha-dropped=10578 stubs=266 failed r4=0 r7=0 r8=0 other=0
129 pid=FFFCA3D9 time interval-ms=10003 swaps=187 present-ms=108 draw-ms=3655 upload-ms=111
130 pid=FFFCA3D9 tsc frames=187 wall-ms=10003 vertex-ms=2192 flush-in-vertex-ms=13 flush-other-ms=4548 bind-ms=625 iface-ms=3655 beginend-ms=1521 swap-ms=108 vertices=920836 flushes=79354 draws=79354 sink-ms=1237 sink-prep-ms=311 sinks=136219
131 pid=FFFCA3D9 paths batches/triangles untextured=776/1552 hw=765784/3212166 cpu=0/0 cpu-nonsquare=0/0 hw-refused=0/0
132 pid=FFFCA3D9 counters hwtex live=214 creates=214 create-failed=0 evictions=0 uploads=531 upload-kb=13206 squared=0 alpha-dropped=11601 stubs=332 failed r4=0 r7=0 r8=0 other=0
133 pid=FFFCA3D9 time interval-ms=10000 swaps=306 present-ms=218 draw-ms=5879 upload-ms=0
134 pid=FFFCA3D9 tsc frames=306 wall-ms=10000 vertex-ms=1311 flush-in-vertex-ms=0 flush-other-ms=6640 bind-ms=406 iface-ms=5879 beginend-ms=833 swap-ms=218 vertices=740400 flushes=185100 draws=185100 sink-ms=551 sink-prep-ms=444 sinks=185100
135 pid=FFFCA3D9 paths batches/triangles untextured=776/1552 hw=950884/3582672 cpu=0/0 cpu-nonsquare=0/0 hw-refused=0/0
136 pid=FFFCA3D9 counters hwtex live=214 creates=214 create-failed=0 evictions=0 uploads=531 upload-kb=13206 squared=0 alpha-dropped=11907 stubs=332 failed r4=0 r7=0 r8=0 other=0
137 pid=FFFCA3D9 time interval-ms=10000 swaps=308 present-ms=183 draw-ms=5736 upload-ms=0
138 pid=FFFCA3D9 tsc frames=308 wall-ms=10000 vertex-ms=1388 flush-in-vertex-ms=0 flush-other-ms=6469 bind-ms=358 iface-ms=5736 beginend-ms=849 swap-ms=184 vertices=742532 flushes=185633 draws=185633 sink-ms=601 sink-prep-ms=471 sinks=185633
139 pid=FFFCA3D9 paths batches/triangles untextured=776/1552 hw=1136517/3954246 cpu=0/0 cpu-nonsquare=0/0 hw-refused=0/0
140 pid=FFFCA3D9 counters hwtex live=214 creates=214 create-failed=0 evictions=0 uploads=531 upload-kb=13206 squared=0 alpha-dropped=12215 stubs=332 failed r4=0 r7=0 r8=0 other=0
141 pid=FFFCA3D9 time interval-ms=10000 swaps=305 present-ms=253 draw-ms=5738 upload-ms=0
142 pid=FFFCA3D9 tsc frames=305 wall-ms=10000 vertex-ms=1334 flush-in-vertex-ms=0 flush-other-ms=6502 bind-ms=335 iface-ms=5738 beginend-ms=767 swap-ms=234 vertices=737572 flushes=184393 draws=184393 sink-ms=541 sink-prep-ms=423 sinks=184393
143 pid=FFFCA3D9 paths batches/triangles untextured=776/1552 hw=1320910/4323337 cpu=0/0 cpu-nonsquare=0/0 hw-refused=0/0
144 pid=FFFCA3D9 counters hwtex live=214 creates=214 create-failed=0 evictions=0 uploads=531 upload-kb=13206 squared=0 alpha-dropped=12520 stubs=332 failed r4=0 r7=0 r8=0 other=0
145 pid=FFFCA3D9 time interval-ms=10000 swaps=310 present-ms=199 draw-ms=5870 upload-ms=0
146 pid=FFFCA3D9 tsc frames=310 wall-ms=10000 vertex-ms=1257 flush-in-vertex-ms=0 flush-other-ms=6564 bind-ms=336 iface-ms=5870 beginend-ms=822 swap-ms=200 vertices=748648 flushes=187162 draws=187162 sink-ms=528 sink-prep-ms=420 sinks=187162
147 pid=FFFCA3D9 paths batches/triangles untextured=776/1552 hw=1508072/4697971 cpu=0/0 cpu-nonsquare=0/0 hw-refused=0/0
148 pid=FFFCA3D9 counters hwtex live=214 creates=214 create-failed=0 evictions=0 uploads=531 upload-kb=13206 squared=0 alpha-dropped=12830 stubs=332 failed r4=0 r7=0 r8=0 other=0
149 pid=FFFCA3D9 time interval-ms=10000 swaps=307 present-ms=220 draw-ms=5950 upload-ms=0
150 pid=FFFCA3D9 tsc frames=307 wall-ms=10000 vertex-ms=1384 flush-in-vertex-ms=0 flush-other-ms=6761 bind-ms=413 iface-ms=5949 beginend-ms=765 swap-ms=220 vertices=740920 flushes=185230 draws=185230 sink-ms=514 sink-prep-ms=403 sinks=185230
151 pid=FFFCA3D9 paths batches/triangles untextured=776/1552 hw=1693302/5068738 cpu=0/0 cpu-nonsquare=0/0 hw-refused=0/0
152 pid=FFFCA3D9 counters hwtex live=214 creates=214 create-failed=0 evictions=0 uploads=531 upload-kb=13206 squared=0 alpha-dropped=13137 stubs=332 failed r4=0 r7=0 r8=0 other=0
153 pid=FFFCA3D9 time interval-ms=10000 swaps=307 present-ms=215 draw-ms=5870 upload-ms=0
154 pid=FFFCA3D9 tsc frames=307 wall-ms=10000 vertex-ms=1375 flush-in-vertex-ms=0 flush-other-ms=6598 bind-ms=380 iface-ms=5870 beginend-ms=842 swap-ms=215 vertices=743292 flushes=185823 draws=185823 sink-ms=515 sink-prep-ms=409 sinks=185823
155 pid=FFFCA3D9 paths batches/triangles untextured=776/1552 hw=1879125/5440691 cpu=0/0 cpu-nonsquare=0/0 hw-refused=0/0
156 pid=FFFCA3D9 counters hwtex live=214 creates=214 create-failed=0 evictions=0 uploads=531 upload-kb=13206 squared=0 alpha-dropped=13444 stubs=332 failed r4=0 r7=0 r8=0 other=0
157 pid=FFFCA3D9 time interval-ms=10000 swaps=307 present-ms=178 draw-ms=5768 upload-ms=0
158 pid=FFFCA3D9 tsc frames=307 wall-ms=10000 vertex-ms=1375 flush-in-vertex-ms=0 flush-other-ms=6454 bind-ms=294 iface-ms=5768 beginend-ms=808 swap-ms=178 vertices=742412 flushes=185603 draws=185603 sink-ms=555 sink-prep-ms=373 sinks=185603
159 pid=FFFCA3D9 paths batches/triangles untextured=776/1552 hw=2064728/5812204 cpu=0/0 cpu-nonsquare=0/0 hw-refused=0/0
160 pid=FFFCA3D9 counters hwtex live=214 creates=214 create-failed=0 evictions=0 uploads=531 upload-kb=13206 squared=0 alpha-dropped=13751 stubs=332 failed r4=0 r7=0 r8=0 other=0
161 pid=FFFCA3D9 time interval-ms=10001 swaps=307 present-ms=209 draw-ms=5741 upload-ms=0
162 pid=FFFCA3D9 tsc frames=307 wall-ms=10001 vertex-ms=1383 flush-in-vertex-ms=0 flush-other-ms=6495 bind-ms=334 iface-ms=5741 beginend-ms=732 swap-ms=209 vertices=739436 flushes=184859 draws=184859 sink-ms=497 sink-prep-ms=378 sinks=184859
163 pid=FFFCA3D9 paths batches/triangles untextured=776/1552 hw=2249587/6182229 cpu=0/0 cpu-nonsquare=0/0 hw-refused=0/0
164 pid=FFFCA3D9 counters hwtex live=214 creates=214 create-failed=0 evictions=0 uploads=531 upload-kb=13206 squared=0 alpha-dropped=14058 stubs=332 failed r4=0 r7=0 r8=0 other=0
165 pid=FFFCA3D9 time interval-ms=10011 swaps=306 present-ms=178 draw-ms=5828 upload-ms=0
166 pid=FFFCA3D9 tsc frames=306 wall-ms=10011 vertex-ms=1504 flush-in-vertex-ms=0 flush-other-ms=6545 bind-ms=359 iface-ms=5828 beginend-ms=866 swap-ms=179 vertices=741452 flushes=185363 draws=185363 sink-ms=536 sink-prep-ms=429 sinks=185363
167 pid=FFFCA3D9 paths batches/triangles untextured=776/1552 hw=2434950/6553261 cpu=0/0 cpu-nonsquare=0/0 hw-refused=0/0
168 pid=FFFCA3D9 counters hwtex live=214 creates=214 create-failed=0 evictions=0 uploads=531 upload-kb=13206 squared=0 alpha-dropped=14364 stubs=332 failed r4=0 r7=0 r8=0 other=0
169 pid=FFFCA3D9 time interval-ms=10003 swaps=308 present-ms=214 draw-ms=5753 upload-ms=0
170 pid=FFFCA3D9 tsc frames=308 wall-ms=10003 vertex-ms=1297 flush-in-vertex-ms=0 flush-other-ms=6517 bind-ms=370 iface-ms=5753 beginend-ms=770 swap-ms=214 vertices=743104 flushes=185776 draws=185776 sink-ms=490 sink-prep-ms=377 sinks=185776
171 pid=FFFCA3D9 paths batches/triangles untextured=776/1552 hw=2620726/6925121 cpu=0/0 cpu-nonsquare=0/0 hw-refused=0/0
172 pid=FFFCA3D9 counters hwtex live=214 creates=214 create-failed=0 evictions=0 uploads=531 upload-kb=13206 squared=0 alpha-dropped=14672 stubs=332 failed r4=0 r7=0 r8=0 other=0
173 pid=FFFCA3D9 time interval-ms=10000 swaps=308 present-ms=217 draw-ms=5788 upload-ms=0
174 pid=FFFCA3D9 tsc frames=308 wall-ms=10000 vertex-ms=1334 flush-in-vertex-ms=0 flush-other-ms=6549 bind-ms=385 iface-ms=5788 beginend-ms=915 swap-ms=218 vertices=743196 flushes=185799 draws=185799 sink-ms=644 sink-prep-ms=536 sinks=185799
175 pid=FFFCA3D9 paths batches/triangles untextured=776/1552 hw=2806525/7297027 cpu=0/0 cpu-nonsquare=0/0 hw-refused=0/0
176 pid=FFFCA3D9 counters hwtex live=214 creates=214 create-failed=0 evictions=0 uploads=531 upload-kb=13206 squared=0 alpha-dropped=14980 stubs=332 failed r4=0 r7=0 r8=0 other=0
177 pid=FFFCA3D9 time interval-ms=10000 swaps=307 present-ms=200 draw-ms=5925 upload-ms=0
178 pid=FFFCA3D9 tsc frames=307 wall-ms=10000 vertex-ms=1392 flush-in-vertex-ms=0 flush-other-ms=6646 bind-ms=352 iface-ms=5925 beginend-ms=788 swap-ms=200 vertices=742344 flushes=185586 draws=185586 sink-ms=508 sink-prep-ms=353 sinks=185586
179 pid=FFFCA3D9 paths batches/triangles untextured=776/1552 hw=2992111/7668506 cpu=0/0 cpu-nonsquare=0/0 hw-refused=0/0
180 pid=FFFCA3D9 counters hwtex live=214 creates=214 create-failed=0 evictions=0 uploads=531 upload-kb=13206 squared=0 alpha-dropped=15287 stubs=332 failed r4=0 r7=0 r8=0 other=0
181 pid=FFFCA3D9 time interval-ms=10000 swaps=309 present-ms=188 draw-ms=5918 upload-ms=0
182 pid=FFFCA3D9 tsc frames=309 wall-ms=10000 vertex-ms=1348 flush-in-vertex-ms=0 flush-other-ms=6703 bind-ms=346 iface-ms=5918 beginend-ms=793 swap-ms=183 vertices=747528 flushes=186882 draws=186882 sink-ms=565 sink-prep-ms=454 sinks=186882
183 pid=FFFCA3D9 paths batches/triangles untextured=776/1552 hw=3178993/8042579 cpu=0/0 cpu-nonsquare=0/0 hw-refused=0/0
184 pid=FFFCA3D9 counters hwtex live=214 creates=214 create-failed=0 evictions=0 uploads=531 upload-kb=13206 squared=0 alpha-dropped=15596 stubs=332 failed r4=0 r7=0 r8=0 other=0
185 pid=FFFCA3D9 time interval-ms=10000 swaps=308 present-ms=201 draw-ms=5912 upload-ms=0
186 pid=FFFCA3D9 tsc frames=308 wall-ms=10000 vertex-ms=1323 flush-in-vertex-ms=0 flush-other-ms=6714 bind-ms=408 iface-ms=5912 beginend-ms=820 swap-ms=202 vertices=742548 flushes=185637 draws=185637 sink-ms=592 sink-prep-ms=466 sinks=185637
187 pid=FFFCA3D9 paths batches/triangles untextured=776/1552 hw=3364630/8414161 cpu=0/0 cpu-nonsquare=0/0 hw-refused=0/0
188 pid=FFFCA3D9 counters hwtex live=214 creates=214 create-failed=0 evictions=0 uploads=531 upload-kb=13206 squared=0 alpha-dropped=15904 stubs=332 failed r4=0 r7=0 r8=0 other=0
189 pid=FFFCA3D9 time interval-ms=10000 swaps=308 present-ms=211 draw-ms=5762 upload-ms=0
190 pid=FFFCA3D9 tsc frames=308 wall-ms=10000 vertex-ms=1368 flush-in-vertex-ms=0 flush-other-ms=6597 bind-ms=371 iface-ms=5762 beginend-ms=834 swap-ms=212 vertices=743888 flushes=185972 draws=185972 sink-ms=541 sink-prep-ms=417 sinks=185972
191 pid=FFFCA3D9 paths batches/triangles untextured=776/1552 hw=3550602/8786413 cpu=0/0 cpu-nonsquare=0/0 hw-refused=0/0
192 pid=FFFCA3D9 counters hwtex live=214 creates=214 create-failed=0 evictions=0 uploads=531 upload-kb=13206 squared=0 alpha-dropped=16212 stubs=332 failed r4=0 r7=0 r8=0 other=0
193 pid=FFFCA3D9 time interval-ms=10000 swaps=307 present-ms=180 draw-ms=5771 upload-ms=0
194 pid=FFFCA3D9 tsc frames=307 wall-ms=10000 vertex-ms=1263 flush-in-vertex-ms=0 flush-other-ms=6585 bind-ms=371 iface-ms=5771 beginend-ms=817 swap-ms=180 vertices=743964 flushes=185991 draws=185991 sink-ms=521 sink-prep-ms=413 sinks=185991
195 pid=FFFCA3D9 paths batches/triangles untextured=776/1552 hw=3736593/9158702 cpu=0/0 cpu-nonsquare=0/0 hw-refused=0/0
196 pid=FFFCA3D9 counters hwtex live=214 creates=214 create-failed=0 evictions=0 uploads=531 upload-kb=13206 squared=0 alpha-dropped=16519 stubs=332 failed r4=0 r7=0 r8=0 other=0
197 pid=FFFCA3D9 time interval-ms=10000 swaps=308 present-ms=200 draw-ms=5816 upload-ms=0
198 pid=FFFCA3D9 tsc frames=308 wall-ms=10000 vertex-ms=1378 flush-in-vertex-ms=0 flush-other-ms=6580 bind-ms=337 iface-ms=5816 beginend-ms=868 swap-ms=200 vertices=744208 flushes=186052 draws=186052 sink-ms=556 sink-prep-ms=447 sinks=186052
199 pid=FFFCA3D9 paths batches/triangles untextured=776/1552 hw=3922645/9531114 cpu=0/0 cpu-nonsquare=0/0 hw-refused=0/0
200 pid=FFFCA3D9 counters hwtex live=214 creates=214 create-failed=0 evictions=0 uploads=531 upload-kb=13206 squared=0 alpha-dropped=16827 stubs=332 failed r4=0 r7=0 r8=0 other=0
201 pid=FFFCA3D9 time interval-ms=10001 swaps=307 present-ms=177 draw-ms=5825 upload-ms=0
202 pid=FFFCA3D9 tsc frames=307 wall-ms=10001 vertex-ms=1300 flush-in-vertex-ms=0 flush-other-ms=6602 bind-ms=370 iface-ms=5825 beginend-ms=970 swap-ms=178 vertices=740864 flushes=185216 draws=185216 sink-ms=690 sink-prep-ms=535 sinks=185216
203 pid=FFFCA3D9 paths batches/triangles untextured=776/1552 hw=4107861/9901853 cpu=0/0 cpu-nonsquare=0/0 hw-refused=0/0
204 pid=FFFCA3D9 counters hwtex live=214 creates=214 create-failed=0 evictions=0 uploads=531 upload-kb=13206 squared=0 alpha-dropped=17134 stubs=332 failed r4=0 r7=0 r8=0 other=0
205 pid=FFFCA3D9 time interval-ms=10004 swaps=308 present-ms=270 draw-ms=5757 upload-ms=0
206 pid=FFFCA3D9 tsc frames=308 wall-ms=10004 vertex-ms=1344 flush-in-vertex-ms=0 flush-other-ms=6474 bind-ms=312 iface-ms=5757 beginend-ms=818 swap-ms=271 vertices=742968 flushes=185742 draws=185742 sink-ms=553 sink-prep-ms=446 sinks=185742
207 pid=FFFCA3D9 paths batches/triangles untextured=776/1552 hw=4293603/10273645 cpu=0/0 cpu-nonsquare=0/0 hw-refused=0/0
208 pid=FFFCA3D9 counters hwtex live=214 creates=214 create-failed=0 evictions=0 uploads=531 upload-kb=13206 squared=0 alpha-dropped=17442 stubs=332 failed r4=0 r7=0 r8=0 other=0
209 pid=FFFCA3D9 time interval-ms=10000 swaps=307 present-ms=196 draw-ms=5844 upload-ms=0
210 pid=FFFCA3D9 tsc frames=307 wall-ms=10000 vertex-ms=1371 flush-in-vertex-ms=0 flush-other-ms=6577 bind-ms=363 iface-ms=5844 beginend-ms=832 swap-ms=196 vertices=743568 flushes=185892 draws=185892 sink-ms=570 sink-prep-ms=463 sinks=185892
211 pid=FFFCA3D9 paths batches/triangles untextured=776/1552 hw=4479495/10645736 cpu=0/0 cpu-nonsquare=0/0 hw-refused=0/0
212 pid=FFFCA3D9 counters hwtex live=214 creates=214 create-failed=0 evictions=0 uploads=531 upload-kb=13206 squared=0 alpha-dropped=17749 stubs=332 failed r4=0 r7=0 r8=0 other=0
213 pid=FFFCA3D9 time interval-ms=10000 swaps=296 present-ms=171 draw-ms=5653 upload-ms=0
214 pid=FFFCA3D9 tsc frames=296 wall-ms=10000 vertex-ms=1496 flush-in-vertex-ms=0 flush-other-ms=6483 bind-ms=361 iface-ms=5653 beginend-ms=773 swap-ms=171 vertices=713400 flushes=178350 draws=178350 sink-ms=484 sink-prep-ms=381 sinks=178350
215 pid=FFFCA3D9 paths batches/triangles untextured=776/1552 hw=4657845/11002732 cpu=0/0 cpu-nonsquare=0/0 hw-refused=0/0
216 pid=FFFCA3D9 counters hwtex live=214 creates=214 create-failed=0 evictions=0 uploads=531 upload-kb=13206 squared=0 alpha-dropped=18045 stubs=332 failed r4=0 r7=0 r8=0 other=0
217 pid=FFFCA3D9 time interval-ms=10000 swaps=297 present-ms=233 draw-ms=5796 upload-ms=0
218 pid=FFFCA3D9 tsc frames=297 wall-ms=10000 vertex-ms=1257 flush-in-vertex-ms=0 flush-other-ms=6538 bind-ms=379 iface-ms=5796 beginend-ms=755 swap-ms=227 vertices=717108 flushes=179277 draws=179277 sink-ms=494 sink-prep-ms=391 sinks=179277
219 pid=FFFCA3D9 paths batches/triangles untextured=776/1552 hw=4837122/11361583 cpu=0/0 cpu-nonsquare=0/0 hw-refused=0/0
220 pid=FFFCA3D9 counters hwtex live=214 creates=214 create-failed=0 evictions=0 uploads=531 upload-kb=13206 squared=0 alpha-dropped=18342 stubs=332 failed r4=0 r7=0 r8=0 other=0
221 pid=FFFCA3D9 time interval-ms=10000 swaps=294 present-ms=192 draw-ms=5653 upload-ms=0
222 pid=FFFCA3D9 tsc frames=294 wall-ms=10000 vertex-ms=1453 flush-in-vertex-ms=0 flush-other-ms=6386 bind-ms=360 iface-ms=5653 beginend-ms=831 swap-ms=193 vertices=712516 flushes=178129 draws=178129 sink-ms=590 sink-prep-ms=467 sinks=178129
223 pid=FFFCA3D9 paths batches/triangles untextured=776/1552 hw=5015251/11718135 cpu=0/0 cpu-nonsquare=0/0 hw-refused=0/0
224 pid=FFFCA3D9 counters hwtex live=214 creates=214 create-failed=0 evictions=0 uploads=531 upload-kb=13206 squared=0 alpha-dropped=18636 stubs=332 failed r4=0 r7=0 r8=0 other=0
225 pid=FFFCA3D9 time interval-ms=10000 swaps=296 present-ms=171 draw-ms=5692 upload-ms=0
226 pid=FFFCA3D9 tsc frames=296 wall-ms=10000 vertex-ms=1350 flush-in-vertex-ms=0 flush-other-ms=6473 bind-ms=366 iface-ms=5692 beginend-ms=815 swap-ms=171 vertices=713020 flushes=178255 draws=178255 sink-ms=556 sink-prep-ms=394 sinks=178255
227 pid=FFFCA3D9 paths batches/triangles untextured=776/1552 hw=5193506/12074941 cpu=0/0 cpu-nonsquare=0/0 hw-refused=0/0
228 pid=FFFCA3D9 counters hwtex live=214 creates=214 create-failed=0 evictions=0 uploads=531 upload-kb=13206 squared=0 alpha-dropped=18932 stubs=332 failed r4=0 r7=0 r8=0 other=0
229 pid=FFFCA3D9 time interval-ms=10000 swaps=295 present-ms=172 draw-ms=5788 upload-ms=0
230 pid=FFFCA3D9 tsc frames=295 wall-ms=10000 vertex-ms=1402 flush-in-vertex-ms=0 flush-other-ms=6616 bind-ms=389 iface-ms=5788 beginend-ms=786 swap-ms=172 vertices=712624 flushes=178156 draws=178156 sink-ms=506 sink-prep-ms=337 sinks=178156
231 pid=FFFCA3D9 paths batches/triangles untextured=776/1552 hw=5371662/12431548 cpu=0/0 cpu-nonsquare=0/0 hw-refused=0/0
232 pid=FFFCA3D9 counters hwtex live=214 creates=214 create-failed=0 evictions=0 uploads=531 upload-kb=13206 squared=0 alpha-dropped=19227 stubs=332 failed r4=0 r7=0 r8=0 other=0
233 pid=FFFCA3D9 time interval-ms=10000 swaps=295 present-ms=210 draw-ms=5727 upload-ms=0
234 pid=FFFCA3D9 tsc frames=295 wall-ms=10000 vertex-ms=1438 flush-in-vertex-ms=0 flush-other-ms=6410 bind-ms=293 iface-ms=5726 beginend-ms=785 swap-ms=211 vertices=714028 flushes=178507 draws=178507 sink-ms=566 sink-prep-ms=461 sinks=178507
235 pid=FFFCA3D9 paths batches/triangles untextured=776/1552 hw=5550169/12788857 cpu=0/0 cpu-nonsquare=0/0 hw-refused=0/0
236 pid=FFFCA3D9 counters hwtex live=214 creates=214 create-failed=0 evictions=0 uploads=531 upload-kb=13206 squared=0 alpha-dropped=19522 stubs=332 failed r4=0 r7=0 r8=0 other=0
237 pid=FFFCA3D9 time interval-ms=10005 swaps=295 present-ms=172 draw-ms=5620 upload-ms=0
238 pid=FFFCA3D9 tsc frames=295 wall-ms=10005 vertex-ms=1428 flush-in-vertex-ms=0 flush-other-ms=6445 bind-ms=375 iface-ms=5620 beginend-ms=697 swap-ms=172 vertices=711412 flushes=177853 draws=177853 sink-ms=482 sink-prep-ms=379 sinks=177853
239 pid=FFFCA3D9 paths batches/triangles untextured=776/1552 hw=5728022/13144858 cpu=0/0 cpu-nonsquare=0/0 hw-refused=0/0
240 pid=FFFCA3D9 counters hwtex live=214 creates=214 create-failed=0 evictions=0 uploads=531 upload-kb=13206 squared=0 alpha-dropped=19817 stubs=332 failed r4=0 r7=0 r8=0 other=0
241 pid=FFFCA3D9 DrvReleaseContext context=1 -> 1
242 pid=FFFCA3D9 paths batches/triangles untextured=776/1552 hw=5858485/13405999 cpu=0/0 cpu-nonsquare=0/0 hw-refused=0/0
243 pid=FFFCA3D9 counters hwtex live=0 creates=214 create-failed=0 evictions=0 uploads=531 upload-kb=13206 squared=0 alpha-dropped=20032 stubs=332 failed r4=0 r7=0 r8=0 other=0
244 pid=FFFCA3D9 DrvDeleteContext context=1 -> 1
245 pid=FFFCA3D9 detach slots-called=1 stub-calls=332
1 pid=FFFF18DD attach instance=01CF0000 tls=11 build-marker=1
2 pid=FFFF18DD DrvValidateVersion version=1
3 pid=FFFF18DD DrvSetCallbackProcs count=3 procs=78B23978
4 pid=FFFF18DD describe result=0 engine=3 formats=00000002
5 pid=FFFF18DD DrvDescribePixelFormat index=1 bytes=0 -> count=1
6 pid=FFFF18DD DrvDescribePixelFormat index=1 bytes=40 -> count=1
7 pid=FFFF18DD DrvDescribePixelFormat index=1 bytes=0 -> count=1
8 pid=FFFF18DD DrvDescribePixelFormat index=1 bytes=0 -> count=1
9 pid=FFFF18DD DrvDescribePixelFormat index=1 bytes=0 -> count=1
10 pid=FFFF18DD DrvDescribePixelFormat index=1 bytes=0 -> count=1
11 pid=FFFF18DD DrvDescribePixelFormat index=1 bytes=0 -> count=1
12 pid=FFFF18DD DrvDescribePixelFormat index=1 bytes=0 -> count=1
13 pid=FFFF18DD DrvDescribePixelFormat index=1 bytes=0 -> count=1
14 pid=FFFF18DD DrvDescribePixelFormat index=1 bytes=0 -> count=1
15 pid=FFFF18DD DrvDescribePixelFormat index=1 bytes=0 -> count=1
16 pid=FFFF18DD DrvDescribePixelFormat index=1 bytes=0 -> count=1
17 pid=FFFF18DD DrvDescribePixelFormat index=1 bytes=0 -> count=1
18 pid=FFFF18DD DrvDescribePixelFormat index=1 bytes=0 -> count=1
19 pid=FFFF18DD DrvDescribePixelFormat index=1 bytes=0 -> count=1
20 pid=FFFF18DD DrvDescribePixelFormat index=1 bytes=0 -> count=1
21 pid=FFFF18DD DrvDescribePixelFormat index=1 bytes=0 -> count=1
22 pid=FFFF18DD DrvDescribePixelFormat index=1 bytes=0 -> count=1
23 pid=FFFF18DD DrvDescribePixelFormat index=1 bytes=0 -> count=1
24 pid=FFFF18DD DrvDescribePixelFormat index=1 bytes=0 -> count=1
25 pid=FFFF18DD DrvDescribePixelFormat index=1 bytes=0 -> count=1
26 pid=FFFF18DD DrvDescribePixelFormat index=1 bytes=0 -> count=1
27 pid=FFFF18DD DrvDescribePixelFormat index=1 bytes=0 -> count=1
28 pid=FFFF18DD DrvDescribePixelFormat index=1 bytes=0 -> count=1
29 pid=FFFF18DD DrvDescribePixelFormat index=1 bytes=0 -> count=1
30 pid=FFFF18DD DrvDescribePixelFormat index=1 bytes=0 -> count=1
31 pid=FFFF18DD DrvDescribePixelFormat index=1 bytes=0 -> count=1
32 pid=FFFF18DD DrvSetPixelFormat hdc=00000782 index=1
33 pid=FFFF18DD DrvDescribePixelFormat index=1 bytes=0 -> count=1
34 pid=FFFF18DD DrvDescribePixelFormat index=1 bytes=40 -> count=1
35 pid=FFFF18DD DrvDescribePixelFormat index=1 bytes=0 -> count=1
36 pid=FFFF18DD DrvDescribePixelFormat index=1 bytes=40 -> count=1
37 pid=FFFF18DD DrvCreateLayerContext hdc=00000782 layer=0 -> 1
38 pid=FFFF18DD drawable window=0000060C 640x480
39 pid=FFFF18DD DrvSetContext hdc=00000782 context=1 -> 1
40 pid=FFFF18DD state tex=1158 size=00400040 tex=01010101 blend=00050600 depth=01040102 colour=FFFFFFFF mask=7 scissor=0,0,640,480 fog=0
41 pid=FFFF18DD time interval-ms=781602 swaps=0 present-ms=0 draw-ms=71131208 upload-ms=0
42 pid=FFFF18DD tsc frames=0 wall-ms=781602 vertex-ms=305472 flush-in-vertex-ms=0 flush-other-ms=8224742 bind-ms=73947 iface-ms=824046 beginend-ms=630752 swap-ms=0 vertices=18 flushes=1 draws=1 sink-ms=568815 sink-prep-ms=539387 sinks=4
43 pid=FFFF18DD paths batches/triangles untextured=0/0 hw=1/10 cpu=0/0 cpu-nonsquare=0/0 hw-refused=0/0
44 pid=FFFF18DD counters hwtex live=1 creates=1 create-failed=0 evictions=0 uploads=1 upload-kb=10 squared=0 alpha-dropped=0 stubs=0 failed r4=0 r7=0 r8=0 other=0
45 pid=FFFF18DD state tex=1162 size=00400040 tex=01010101 blend=00050600 depth=01040102 colour=FFFFFFFF mask=7 scissor=0,0,640,480 fog=0
46 pid=FFFF18DD state tex=1163 size=00100010 tex=01010101 blend=00050600 depth=01040102 colour=FFFFFFFF mask=7 scissor=0,0,640,480 fog=0
47 pid=FFFF18DD state tex=1168 size=00100010 tex=01010101 blend=00050600 depth=01040102 colour=FFFFFFFF mask=7 scissor=0,0,640,480 fog=0
48 pid=FFFF18DD state tex=1172 size=00400040 tex=01010101 blend=00050600 depth=01040102 colour=FFFFFFFF mask=7 scissor=0,0,640,480 fog=0
49 pid=FFFF18DD state tex=1180 size=00400040 tex=01010101 blend=00050600 depth=01040102 colour=FFFFFFFF mask=7 scissor=0,0,640,480 fog=0
50 pid=FFFF18DD state tex=1184 size=00400040 tex=01010101 blend=00050600 depth=01040102 colour=FFFFFFFF mask=7 scissor=0,0,640,480 fog=0
51 pid=FFFF18DD state tex=1185 size=00400040 tex=01010101 blend=00050600 depth=01040102 colour=FFFFFFFF mask=7 scissor=0,0,640,480 fog=0
52 pid=FFFF18DD state tex=1188 size=00400040 tex=01010101 blend=00050600 depth=01040102 colour=FFFFFFFF mask=7 scissor=0,0,640,480 fog=0
53 pid=FFFF18DD state tex=1191 size=00400040 tex=01010101 blend=00050600 depth=01040102 colour=FFFFFFFF mask=7 scissor=0,0,640,480 fog=0
54 pid=FFFF18DD state tex=1206 size=00400040 tex=01010101 blend=00050600 depth=01040102 colour=FFFFFFFF mask=7 scissor=0,0,640,480 fog=0
55 pid=FFFF18DD state tex=1210 size=00800080 tex=01010101 blend=00050600 depth=01040102 colour=FFFFFFFF mask=7 scissor=0,0,640,480 fog=0
56 pid=FFFF18DD state tex=1214 size=00400040 tex=01010101 blend=00050600 depth=01040102 colour=FFFFFFFF mask=7 scissor=0,0,640,480 fog=0
57 pid=FFFF18DD state tex=1216 size=00400040 tex=01010101 blend=00050600 depth=01040102 colour=FFFFFFFF mask=7 scissor=0,0,640,480 fog=0
58 pid=FFFF18DD state tex=1218 size=00400040 tex=01010101 blend=00050600 depth=01040102 colour=FFFFFFFF mask=7 scissor=0,0,640,480 fog=0
59 pid=FFFF18DD state tex=1225 size=00400040 tex=01010101 blend=00050600 depth=01040102 colour=FFFFFFFF mask=7 scissor=0,0,640,480 fog=0
60 pid=FFFF18DD state tex=1226 size=00400040 tex=01010101 blend=00050600 depth=01040102 colour=FFFFFFFF mask=7 scissor=0,0,640,480 fog=0
61 pid=FFFF18DD state tex=1264 size=00400040 tex=01010101 blend=00050600 depth=01040102 colour=FFFFFFFF mask=7 scissor=0,0,640,480 fog=0
62 pid=FFFF18DD state tex=1269 size=00400040 tex=01010101 blend=00050600 depth=01040102 colour=FFFFFFFF mask=7 scissor=0,0,640,480 fog=0
63 pid=FFFF18DD state tex=1273 size=00200080 tex=01010101 blend=00050600 depth=01040102 colour=FFFFFFFF mask=7 scissor=0,0,640,480 fog=0
64 pid=FFFF18DD state tex=1278 size=00400040 tex=01010101 blend=00050600 depth=01040102 colour=FFFFFFFF mask=7 scissor=0,0,640,480 fog=0
65 pid=FFFF18DD state tex=1281 size=00400040 tex=01010101 blend=00050600 depth=01040102 colour=FFFFFFFF mask=7 scissor=0,0,640,480 fog=0
66 pid=FFFF18DD state tex=1282 size=00400040 tex=01010101 blend=00050600 depth=01040102 colour=FFFFFFFF mask=7 scissor=0,0,640,480 fog=0
67 pid=FFFF18DD state tex=1025 size=00800080 tex=01010101 blend=01010300 depth=01040001 colour=FFFFFFFF mask=7 scissor=0,0,640,480 fog=0
68 pid=FFFF18DD state tex=1026 size=00800080 tex=01010101 blend=01010300 depth=01040001 colour=FFFFFFFF mask=7 scissor=0,0,640,480 fog=0
69 pid=FFFF18DD state tex=1027 size=00800080 tex=01010101 blend=01010300 depth=01040001 colour=FFFFFFFF mask=7 scissor=0,0,640,480 fog=0
70 pid=FFFF18DD state tex=1030 size=00800080 tex=01010101 blend=01010300 depth=01040001 colour=FFFFFFFF mask=7 scissor=0,0,640,480 fog=0
71 pid=FFFF18DD state tex=1376 size=01000080 tex=01040201 blend=00050600 depth=01040102 colour=FF94774B mask=7 scissor=0,0,640,480 fog=0
72 pid=FFFF18DD state tex=1380 size=01000080 tex=01040201 blend=00050600 depth=01040102 colour=FF463827 mask=7 scissor=0,0,640,480 fog=0
73 pid=FFFF18DD state tex=1382 size=00800020 tex=01040201 blend=00050600 depth=01040102 colour=FF6F562E mask=7 scissor=0,0,640,480 fog=0
74 pid=FFFF18DD state tex=1384 size=00800020 tex=01010200 blend=00050600 depth=01040102 colour=FF4D4231 mask=7 scissor=0,0,640,480 fog=0
75 pid=FFFF18DD state tex=1389 size=01000080 tex=01040201 blend=00050600 depth=01040102 colour=FF5F5343 mask=7 scissor=0,0,640,480 fog=0
76 pid=FFFF18DD state tex=1390 size=00800040 tex=01040201 blend=00050600 depth=01040102 colour=FF7F6F57 mask=7 scissor=0,0,640,480 fog=0
77 pid=FFFF18DD state tex=1391 size=00400040 tex=01010200 blend=00050600 depth=01040102 colour=FF968569 mask=7 scissor=0,0,640,480 fog=0
78 pid=FFFF18DD state tex=1393 size=00800040 tex=01040201 blend=00050600 depth=01040102 colour=FFFFFFE8 mask=7 scissor=0,0,640,480 fog=0
79 pid=FFFF18DD state tex=1396 size=00800040 tex=01040201 blend=00050600 depth=01040102 colour=FF9C8964 mask=7 scissor=0,0,640,480 fog=0
80 pid=FFFF18DD state tex=1401 size=01000080 tex=01040201 blend=00050600 depth=01040102 colour=FFFFFFED mask=7 scissor=0,0,640,480 fog=0
81 pid=FFFF18DD state tex=1409 size=01000080 tex=01040201 blend=00050600 depth=01040102 colour=FF4D4137 mask=7 scissor=0,0,640,480 fog=0
82 pid=FFFF18DD state tex=1152 size=01000100 tex=01040101 blend=00050601 depth=00040101 colour=FFFFFFFF mask=7 scissor=0,0,640,480 fog=0
83 pid=FFFF18DD state tex=1267 size=00400020 tex=01010101 blend=00050600 depth=01040102 colour=FFFFFFFF mask=7 scissor=0,0,640,480 fog=0
84 pid=FFFF18DD state tex=1268 size=00400040 tex=01010101 blend=00050600 depth=01040102 colour=FFFFFFFF mask=7 scissor=0,0,640,480 fog=0
85 pid=FFFF18DD state tex=1266 size=00400020 tex=01010101 blend=00050600 depth=01040102 colour=FFFFFFFF mask=7 scissor=0,0,640,480 fog=0
86 pid=FFFF18DD state tex=1024 size=00800080 tex=01010101 blend=01010300 depth=01040001 colour=FFFFFFFF mask=7 scissor=0,0,640,480 fog=0
87 pid=FFFF18DD state tex=1343 size=00800040 tex=01010200 blend=00050600 depth=01040102 colour=FFE3E3E3 mask=7 scissor=0,0,640,480 fog=0
88 pid=FFFF18DD state tex=1381 size=01000080 tex=01040201 blend=00050600 depth=01040102 colour=FF7A6D44 mask=7 scissor=0,0,640,480 fog=0
89 pid=FFFF18DD state tex=1342 size=00800040 tex=01010200 blend=01050600 depth=01040002 colour=F16B5F51 mask=7 scissor=0,0,640,480 fog=0
90 pid=FFFF18DD state tex=1153 size=00080008 tex=01040202 blend=01050600 depth=01040002 colour=FF7F0F00 mask=7 scissor=0,0,640,480 fog=0
91 pid=FFFF18DD state tex=1429 size=01000100 tex=01010100 blend=00050601 depth=00040101 colour=FFFFFFFF mask=7 scissor=0,0,640,480 fog=0
92 pid=FFFF18DD time interval-ms=10000 swaps=276 present-ms=218 draw-ms=1910 upload-ms=154
93 pid=FFFF18DD tsc frames=276 wall-ms=10000 vertex-ms=2099 flush-in-vertex-ms=13 flush-other-ms=2300 bind-ms=221 iface-ms=1910 beginend-ms=2274 swap-ms=219 vertices=1008072 flushes=8620 draws=8620 sink-ms=1960 sink-prep-ms=450 sinks=211136
94 pid=FFFF18DD paths batches/triangles untextured=110/220 hw=8511/456936 cpu=0/0 cpu-nonsquare=0/0 hw-refused=0/0
95 pid=FFFF18DD counters hwtex live=49 creates=49 create-failed=0 evictions=0 uploads=50 upload-kb=1387 squared=0 alpha-dropped=352 stubs=0 failed r4=0 r7=0 r8=0 other=0
96 pid=FFFF18DD time interval-ms=10043 swaps=150 present-ms=88 draw-ms=3001 upload-ms=181
97 pid=FFFF18DD tsc frames=150 wall-ms=10043 vertex-ms=2899 flush-in-vertex-ms=113 flush-other-ms=3271 bind-ms=176 iface-ms=3001 beginend-ms=2441 swap-ms=88 vertices=1298893 flushes=11085 draws=11085 sink-ms=2275 sink-prep-ms=420 sinks=136393
98 pid=FFFF18DD paths batches/triangles untextured=149/415 hw=19557/886715 cpu=0/0 cpu-nonsquare=0/0 hw-refused=0/0
99 pid=FFFF18DD counters hwtex live=74 creates=74 create-failed=0 evictions=0 uploads=174 upload-kb=5184 squared=0 alpha-dropped=352 stubs=0 failed r4=0 r7=0 r8=0 other=0
100 pid=FFFF18DD time interval-ms=10000 swaps=167 present-ms=99 draw-ms=3162 upload-ms=133
101 pid=FFFF18DD tsc frames=167 wall-ms=10000 vertex-ms=2881 flush-in-vertex-ms=189 flush-other-ms=3287 bind-ms=155 iface-ms=3162 beginend-ms=2288 swap-ms=99 vertices=1152079 flushes=11469 draws=11469 sink-ms=2225 sink-prep-ms=342 sinks=124033
102 pid=FFFF18DD paths batches/triangles untextured=200/670 hw=30975/1304994 cpu=0/0 cpu-nonsquare=0/0 hw-refused=0/0
103 pid=FFFF18DD counters hwtex live=92 creates=92 create-failed=0 evictions=0 uploads=284 upload-kb=8493 squared=0 alpha-dropped=352 stubs=0 failed r4=0 r7=0 r8=0 other=0
104 pid=FFFF18DD time interval-ms=10061 swaps=148 present-ms=164 draw-ms=3046 upload-ms=256
105 pid=FFFF18DD tsc frames=148 wall-ms=10061 vertex-ms=2956 flush-in-vertex-ms=118 flush-other-ms=3405 bind-ms=177 iface-ms=3046 beginend-ms=2466 swap-ms=165 vertices=1300337 flushes=12505 draws=12505 sink-ms=2356 sink-prep-ms=310 sinks=138537
106 pid=FFFF18DD paths batches/triangles untextured=242/880 hw=43438/1755712 cpu=0/0 cpu-nonsquare=0/0 hw-refused=0/0
107 pid=FFFF18DD counters hwtex live=103 creates=103 create-failed=0 evictions=0 uploads=445 upload-kb=13527 squared=0 alpha-dropped=352 stubs=0 failed r4=0 r7=0 r8=0 other=0
108 pid=FFFF18DD time interval-ms=10000 swaps=139 present-ms=99 draw-ms=3366 upload-ms=109
109 pid=FFFF18DD tsc frames=139 wall-ms=10000 vertex-ms=3027 flush-in-vertex-ms=137 flush-other-ms=3509 bind-ms=144 iface-ms=3366 beginend-ms=2386 swap-ms=99 vertices=1274268 flushes=12772 draws=12772 sink-ms=2292 sink-prep-ms=321 sinks=143239
110 pid=FFFF18DD paths batches/triangles untextured=258/960 hw=56194/2222927 cpu=0/0 cpu-nonsquare=0/0 hw-refused=0/0
111 pid=FFFF18DD counters hwtex live=104 creates=104 create-failed=0 evictions=0 uploads=524 upload-kb=16108 squared=0 alpha-dropped=352 stubs=0 failed r4=0 r7=0 r8=0 other=0
112 pid=FFFF18DD DrvReleaseContext context=1 -> 1
113 pid=FFFF18DD paths batches/triangles untextured=402/1248 hw=64048/2570817 cpu=0/0 cpu-nonsquare=0/0 hw-refused=0/0
114 pid=FFFF18DD counters hwtex live=0 creates=114 create-failed=0 evictions=0 uploads=538 upload-kb=16668 squared=0 alpha-dropped=640 stubs=0 failed r4=0 r7=0 r8=0 other=0
115 pid=FFFF18DD DrvDeleteContext context=1 -> 1
116 pid=FFFF18DD detach slots-called=0 stub-calls=0
1 pid=FFFCD3AB attach instance=0A1A0000 tls=21 build-marker=1
2 pid=FFFCD3AB DrvValidateVersion version=1
3 pid=FFFCD3AB DrvSetCallbackProcs count=3 procs=78B23978
4 pid=FFFCD3AB describe result=0 engine=3 formats=00000002
5 pid=FFFCD3AB DrvDescribePixelFormat index=1 bytes=0 -> count=1
6 pid=FFFCD3AB DrvDescribePixelFormat index=1 bytes=40 -> count=1
7 pid=FFFCD3AB DrvDescribePixelFormat index=1 bytes=0 -> count=1
8 pid=FFFCD3AB DrvDescribePixelFormat index=1 bytes=0 -> count=1
9 pid=FFFCD3AB DrvDescribePixelFormat index=1 bytes=0 -> count=1
10 pid=FFFCD3AB DrvDescribePixelFormat index=1 bytes=0 -> count=1
11 pid=FFFCD3AB DrvDescribePixelFormat index=1 bytes=0 -> count=1
12 pid=FFFCD3AB DrvDescribePixelFormat index=1 bytes=0 -> count=1
13 pid=FFFCD3AB DrvDescribePixelFormat index=1 bytes=0 -> count=1
14 pid=FFFCD3AB DrvDescribePixelFormat index=1 bytes=0 -> count=1
15 pid=FFFCD3AB DrvDescribePixelFormat index=1 bytes=0 -> count=1
16 pid=FFFCD3AB DrvDescribePixelFormat index=1 bytes=0 -> count=1
17 pid=FFFCD3AB DrvDescribePixelFormat index=1 bytes=0 -> count=1
18 pid=FFFCD3AB DrvDescribePixelFormat index=1 bytes=0 -> count=1
19 pid=FFFCD3AB DrvDescribePixelFormat index=1 bytes=0 -> count=1
20 pid=FFFCD3AB DrvDescribePixelFormat index=1 bytes=0 -> count=1
21 pid=FFFCD3AB DrvDescribePixelFormat index=1 bytes=0 -> count=1
22 pid=FFFCD3AB DrvDescribePixelFormat index=1 bytes=0 -> count=1
23 pid=FFFCD3AB DrvDescribePixelFormat index=1 bytes=0 -> count=1
24 pid=FFFCD3AB DrvDescribePixelFormat index=1 bytes=0 -> count=1
25 pid=FFFCD3AB DrvDescribePixelFormat index=1 bytes=0 -> count=1
26 pid=FFFCD3AB DrvDescribePixelFormat index=1 bytes=0 -> count=1
27 pid=FFFCD3AB DrvDescribePixelFormat index=1 bytes=0 -> count=1
28 pid=FFFCD3AB DrvDescribePixelFormat index=1 bytes=0 -> count=1
29 pid=FFFCD3AB DrvDescribePixelFormat index=1 bytes=0 -> count=1
30 pid=FFFCD3AB DrvDescribePixelFormat index=1 bytes=0 -> count=1
31 pid=FFFCD3AB DrvDescribePixelFormat index=1 bytes=0 -> count=1
32 pid=FFFCD3AB DrvSetPixelFormat hdc=00001226 index=1
33 pid=FFFCD3AB DrvDescribePixelFormat index=1 bytes=0 -> count=1
34 pid=FFFCD3AB DrvDescribePixelFormat index=1 bytes=40 -> count=1
35 pid=FFFCD3AB DrvDescribePixelFormat index=1 bytes=0 -> count=1
36 pid=FFFCD3AB DrvDescribePixelFormat index=1 bytes=40 -> count=1
37 pid=FFFCD3AB DrvCreateLayerContext hdc=00001226 layer=0 -> 1
38 pid=FFFCD3AB drawable window=00000BA4 640x480
39 pid=FFFCD3AB DrvSetContext hdc=00001226 context=1 -> 1
40 pid=FFFCD3AB state tex=2 size=01000080 tex=01010100 blend=00050601 depth=00020101 colour=FFFFFFFF mask=7 scissor=0,0,640,480 fog=0
41 pid=FFFCD3AB time interval-ms=430517 swaps=0 present-ms=0 draw-ms=19730435 upload-ms=2
42 pid=FFFCD3AB tsc frames=0 wall-ms=430517 vertex-ms=119318 flush-in-vertex-ms=0 flush-other-ms=13269149 bind-ms=21006 iface-ms=176819 beginend-ms=122891 swap-ms=0 vertices=4 flushes=1 draws=1 sink-ms=114145 sink-prep-ms=106172 sinks=1
43 pid=FFFCD3AB paths batches/triangles untextured=0/0 hw=1/3 cpu=0/0 cpu-nonsquare=0/0 hw-refused=0/0
44 pid=FFFCD3AB counters hwtex live=1 creates=1 create-failed=0 evictions=0 uploads=1 upload-kb=64 squared=0 alpha-dropped=1 stubs=0 failed r4=0 r7=0 r8=0 other=0
45 pid=FFFCD3AB state tex=3 size=01000080 tex=01040202 blend=00050601 depth=00020101 colour=FFFFB233 mask=7 scissor=0,0,640,480 fog=0
46 pid=FFFCD3AB state tex=64 size=00800080 tex=01010200 blend=00050600 depth=01040102 colour=FFFFFFFF mask=7 scissor=0,0,640,480 fog=0
47 pid=FFFCD3AB state tex=67 size=01000080 tex=01010200 blend=00050600 depth=01040102 colour=FFFFFFFF mask=7 scissor=0,0,640,480 fog=0
48 pid=FFFCD3AB state tex=5802 size=01000100 tex=01010200 blend=00050600 depth=01040101 colour=FFFFFFFF mask=7 scissor=0,0,640,480 fog=0
49 pid=FFFCD3AB state tex=5803 size=01000100 tex=01010200 blend=00050600 depth=01040101 colour=FFFFFFFF mask=7 scissor=0,0,640,480 fog=0
50 pid=FFFCD3AB state tex=5805 size=01000100 tex=01010200 blend=00050600 depth=01040101 colour=FFFFFFFF mask=7 scissor=0,0,640,480 fog=0
51 pid=FFFCD3AB stub first-call slot=319 glPolygonOffset
52 pid=FFFCD3AB state tex=80 size=00800080 tex=01010200 blend=00050600 depth=01040102 colour=FFFFFFFF mask=7 scissor=0,0,640,480 fog=0
53 pid=FFFCD3AB state tex=516 size=00800080 tex=01010200 blend=01090300 depth=01040001 colour=FFAAAAAA mask=7 scissor=0,0,640,480 fog=0
54 pid=FFFCD3AB state tex=517 size=00800080 tex=01010200 blend=01090300 depth=01040001 colour=FFAAAAAA mask=7 scissor=0,0,640,480 fog=0
55 pid=FFFCD3AB state tex=518 size=00800080 tex=01010200 blend=01090300 depth=01040001 colour=FFAAAAAA mask=7 scissor=0,0,640,480 fog=0
56 pid=FFFCD3AB state tex=519 size=00800080 tex=01010200 blend=01090300 depth=01040001 colour=FFAAAAAA mask=7 scissor=0,0,640,480 fog=0
57 pid=FFFCD3AB state tex=80 size=00800080 tex=01010200 blend=00090300 depth=01040102 colour=FFFFFFFF mask=7 scissor=0,0,640,480 fog=0
58 pid=FFFCD3AB state tex=523 size=00800080 tex=01010200 blend=01090300 depth=01040001 colour=FFAAAAAA mask=7 scissor=0,0,640,480 fog=0
59 pid=FFFCD3AB state tex=584 size=00200080 tex=01010200 blend=00090300 depth=01040101 colour=005D4A13 mask=7 scissor=0,0,640,480 fog=0
60 pid=FFFCD3AB state tex=587 size=00200040 tex=01010200 blend=00090300 depth=01040101 colour=0093BCBC mask=7 scissor=0,0,640,480 fog=0
61 pid=FFFCD3AB state tex=590 size=00400040 tex=01010200 blend=00090300 depth=01040101 colour=009EC9C9 mask=7 scissor=0,0,640,480 fog=0
62 pid=FFFCD3AB state tex=591 size=00800040 tex=01010200 blend=00090300 depth=01040101 colour=00C7FEFE mask=7 scissor=0,0,640,480 fog=0
63 pid=FFFCD3AB state tex=592 size=00400040 tex=01010200 blend=00090300 depth=01040101 colour=009CC7C7 mask=7 scissor=0,0,640,480 fog=0
64 pid=FFFCD3AB state tex=593 size=00200020 tex=01010200 blend=00090300 depth=01040101 colour=009AC4C4 mask=7 scissor=0,0,640,480 fog=0
65 pid=FFFCD3AB state tex=595 size=00080040 tex=01010200 blend=00090300 depth=01040101 colour=009EC9C9 mask=7 scissor=0,0,640,480 fog=0
66 pid=FFFCD3AB state tex=596 size=00200040 tex=01010200 blend=00090300 depth=01040101 colour=00C5FBFB mask=7 scissor=0,0,640,480 fog=0
67 pid=FFFCD3AB state tex=597 size=00200020 tex=01010200 blend=00090300 depth=01040101 colour=009ECACA mask=7 scissor=0,0,640,480 fog=0
68 pid=FFFCD3AB state tex=598 size=00200020 tex=01010200 blend=00090300 depth=01040101 colour=0081A4A4 mask=7 scissor=0,0,640,480 fog=0
69 pid=FFFCD3AB state tex=80 size=00800080 tex=01010101 blend=00090300 depth=01040102 colour=FFFFFFFF mask=7 scissor=0,0,640,480 fog=0
70 pid=FFFCD3AB state tex=524 size=00800080 tex=01010200 blend=01090300 depth=01040001 colour=FFAAAAAA mask=7 scissor=0,0,640,480 fog=0
71 pid=FFFCD3AB state tex=453 size=00200020 tex=01010200 blend=01020201 depth=00040002 colour=FF1F1502 mask=7 scissor=0,0,640,480 fog=0
72 pid=FFFCD3AB state tex=47 size=01000080 tex=01010200 blend=01020201 depth=00040001 colour=FF643E00 mask=7 scissor=0,0,640,480 fog=0
73 pid=FFFCD3AB state tex=47 size=00000000 tex=00000000 blend=01050201 depth=00040100 colour=64FFA000 mask=7 scissor=0,0,640,480 fog=0
74 pid=FFFCD3AB state tex=2 size=01000080 tex=01010100 blend=00020201 depth=00040101 colour=FFFFFFFF mask=7 scissor=0,0,640,480 fog=0
75 pid=FFFCD3AB state tex=3 size=01000080 tex=01040202 blend=00020201 depth=00040101 colour=FFFF9B32 mask=7 scissor=0,0,640,480 fog=0
76 pid=FFFCD3AB state tex=249 size=00400040 tex=01010200 blend=00050600 depth=01040101 colour=FF1D2214 mask=7 scissor=0,0,640,480 fog=0
77 pid=FFFCD3AB state tex=250 size=00400040 tex=01010200 blend=00050600 depth=01040101 colour=FF171C10 mask=7 scissor=0,0,640,480 fog=0
78 pid=FFFCD3AB state tex=251 size=00200020 tex=01010200 blend=00050600 depth=01040101 colour=FF1D2214 mask=7 scissor=0,0,640,480 fog=0
79 pid=FFFCD3AB state tex=252 size=00200020 tex=01010200 blend=00050600 depth=01040101 colour=FF171C10 mask=7 scissor=0,0,640,480 fog=0
80 pid=FFFCD3AB state tex=253 size=00400040 tex=01010200 blend=00050600 depth=01040101 colour=FF171C10 mask=7 scissor=0,0,640,480 fog=0
81 pid=FFFCD3AB state tex=254 size=00200020 tex=01010200 blend=00050600 depth=01040101 colour=FF1D2214 mask=7 scissor=0,0,640,480 fog=0
82 pid=FFFCD3AB state tex=255 size=00800010 tex=01010200 blend=00050600 depth=01040101 colour=FF191E12 mask=7 scissor=0,0,640,480 fog=0
83 pid=FFFCD3AB state tex=256 size=00100020 tex=01010200 blend=00050600 depth=01040101 colour=FF191E12 mask=7 scissor=0,0,640,480 fog=0
84 pid=FFFCD3AB state tex=257 size=00200040 tex=01010200 blend=00050600 depth=01040101 colour=FF1B2113 mask=7 scissor=0,0,640,480 fog=0
85 pid=FFFCD3AB state tex=258 size=00100020 tex=01010200 blend=00050600 depth=01040101 colour=FF191D11 mask=7 scissor=0,0,640,480 fog=0
86 pid=FFFCD3AB state tex=259 size=00400040 tex=01010200 blend=00050600 depth=01040101 colour=FF171C10 mask=7 scissor=0,0,640,480 fog=0
87 pid=FFFCD3AB state tex=260 size=00800040 tex=01010200 blend=00050600 depth=01040101 colour=FF171C10 mask=7 scissor=0,0,640,480 fog=0
88 pid=FFFCD3AB state tex=261 size=00400040 tex=01010200 blend=00050600 depth=01040101 colour=FF161A0F mask=7 scissor=0,0,640,480 fog=0
89 pid=FFFCD3AB state tex=262 size=00200010 tex=01010200 blend=00050600 depth=01040101 colour=FF161A0F mask=7 scissor=0,0,640,480 fog=0
90 pid=FFFCD3AB state tex=263 size=00400010 tex=01010200 blend=00050600 depth=01040101 colour=FF171C10 mask=7 scissor=0,0,640,480 fog=0
91 pid=FFFCD3AB state tex=265 size=00400010 tex=01010200 blend=00050600 depth=01040101 colour=FF1C2214 mask=7 scissor=0,0,640,480 fog=0
92 pid=FFFCD3AB state tex=267 size=00400040 tex=01010200 blend=00050600 depth=01040101 colour=FF171C10 mask=7 scissor=0,0,640,480 fog=0
93 pid=FFFCD3AB time interval-ms=10005 swaps=335 present-ms=14 draw-ms=725 upload-ms=160
94 pid=FFFCD3AB tsc frames=335 wall-ms=10005 vertex-ms=1416 flush-in-vertex-ms=1 flush-other-ms=1199 bind-ms=209 iface-ms=725 beginend-ms=533 swap-ms=15 vertices=623548 flushes=21307 draws=21307 sink-ms=389 sink-prep-ms=153 sinks=69786
95 pid=FFFCD3AB paths batches/triangles untextured=100/200 hw=21208/179954 cpu=0/0 cpu-nonsquare=0/0 hw-refused=0/0
96 pid=FFFCD3AB counters hwtex live=142 creates=142 create-failed=0 evictions=0 uploads=175 upload-kb=2955 squared=0 alpha-dropped=1426 stubs=75 failed r4=0 r7=0 r8=0 other=0
97 pid=FFFCD3AB time interval-ms=10005 swaps=181 present-ms=9 draw-ms=1169 upload-ms=87
98 pid=FFFCD3AB tsc frames=181 wall-ms=10005 vertex-ms=3251 flush-in-vertex-ms=58 flush-other-ms=1425 bind-ms=158 iface-ms=1169 beginend-ms=1252 swap-ms=9 vertices=1640689 flushes=21656 draws=21656 sink-ms=904 sink-prep-ms=322 sinks=162743
99 pid=FFFCD3AB paths batches/triangles untextured=281/562 hw=42683/618519 cpu=0/0 cpu-nonsquare=0/0 hw-refused=0/0
100 pid=FFFCD3AB counters hwtex live=192 creates=192 create-failed=0 evictions=0 uploads=268 upload-kb=4677 squared=0 alpha-dropped=3765 stubs=96 failed r4=0 r7=0 r8=0 other=0
101 pid=FFFCD3AB DrvReleaseContext context=1 -> 1
102 pid=FFFCD3AB paths batches/triangles untextured=388/776 hw=90808/1021321 cpu=0/0 cpu-nonsquare=0/0 hw-refused=0/0
103 pid=FFFCD3AB counters hwtex live=0 creates=214 create-failed=0 evictions=0 uploads=366 upload-kb=7350 squared=0 alpha-dropped=5252 stubs=166 failed r4=0 r7=0 r8=0 other=0
104 pid=FFFCD3AB DrvDeleteContext context=1 -> 1
105 pid=FFFCD3AB detach slots-called=1 stub-calls=166
1 pid=FFFCD3AB attach instance=00A50000 tls=14 build-marker=1
2 pid=FFFCD3AB DrvValidateVersion version=1
3 pid=FFFCD3AB DrvSetCallbackProcs count=3 procs=78B23978
4 pid=FFFCD3AB describe result=0 engine=3 formats=00000002
5 pid=FFFCD3AB DrvDescribePixelFormat index=1 bytes=0 -> count=1
6 pid=FFFCD3AB DrvDescribePixelFormat index=1 bytes=40 -> count=1
7 pid=FFFCD3AB DrvDescribePixelFormat index=1 bytes=0 -> count=1
8 pid=FFFCD3AB DrvDescribePixelFormat index=1 bytes=0 -> count=1
9 pid=FFFCD3AB DrvDescribePixelFormat index=1 bytes=0 -> count=1
10 pid=FFFCD3AB DrvDescribePixelFormat index=1 bytes=0 -> count=1
11 pid=FFFCD3AB DrvDescribePixelFormat index=1 bytes=0 -> count=1
12 pid=FFFCD3AB DrvDescribePixelFormat index=1 bytes=0 -> count=1
13 pid=FFFCD3AB DrvDescribePixelFormat index=1 bytes=0 -> count=1
14 pid=FFFCD3AB DrvDescribePixelFormat index=1 bytes=0 -> count=1
15 pid=FFFCD3AB DrvDescribePixelFormat index=1 bytes=0 -> count=1
16 pid=FFFCD3AB DrvDescribePixelFormat index=1 bytes=0 -> count=1
17 pid=FFFCD3AB DrvDescribePixelFormat index=1 bytes=0 -> count=1
18 pid=FFFCD3AB DrvDescribePixelFormat index=1 bytes=0 -> count=1
19 pid=FFFCD3AB DrvDescribePixelFormat index=1 bytes=0 -> count=1
20 pid=FFFCD3AB DrvDescribePixelFormat index=1 bytes=0 -> count=1
21 pid=FFFCD3AB DrvDescribePixelFormat index=1 bytes=0 -> count=1
22 pid=FFFCD3AB DrvDescribePixelFormat index=1 bytes=0 -> count=1
23 pid=FFFCD3AB DrvDescribePixelFormat index=1 bytes=0 -> count=1
24 pid=FFFCD3AB DrvDescribePixelFormat index=1 bytes=0 -> count=1
25 pid=FFFCD3AB DrvDescribePixelFormat index=1 bytes=0 -> count=1
26 pid=FFFCD3AB DrvDescribePixelFormat index=1 bytes=0 -> count=1
27 pid=FFFCD3AB DrvDescribePixelFormat index=1 bytes=0 -> count=1
28 pid=FFFCD3AB DrvDescribePixelFormat index=1 bytes=0 -> count=1
29 pid=FFFCD3AB DrvDescribePixelFormat index=1 bytes=0 -> count=1
30 pid=FFFCD3AB DrvDescribePixelFormat index=1 bytes=0 -> count=1
31 pid=FFFCD3AB DrvDescribePixelFormat index=1 bytes=0 -> count=1
32 pid=FFFCD3AB DrvSetPixelFormat hdc=0000169E index=1
33 pid=FFFCD3AB DrvDescribePixelFormat index=1 bytes=0 -> count=1
34 pid=FFFCD3AB DrvDescribePixelFormat index=1 bytes=40 -> count=1
35 pid=FFFCD3AB DrvDescribePixelFormat index=1 bytes=0 -> count=1
36 pid=FFFCD3AB DrvDescribePixelFormat index=1 bytes=40 -> count=1
37 pid=FFFCD3AB DrvCreateLayerContext hdc=0000169E layer=0 -> 1
38 pid=FFFCD3AB drawable window=00000CD0 640x480
39 pid=FFFCD3AB DrvSetContext hdc=0000169E context=1 -> 1
40 pid=FFFCD3AB DrvGetProcAddress name=wglGetExtensionsStringARB -> NULL
41 pid=FFFCD3AB stub first-call slot=285 glGetTexLevelParameteriv
42 pid=FFFCD3AB state tex=243 size=00800080 tex=01040202 blend=01050600 depth=00040002 colour=FF00D800 mask=7 scissor=0,0,640,480 fog=0
43 pid=FFFCD3AB time interval-ms=480697 swaps=3 present-ms=0 draw-ms=118 upload-ms=1
44 pid=FFFCD3AB tsc frames=3 wall-ms=480697 vertex-ms=13 flush-in-vertex-ms=0 flush-other-ms=2583 bind-ms=6 iface-ms=118 beginend-ms=3 swap-ms=526 vertices=8 flushes=1 draws=1 sink-ms=30 sink-prep-ms=23 sinks=1
45 pid=FFFCD3AB paths batches/triangles untextured=0/0 hw=1/44 cpu=0/0 cpu-nonsquare=0/0 hw-refused=0/0
46 pid=FFFCD3AB counters hwtex live=1 creates=1 create-failed=0 evictions=0 uploads=1 upload-kb=42 squared=0 alpha-dropped=0 stubs=1 failed r4=0 r7=0 r8=0 other=0
47 pid=FFFCD3AB time interval-ms=10018 swaps=58 present-ms=7 draw-ms=8 upload-ms=0
48 pid=FFFCD3AB tsc frames=58 wall-ms=10018 vertex-ms=1 flush-in-vertex-ms=0 flush-other-ms=20 bind-ms=12 iface-ms=8 beginend-ms=0 swap-ms=7 vertices=464 flushes=116 draws=116 sink-ms=1 sink-prep-ms=0 sinks=116
49 pid=FFFCD3AB paths batches/triangles untextured=0/0 hw=117/3060 cpu=0/0 cpu-nonsquare=0/0 hw-refused=0/0
50 pid=FFFCD3AB counters hwtex live=1 creates=1 create-failed=0 evictions=0 uploads=1 upload-kb=42 squared=0 alpha-dropped=0 stubs=1 failed r4=0 r7=0 r8=0 other=0
51 pid=FFFCD3AB time interval-ms=10066 swaps=83 present-ms=8 draw-ms=10 upload-ms=0
52 pid=FFFCD3AB tsc frames=83 wall-ms=10066 vertex-ms=1 flush-in-vertex-ms=0 flush-other-ms=41 bind-ms=31 iface-ms=10 beginend-ms=0 swap-ms=9 vertices=664 flushes=166 draws=166 sink-ms=2 sink-prep-ms=1 sinks=166
53 pid=FFFCD3AB paths batches/triangles untextured=0/0 hw=283/6280 cpu=0/0 cpu-nonsquare=0/0 hw-refused=0/0
54 pid=FFFCD3AB counters hwtex live=1 creates=1 create-failed=0 evictions=0 uploads=1 upload-kb=42 squared=0 alpha-dropped=0 stubs=1 failed r4=0 r7=0 r8=0 other=0
55 pid=FFFCD3AB time interval-ms=10001 swaps=70 present-ms=8 draw-ms=8 upload-ms=0
56 pid=FFFCD3AB tsc frames=70 wall-ms=10001 vertex-ms=1 flush-in-vertex-ms=0 flush-other-ms=22 bind-ms=13 iface-ms=8 beginend-ms=0 swap-ms=9 vertices=560 flushes=140 draws=140 sink-ms=1 sink-prep-ms=0 sinks=140
57 pid=FFFCD3AB paths batches/triangles untextured=0/0 hw=423/8800 cpu=0/0 cpu-nonsquare=0/0 hw-refused=0/0
58 pid=FFFCD3AB counters hwtex live=1 creates=1 create-failed=0 evictions=0 uploads=1 upload-kb=42 squared=0 alpha-dropped=0 stubs=1 failed r4=0 r7=0 r8=0 other=0
59 pid=FFFCD3AB time interval-ms=10045 swaps=73 present-ms=8 draw-ms=10 upload-ms=0
60 pid=FFFCD3AB tsc frames=73 wall-ms=10045 vertex-ms=2 flush-in-vertex-ms=0 flush-other-ms=34 bind-ms=24 iface-ms=10 beginend-ms=0 swap-ms=8 vertices=584 flushes=146 draws=146 sink-ms=1 sink-prep-ms=0 sinks=146
61 pid=FFFCD3AB paths batches/triangles untextured=0/0 hw=569/11662 cpu=0/0 cpu-nonsquare=0/0 hw-refused=0/0
62 pid=FFFCD3AB counters hwtex live=1 creates=1 create-failed=0 evictions=0 uploads=1 upload-kb=42 squared=0 alpha-dropped=0 stubs=1 failed r4=0 r7=0 r8=0 other=0
63 pid=FFFCD3AB time interval-ms=10096 swaps=89 present-ms=9 draw-ms=10 upload-ms=0
64 pid=FFFCD3AB tsc frames=89 wall-ms=10096 vertex-ms=1 flush-in-vertex-ms=0 flush-other-ms=41 bind-ms=30 iface-ms=10 beginend-ms=0 swap-ms=9 vertices=712 flushes=178 draws=178 sink-ms=1 sink-prep-ms=1 sinks=178
65 pid=FFFCD3AB paths batches/triangles untextured=0/0 hw=747/15308 cpu=0/0 cpu-nonsquare=0/0 hw-refused=0/0
66 pid=FFFCD3AB counters hwtex live=1 creates=1 create-failed=0 evictions=0 uploads=1 upload-kb=42 squared=0 alpha-dropped=0 stubs=1 failed r4=0 r7=0 r8=0 other=0
67 pid=FFFCD3AB time interval-ms=10134 swaps=90 present-ms=9 draw-ms=36 upload-ms=0
68 pid=FFFCD3AB tsc frames=90 wall-ms=10134 vertex-ms=1 flush-in-vertex-ms=0 flush-other-ms=72 bind-ms=35 iface-ms=36 beginend-ms=0 swap-ms=9 vertices=720 flushes=180 draws=180 sink-ms=2 sink-prep-ms=1 sinks=180
69 pid=FFFCD3AB paths batches/triangles untextured=0/0 hw=927/18908 cpu=0/0 cpu-nonsquare=0/0 hw-refused=0/0
70 pid=FFFCD3AB counters hwtex live=1 creates=1 create-failed=0 evictions=0 uploads=1 upload-kb=42 squared=0 alpha-dropped=0 stubs=1 failed r4=0 r7=0 r8=0 other=0
71 pid=FFFCD3AB time interval-ms=10035 swaps=89 present-ms=9 draw-ms=16 upload-ms=0
72 pid=FFFCD3AB tsc frames=89 wall-ms=10035 vertex-ms=1 flush-in-vertex-ms=0 flush-other-ms=55 bind-ms=38 iface-ms=16 beginend-ms=0 swap-ms=9 vertices=712 flushes=178 draws=178 sink-ms=1 sink-prep-ms=1 sinks=178
73 pid=FFFCD3AB paths batches/triangles untextured=0/0 hw=1105/22468 cpu=0/0 cpu-nonsquare=0/0 hw-refused=0/0
74 pid=FFFCD3AB counters hwtex live=1 creates=1 create-failed=0 evictions=0 uploads=1 upload-kb=42 squared=0 alpha-dropped=0 stubs=1 failed r4=0 r7=0 r8=0 other=0
75 pid=FFFCD3AB time interval-ms=10025 swaps=88 present-ms=9 draw-ms=11 upload-ms=0
76 pid=FFFCD3AB tsc frames=88 wall-ms=10025 vertex-ms=1 flush-in-vertex-ms=0 flush-other-ms=43 bind-ms=32 iface-ms=11 beginend-ms=0 swap-ms=9 vertices=704 flushes=176 draws=176 sink-ms=1 sink-prep-ms=1 sinks=176
77 pid=FFFCD3AB paths batches/triangles untextured=0/0 hw=1281/25988 cpu=0/0 cpu-nonsquare=0/0 hw-refused=0/0
78 pid=FFFCD3AB counters hwtex live=1 creates=1 create-failed=0 evictions=0 uploads=1 upload-kb=42 squared=0 alpha-dropped=0 stubs=1 failed r4=0 r7=0 r8=0 other=0
79 pid=FFFCD3AB time interval-ms=10030 swaps=88 present-ms=9 draw-ms=10 upload-ms=0
80 pid=FFFCD3AB tsc frames=88 wall-ms=10030 vertex-ms=1 flush-in-vertex-ms=0 flush-other-ms=42 bind-ms=31 iface-ms=10 beginend-ms=0 swap-ms=9 vertices=704 flushes=176 draws=176 sink-ms=1 sink-prep-ms=1 sinks=176
81 pid=FFFCD3AB paths batches/triangles untextured=0/0 hw=1457/29508 cpu=0/0 cpu-nonsquare=0/0 hw-refused=0/0
82 pid=FFFCD3AB counters hwtex live=1 creates=1 create-failed=0 evictions=0 uploads=1 upload-kb=42 squared=0 alpha-dropped=0 stubs=1 failed r4=0 r7=0 r8=0 other=0
83 pid=FFFCD3AB time interval-ms=10010 swaps=84 present-ms=9 draw-ms=10 upload-ms=0
84 pid=FFFCD3AB tsc frames=84 wall-ms=10010 vertex-ms=1 flush-in-vertex-ms=0 flush-other-ms=60 bind-ms=50 iface-ms=10 beginend-ms=0 swap-ms=9 vertices=672 flushes=168 draws=168 sink-ms=1 sink-prep-ms=1 sinks=168
85 pid=FFFCD3AB paths batches/triangles untextured=0/0 hw=1625/32868 cpu=0/0 cpu-nonsquare=0/0 hw-refused=0/0
86 pid=FFFCD3AB counters hwtex live=1 creates=1 create-failed=0 evictions=0 uploads=1 upload-kb=42 squared=0 alpha-dropped=0 stubs=1 failed r4=0 r7=0 r8=0 other=0
87 pid=FFFCD3AB time interval-ms=10105 swaps=85 present-ms=8 draw-ms=14 upload-ms=0
88 pid=FFFCD3AB tsc frames=85 wall-ms=10105 vertex-ms=1 flush-in-vertex-ms=0 flush-other-ms=51 bind-ms=37 iface-ms=14 beginend-ms=0 swap-ms=9 vertices=680 flushes=170 draws=170 sink-ms=1 sink-prep-ms=1 sinks=170
89 pid=FFFCD3AB paths batches/triangles untextured=0/0 hw=1795/36268 cpu=0/0 cpu-nonsquare=0/0 hw-refused=0/0
90 pid=FFFCD3AB counters hwtex live=1 creates=1 create-failed=0 evictions=0 uploads=1 upload-kb=42 squared=0 alpha-dropped=0 stubs=1 failed r4=0 r7=0 r8=0 other=0
91 pid=FFFCD3AB time interval-ms=10110 swaps=79 present-ms=9 draw-ms=16 upload-ms=0
92 pid=FFFCD3AB tsc frames=79 wall-ms=10110 vertex-ms=1 flush-in-vertex-ms=0 flush-other-ms=46 bind-ms=30 iface-ms=16 beginend-ms=0 swap-ms=9 vertices=632 flushes=158 draws=158 sink-ms=1 sink-prep-ms=0 sinks=158
93 pid=FFFCD3AB paths batches/triangles untextured=0/0 hw=1953/38988 cpu=0/0 cpu-nonsquare=0/0 hw-refused=0/0
94 pid=FFFCD3AB counters hwtex live=1 creates=1 create-failed=0 evictions=0 uploads=1 upload-kb=42 squared=0 alpha-dropped=0 stubs=1 failed r4=0 r7=0 r8=0 other=0
95 pid=FFFCD3AB stub first-call slot=207 glClearStencil
96 pid=FFFCD3AB state tex=392 size=01000080 tex=01010200 blend=00050600 depth=01040102 colour=FFFFFFFF mask=7 scissor=0,0,640,480 fog=0
97 pid=FFFCD3AB state tex=390 size=01000080 tex=01010200 blend=00050600 depth=01040102 colour=FFFFFFFF mask=7 scissor=0,0,640,480 fog=0
98 pid=FFFCD3AB state tex=388 size=01000080 tex=01010200 blend=00050600 depth=01040102 colour=FFFFFFFF mask=7 scissor=0,0,640,480 fog=0
99 pid=FFFCD3AB state tex=380 size=01000040 tex=01010200 blend=00050600 depth=01040102 colour=FFFFFFFF mask=7 scissor=0,0,640,480 fog=0
100 pid=FFFCD3AB state tex=376 size=01000040 tex=01010200 blend=00050600 depth=01040102 colour=FFFFFFFF mask=7 scissor=0,0,640,480 fog=0
101 pid=FFFCD3AB state tex=374 size=01000040 tex=01010200 blend=00050600 depth=01040102 colour=FFFFFFFF mask=7 scissor=0,0,640,480 fog=0
102 pid=FFFCD3AB state tex=372 size=01000040 tex=01010200 blend=00050600 depth=01040102 colour=FFFFFFFF mask=7 scissor=0,0,640,480 fog=0
103 pid=FFFCD3AB state tex=372 size=00000000 tex=00000000 blend=00050600 depth=01040100 colour=FFBB9335 mask=7 scissor=0,0,640,480 fog=0
104 pid=FFFCD3AB state tex=416 size=01000100 tex=01010200 blend=00050600 depth=01040102 colour=FFFFFFFF mask=7 scissor=0,0,640,480 fog=0
105 pid=FFFCD3AB state tex=414 size=01000100 tex=01010200 blend=00050600 depth=01040102 colour=FFFFFFFF mask=7 scissor=0,0,640,480 fog=0
106 pid=FFFCD3AB state tex=366 size=00800080 tex=01010200 blend=00050600 depth=01040102 colour=FF000000 mask=7 scissor=0,0,640,480 fog=0
107 pid=FFFCD3AB state tex=810 size=00010001 tex=01010200 blend=01090300 depth=01040102 colour=FFFFFFFF mask=7 scissor=0,0,640,480 fog=0
108 pid=FFFCD3AB state tex=811 size=00010001 tex=01010200 blend=01090300 depth=01040102 colour=FFFFFFFF mask=7 scissor=0,0,640,480 fog=0
109 pid=FFFCD3AB state tex=812 size=00200020 tex=01010200 blend=01090300 depth=01040102 colour=FFFFFFFF mask=7 scissor=0,0,640,480 fog=0
110 pid=FFFCD3AB state tex=813 size=00400020 tex=01010200 blend=01090300 depth=01040102 colour=FFFFFFFF mask=7 scissor=0,0,640,480 fog=0
111 pid=FFFCD3AB state tex=814 size=00200040 tex=01010200 blend=01090300 depth=01040102 colour=FFFFFFFF mask=7 scissor=0,0,640,480 fog=0
112 pid=FFFCD3AB state tex=655 size=00000000 tex=00000000 blend=01050600 depth=00040000 colour=EE000000 mask=7 scissor=0,0,640,480 fog=0
113 pid=FFFCD3AB state tex=245 size=01000100 tex=01040202 blend=01050600 depth=00040002 colour=7F007F00 mask=7 scissor=0,0,640,480 fog=0
114 pid=FFFCD3AB state tex=247 size=00100010 tex=01040202 blend=01050600 depth=00040002 colour=FF007F00 mask=7 scissor=0,0,640,480 fog=0
115 pid=FFFCD3AB state tex=252 size=01000100 tex=01040202 blend=01050600 depth=00040002 colour=FFFFFFFF mask=7 scissor=0,0,640,480 fog=0
116 pid=FFFCD3AB state tex=250 size=01000100 tex=01040202 blend=01050600 depth=00040002 colour=FFFFFFFF mask=7 scissor=0,0,640,480 fog=0
117 pid=FFFCD3AB state tex=262 size=01000040 tex=01040202 blend=01050600 depth=00040002 colour=FFFFFFFF mask=7 scissor=0,0,640,480 fog=0
118 pid=FFFCD3AB state tex=264 size=01000040 tex=01040202 blend=01050600 depth=00040002 colour=FFFFFFFF mask=7 scissor=0,0,640,480 fog=0
119 pid=FFFCD3AB state tex=256 size=01000100 tex=01040202 blend=01050600 depth=00040002 colour=FFFFFFFF mask=7 scissor=0,0,640,480 fog=0
120 pid=FFFCD3AB state tex=258 size=01000100 tex=01040202 blend=01050600 depth=00040002 colour=FF4CA54C mask=7 scissor=0,0,640,480 fog=0
121 pid=FFFCD3AB state tex=248 size=00200020 tex=01040202 blend=01050600 depth=00040002 colour=FFFFFFFF mask=7 scissor=0,0,640,480 fog=0
122 pid=FFFCD3AB time interval-ms=10093 swaps=86 present-ms=5 draw-ms=36 upload-ms=119
123 pid=FFFCD3AB tsc frames=86 wall-ms=10093 vertex-ms=0 flush-in-vertex-ms=0 flush-other-ms=310 bind-ms=148 iface-ms=36 beginend-ms=0 swap-ms=6 vertices=184 flushes=1010 draws=1010 sink-ms=7 sink-prep-ms=3 sinks=1010
124 pid=FFFCD3AB paths batches/triangles untextured=91/684 hw=2872/44975 cpu=0/0 cpu-nonsquare=0/0 hw-refused=0/0
125 pid=FFFCD3AB counters hwtex live=10 creates=25 create-failed=0 evictions=0 uploads=25 upload-kb=1795 squared=0 alpha-dropped=0 stubs=62 failed r4=0 r7=0 r8=0 other=0
126 pid=FFFCD3AB state tex=258 size=00000000 tex=00000000 blend=01050600 depth=00040000 colour=80000000 mask=7 scissor=0,0,640,480 fog=0
127 pid=FFFCD3AB state tex=815 size=01000100 tex=01010200 blend=01050600 depth=00040002 colour=FFFFFFFF mask=7 scissor=0,0,640,480 fog=0
128 pid=FFFCD3AB state tex=241 size=01000080 tex=01040202 blend=01050600 depth=00040002 colour=FFFFFFFF mask=7 scissor=0,0,640,480 fog=0
129 pid=FFFCD3AB DrvReleaseContext context=1 -> 1
130 pid=FFFCD3AB paths batches/triangles untextured=106/729 hw=3549/54078 cpu=0/0 cpu-nonsquare=0/0 hw-refused=0/0
131 pid=FFFCD3AB counters hwtex live=0 creates=27 create-failed=0 evictions=0 uploads=27 upload-kb=2050 squared=0 alpha-dropped=0 stubs=91 failed r4=0 r7=0 r8=0 other=0
132 pid=FFFCD3AB DrvDeleteContext context=1 -> 1
133 pid=FFFCD3AB detach slots-called=2 stub-calls=91
1 pid=FFFC739F attach instance=01CF0000 tls=11 build-marker=1
2 pid=FFFC739F DrvValidateVersion version=1
3 pid=FFFC739F DrvSetCallbackProcs count=3 procs=78B23978
4 pid=FFFC739F describe result=0 engine=3 formats=00000002
5 pid=FFFC739F DrvDescribePixelFormat index=1 bytes=0 -> count=1
6 pid=FFFC739F DrvDescribePixelFormat index=1 bytes=40 -> count=1
7 pid=FFFC739F DrvDescribePixelFormat index=1 bytes=0 -> count=1
8 pid=FFFC739F DrvDescribePixelFormat index=1 bytes=0 -> count=1
9 pid=FFFC739F DrvDescribePixelFormat index=1 bytes=0 -> count=1
10 pid=FFFC739F DrvDescribePixelFormat index=1 bytes=0 -> count=1
11 pid=FFFC739F DrvDescribePixelFormat index=1 bytes=0 -> count=1
12 pid=FFFC739F DrvDescribePixelFormat index=1 bytes=0 -> count=1
13 pid=FFFC739F DrvDescribePixelFormat index=1 bytes=0 -> count=1
14 pid=FFFC739F DrvDescribePixelFormat index=1 bytes=0 -> count=1
15 pid=FFFC739F DrvDescribePixelFormat index=1 bytes=0 -> count=1
16 pid=FFFC739F DrvDescribePixelFormat index=1 bytes=0 -> count=1
17 pid=FFFC739F DrvDescribePixelFormat index=1 bytes=0 -> count=1
18 pid=FFFC739F DrvDescribePixelFormat index=1 bytes=0 -> count=1
19 pid=FFFC739F DrvDescribePixelFormat index=1 bytes=0 -> count=1
20 pid=FFFC739F DrvDescribePixelFormat index=1 bytes=0 -> count=1
21 pid=FFFC739F DrvDescribePixelFormat index=1 bytes=0 -> count=1
22 pid=FFFC739F DrvDescribePixelFormat index=1 bytes=0 -> count=1
23 pid=FFFC739F DrvDescribePixelFormat index=1 bytes=0 -> count=1
24 pid=FFFC739F DrvDescribePixelFormat index=1 bytes=0 -> count=1
25 pid=FFFC739F DrvDescribePixelFormat index=1 bytes=0 -> count=1
26 pid=FFFC739F DrvDescribePixelFormat index=1 bytes=0 -> count=1
27 pid=FFFC739F DrvDescribePixelFormat index=1 bytes=0 -> count=1
28 pid=FFFC739F DrvDescribePixelFormat index=1 bytes=0 -> count=1
29 pid=FFFC739F DrvDescribePixelFormat index=1 bytes=0 -> count=1
30 pid=FFFC739F DrvDescribePixelFormat index=1 bytes=0 -> count=1
31 pid=FFFC739F DrvDescribePixelFormat index=1 bytes=0 -> count=1
32 pid=FFFC739F DrvSetPixelFormat hdc=0000077E index=1
33 pid=FFFC739F DrvDescribePixelFormat index=1 bytes=0 -> count=1
34 pid=FFFC739F DrvDescribePixelFormat index=1 bytes=40 -> count=1
35 pid=FFFC739F DrvDescribePixelFormat index=1 bytes=0 -> count=1
36 pid=FFFC739F DrvDescribePixelFormat index=1 bytes=40 -> count=1
37 pid=FFFC739F DrvCreateLayerContext hdc=0000077E layer=0 -> 1
38 pid=FFFC739F drawable window=00000430 640x480
39 pid=FFFC739F DrvSetContext hdc=0000077E context=1 -> 1
40 pid=FFFC739F state tex=1158 size=00400040 tex=01010101 blend=00050600 depth=01040102 colour=FFFFFFFF mask=7 scissor=0,0,640,480 fog=0
41 pid=FFFC739F time interval-ms=486213 swaps=0 present-ms=0 draw-ms=27748870 upload-ms=0
42 pid=FFFC739F tsc frames=0 wall-ms=486213 vertex-ms=182538 flush-in-vertex-ms=0 flush-other-ms=4696664 bind-ms=35395 iface-ms=302464 beginend-ms=359057 swap-ms=0 vertices=18 flushes=1 draws=1 sink-ms=319612 sink-prep-ms=303145 sinks=4
43 pid=FFFC739F paths batches/triangles untextured=0/0 hw=1/10 cpu=0/0 cpu-nonsquare=0/0 hw-refused=0/0
44 pid=FFFC739F counters hwtex live=1 creates=1 create-failed=0 evictions=0 uploads=1 upload-kb=10 squared=0 alpha-dropped=0 stubs=0 failed r4=0 r7=0 r8=0 other=0
45 pid=FFFC739F state tex=1162 size=00400040 tex=01010101 blend=00050600 depth=01040102 colour=FFFFFFFF mask=7 scissor=0,0,640,480 fog=0
46 pid=FFFC739F state tex=1163 size=00100010 tex=01010101 blend=00050600 depth=01040102 colour=FFFFFFFF mask=7 scissor=0,0,640,480 fog=0
47 pid=FFFC739F state tex=1168 size=00100010 tex=01010101 blend=00050600 depth=01040102 colour=FFFFFFFF mask=7 scissor=0,0,640,480 fog=0
48 pid=FFFC739F state tex=1172 size=00400040 tex=01010101 blend=00050600 depth=01040102 colour=FFFFFFFF mask=7 scissor=0,0,640,480 fog=0
49 pid=FFFC739F state tex=1180 size=00400040 tex=01010101 blend=00050600 depth=01040102 colour=FFFFFFFF mask=7 scissor=0,0,640,480 fog=0
50 pid=FFFC739F state tex=1184 size=00400040 tex=01010101 blend=00050600 depth=01040102 colour=FFFFFFFF mask=7 scissor=0,0,640,480 fog=0
51 pid=FFFC739F state tex=1185 size=00400040 tex=01010101 blend=00050600 depth=01040102 colour=FFFFFFFF mask=7 scissor=0,0,640,480 fog=0
52 pid=FFFC739F state tex=1188 size=00400040 tex=01010101 blend=00050600 depth=01040102 colour=FFFFFFFF mask=7 scissor=0,0,640,480 fog=0
53 pid=FFFC739F state tex=1191 size=00400040 tex=01010101 blend=00050600 depth=01040102 colour=FFFFFFFF mask=7 scissor=0,0,640,480 fog=0
54 pid=FFFC739F state tex=1206 size=00400040 tex=01010101 blend=00050600 depth=01040102 colour=FFFFFFFF mask=7 scissor=0,0,640,480 fog=0
55 pid=FFFC739F state tex=1210 size=00800080 tex=01010101 blend=00050600 depth=01040102 colour=FFFFFFFF mask=7 scissor=0,0,640,480 fog=0
56 pid=FFFC739F state tex=1214 size=00400040 tex=01010101 blend=00050600 depth=01040102 colour=FFFFFFFF mask=7 scissor=0,0,640,480 fog=0
57 pid=FFFC739F state tex=1216 size=00400040 tex=01010101 blend=00050600 depth=01040102 colour=FFFFFFFF mask=7 scissor=0,0,640,480 fog=0
58 pid=FFFC739F state tex=1218 size=00400040 tex=01010101 blend=00050600 depth=01040102 colour=FFFFFFFF mask=7 scissor=0,0,640,480 fog=0
59 pid=FFFC739F state tex=1225 size=00400040 tex=01010101 blend=00050600 depth=01040102 colour=FFFFFFFF mask=7 scissor=0,0,640,480 fog=0
60 pid=FFFC739F state tex=1226 size=00400040 tex=01010101 blend=00050600 depth=01040102 colour=FFFFFFFF mask=7 scissor=0,0,640,480 fog=0
61 pid=FFFC739F state tex=1264 size=00400040 tex=01010101 blend=00050600 depth=01040102 colour=FFFFFFFF mask=7 scissor=0,0,640,480 fog=0
62 pid=FFFC739F state tex=1269 size=00400040 tex=01010101 blend=00050600 depth=01040102 colour=FFFFFFFF mask=7 scissor=0,0,640,480 fog=0
63 pid=FFFC739F state tex=1273 size=00200080 tex=01010101 blend=00050600 depth=01040102 colour=FFFFFFFF mask=7 scissor=0,0,640,480 fog=0
64 pid=FFFC739F state tex=1278 size=00400040 tex=01010101 blend=00050600 depth=01040102 colour=FFFFFFFF mask=7 scissor=0,0,640,480 fog=0
65 pid=FFFC739F state tex=1281 size=00400040 tex=01010101 blend=00050600 depth=01040102 colour=FFFFFFFF mask=7 scissor=0,0,640,480 fog=0
66 pid=FFFC739F state tex=1282 size=00400040 tex=01010101 blend=00050600 depth=01040102 colour=FFFFFFFF mask=7 scissor=0,0,640,480 fog=0
67 pid=FFFC739F state tex=1025 size=00800080 tex=01010101 blend=01010300 depth=01040001 colour=FFFFFFFF mask=7 scissor=0,0,640,480 fog=0
68 pid=FFFC739F state tex=1026 size=00800080 tex=01010101 blend=01010300 depth=01040001 colour=FFFFFFFF mask=7 scissor=0,0,640,480 fog=0
69 pid=FFFC739F state tex=1027 size=00800080 tex=01010101 blend=01010300 depth=01040001 colour=FFFFFFFF mask=7 scissor=0,0,640,480 fog=0
70 pid=FFFC739F state tex=1030 size=00800080 tex=01010101 blend=01010300 depth=01040001 colour=FFFFFFFF mask=7 scissor=0,0,640,480 fog=0
71 pid=FFFC739F state tex=1376 size=01000080 tex=01040201 blend=00050600 depth=01040102 colour=FF94774B mask=7 scissor=0,0,640,480 fog=0
72 pid=FFFC739F state tex=1380 size=01000080 tex=01040201 blend=00050600 depth=01040102 colour=FF463827 mask=7 scissor=0,0,640,480 fog=0
73 pid=FFFC739F state tex=1382 size=00800020 tex=01040201 blend=00050600 depth=01040102 colour=FF6F562E mask=7 scissor=0,0,640,480 fog=0
74 pid=FFFC739F state tex=1384 size=00800020 tex=01010200 blend=00050600 depth=01040102 colour=FF4D4231 mask=7 scissor=0,0,640,480 fog=0
75 pid=FFFC739F state tex=1389 size=01000080 tex=01040201 blend=00050600 depth=01040102 colour=FF5F5343 mask=7 scissor=0,0,640,480 fog=0
76 pid=FFFC739F state tex=1390 size=00800040 tex=01040201 blend=00050600 depth=01040102 colour=FF7F6F57 mask=7 scissor=0,0,640,480 fog=0
77 pid=FFFC739F state tex=1391 size=00400040 tex=01010200 blend=00050600 depth=01040102 colour=FF968569 mask=7 scissor=0,0,640,480 fog=0
78 pid=FFFC739F state tex=1393 size=00800040 tex=01040201 blend=00050600 depth=01040102 colour=FFFFFFE8 mask=7 scissor=0,0,640,480 fog=0
79 pid=FFFC739F state tex=1396 size=00800040 tex=01040201 blend=00050600 depth=01040102 colour=FF9C8964 mask=7 scissor=0,0,640,480 fog=0
80 pid=FFFC739F state tex=1401 size=01000080 tex=01040201 blend=00050600 depth=01040102 colour=FFFFFFED mask=7 scissor=0,0,640,480 fog=0
81 pid=FFFC739F state tex=1409 size=01000080 tex=01040201 blend=00050600 depth=01040102 colour=FF4D4137 mask=7 scissor=0,0,640,480 fog=0
82 pid=FFFC739F state tex=1152 size=01000100 tex=01040101 blend=00050601 depth=00040101 colour=FFFFFFFF mask=7 scissor=0,0,640,480 fog=0
83 pid=FFFC739F state tex=1266 size=00400020 tex=01010101 blend=00050600 depth=01040102 colour=FFFFFFFF mask=7 scissor=0,0,640,480 fog=0
84 pid=FFFC739F state tex=1268 size=00400040 tex=01010101 blend=00050600 depth=01040102 colour=FFFFFFFF mask=7 scissor=0,0,640,480 fog=0
85 pid=FFFC739F state tex=1267 size=00400020 tex=01010101 blend=00050600 depth=01040102 colour=FFFFFFFF mask=7 scissor=0,0,640,480 fog=0
86 pid=FFFC739F state tex=1024 size=00800080 tex=01010101 blend=01010300 depth=01040001 colour=FFFFFFFF mask=7 scissor=0,0,640,480 fog=0
87 pid=FFFC739F state tex=1343 size=00800040 tex=01010200 blend=00050600 depth=01040102 colour=FFE3E3E3 mask=7 scissor=0,0,640,480 fog=0
88 pid=FFFC739F state tex=1381 size=01000080 tex=01040201 blend=00050600 depth=01040102 colour=FF9C8D54 mask=7 scissor=0,0,640,480 fog=0
89 pid=FFFC739F state tex=1342 size=00800040 tex=01010200 blend=01050600 depth=01040002 colour=FF5F5548 mask=7 scissor=0,0,640,480 fog=0
90 pid=FFFC739F state tex=1153 size=00080008 tex=01040202 blend=01050600 depth=01040002 colour=FF730700 mask=7 scissor=0,0,640,480 fog=0
91 pid=FFFC739F state tex=1153 size=00000000 tex=00000000 blend=01050600 depth=00040100 colour=33FF0000 mask=7 scissor=0,0,640,480 fog=0
92 pid=FFFC739F time interval-ms=10000 swaps=200 present-ms=9 draw-ms=1189 upload-ms=338
93 pid=FFFC739F tsc frames=200 wall-ms=10000 vertex-ms=3490 flush-in-vertex-ms=154 flush-other-ms=1602 bind-ms=157 iface-ms=1188 beginend-ms=1589 swap-ms=10 vertices=1602122 flushes=14198 draws=14198 sink-ms=1464 sink-prep-ms=408 sinks=168877
94 pid=FFFC739F paths batches/triangles untextured=50/250 hw=14149/543969 cpu=0/0 cpu-nonsquare=0/0 hw-refused=0/0
95 pid=FFFC739F counters hwtex live=87 creates=87 create-failed=0 evictions=0 uploads=214 upload-kb=6136 squared=0 alpha-dropped=0 stubs=0 failed r4=0 r7=0 r8=0 other=0
96 pid=FFFC739F time interval-ms=10035 swaps=208 present-ms=10 draw-ms=1241 upload-ms=279
97 pid=FFFC739F tsc frames=208 wall-ms=10035 vertex-ms=3537 flush-in-vertex-ms=91 flush-other-ms=1650 bind-ms=175 iface-ms=1241 beginend-ms=1719 swap-ms=11 vertices=1597215 flushes=14991 draws=14991 sink-ms=1504 sink-prep-ms=396 sinks=171068
98 pid=FFFC739F paths batches/triangles untextured=118/590 hw=29072/1098592 cpu=0/0 cpu-nonsquare=0/0 hw-refused=0/0
99 pid=FFFC739F counters hwtex live=102 creates=102 create-failed=0 evictions=0 uploads=361 upload-kb=10743 squared=0 alpha-dropped=0 stubs=0 failed r4=0 r7=0 r8=0 other=0
100 pid=FFFC739F time interval-ms=10000 swaps=179 present-ms=9 draw-ms=1372 upload-ms=318
101 pid=FFFC739F tsc frames=179 wall-ms=10000 vertex-ms=3724 flush-in-vertex-ms=167 flush-other-ms=1667 bind-ms=104 iface-ms=1372 beginend-ms=1865 swap-ms=9 vertices=1694339 flushes=17284 draws=17284 sink-ms=1679 sink-prep-ms=524 sinks=183439
102 pid=FFFC739F paths batches/triangles untextured=148/740 hw=46326/1712002 cpu=0/0 cpu-nonsquare=0/0 hw-refused=0/0
103 pid=FFFC739F counters hwtex live=103 creates=103 create-failed=0 evictions=0 uploads=523 upload-kb=15980 squared=0 alpha-dropped=0 stubs=0 failed r4=0 r7=0 r8=0 other=0
104 pid=FFFC739F time interval-ms=10001 swaps=245 present-ms=17 draw-ms=1185 upload-ms=45
105 pid=FFFC739F tsc frames=245 wall-ms=10001 vertex-ms=2959 flush-in-vertex-ms=30 flush-other-ms=1374 bind-ms=145 iface-ms=1185 beginend-ms=1742 swap-ms=17 vertices=1457596 flushes=13175 draws=13175 sink-ms=1442 sink-prep-ms=440 sinks=204660
106 pid=FFFC739F paths batches/triangles untextured=289/1115 hw=59360/2261969 cpu=0/0 cpu-nonsquare=0/0 hw-refused=0/0
107 pid=FFFC739F counters hwtex live=104 creates=104 create-failed=0 evictions=0 uploads=555 upload-kb=17100 squared=0 alpha-dropped=221 stubs=0 failed r4=0 r7=0 r8=0 other=0
108 pid=FFFC739F time interval-ms=10002 swaps=222 present-ms=11 draw-ms=1229 upload-ms=297
109 pid=FFFC739F tsc frames=222 wall-ms=10002 vertex-ms=3380 flush-in-vertex-ms=152 flush-other-ms=1554 bind-ms=103 iface-ms=1229 beginend-ms=1635 swap-ms=11 vertices=1550119 flushes=14800 draws=14800 sink-ms=1496 sink-prep-ms=394 sinks=160476
110 pid=FFFC739F paths batches/triangles untextured=340/1370 hw=74109/2807085 cpu=0/0 cpu-nonsquare=0/0 hw-refused=0/0
111 pid=FFFC739F counters hwtex live=104 creates=104 create-failed=0 evictions=0 uploads=700 upload-kb=21740 squared=0 alpha-dropped=221 stubs=0 failed r4=0 r7=0 r8=0 other=0
112 pid=FFFC739F time interval-ms=10000 swaps=181 present-ms=9 draw-ms=1392 upload-ms=318
113 pid=FFFC739F tsc frames=181 wall-ms=10000 vertex-ms=3838 flush-in-vertex-ms=129 flush-other-ms=1749 bind-ms=130 iface-ms=1392 beginend-ms=1656 swap-ms=9 vertices=1678926 flushes=16555 draws=16555 sink-ms=1533 sink-prep-ms=459 sinks=179137
114 pid=FFFC739F paths batches/triangles untextured=394/1640 hw=90610/3401748 cpu=0/0 cpu-nonsquare=0/0 hw-refused=0/0
115 pid=FFFC739F counters hwtex live=104 creates=104 create-failed=0 evictions=0 uploads=893 upload-kb=27916 squared=0 alpha-dropped=221 stubs=0 failed r4=0 r7=0 r8=0 other=0
116 pid=FFFC739F time interval-ms=10000 swaps=253 present-ms=11 draw-ms=1092 upload-ms=124
117 pid=FFFC739F tsc frames=253 wall-ms=10000 vertex-ms=2978 flush-in-vertex-ms=42 flush-other-ms=1314 bind-ms=110 iface-ms=1092 beginend-ms=1708 swap-ms=12 vertices=1425073 flushes=13603 draws=13603 sink-ms=1484 sink-prep-ms=505 sinks=197763
118 pid=FFFC739F paths batches/triangles untextured=516/1920 hw=104091/3952880 cpu=0/0 cpu-nonsquare=0/0 hw-refused=0/0
119 pid=FFFC739F counters hwtex live=104 creates=104 create-failed=0 evictions=0 uploads=946 upload-kb=29612 squared=0 alpha-dropped=442 stubs=0 failed r4=0 r7=0 r8=0 other=0
120 pid=FFFC739F time interval-ms=10022 swaps=203 present-ms=11 draw-ms=1151 upload-ms=327
121 pid=FFFC739F tsc frames=203 wall-ms=10022 vertex-ms=3570 flush-in-vertex-ms=105 flush-other-ms=1505 bind-ms=98 iface-ms=1151 beginend-ms=1651 swap-ms=10 vertices=1634305 flushes=14436 draws=14436 sink-ms=1352 sink-prep-ms=386 sinks=170778
122 pid=FFFC739F paths batches/triangles untextured=570/2190 hw=118473/4503972 cpu=0/0 cpu-nonsquare=0/0 hw-refused=0/0
123 pid=FFFC739F counters hwtex live=104 creates=104 create-failed=0 evictions=0 uploads=1084 upload-kb=34028 squared=0 alpha-dropped=442 stubs=0 failed r4=0 r7=0 r8=0 other=0
124 pid=FFFC739F time interval-ms=10000 swaps=208 present-ms=10 draw-ms=1233 upload-ms=251
125 pid=FFFC739F tsc frames=208 wall-ms=10000 vertex-ms=3633 flush-in-vertex-ms=92 flush-other-ms=1569 bind-ms=143 iface-ms=1233 beginend-ms=1674 swap-ms=11 vertices=1599174 flushes=15203 draws=15203 sink-ms=1452 sink-prep-ms=388 sinks=173200
126 pid=FFFC739F paths batches/triangles untextured=634/2510 hw=133612/5065603 cpu=0/0 cpu-nonsquare=0/0 hw-refused=0/0
127 pid=FFFC739F counters hwtex live=104 creates=104 create-failed=0 evictions=0 uploads=1216 upload-kb=38252 squared=0 alpha-dropped=442 stubs=0 failed r4=0 r7=0 r8=0 other=0
128 pid=FFFC739F time interval-ms=10000 swaps=180 present-ms=8 draw-ms=1306 upload-ms=269
129 pid=FFFC739F tsc frames=180 wall-ms=10000 vertex-ms=3847 flush-in-vertex-ms=121 flush-other-ms=1600 bind-ms=107 iface-ms=1306 beginend-ms=1767 swap-ms=9 vertices=1690330 flushes=17128 draws=17128 sink-ms=1514 sink-prep-ms=416 sinks=183464
130 pid=FFFC739F paths batches/triangles untextured=664/2660 hw=150710/5676784 cpu=0/0 cpu-nonsquare=0/0 hw-refused=0/0
131 pid=FFFC739F counters hwtex live=104 creates=104 create-failed=0 evictions=0 uploads=1366 upload-kb=43052 squared=0 alpha-dropped=442 stubs=0 failed r4=0 r7=0 r8=0 other=0
132 pid=FFFC739F time interval-ms=10003 swaps=245 present-ms=12 draw-ms=1262 upload-ms=46
133 pid=FFFC739F tsc frames=245 wall-ms=10003 vertex-ms=3287 flush-in-vertex-ms=78 flush-other-ms=1350 bind-ms=88 iface-ms=1262 beginend-ms=1744 swap-ms=12 vertices=1493648 flushes=13333 draws=13333 sink-ms=1523 sink-prep-ms=470 sinks=207670
134 pid=FFFC739F paths batches/triangles untextured=809/3055 hw=163898/6238932 cpu=0/0 cpu-nonsquare=0/0 hw-refused=0/0
135 pid=FFFC739F counters hwtex live=104 creates=104 create-failed=0 evictions=0 uploads=1402 upload-kb=44204 squared=0 alpha-dropped=663 stubs=0 failed r4=0 r7=0 r8=0 other=0
136 pid=FFFC739F time interval-ms=10000 swaps=225 present-ms=10 draw-ms=1224 upload-ms=314
137 pid=FFFC739F tsc frames=225 wall-ms=10000 vertex-ms=3467 flush-in-vertex-ms=120 flush-other-ms=1534 bind-ms=81 iface-ms=1224 beginend-ms=1589 swap-ms=11 vertices=1546374 flushes=14781 draws=14781 sink-ms=1445 sink-prep-ms=442 sinks=159616
138 pid=FFFC739F paths batches/triangles untextured=864/3330 hw=178624/6780500 cpu=0/0 cpu-nonsquare=0/0 hw-refused=0/0
139 pid=FFFC739F counters hwtex live=104 creates=104 create-failed=0 evictions=0 uploads=1555 upload-kb=49100 squared=0 alpha-dropped=663 stubs=0 failed r4=0 r7=0 r8=0 other=0
140 pid=FFFC739F time interval-ms=10001 swaps=175 present-ms=8 draw-ms=1240 upload-ms=298
141 pid=FFFC739F tsc frames=175 wall-ms=10001 vertex-ms=3601 flush-in-vertex-ms=105 flush-other-ms=1749 bind-ms=280 iface-ms=1240 beginend-ms=1818 swap-ms=9 vertices=1622954 flushes=16136 draws=16136 sink-ms=1627 sink-prep-ms=476 sinks=174182
142 pid=FFFC739F paths batches/triangles untextured=910/3560 hw=194714/7356134 cpu=0/0 cpu-nonsquare=0/0 hw-refused=0/0
143 pid=FFFC739F counters hwtex live=104 creates=104 create-failed=0 evictions=0 uploads=1737 upload-kb=54924 squared=0 alpha-dropped=663 stubs=0 failed r4=0 r7=0 r8=0 other=0
144 pid=FFFC739F time interval-ms=10008 swaps=248 present-ms=11 draw-ms=1065 upload-ms=98
145 pid=FFFC739F tsc frames=248 wall-ms=10008 vertex-ms=3134 flush-in-vertex-ms=40 flush-other-ms=1315 bind-ms=161 iface-ms=1065 beginend-ms=1605 swap-ms=11 vertices=1388918 flushes=13212 draws=13212 sink-ms=1395 sink-prep-ms=403 sinks=193461
146 pid=FFFC739F paths batches/triangles untextured=1032/3840 hw=207804/7894669 cpu=0/0 cpu-nonsquare=0/0 hw-refused=0/0
147 pid=FFFC739F counters hwtex live=104 creates=104 create-failed=0 evictions=0 uploads=1788 upload-kb=56556 squared=0 alpha-dropped=884 stubs=0 failed r4=0 r7=0 r8=0 other=0
148 pid=FFFC739F time interval-ms=10000 swaps=203 present-ms=11 draw-ms=1158 upload-ms=262
149 pid=FFFC739F tsc frames=203 wall-ms=10000 vertex-ms=3694 flush-in-vertex-ms=101 flush-other-ms=1460 bind-ms=109 iface-ms=1158 beginend-ms=1507 swap-ms=11 vertices=1637215 flushes=14514 draws=14514 sink-ms=1347 sink-prep-ms=408 sinks=172298
150 pid=FFFC739F paths batches/triangles untextured=1084/4100 hw=222266/8449245 cpu=0/0 cpu-nonsquare=0/0 hw-refused=0/0
151 pid=FFFC739F counters hwtex live=104 creates=104 create-failed=0 evictions=0 uploads=1925 upload-kb=60940 squared=0 alpha-dropped=884 stubs=0 failed r4=0 r7=0 r8=0 other=0
152 pid=FFFC739F time interval-ms=10013 swaps=203 present-ms=10 draw-ms=1193 upload-ms=319
153 pid=FFFC739F tsc frames=203 wall-ms=10013 vertex-ms=3261 flush-in-vertex-ms=88 flush-other-ms=1669 bind-ms=211 iface-ms=1193 beginend-ms=1892 swap-ms=10 vertices=1530608 flushes=14314 draws=14314 sink-ms=1600 sink-prep-ms=481 sinks=164159
154 pid=FFFC739F paths batches/triangles untextured=1150/4430 hw=236514/8981416 cpu=0/0 cpu-nonsquare=0/0 hw-refused=0/0
155 pid=FFFC739F counters hwtex live=104 creates=104 create-failed=0 evictions=0 uploads=2047 upload-kb=64844 squared=0 alpha-dropped=884 stubs=0 failed r4=0 r7=0 r8=0 other=0
156 pid=FFFC739F time interval-ms=10000 swaps=174 present-ms=8 draw-ms=1372 upload-ms=398
157 pid=FFFC739F tsc frames=174 wall-ms=10000 vertex-ms=3752 flush-in-vertex-ms=163 flush-other-ms=1752 bind-ms=105 iface-ms=1372 beginend-ms=1793 swap-ms=9 vertices=1648961 flushes=16928 draws=16928 sink-ms=1652 sink-prep-ms=426 sinks=178578
158 pid=FFFC739F paths batches/triangles untextured=1180/4580 hw=253412/9577931 cpu=0/0 cpu-nonsquare=0/0 hw-refused=0/0
159 pid=FFFC739F counters hwtex live=104 creates=104 create-failed=0 evictions=0 uploads=2205 upload-kb=69900 squared=0 alpha-dropped=884 stubs=0 failed r4=0 r7=0 r8=0 other=0
160 pid=FFFC739F time interval-ms=10014 swaps=244 present-ms=11 draw-ms=1271 upload-ms=40
161 pid=FFFC739F tsc frames=244 wall-ms=10014 vertex-ms=3016 flush-in-vertex-ms=34 flush-other-ms=1446 bind-ms=139 iface-ms=1271 beginend-ms=1800 swap-ms=12 vertices=1446499 flushes=13051 draws=13051 sink-ms=1521 sink-prep-ms=466 sinks=203872
162 pid=FFFC739F paths batches/triangles untextured=1318/4940 hw=266325/10127037 cpu=0/0 cpu-nonsquare=0/0 hw-refused=0/0
163 pid=FFFC739F counters hwtex live=104 creates=104 create-failed=0 evictions=0 uploads=2237 upload-kb=70924 squared=0 alpha-dropped=1105 stubs=0 failed r4=0 r7=0 r8=0 other=0
164 pid=FFFC739F time interval-ms=10012 swaps=212 present-ms=11 draw-ms=1245 upload-ms=261
165 pid=FFFC739F tsc frames=212 wall-ms=10012 vertex-ms=3722 flush-in-vertex-ms=169 flush-other-ms=1540 bind-ms=172 iface-ms=1245 beginend-ms=1419 swap-ms=11 vertices=1533567 flushes=14364 draws=14364 sink-ms=1329 sink-prep-ms=334 sinks=158107
166 pid=FFFC739F paths batches/triangles untextured=1365/5175 hw=280642/10662018 cpu=0/0 cpu-nonsquare=0/0 hw-refused=0/0
167 pid=FFFC739F counters hwtex live=104 creates=104 create-failed=0 evictions=0 uploads=2377 upload-kb=75404 squared=0 alpha-dropped=1105 stubs=0 failed r4=0 r7=0 r8=0 other=0
168 pid=FFFC739F time interval-ms=10000 swaps=175 present-ms=9 draw-ms=1322 upload-ms=355
169 pid=FFFC739F tsc frames=175 wall-ms=10000 vertex-ms=3527 flush-in-vertex-ms=89 flush-other-ms=1909 bind-ms=284 iface-ms=1322 beginend-ms=1852 swap-ms=9 vertices=1485507 flushes=14365 draws=14365 sink-ms=1701 sink-prep-ms=485 sinks=158544
170 pid=FFFC739F paths batches/triangles untextured=1422/5460 hw=294950/11180246 cpu=0/0 cpu-nonsquare=0/0 hw-refused=0/0
171 pid=FFFC739F counters hwtex live=104 creates=104 create-failed=0 evictions=0 uploads=2552 upload-kb=81004 squared=0 alpha-dropped=1105 stubs=0 failed r4=0 r7=0 r8=0 other=0
1 pid=FFFCCA63 attach instance=01CF0000 tls=11 build-marker=1
2 pid=FFFCCA63 DrvValidateVersion version=1
3 pid=FFFCCA63 DrvSetCallbackProcs count=3 procs=78B23978
4 pid=FFFCCA63 describe result=0 engine=3 formats=00000002
5 pid=FFFCCA63 DrvDescribePixelFormat index=1 bytes=0 -> count=1
6 pid=FFFCCA63 DrvDescribePixelFormat index=1 bytes=40 -> count=1
7 pid=FFFCCA63 DrvDescribePixelFormat index=1 bytes=0 -> count=1
8 pid=FFFCCA63 DrvDescribePixelFormat index=1 bytes=0 -> count=1
9 pid=FFFCCA63 DrvDescribePixelFormat index=1 bytes=0 -> count=1
10 pid=FFFCCA63 DrvDescribePixelFormat index=1 bytes=0 -> count=1
11 pid=FFFCCA63 DrvDescribePixelFormat index=1 bytes=0 -> count=1
12 pid=FFFCCA63 DrvDescribePixelFormat index=1 bytes=0 -> count=1
13 pid=FFFCCA63 DrvDescribePixelFormat index=1 bytes=0 -> count=1
14 pid=FFFCCA63 DrvDescribePixelFormat index=1 bytes=0 -> count=1
15 pid=FFFCCA63 DrvDescribePixelFormat index=1 bytes=0 -> count=1
16 pid=FFFCCA63 DrvDescribePixelFormat index=1 bytes=0 -> count=1
17 pid=FFFCCA63 DrvDescribePixelFormat index=1 bytes=0 -> count=1
18 pid=FFFCCA63 DrvDescribePixelFormat index=1 bytes=0 -> count=1
19 pid=FFFCCA63 DrvDescribePixelFormat index=1 bytes=0 -> count=1
20 pid=FFFCCA63 DrvDescribePixelFormat index=1 bytes=0 -> count=1
21 pid=FFFCCA63 DrvDescribePixelFormat index=1 bytes=0 -> count=1
22 pid=FFFCCA63 DrvDescribePixelFormat index=1 bytes=0 -> count=1
23 pid=FFFCCA63 DrvDescribePixelFormat index=1 bytes=0 -> count=1
24 pid=FFFCCA63 DrvDescribePixelFormat index=1 bytes=0 -> count=1
25 pid=FFFCCA63 DrvDescribePixelFormat index=1 bytes=0 -> count=1
26 pid=FFFCCA63 DrvDescribePixelFormat index=1 bytes=0 -> count=1
27 pid=FFFCCA63 DrvDescribePixelFormat index=1 bytes=0 -> count=1
28 pid=FFFCCA63 DrvDescribePixelFormat index=1 bytes=0 -> count=1
29 pid=FFFCCA63 DrvDescribePixelFormat index=1 bytes=0 -> count=1
30 pid=FFFCCA63 DrvDescribePixelFormat index=1 bytes=0 -> count=1
31 pid=FFFCCA63 DrvDescribePixelFormat index=1 bytes=0 -> count=1
32 pid=FFFCCA63 DrvSetPixelFormat hdc=00000772 index=1
33 pid=FFFCCA63 DrvDescribePixelFormat index=1 bytes=0 -> count=1
34 pid=FFFCCA63 DrvDescribePixelFormat index=1 bytes=40 -> count=1
35 pid=FFFCCA63 DrvDescribePixelFormat index=1 bytes=0 -> count=1
36 pid=FFFCCA63 DrvDescribePixelFormat index=1 bytes=40 -> count=1
37 pid=FFFCCA63 DrvCreateLayerContext hdc=00000772 layer=0 -> 1
38 pid=FFFCCA63 drawable window=00000434 640x480
39 pid=FFFCCA63 DrvSetContext hdc=00000772 context=1 -> 1
172 pid=FFFC739F drawable window=00000430 1x1
40 pid=FFFCCA63 drawable window=00000434 1x1
41 pid=FFFCCA63 state tex=1191 size=00400040 tex=01010101 blend=00050600 depth=01040102 colour=FFFFFFFF mask=7 scissor=0,0,1,1 fog=0
42 pid=FFFCCA63 time interval-ms=690486 swaps=0 present-ms=0 draw-ms=34128208 upload-ms=0
43 pid=FFFCCA63 tsc frames=0 wall-ms=690486 vertex-ms=19364414 flush-in-vertex-ms=0 flush-other-ms=6514110 bind-ms=58074 iface-ms=331791 beginend-ms=1575228 swap-ms=0 vertices=671 flushes=1 draws=1 sink-ms=399388 sink-prep-ms=385702 sinks=1
44 pid=FFFCCA63 paths batches/triangles untextured=0/0 hw=1/4 cpu=0/0 cpu-nonsquare=0/0 hw-refused=0/0
45 pid=FFFCCA63 counters hwtex live=1 creates=1 create-failed=0 evictions=0 uploads=1 upload-kb=10 squared=0 alpha-dropped=0 stubs=0 failed r4=0 r7=0 r8=0 other=0
46 pid=FFFCCA63 state tex=1025 size=00800080 tex=01010101 blend=01010300 depth=01040001 colour=FFFFFFFF mask=7 scissor=0,0,1,1 fog=0
47 pid=FFFCCA63 state tex=1024 size=00800080 tex=01010101 blend=01010300 depth=01040001 colour=FFFFFFFF mask=7 scissor=0,0,1,1 fog=0
48 pid=FFFCCA63 state tex=1226 size=00400040 tex=01010101 blend=00050600 depth=01040102 colour=FFFFFFFF mask=7 scissor=0,0,1,1 fog=0
49 pid=FFFCCA63 state tex=1026 size=00800080 tex=01010101 blend=01010300 depth=01040001 colour=FFFFFFFF mask=7 scissor=0,0,1,1 fog=0
50 pid=FFFCCA63 state tex=1153 size=00000000 tex=00000000 blend=01050600 depth=00040100 colour=33FF0000 mask=7 scissor=0,0,1,1 fog=0
173 pid=FFFC739F time interval-ms=10007 swaps=99 present-ms=5 draw-ms=102 upload-ms=114
174 pid=FFFC739F tsc frames=99 wall-ms=10007 vertex-ms=7232 flush-in-vertex-ms=16 flush-other-ms=301 bind-ms=95 iface-ms=102 beginend-ms=329 swap-ms=6 vertices=908193 flushes=1371 draws=1371 sink-ms=172 sink-prep-ms=23 sinks=10517
175 pid=FFFC739F paths batches/triangles untextured=1433/5494 hw=296310/11219084 cpu=0/0 cpu-nonsquare=0/0 hw-refused=0/0
176 pid=FFFC739F counters hwtex live=104 creates=104 create-failed=0 evictions=0 uploads=2594 upload-kb=82348 squared=0 alpha-dropped=1105 stubs=0 failed r4=0 r7=0 r8=0 other=0
51 pid=FFFCCA63 state tex=1153 size=00080008 tex=01040202 blend=01050600 depth=01040002 colour=228F1700 mask=7 scissor=0,0,1,1 fog=0
52 pid=FFFCCA63 time interval-ms=10000 swaps=103 present-ms=20 draw-ms=30 upload-ms=124
53 pid=FFFCCA63 tsc frames=103 wall-ms=10000 vertex-ms=8317 flush-in-vertex-ms=0 flush-other-ms=167 bind-ms=10 iface-ms=30 beginend-ms=315 swap-ms=21 vertices=1025617 flushes=243 draws=243 sink-ms=1 sink-prep-ms=1 sinks=243
54 pid=FFFCCA63 paths batches/triangles untextured=35/70 hw=209/432 cpu=0/0 cpu-nonsquare=0/0 hw-refused=0/0
55 pid=FFFCCA63 counters hwtex live=6 creates=6 create-failed=0 evictions=0 uploads=47 upload-kb=1428 squared=0 alpha-dropped=0 stubs=0 failed r4=0 r7=0 r8=0 other=0
56 pid=FFFCCA63 state tex=1269 size=00400040 tex=01010101 blend=00050600 depth=01040102 colour=FFFFFFFF mask=7 scissor=0,0,1,1 fog=0
57 pid=FFFCCA63 state tex=1225 size=00400040 tex=01010101 blend=00050600 depth=01040102 colour=FFFFFFFF mask=7 scissor=0,0,1,1 fog=0
58 pid=FFFCCA63 state tex=1180 size=00400040 tex=01010101 blend=00050600 depth=01040102 colour=FFFFFFFF mask=7 scissor=0,0,1,1 fog=0
59 pid=FFFCCA63 state tex=1281 size=00400040 tex=01010101 blend=00050600 depth=01040102 colour=FFFFFFFF mask=7 scissor=0,0,1,1 fog=0
60 pid=FFFCCA63 state tex=1030 size=00800080 tex=01010101 blend=01010300 depth=01040001 colour=FFFFFFFF mask=7 scissor=0,0,1,1 fog=0
61 pid=FFFCCA63 state tex=1272 size=00400020 tex=01010101 blend=00050600 depth=01040102 colour=FFFFFFFF mask=7 scissor=0,0,1,1 fog=0
62 pid=FFFCCA63 state tex=1270 size=00400040 tex=01010101 blend=00050600 depth=01040102 colour=FFFFFFFF mask=7 scissor=0,0,1,1 fog=0
63 pid=FFFCCA63 state tex=1210 size=00800080 tex=01010101 blend=00050600 depth=01040102 colour=FFFFFFFF mask=7 scissor=0,0,1,1 fog=0
64 pid=FFFCCA63 state tex=1031 size=00800080 tex=01010101 blend=01010300 depth=01040001 colour=FFFFFFFF mask=7 scissor=0,0,1,1 fog=0
177 pid=FFFC739F time interval-ms=10017 swaps=195 present-ms=10 draw-ms=37 upload-ms=5
178 pid=FFFC739F tsc frames=195 wall-ms=10017 vertex-ms=7980 flush-in-vertex-ms=0 flush-other-ms=99 bind-ms=37 iface-ms=37 beginend-ms=330 swap-ms=11 vertices=975273 flushes=523 draws=523 sink-ms=2 sink-prep-ms=1 sinks=524
179 pid=FFFC739F paths batches/triangles untextured=1548/5724 hw=296718/11220146 cpu=0/0 cpu-nonsquare=0/0 hw-refused=0/0
180 pid=FFFC739F counters hwtex live=104 creates=104 create-failed=0 evictions=0 uploads=2598 upload-kb=82476 squared=0 alpha-dropped=1216 stubs=0 failed r4=0 r7=0 r8=0 other=0
65 pid=FFFCCA63 state tex=1363 size=00800020 tex=01010200 blend=00050600 depth=01040102 colour=FFE9D34D mask=7 scissor=0,0,1,1 fog=0
66 pid=FFFCCA63 state tex=1364 size=00200010 tex=01010200 blend=00050600 depth=01040102 colour=FF806C4B mask=7 scissor=0,0,1,1 fog=0
67 pid=FFFCCA63 state tex=1381 size=01000080 tex=01040201 blend=00050600 depth=01040102 colour=FF63420C mask=7 scissor=0,0,1,1 fog=0
68 pid=FFFCCA63 time interval-ms=10032 swaps=148 present-ms=6 draw-ms=19 upload-ms=88
69 pid=FFFCCA63 tsc frames=148 wall-ms=10032 vertex-ms=7707 flush-in-vertex-ms=0 flush-other-ms=135 bind-ms=23 iface-ms=19 beginend-ms=401 swap-ms=7 vertices=988651 flushes=335 draws=335 sink-ms=2 sink-prep-ms=1 sinks=340
70 pid=FFFCCA63 paths batches/triangles untextured=68/136 hw=511/1073 cpu=0/0 cpu-nonsquare=0/0 hw-refused=0/0
71 pid=FFFCCA63 counters hwtex live=18 creates=18 create-failed=0 evictions=0 uploads=108 upload-kb=3253 squared=0 alpha-dropped=0 stubs=0 failed r4=0 r7=0 r8=0 other=0
72 pid=FFFCCA63 state tex=1027 size=00800080 tex=01010101 blend=01010300 depth=01040001 colour=FFFFFFFF mask=7 scissor=0,0,1,1 fog=0
181 pid=FFFC739F time interval-ms=10108 swaps=118 present-ms=5 draw-ms=48 upload-ms=132
182 pid=FFFC739F tsc frames=118 wall-ms=10108 vertex-ms=7943 flush-in-vertex-ms=0 flush-other-ms=190 bind-ms=6 iface-ms=48 beginend-ms=288 swap-ms=5 vertices=1026416 flushes=277 draws=277 sink-ms=1 sink-prep-ms=1 sinks=279
183 pid=FFFC739F paths batches/triangles untextured=1587/5802 hw=296956/11220649 cpu=0/0 cpu-nonsquare=0/0 hw-refused=0/0
184 pid=FFFC739F counters hwtex live=104 creates=104 create-failed=0 evictions=0 uploads=2653 upload-kb=84236 squared=0 alpha-dropped=1216 stubs=0 failed r4=0 r7=0 r8=0 other=0
73 pid=FFFCCA63 state tex=1158 size=00400040 tex=01010101 blend=00050600 depth=01040102 colour=FFFFFFFF mask=7 scissor=0,0,1,1 fog=0
74 pid=FFFCCA63 state tex=1214 size=00400040 tex=01010101 blend=00050600 depth=01040102 colour=FFFFFFFF mask=7 scissor=0,0,1,1 fog=0
75 pid=FFFCCA63 state tex=1028 size=00800080 tex=01010101 blend=01010300 depth=01040001 colour=FFFFFFFF mask=7 scissor=0,0,1,1 fog=0
76 pid=FFFCCA63 time interval-ms=10051 swaps=138 present-ms=17 draw-ms=12 upload-ms=143
77 pid=FFFCCA63 tsc frames=138 wall-ms=10051 vertex-ms=8049 flush-in-vertex-ms=0 flush-other-ms=201 bind-ms=42 iface-ms=12 beginend-ms=564 swap-ms=18 vertices=994458 flushes=333 draws=333 sink-ms=1 sink-prep-ms=1 sinks=337
78 pid=FFFCCA63 paths batches/triangles untextured=118/236 hw=794/1683 cpu=0/0 cpu-nonsquare=0/0 hw-refused=0/0
79 pid=FFFCCA63 counters hwtex live=22 creates=22 create-failed=0 evictions=0 uploads=150 upload-kb=4553 squared=0 alpha-dropped=0 stubs=0 failed r4=0 r7=0 r8=0 other=0
80 pid=FFFCCA63 state tex=1162 size=00400040 tex=01010101 blend=00050600 depth=01040102 colour=FFFFFFFF mask=7 scissor=0,0,1,1 fog=0
185 pid=FFFC739F time interval-ms=10038 swaps=146 present-ms=22 draw-ms=11 upload-ms=105
186 pid=FFFC739F tsc frames=146 wall-ms=10038 vertex-ms=8254 flush-in-vertex-ms=0 flush-other-ms=133 bind-ms=14 iface-ms=11 beginend-ms=318 swap-ms=23 vertices=1049144 flushes=329 draws=329 sink-ms=1 sink-prep-ms=1 sinks=332
187 pid=FFFC739F paths batches/triangles untextured=1616/5860 hw=297256/11221276 cpu=0/0 cpu-nonsquare=0/0 hw-refused=0/0
188 pid=FFFC739F counters hwtex live=104 creates=104 create-failed=0 evictions=0 uploads=2690 upload-kb=85420 squared=0 alpha-dropped=1216 stubs=0 failed r4=0 r7=0 r8=0 other=0
81 pid=FFFCCA63 time interval-ms=10088 swaps=95 present-ms=11 draw-ms=8 upload-ms=133
82 pid=FFFCCA63 tsc frames=95 wall-ms=10088 vertex-ms=8266 flush-in-vertex-ms=0 flush-other-ms=147 bind-ms=4 iface-ms=8 beginend-ms=220 swap-ms=11 vertices=977638 flushes=209 draws=209 sink-ms=1 sink-prep-ms=1 sinks=209
83 pid=FFFCCA63 paths batches/triangles untextured=136/272 hw=985/2078 cpu=0/0 cpu-nonsquare=0/0 hw-refused=0/0
84 pid=FFFCCA63 counters hwtex live=23 creates=23 create-failed=0 evictions=0 uploads=226 upload-kb=6963 squared=0 alpha-dropped=0 stubs=0 failed r4=0 r7=0 r8=0 other=0
85 pid=FFFCCA63 state tex=1182 size=00800080 tex=01010101 blend=00050600 depth=01040102 colour=FFFFFFFF mask=7 scissor=0,0,1,1 fog=0
86 pid=FFFCCA63 state tex=1307 size=00800040 tex=01010101 blend=00050600 depth=01040102 colour=FFFFFFFF mask=7 scissor=0,0,1,1 fog=0
87 pid=FFFCCA63 state tex=1040 size=00800080 tex=01010101 blend=01010300 depth=01040001 colour=FFFFFFFF mask=7 scissor=0,0,1,1 fog=0
88 pid=FFFCCA63 state tex=1315 size=00400040 tex=01010101 blend=00050600 depth=01040102 colour=FFFFFFFF mask=7 scissor=0,0,1,1 fog=0
89 pid=FFFCCA63 state tex=1280 size=00400040 tex=01010101 blend=00050600 depth=01040102 colour=FFFFFFFF mask=7 scissor=0,0,1,1 fog=0
90 pid=FFFCCA63 state tex=1361 size=01000080 tex=01040201 blend=00050600 depth=01040102 colour=FF211E1B mask=7 scissor=0,0,1,1 fog=0
91 pid=FFFCCA63 state tex=1256 size=00400040 tex=01010101 blend=00050600 depth=01040102 colour=FFFFFFFF mask=7 scissor=0,0,1,1 fog=0
92 pid=FFFCCA63 state tex=1188 size=00400040 tex=01010101 blend=00050600 depth=01040102 colour=FFFFFFFF mask=7 scissor=0,0,1,1 fog=0
93 pid=FFFCCA63 state tex=1172 size=00400040 tex=01010101 blend=00050600 depth=01040102 colour=FFFFFFFF mask=7 scissor=0,0,1,1 fog=0
189 pid=FFFC739F time interval-ms=10011 swaps=130 present-ms=5 draw-ms=28 upload-ms=104
190 pid=FFFC739F tsc frames=130 wall-ms=10011 vertex-ms=8064 flush-in-vertex-ms=0 flush-other-ms=181 bind-ms=46 iface-ms=28 beginend-ms=298 swap-ms=6 vertices=996826 flushes=315 draws=315 sink-ms=1 sink-prep-ms=1 sinks=319
191 pid=FFFC739F paths batches/triangles untextured=1666/5960 hw=297521/11221850 cpu=0/0 cpu-nonsquare=0/0 hw-refused=0/0
192 pid=FFFC739F counters hwtex live=104 creates=104 create-failed=0 evictions=0 uploads=2749 upload-kb=87308 squared=0 alpha-dropped=1216 stubs=0 failed r4=0 r7=0 r8=0 other=0
94 pid=FFFCCA63 state tex=1218 size=00400040 tex=01010101 blend=00050600 depth=01040102 colour=FFFFFFFF mask=7 scissor=0,0,1,1 fog=0
95 pid=FFFCCA63 time interval-ms=10009 swaps=110 present-ms=44 draw-ms=48 upload-ms=84
96 pid=FFFCCA63 tsc frames=110 wall-ms=10009 vertex-ms=8183 flush-in-vertex-ms=0 flush-other-ms=161 bind-ms=22 iface-ms=48 beginend-ms=492 swap-ms=44 vertices=960592 flushes=441 draws=441 sink-ms=2 sink-prep-ms=1 sinks=471
97 pid=FFFCCA63 paths batches/triangles untextured=148/296 hw=1414/3105 cpu=0/0 cpu-nonsquare=0/0 hw-refused=0/0
98 pid=FFFCCA63 counters hwtex live=33 creates=33 create-failed=0 evictions=0 uploads=263 upload-kb=8067 squared=0 alpha-dropped=0 stubs=0 failed r4=0 r7=0 r8=0 other=0
99 pid=FFFCCA63 state tex=1429 size=01000100 tex=01010100 blend=00050601 depth=00040101 colour=FFFFFFFF mask=7 scissor=0,0,1,1 fog=0
100 pid=FFFCCA63 state tex=1155 size=00000000 tex=00000000 blend=00050601 depth=00040100 colour=FF000000 mask=7 scissor=0,0,1,1 fog=0
193 pid=FFFC739F time interval-ms=10024 swaps=104 present-ms=4 draw-ms=9 upload-ms=98
194 pid=FFFC739F tsc frames=104 wall-ms=10024 vertex-ms=8276 flush-in-vertex-ms=0 flush-other-ms=144 bind-ms=18 iface-ms=9 beginend-ms=244 swap-ms=5 vertices=965054 flushes=254 draws=254 sink-ms=1 sink-prep-ms=1 sinks=254
195 pid=FFFC739F paths batches/triangles untextured=1689/6006 hw=297752/11222326 cpu=0/0 cpu-nonsquare=0/0 hw-refused=0/0
196 pid=FFFC739F counters hwtex live=104 creates=104 create-failed=0 evictions=0 uploads=2810 upload-kb=89260 squared=0 alpha-dropped=1216 stubs=0 failed r4=0 r7=0 r8=0 other=0
101 pid=FFFCCA63 time interval-ms=10013 swaps=201 present-ms=7 draw-ms=16 upload-ms=51
102 pid=FFFCCA63 tsc frames=201 wall-ms=10013 vertex-ms=8212 flush-in-vertex-ms=0 flush-other-ms=72 bind-ms=2 iface-ms=16 beginend-ms=372 swap-ms=8 vertices=993938 flushes=451 draws=451 sink-ms=2 sink-prep-ms=1 sinks=451
103 pid=FFFCCA63 paths batches/triangles untextured=269/538 hw=1744/3925 cpu=0/0 cpu-nonsquare=0/0 hw-refused=0/0
104 pid=FFFCCA63 counters hwtex live=34 creates=34 create-failed=0 evictions=0 uploads=279 upload-kb=8675 squared=0 alpha-dropped=111 stubs=0 failed r4=0 r7=0 r8=0 other=0
197 pid=FFFC739F time interval-ms=10000 swaps=105 present-ms=4 draw-ms=16 upload-ms=43
198 pid=FFFC739F tsc frames=105 wall-ms=10000 vertex-ms=8248 flush-in-vertex-ms=0 flush-other-ms=79 bind-ms=17 iface-ms=16 beginend-ms=237 swap-ms=5 vertices=965178 flushes=518 draws=518 sink-ms=19 sink-prep-ms=18 sinks=548
199 pid=FFFC739F paths batches/triangles untextured=1696/6020 hw=298263/11223627 cpu=0/0 cpu-nonsquare=0/0 hw-refused=0/0
200 pid=FFFC739F counters hwtex live=104 creates=104 create-failed=0 evictions=0 uploads=2827 upload-kb=89804 squared=0 alpha-dropped=1216 stubs=0 failed r4=0 r7=0 r8=0 other=0
105 pid=FFFCCA63 time interval-ms=10024 swaps=128 present-ms=5 draw-ms=14 upload-ms=111
106 pid=FFFCCA63 tsc frames=128 wall-ms=10024 vertex-ms=8173 flush-in-vertex-ms=0 flush-other-ms=129 bind-ms=1 iface-ms=14 beginend-ms=215 swap-ms=6 vertices=1011255 flushes=297 draws=297 sink-ms=1 sink-prep-ms=1 sinks=301
107 pid=FFFCCA63 paths batches/triangles untextured=303/606 hw=2007/4477 cpu=0/0 cpu-nonsquare=0/0 hw-refused=0/0
108 pid=FFFCCA63 counters hwtex live=34 creates=34 create-failed=0 evictions=0 uploads=339 upload-kb=10595 squared=0 alpha-dropped=111 stubs=0 failed r4=0 r7=0 r8=0 other=0
201 pid=FFFC739F time interval-ms=10084 swaps=192 present-ms=7 draw-ms=10 upload-ms=36
202 pid=FFFC739F tsc frames=192 wall-ms=10084 vertex-ms=8346 flush-in-vertex-ms=0 flush-other-ms=77 bind-ms=1 iface-ms=10 beginend-ms=509 swap-ms=7 vertices=972314 flushes=330 draws=330 sink-ms=2 sink-prep-ms=1 sinks=330
203 pid=FFFC739F paths batches/triangles untextured=1827/6282 hw=298462/11224071 cpu=0/0 cpu-nonsquare=0/0 hw-refused=0/0
204 pid=FFFC739F counters hwtex live=104 creates=104 create-failed=0 evictions=0 uploads=2852 upload-kb=90604 squared=0 alpha-dropped=1327 stubs=0 failed r4=0 r7=0 r8=0 other=0
109 pid=FFFCCA63 time interval-ms=10051 swaps=136 present-ms=11 draw-ms=11 upload-ms=41
110 pid=FFFCCA63 tsc frames=136 wall-ms=10051 vertex-ms=8286 flush-in-vertex-ms=0 flush-other-ms=72 bind-ms=18 iface-ms=11 beginend-ms=414 swap-ms=12 vertices=970770 flushes=318 draws=318 sink-ms=31 sink-prep-ms=31 sinks=319
111 pid=FFFCCA63 paths batches/triangles untextured=345/690 hw=2283/5067 cpu=0/0 cpu-nonsquare=0/0 hw-refused=0/0
112 pid=FFFCCA63 counters hwtex live=34 creates=34 create-failed=0 evictions=0 uploads=370 upload-kb=11587 squared=0 alpha-dropped=111 stubs=0 failed r4=0 r7=0 r8=0 other=0
205 pid=FFFC739F time interval-ms=10206 swaps=135 present-ms=52 draw-ms=12 upload-ms=82
206 pid=FFFC739F tsc frames=135 wall-ms=10206 vertex-ms=8127 flush-in-vertex-ms=0 flush-other-ms=135 bind-ms=39 iface-ms=12 beginend-ms=293 swap-ms=32 vertices=1012170 flushes=312 draws=312 sink-ms=1 sink-prep-ms=1 sinks=316
207 pid=FFFC739F paths batches/triangles untextured=1862/6352 hw=298739/11224665 cpu=0/0 cpu-nonsquare=0/0 hw-refused=0/0
208 pid=FFFC739F counters hwtex live=104 creates=104 create-failed=0 evictions=0 uploads=2910 upload-kb=92460 squared=0 alpha-dropped=1327 stubs=0 failed r4=0 r7=0 r8=0 other=0
113 pid=FFFCCA63 time interval-ms=10004 swaps=114 present-ms=5 draw-ms=29 upload-ms=227
114 pid=FFFCCA63 tsc frames=114 wall-ms=10004 vertex-ms=7405 flush-in-vertex-ms=0 flush-other-ms=279 bind-ms=20 iface-ms=29 beginend-ms=383 swap-ms=5 vertices=998602 flushes=264 draws=264 sink-ms=1 sink-prep-ms=1 sinks=268
115 pid=FFFCCA63 paths batches/triangles untextured=376/752 hw=2516/5557 cpu=0/0 cpu-nonsquare=0/0 hw-refused=0/0
116 pid=FFFCCA63 counters hwtex live=34 creates=34 create-failed=0 evictions=0 uploads=435 upload-kb=13667 squared=0 alpha-dropped=111 stubs=0 failed r4=0 r7=0 r8=0 other=0
209 pid=FFFC739F time interval-ms=10333 swaps=129 present-ms=5 draw-ms=17 upload-ms=95
210 pid=FFFC739F tsc frames=129 wall-ms=10333 vertex-ms=8457 flush-in-vertex-ms=0 flush-other-ms=140 bind-ms=26 iface-ms=17 beginend-ms=352 swap-ms=6 vertices=956912 flushes=305 draws=305 sink-ms=51 sink-prep-ms=51 sinks=306
211 pid=FFFC739F paths batches/triangles untextured=1904/6436 hw=299002/11225231 cpu=0/0 cpu-nonsquare=0/0 hw-refused=0/0
212 pid=FFFC739F counters hwtex live=104 creates=104 create-failed=0 evictions=0 uploads=2939 upload-kb=93388 squared=0 alpha-dropped=1327 stubs=0 failed r4=0 r7=0 r8=0 other=0
117 pid=FFFCCA63 time interval-ms=10077 swaps=114 present-ms=6 draw-ms=57 upload-ms=86
118 pid=FFFCCA63 tsc frames=114 wall-ms=10077 vertex-ms=8123 flush-in-vertex-ms=0 flush-other-ms=168 bind-ms=23 iface-ms=57 beginend-ms=354 swap-ms=5 vertices=1006143 flushes=356 draws=356 sink-ms=2 sink-prep-ms=1 sinks=371
119 pid=FFFCCA63 paths batches/triangles untextured=401/802 hw=2847/6269 cpu=0/0 cpu-nonsquare=0/0 hw-refused=0/0
120 pid=FFFCCA63 counters hwtex live=34 creates=34 create-failed=0 evictions=0 uploads=486 upload-kb=15299 squared=0 alpha-dropped=111 stubs=0 failed r4=0 r7=0 r8=0 other=0
213 pid=FFFC739F time interval-ms=10004 swaps=115 present-ms=5 draw-ms=25 upload-ms=171
214 pid=FFFC739F tsc frames=115 wall-ms=10004 vertex-ms=8193 flush-in-vertex-ms=0 flush-other-ms=237 bind-ms=40 iface-ms=25 beginend-ms=264 swap-ms=5 vertices=949236 flushes=259 draws=259 sink-ms=1 sink-prep-ms=1 sinks=263
215 pid=FFFC739F paths batches/triangles untextured=1928/6484 hw=299237/11225721 cpu=0/0 cpu-nonsquare=0/0 hw-refused=0/0
216 pid=FFFC739F counters hwtex live=104 creates=104 create-failed=0 evictions=0 uploads=3001 upload-kb=95372 squared=0 alpha-dropped=1327 stubs=0 failed r4=0 r7=0 r8=0 other=0
121 pid=FFFCCA63 time interval-ms=10007 swaps=152 present-ms=18 draw-ms=21 upload-ms=21
122 pid=FFFCCA63 tsc frames=152 wall-ms=10007 vertex-ms=8221 flush-in-vertex-ms=0 flush-other-ms=57 bind-ms=14 iface-ms=21 beginend-ms=305 swap-ms=18 vertices=936516 flushes=505 draws=505 sink-ms=2 sink-prep-ms=1 sinks=519
123 pid=FFFCCA63 paths batches/triangles untextured=470/940 hw=3283/7419 cpu=0/0 cpu-nonsquare=0/0 hw-refused=0/0
124 pid=FFFCCA63 counters hwtex live=34 creates=34 create-failed=0 evictions=0 uploads=495 upload-kb=15587 squared=0 alpha-dropped=176 stubs=0 failed r4=0 r7=0 r8=0 other=0
217 pid=FFFC739F time interval-ms=10107 swaps=106 present-ms=4 draw-ms=37 upload-ms=123
218 pid=FFFC739F tsc frames=106 wall-ms=10107 vertex-ms=7867 flush-in-vertex-ms=0 flush-other-ms=236 bind-ms=74 iface-ms=37 beginend-ms=226 swap-ms=5 vertices=997457 flushes=352 draws=352 sink-ms=18 sink-prep-ms=18 sinks=380
219 pid=FFFC739F paths batches/triangles untextured=1949/6526 hw=299568/11226466 cpu=0/0 cpu-nonsquare=0/0 hw-refused=0/0
220 pid=FFFC739F counters hwtex live=104 creates=104 create-failed=0 evictions=0 uploads=3056 upload-kb=97132 squared=0 alpha-dropped=1327 stubs=0 failed r4=0 r7=0 r8=0 other=0
125 pid=FFFCCA63 time interval-ms=10037 swaps=135 present-ms=5 draw-ms=15 upload-ms=43
126 pid=FFFCCA63 tsc frames=135 wall-ms=10037 vertex-ms=7925 flush-in-vertex-ms=0 flush-other-ms=110 bind-ms=50 iface-ms=15 beginend-ms=347 swap-ms=43 vertices=943087 flushes=254 draws=254 sink-ms=1 sink-prep-ms=1 sinks=254
127 pid=FFFCCA63 paths batches/triangles untextured=546/1092 hw=3461/7787 cpu=0/0 cpu-nonsquare=0/0 hw-refused=0/0
128 pid=FFFCCA63 counters hwtex live=34 creates=34 create-failed=0 evictions=0 uploads=525 upload-kb=16547 squared=0 alpha-dropped=222 stubs=0 failed r4=0 r7=0 r8=0 other=0
221 pid=FFFC739F time interval-ms=10046 swaps=180 present-ms=6 draw-ms=17 upload-ms=18
222 pid=FFFC739F tsc frames=180 wall-ms=10046 vertex-ms=8082 flush-in-vertex-ms=0 flush-other-ms=58 bind-ms=21 iface-ms=17 beginend-ms=459 swap-ms=7 vertices=901441 flushes=500 draws=500 sink-ms=2 sink-prep-ms=1 sinks=501
223 pid=FFFC739F paths batches/triangles untextured=2058/6744 hw=299959/11227492 cpu=0/0 cpu-nonsquare=0/0 hw-refused=0/0
224 pid=FFFC739F counters hwtex live=104 creates=104 create-failed=0 evictions=0 uploads=3058 upload-kb=97196 squared=0 alpha-dropped=1432 stubs=0 failed r4=0 r7=0 r8=0 other=0
129 pid=FFFCCA63 time interval-ms=10062 swaps=152 present-ms=6 draw-ms=28 upload-ms=117
130 pid=FFFCCA63 tsc frames=152 wall-ms=10062 vertex-ms=7832 flush-in-vertex-ms=0 flush-other-ms=209 bind-ms=61 iface-ms=28 beginend-ms=369 swap-ms=7 vertices=1067200 flushes=350 draws=350 sink-ms=1 sink-prep-ms=1 sinks=354
131 pid=FFFCCA63 paths batches/triangles untextured=584/1168 hw=3773/8448 cpu=0/0 cpu-nonsquare=0/0 hw-refused=0/0
132 pid=FFFCCA63 counters hwtex live=34 creates=34 create-failed=0 evictions=0 uploads=584 upload-kb=18435 squared=0 alpha-dropped=222 stubs=0 failed r4=0 r7=0 r8=0 other=0
225 pid=FFFC739F time interval-ms=10084 swaps=102 present-ms=4 draw-ms=88 upload-ms=187
226 pid=FFFC739F tsc frames=102 wall-ms=10084 vertex-ms=8284 flush-in-vertex-ms=0 flush-other-ms=321 bind-ms=44 iface-ms=88 beginend-ms=614 swap-ms=5 vertices=947876 flushes=235 draws=235 sink-ms=1 sink-prep-ms=1 sinks=235
227 pid=FFFC739F paths batches/triangles untextured=2099/6826 hw=300153/11227890 cpu=0/0 cpu-nonsquare=0/0 hw-refused=0/0
228 pid=FFFC739F counters hwtex live=104 creates=104 create-failed=0 evictions=0 uploads=3094 upload-kb=98348 squared=0 alpha-dropped=1438 stubs=0 failed r4=0 r7=0 r8=0 other=0
133 pid=FFFCCA63 time interval-ms=10038 swaps=132 present-ms=5 draw-ms=21 upload-ms=54
134 pid=FFFCCA63 tsc frames=132 wall-ms=10038 vertex-ms=8223 flush-in-vertex-ms=0 flush-other-ms=91 bind-ms=14 iface-ms=21 beginend-ms=268 swap-ms=6 vertices=972737 flushes=314 draws=314 sink-ms=1 sink-prep-ms=1 sinks=318
135 pid=FFFCCA63 paths batches/triangles untextured=626/1252 hw=4045/9034 cpu=0/0 cpu-nonsquare=0/0 hw-refused=0/0
136 pid=FFFCCA63 counters hwtex live=34 creates=34 create-failed=0 evictions=0 uploads=612 upload-kb=19331 squared=0 alpha-dropped=222 stubs=0 failed r4=0 r7=0 r8=0 other=0
229 pid=FFFC739F time interval-ms=10073 swaps=149 present-ms=9 draw-ms=61 upload-ms=80
230 pid=FFFC739F tsc frames=149 wall-ms=10073 vertex-ms=8084 flush-in-vertex-ms=0 flush-other-ms=205 bind-ms=61 iface-ms=61 beginend-ms=308 swap-ms=10 vertices=1017005 flushes=338 draws=338 sink-ms=2 sink-prep-ms=1 sinks=342
231 pid=FFFC739F paths batches/triangles untextured=2132/6892 hw=300458/11228536 cpu=0/0 cpu-nonsquare=0/0 hw-refused=0/0
232 pid=FFFC739F counters hwtex live=104 creates=104 create-failed=0 evictions=0 uploads=3149 upload-kb=100108 squared=0 alpha-dropped=1438 stubs=0 failed r4=0 r7=0 r8=0 other=0
137 pid=FFFCCA63 time interval-ms=10009 swaps=97 present-ms=4 draw-ms=87 upload-ms=144
138 pid=FFFCCA63 tsc frames=97 wall-ms=10009 vertex-ms=7491 flush-in-vertex-ms=0 flush-other-ms=397 bind-ms=164 iface-ms=87 beginend-ms=452 swap-ms=4 vertices=912400 flushes=217 draws=217 sink-ms=1 sink-prep-ms=1 sinks=218
139 pid=FFFCCA63 paths batches/triangles untextured=649/1298 hw=4239/9434 cpu=0/0 cpu-nonsquare=0/0 hw-refused=0/0
140 pid=FFFCCA63 counters hwtex live=34 creates=34 create-failed=0 evictions=0 uploads=683 upload-kb=21603 squared=0 alpha-dropped=222 stubs=0 failed r4=0 r7=0 r8=0 other=0
233 pid=FFFC739F time interval-ms=10037 swaps=128 present-ms=5 draw-ms=12 upload-ms=34
234 pid=FFFC739F tsc frames=128 wall-ms=10037 vertex-ms=8252 flush-in-vertex-ms=0 flush-other-ms=177 bind-ms=129 iface-ms=12 beginend-ms=199 swap-ms=6 vertices=924084 flushes=304 draws=304 sink-ms=1 sink-prep-ms=1 sinks=308
235 pid=FFFC739F paths batches/triangles untextured=2174/6976 hw=300720/11229102 cpu=0/0 cpu-nonsquare=0/0 hw-refused=0/0
236 pid=FFFC739F counters hwtex live=104 creates=104 create-failed=0 evictions=0 uploads=3176 upload-kb=100972 squared=0 alpha-dropped=1438 stubs=0 failed r4=0 r7=0 r8=0 other=0
141 pid=FFFCCA63 time interval-ms=10017 swaps=114 present-ms=5 draw-ms=15 upload-ms=88
142 pid=FFFCCA63 tsc frames=114 wall-ms=10017 vertex-ms=8069 flush-in-vertex-ms=0 flush-other-ms=132 bind-ms=27 iface-ms=15 beginend-ms=256 swap-ms=5 vertices=1048756 flushes=406 draws=406 sink-ms=2 sink-prep-ms=1 sinks=436
143 pid=FFFCCA63 paths batches/triangles untextured=664/1328 hw=4630/10346 cpu=0/0 cpu-nonsquare=0/0 hw-refused=0/0
144 pid=FFFCCA63 counters hwtex live=34 creates=34 create-failed=0 evictions=0 uploads=725 upload-kb=22947 squared=0 alpha-dropped=222 stubs=0 failed r4=0 r7=0 r8=0 other=0
237 pid=FFFC739F time interval-ms=10043 swaps=95 present-ms=4 draw-ms=134 upload-ms=150
238 pid=FFFC739F tsc frames=95 wall-ms=10043 vertex-ms=7624 flush-in-vertex-ms=0 flush-other-ms=745 bind-ms=459 iface-ms=134 beginend-ms=370 swap-ms=4 vertices=892383 flushes=214 draws=214 sink-ms=1 sink-prep-ms=1 sinks=215
239 pid=FFFC739F paths batches/triangles untextured=2196/7020 hw=300912/11229498 cpu=0/0 cpu-nonsquare=0/0 hw-refused=0/0
240 pid=FFFC739F counters hwtex live=104 creates=104 create-failed=0 evictions=0 uploads=3246 upload-kb=103212 squared=0 alpha-dropped=1438 stubs=0 failed r4=0 r7=0 r8=0 other=0
145 pid=FFFCCA63 time interval-ms=10008 swaps=167 present-ms=40 draw-ms=13 upload-ms=0
146 pid=FFFCCA63 tsc frames=167 wall-ms=10008 vertex-ms=7054 flush-in-vertex-ms=0 flush-other-ms=207 bind-ms=193 iface-ms=13 beginend-ms=511 swap-ms=41 vertices=713961 flushes=419 draws=419 sink-ms=1 sink-prep-ms=1 sinks=419
147 pid=FFFCCA63 paths batches/triangles untextured=774/1548 hw=4939/11164 cpu=0/0 cpu-nonsquare=0/0 hw-refused=0/0
148 pid=FFFCCA63 counters hwtex live=34 creates=34 create-failed=0 evictions=0 uploads=725 upload-kb=22947 squared=0 alpha-dropped=333 stubs=0 failed r4=0 r7=0 r8=0 other=0
241 pid=FFFC739F time interval-ms=10040 swaps=95 present-ms=4 draw-ms=92 upload-ms=55
242 pid=FFFC739F tsc frames=95 wall-ms=10040 vertex-ms=7620 flush-in-vertex-ms=0 flush-other-ms=645 bind-ms=496 iface-ms=92 beginend-ms=265 swap-ms=4 vertices=860847 flushes=321 draws=321 sink-ms=1 sink-prep-ms=1 sinks=348
243 pid=FFFC739F paths batches/triangles untextured=2207/7042 hw=301222/11230199 cpu=0/0 cpu-nonsquare=0/0 hw-refused=0/0
244 pid=FFFC739F counters hwtex live=104 creates=104 create-failed=0 evictions=0 uploads=3287 upload-kb=104524 squared=0 alpha-dropped=1438 stubs=0 failed r4=0 r7=0 r8=0 other=0
149 pid=FFFCCA63 time interval-ms=10053 swaps=90 present-ms=3 draw-ms=37 upload-ms=70
150 pid=FFFCCA63 tsc frames=90 wall-ms=10053 vertex-ms=7888 flush-in-vertex-ms=0 flush-other-ms=293 bind-ms=184 iface-ms=37 beginend-ms=362 swap-ms=4 vertices=897503 flushes=220 draws=220 sink-ms=1 sink-prep-ms=1 sinks=220
151 pid=FFFCCA63 paths batches/triangles untextured=809/1618 hw=5124/11546 cpu=0/0 cpu-nonsquare=0/0 hw-refused=0/0
152 pid=FFFCCA63 counters hwtex live=34 creates=34 create-failed=0 evictions=0 uploads=764 upload-kb=24195 squared=0 alpha-dropped=333 stubs=0 failed r4=0 r7=0 r8=0 other=0
245 pid=FFFC739F time interval-ms=10000 swaps=186 present-ms=7 draw-ms=209 upload-ms=2
246 pid=FFFC739F tsc frames=186 wall-ms=10000 vertex-ms=8077 flush-in-vertex-ms=0 flush-other-ms=220 bind-ms=8 iface-ms=209 beginend-ms=488 swap-ms=8 vertices=899881 flushes=505 draws=505 sink-ms=2 sink-prep-ms=1 sinks=506
247 pid=FFFC739F paths batches/triangles untextured=2322/7272 hw=301612/11231223 cpu=0/0 cpu-nonsquare=0/0 hw-refused=0/0
248 pid=FFFC739F counters hwtex live=104 creates=104 create-failed=0 evictions=0 uploads=3289 upload-kb=104588 squared=0 alpha-dropped=1549 stubs=0 failed r4=0 r7=0 r8=0 other=0
153 pid=FFFCCA63 time interval-ms=10028 swaps=149 present-ms=6 draw-ms=55 upload-ms=82
154 pid=FFFCCA63 tsc frames=149 wall-ms=10028 vertex-ms=7935 flush-in-vertex-ms=0 flush-other-ms=140 bind-ms=1 iface-ms=55 beginend-ms=418 swap-ms=6 vertices=1011028 flushes=338 draws=338 sink-ms=1 sink-prep-ms=1 sinks=342
155 pid=FFFCCA63 paths batches/triangles untextured=842/1684 hw=5429/12191 cpu=0/0 cpu-nonsquare=0/0 hw-refused=0/0
156 pid=FFFCCA63 counters hwtex live=34 creates=34 create-failed=0 evictions=0 uploads=817 upload-kb=25891 squared=0 alpha-dropped=333 stubs=0 failed r4=0 r7=0 r8=0 other=0
249 pid=FFFC739F time interval-ms=10016 swaps=96 present-ms=4 draw-ms=8 upload-ms=54
250 pid=FFFC739F tsc frames=96 wall-ms=10016 vertex-ms=8177 flush-in-vertex-ms=0 flush-other-ms=96 bind-ms=32 iface-ms=8 beginend-ms=380 swap-ms=4 vertices=956454 flushes=230 draws=230 sink-ms=1 sink-prep-ms=1 sinks=230
251 pid=FFFC739F paths batches/triangles untextured=2357/7342 hw=301807/11231623 cpu=0/0 cpu-nonsquare=0/0 hw-refused=0/0
252 pid=FFFC739F counters hwtex live=104 creates=104 create-failed=0 evictions=0 uploads=3331 upload-kb=105932 squared=0 alpha-dropped=1549 stubs=0 failed r4=0 r7=0 r8=0 other=0
157 pid=FFFCCA63 time interval-ms=10008 swaps=129 present-ms=5 draw-ms=10 upload-ms=55
158 pid=FFFCCA63 tsc frames=129 wall-ms=10008 vertex-ms=8276 flush-in-vertex-ms=0 flush-other-ms=102 bind-ms=35 iface-ms=10 beginend-ms=388 swap-ms=6 vertices=939500 flushes=310 draws=310 sink-ms=1 sink-prep-ms=1 sinks=314
159 pid=FFFCCA63 paths batches/triangles untextured=887/1774 hw=5694/12763 cpu=0/0 cpu-nonsquare=0/0 hw-refused=0/0
160 pid=FFFCCA63 counters hwtex live=34 creates=34 create-failed=0 evictions=0 uploads=845 upload-kb=26787 squared=0 alpha-dropped=333 stubs=0 failed r4=0 r7=0 r8=0 other=0
253 pid=FFFC739F time interval-ms=10033 swaps=152 present-ms=22 draw-ms=43 upload-ms=107
254 pid=FFFC739F tsc frames=152 wall-ms=10033 vertex-ms=8084 flush-in-vertex-ms=0 flush-other-ms=253 bind-ms=101 iface-ms=43 beginend-ms=320 swap-ms=22 vertices=1024542 flushes=345 draws=345 sink-ms=2 sink-prep-ms=1 sinks=350
255 pid=FFFC739F paths batches/triangles untextured=2390/7408 hw=302119/11232285 cpu=0/0 cpu-nonsquare=0/0 hw-refused=0/0
256 pid=FFFC739F counters hwtex live=104 creates=104 create-failed=0 evictions=0 uploads=3382 upload-kb=107564 squared=0 alpha-dropped=1549 stubs=0 failed r4=0 r7=0 r8=0 other=0
161 pid=FFFCCA63 time interval-ms=10061 swaps=99 present-ms=4 draw-ms=76 upload-ms=149
162 pid=FFFCCA63 tsc frames=99 wall-ms=10061 vertex-ms=8224 flush-in-vertex-ms=0 flush-other-ms=229 bind-ms=1 iface-ms=76 beginend-ms=346 swap-ms=4 vertices=949782 flushes=221 draws=221 sink-ms=1 sink-prep-ms=1 sinks=222
163 pid=FFFCCA63 paths batches/triangles untextured=910/1820 hw=5892/13175 cpu=0/0 cpu-nonsquare=0/0 hw-refused=0/0
164 pid=FFFCCA63 counters hwtex live=34 creates=34 create-failed=0 evictions=0 uploads=918 upload-kb=29123 squared=0 alpha-dropped=333 stubs=0 failed r4=0 r7=0 r8=0 other=0
257 pid=FFFC739F time interval-ms=10030 swaps=142 present-ms=6 draw-ms=15 upload-ms=113
258 pid=FFFC739F tsc frames=142 wall-ms=10030 vertex-ms=8182 flush-in-vertex-ms=0 flush-other-ms=131 bind-ms=1 iface-ms=15 beginend-ms=288 swap-ms=6 vertices=1012690 flushes=340 draws=340 sink-ms=1 sink-prep-ms=1 sinks=344
259 pid=FFFC739F paths batches/triangles untextured=2440/7508 hw=302409/11232911 cpu=0/0 cpu-nonsquare=0/0 hw-refused=0/0
260 pid=FFFC739F counters hwtex live=104 creates=104 create-failed=0 evictions=0 uploads=3424 upload-kb=108908 squared=0 alpha-dropped=1549 stubs=0 failed r4=0 r7=0 r8=0 other=0
165 pid=FFFCCA63 time interval-ms=10097 swaps=105 present-ms=4 draw-ms=12 upload-ms=47
166 pid=FFFCCA63 tsc frames=105 wall-ms=10097 vertex-ms=8165 flush-in-vertex-ms=0 flush-other-ms=99 bind-ms=38 iface-ms=12 beginend-ms=381 swap-ms=39 vertices=935537 flushes=373 draws=373 sink-ms=1 sink-prep-ms=1 sinks=401
167 pid=FFFCCA63 paths batches/triangles untextured=922/1844 hw=6253/14004 cpu=0/0 cpu-nonsquare=0/0 hw-refused=0/0
168 pid=FFFCCA63 counters hwtex live=34 creates=34 create-failed=0 evictions=0 uploads=955 upload-kb=30307 squared=0 alpha-dropped=333 stubs=0 failed r4=0 r7=0 r8=0 other=0
261 pid=FFFC739F time interval-ms=10058 swaps=88 present-ms=4 draw-ms=17 upload-ms=109
262 pid=FFFC739F tsc frames=88 wall-ms=10058 vertex-ms=8079 flush-in-vertex-ms=0 flush-other-ms=151 bind-ms=23 iface-ms=17 beginend-ms=335 swap-ms=4 vertices=928864 flushes=197 draws=197 sink-ms=1 sink-prep-ms=1 sinks=197
263 pid=FFFC739F paths batches/triangles untextured=2458/7544 hw=302588/11233279 cpu=0/0 cpu-nonsquare=0/0 hw-refused=0/0
264 pid=FFFC739F counters hwtex live=104 creates=104 create-failed=0 evictions=0 uploads=3492 upload-kb=111084 squared=0 alpha-dropped=1549 stubs=0 failed r4=0 r7=0 r8=0 other=0
169 pid=FFFCCA63 time interval-ms=10034 swaps=196 present-ms=7 draw-ms=15 upload-ms=5
170 pid=FFFCCA63 tsc frames=196 wall-ms=10034 vertex-ms=8185 flush-in-vertex-ms=0 flush-other-ms=48 bind-ms=26 iface-ms=15 beginend-ms=301 swap-ms=8 vertices=957275 flushes=490 draws=490 sink-ms=2 sink-prep-ms=1 sinks=490
171 pid=FFFCCA63 paths batches/triangles untextured=1032/2064 hw=6633/14982 cpu=0/0 cpu-nonsquare=0/0 hw-refused=0/0
172 pid=FFFCCA63 counters hwtex live=34 creates=34 create-failed=0 evictions=0 uploads=959 upload-kb=30435 squared=0 alpha-dropped=444 stubs=0 failed r4=0 r7=0 r8=0 other=0
265 pid=FFFC739F time interval-ms=10033 swaps=105 present-ms=4 draw-ms=13 upload-ms=73
266 pid=FFFC739F tsc frames=105 wall-ms=10033 vertex-ms=7866 flush-in-vertex-ms=0 flush-other-ms=93 bind-ms=4 iface-ms=13 beginend-ms=443 swap-ms=5 vertices=915779 flushes=404 draws=404 sink-ms=2 sink-prep-ms=1 sinks=434
267 pid=FFFC739F paths batches/triangles untextured=2470/7568 hw=302980/11234206 cpu=0/0 cpu-nonsquare=0/0 hw-refused=0/0
268 pid=FFFC739F counters hwtex live=104 creates=104 create-failed=0 evictions=0 uploads=3520 upload-kb=111980 squared=0 alpha-dropped=1549 stubs=0 failed r4=0 r7=0 r8=0 other=0
173 pid=FFFCCA63 time interval-ms=10014 swaps=113 present-ms=34 draw-ms=13 upload-ms=158
174 pid=FFFCCA63 tsc frames=113 wall-ms=10014 vertex-ms=8117 flush-in-vertex-ms=0 flush-other-ms=224 bind-ms=50 iface-ms=13 beginend-ms=204 swap-ms=12 vertices=998707 flushes=268 draws=268 sink-ms=1 sink-prep-ms=1 sinks=270
175 pid=FFFCCA63 paths batches/triangles untextured=1071/2142 hw=6862/15464 cpu=0/0 cpu-nonsquare=0/0 hw-refused=0/0
176 pid=FFFCCA63 counters hwtex live=34 creates=34 create-failed=0 evictions=0 uploads=1018 upload-kb=32323 squared=0 alpha-dropped=444 stubs=0 failed r4=0 r7=0 r8=0 other=0
269 pid=FFFC739F time interval-ms=10021 swaps=195 present-ms=22 draw-ms=15 upload-ms=15
270 pid=FFFC739F tsc frames=195 wall-ms=10021 vertex-ms=7944 flush-in-vertex-ms=0 flush-other-ms=94 bind-ms=62 iface-ms=15 beginend-ms=419 swap-ms=23 vertices=945446 flushes=462 draws=462 sink-ms=2 sink-prep-ms=1 sinks=462
271 pid=FFFC739F paths batches/triangles untextured=2586/7800 hw=303326/11235082 cpu=0/0 cpu-nonsquare=0/0 hw-refused=0/0
272 pid=FFFC739F counters hwtex live=104 creates=104 create-failed=0 evictions=0 uploads=3532 upload-kb=112364 squared=0 alpha-dropped=1660 stubs=0 failed r4=0 r7=0 r8=0 other=0
177 pid=FFFCCA63 time interval-ms=10010 swaps=136 present-ms=5 draw-ms=22 upload-ms=56
178 pid=FFFCCA63 tsc frames=136 wall-ms=10010 vertex-ms=7733 flush-in-vertex-ms=0 flush-other-ms=121 bind-ms=40 iface-ms=22 beginend-ms=586 swap-ms=6 vertices=969683 flushes=309 draws=309 sink-ms=1 sink-prep-ms=1 sinks=312
179 pid=FFFCCA63 paths batches/triangles untextured=1100/2200 hw=7142/16050 cpu=0/0 cpu-nonsquare=0/0 hw-refused=0/0
180 pid=FFFCCA63 counters hwtex live=34 creates=34 create-failed=0 evictions=0 uploads=1047 upload-kb=33251 squared=0 alpha-dropped=444 stubs=0 failed r4=0 r7=0 r8=0 other=0
273 pid=FFFC739F time interval-ms=10069 swaps=112 present-ms=4 draw-ms=12 upload-ms=68
274 pid=FFFC739F tsc frames=112 wall-ms=10069 vertex-ms=7828 flush-in-vertex-ms=0 flush-other-ms=106 bind-ms=24 iface-ms=12 beginend-ms=252 swap-ms=5 vertices=973241 flushes=259 draws=259 sink-ms=1 sink-prep-ms=1 sinks=261
275 pid=FFFC739F paths batches/triangles untextured=2619/7866 hw=303552/11235556 cpu=0/0 cpu-nonsquare=0/0 hw-refused=0/0
276 pid=FFFC739F counters hwtex live=104 creates=104 create-failed=0 evictions=0 uploads=3583 upload-kb=113996 squared=0 alpha-dropped=1660 stubs=0 failed r4=0 r7=0 r8=0 other=0
181 pid=FFFCCA63 time interval-ms=10105 swaps=133 present-ms=7 draw-ms=40 upload-ms=163
182 pid=FFFCCA63 tsc frames=133 wall-ms=10105 vertex-ms=8402 flush-in-vertex-ms=0 flush-other-ms=212 bind-ms=6 iface-ms=40 beginend-ms=174 swap-ms=8 vertices=1017664 flushes=321 draws=321 sink-ms=2 sink-prep-ms=1 sinks=325
183 pid=FFFCCA63 paths batches/triangles untextured=1150/2300 hw=7413/16636 cpu=0/0 cpu-nonsquare=0/0 hw-refused=0/0
184 pid=FFFCCA63 counters hwtex live=34 creates=34 create-failed=0 evictions=0 uploads=1107 upload-kb=35171 squared=0 alpha-dropped=444 stubs=0 failed r4=0 r7=0 r8=0 other=0
277 pid=FFFC739F time interval-ms=10062 swaps=147 present-ms=6 draw-ms=12 upload-ms=125
278 pid=FFFC739F tsc frames=147 wall-ms=10062 vertex-ms=7866 flush-in-vertex-ms=0 flush-other-ms=231 bind-ms=91 iface-ms=12 beginend-ms=265 swap-ms=6 vertices=1014458 flushes=341 draws=341 sink-ms=1 sink-prep-ms=1 sinks=344
279 pid=FFFC739F paths batches/triangles untextured=2658/7944 hw=303854/11236185 cpu=0/0 cpu-nonsquare=0/0 hw-refused=0/0
280 pid=FFFC739F counters hwtex live=104 creates=104 create-failed=0 evictions=0 uploads=3619 upload-kb=115148 squared=0 alpha-dropped=1660 stubs=0 failed r4=0 r7=0 r8=0 other=0
185 pid=FFFCCA63 time interval-ms=10014 swaps=103 present-ms=6 draw-ms=23 upload-ms=146
186 pid=FFFCCA63 tsc frames=103 wall-ms=10014 vertex-ms=8035 flush-in-vertex-ms=0 flush-other-ms=172 bind-ms=1 iface-ms=23 beginend-ms=364 swap-ms=6 vertices=952115 flushes=252 draws=252 sink-ms=1 sink-prep-ms=1 sinks=252
187 pid=FFFCCA63 paths batches/triangles untextured=1173/2346 hw=7642/17108 cpu=0/0 cpu-nonsquare=0/0 hw-refused=0/0
188 pid=FFFCCA63 counters hwtex live=34 creates=34 create-failed=0 evictions=0 uploads=1167 upload-kb=37091 squared=0 alpha-dropped=444 stubs=0 failed r4=0 r7=0 r8=0 other=0
281 pid=FFFC739F time interval-ms=10028 swaps=125 present-ms=5 draw-ms=10 upload-ms=170
282 pid=FFFC739F tsc frames=125 wall-ms=10028 vertex-ms=8247 flush-in-vertex-ms=0 flush-other-ms=186 bind-ms=2 iface-ms=10 beginend-ms=379 swap-ms=5 vertices=1042113 flushes=296 draws=296 sink-ms=2 sink-prep-ms=1 sinks=300
283 pid=FFFC739F paths batches/triangles untextured=2698/8024 hw=304110/11236740 cpu=0/0 cpu-nonsquare=0/0 hw-refused=0/0
284 pid=FFFC739F counters hwtex live=104 creates=104 create-failed=0 evictions=0 uploads=3683 upload-kb=117196 squared=0 alpha-dropped=1660 stubs=0 failed r4=0 r7=0 r8=0 other=0
189 pid=FFFCCA63 time interval-ms=10040 swaps=109 present-ms=20 draw-ms=16 upload-ms=22
190 pid=FFFCCA63 tsc frames=109 wall-ms=10040 vertex-ms=8233 flush-in-vertex-ms=0 flush-other-ms=42 bind-ms=2 iface-ms=16 beginend-ms=245 swap-ms=20 vertices=996023 flushes=537 draws=537 sink-ms=2 sink-prep-ms=1 sinks=567
191 pid=FFFCCA63 paths batches/triangles untextured=1180/2360 hw=8172/18459 cpu=0/0 cpu-nonsquare=0/0 hw-refused=0/0
192 pid=FFFCCA63 counters hwtex live=34 creates=34 create-failed=0 evictions=0 uploads=1184 upload-kb=37635 squared=0 alpha-dropped=444 stubs=0 failed r4=0 r7=0 r8=0 other=0
285 pid=FFFC739F time interval-ms=10030 swaps=114 present-ms=5 draw-ms=16 upload-ms=101
286 pid=FFFC739F tsc frames=114 wall-ms=10030 vertex-ms=8308 flush-in-vertex-ms=0 flush-other-ms=126 bind-ms=6 iface-ms=16 beginend-ms=344 swap-ms=5 vertices=1023229 flushes=343 draws=343 sink-ms=2 sink-prep-ms=1 sinks=349
287 pid=FFFC739F paths batches/triangles untextured=2723/8074 hw=304428/11237405 cpu=0/0 cpu-nonsquare=0/0 hw-refused=0/0
288 pid=FFFC739F counters hwtex live=104 creates=104 create-failed=0 evictions=0 uploads=3740 upload-kb=119020 squared=0 alpha-dropped=1660 stubs=0 failed r4=0 r7=0 r8=0 other=0
193 pid=FFFCCA63 time interval-ms=10081 swaps=195 present-ms=7 draw-ms=10 upload-ms=47
194 pid=FFFCCA63 tsc frames=195 wall-ms=10081 vertex-ms=8090 flush-in-vertex-ms=0 flush-other-ms=79 bind-ms=20 iface-ms=10 beginend-ms=463 swap-ms=7 vertices=1028370 flushes=332 draws=332 sink-ms=1 sink-prep-ms=1 sinks=332
195 pid=FFFCCA63 paths batches/triangles untextured=1318/2636 hw=8366/18881 cpu=0/0 cpu-nonsquare=0/0 hw-refused=0/0
196 pid=FFFCCA63 counters hwtex live=34 creates=34 create-failed=0 evictions=0 uploads=1211 upload-kb=38499 squared=0 alpha-dropped=555 stubs=0 failed r4=0 r7=0 r8=0 other=0
289 pid=FFFC739F time interval-ms=10003 swaps=145 present-ms=22 draw-ms=15 upload-ms=12
290 pid=FFFC739F tsc frames=145 wall-ms=10003 vertex-ms=8164 flush-in-vertex-ms=0 flush-other-ms=101 bind-ms=71 iface-ms=15 beginend-ms=378 swap-ms=22 vertices=963368 flushes=514 draws=514 sink-ms=2 sink-prep-ms=1 sinks=536
291 pid=FFFC739F paths batches/triangles untextured=2779/8186 hw=304886/11238617 cpu=0/0 cpu-nonsquare=0/0 hw-refused=0/0
292 pid=FFFC739F counters hwtex live=104 creates=104 create-failed=0 evictions=0 uploads=3750 upload-kb=119340 squared=0 alpha-dropped=1712 stubs=0 failed r4=0 r7=0 r8=0 other=0
197 pid=FFFCCA63 time interval-ms=10006 swaps=143 present-ms=11 draw-ms=22 upload-ms=88
198 pid=FFFCCA63 tsc frames=143 wall-ms=10006 vertex-ms=7877 flush-in-vertex-ms=0 flush-other-ms=122 bind-ms=10 iface-ms=22 beginend-ms=330 swap-ms=11 vertices=1041516 flushes=331 draws=331 sink-ms=1 sink-prep-ms=1 sinks=335
199 pid=FFFCCA63 paths batches/triangles untextured=1355/2710 hw=8660/19505 cpu=0/0 cpu-nonsquare=0/0 hw-refused=0/0
200 pid=FFFCCA63 counters hwtex live=34 creates=34 create-failed=0 evictions=0 uploads=1274 upload-kb=40515 squared=0 alpha-dropped=555 stubs=0 failed r4=0 r7=0 r8=0 other=0
293 pid=FFFC739F time interval-ms=10017 swaps=151 present-ms=19 draw-ms=44 upload-ms=59
294 pid=FFFC739F tsc frames=151 wall-ms=10017 vertex-ms=8235 flush-in-vertex-ms=0 flush-other-ms=165 bind-ms=60 iface-ms=44 beginend-ms=368 swap-ms=20 vertices=1009126 flushes=277 draws=277 sink-ms=1 sink-prep-ms=1 sinks=277
295 pid=FFFC739F paths batches/triangles untextured=2871/8370 hw=305071/11238999 cpu=0/0 cpu-nonsquare=0/0 hw-refused=0/0
296 pid=FFFC739F counters hwtex live=104 creates=104 create-failed=0 evictions=0 uploads=3783 upload-kb=120396 squared=0 alpha-dropped=1771 stubs=0 failed r4=0 r7=0 r8=0 other=0
201 pid=FFFCCA63 time interval-ms=10032 swaps=139 present-ms=6 draw-ms=31 upload-ms=69
202 pid=FFFCCA63 tsc frames=139 wall-ms=10032 vertex-ms=8195 flush-in-vertex-ms=0 flush-other-ms=133 bind-ms=30 iface-ms=31 beginend-ms=345 swap-ms=6 vertices=990290 flushes=327 draws=327 sink-ms=1 sink-prep-ms=1 sinks=331
203 pid=FFFCCA63 paths batches/triangles untextured=1396/2792 hw=8946/20119 cpu=0/0 cpu-nonsquare=0/0 hw-refused=0/0
204 pid=FFFCCA63 counters hwtex live=34 creates=34 create-failed=0 evictions=0 uploads=1295 upload-kb=41187 squared=0 alpha-dropped=555 stubs=0 failed r4=0 r7=0 r8=0 other=0
297 pid=FFFC739F time interval-ms=10021 swaps=151 present-ms=9 draw-ms=46 upload-ms=94
298 pid=FFFC739F tsc frames=151 wall-ms=10021 vertex-ms=7697 flush-in-vertex-ms=0 flush-other-ms=143 bind-ms=1 iface-ms=46 beginend-ms=355 swap-ms=9 vertices=1043323 flushes=342 draws=342 sink-ms=1 sink-prep-ms=1 sinks=346
299 pid=FFFC739F paths batches/triangles untextured=2906/8440 hw=305378/11239651 cpu=0/0 cpu-nonsquare=0/0 hw-refused=0/0
300 pid=FFFC739F counters hwtex live=104 creates=104 create-failed=0 evictions=0 uploads=3841 upload-kb=122252 squared=0 alpha-dropped=1771 stubs=0 failed r4=0 r7=0 r8=0 other=0
205 pid=FFFCCA63 time interval-ms=10034 swaps=108 present-ms=5 draw-ms=29 upload-ms=186
206 pid=FFFCCA63 tsc frames=108 wall-ms=10034 vertex-ms=8097 flush-in-vertex-ms=0 flush-other-ms=219 bind-ms=2 iface-ms=29 beginend-ms=362 swap-ms=5 vertices=1018260 flushes=245 draws=245 sink-ms=1 sink-prep-ms=1 sinks=246
207 pid=FFFCCA63 paths batches/triangles untextured=1423/2846 hw=9164/20569 cpu=0/0 cpu-nonsquare=0/0 hw-refused=0/0
208 pid=FFFCCA63 counters hwtex live=34 creates=34 create-failed=0 evictions=0 uploads=1372 upload-kb=43651 squared=0 alpha-dropped=555 stubs=0 failed r4=0 r7=0 r8=0 other=0
301 pid=FFFC739F time interval-ms=10007 swaps=136 present-ms=6 draw-ms=29 upload-ms=71
302 pid=FFFC739F tsc frames=136 wall-ms=10007 vertex-ms=8067 flush-in-vertex-ms=0 flush-other-ms=122 bind-ms=20 iface-ms=29 beginend-ms=283 swap-ms=6 vertices=1014853 flushes=328 draws=328 sink-ms=1 sink-prep-ms=1 sinks=333
303 pid=FFFC739F paths batches/triangles untextured=2954/8536 hw=305658/11240257 cpu=0/0 cpu-nonsquare=0/0 hw-refused=0/0
304 pid=FFFC739F counters hwtex live=104 creates=104 create-failed=0 evictions=0 uploads=3873 upload-kb=123276 squared=0 alpha-dropped=1771 stubs=0 failed r4=0 r7=0 r8=0 other=0
209 pid=FFFCCA63 time interval-ms=10089 swaps=111 present-ms=16 draw-ms=28 upload-ms=90
210 pid=FFFCCA63 tsc frames=111 wall-ms=10089 vertex-ms=7915 flush-in-vertex-ms=0 flush-other-ms=190 bind-ms=55 iface-ms=28 beginend-ms=300 swap-ms=16 vertices=1009230 flushes=381 draws=381 sink-ms=2 sink-prep-ms=1 sinks=412
211 pid=FFFCCA63 paths batches/triangles untextured=1438/2876 hw=9530/21416 cpu=0/0 cpu-nonsquare=0/0 hw-refused=0/0
212 pid=FFFCCA63 counters hwtex live=34 creates=34 create-failed=0 evictions=0 uploads=1413 upload-kb=44963 squared=0 alpha-dropped=555 stubs=0 failed r4=0 r7=0 r8=0 other=0
305 pid=FFFC739F time interval-ms=10006 swaps=104 present-ms=4 draw-ms=19 upload-ms=193
306 pid=FFFC739F tsc frames=104 wall-ms=10006 vertex-ms=8379 flush-in-vertex-ms=0 flush-other-ms=214 bind-ms=1 iface-ms=19 beginend-ms=216 swap-ms=4 vertices=1015184 flushes=228 draws=228 sink-ms=1 sink-prep-ms=1 sinks=228
307 pid=FFFC739F paths batches/triangles untextured=2974/8576 hw=305866/11240686 cpu=0/0 cpu-nonsquare=0/0 hw-refused=0/0
308 pid=FFFC739F counters hwtex live=104 creates=104 create-failed=0 evictions=0 uploads=3951 upload-kb=125772 squared=0 alpha-dropped=1771 stubs=0 failed r4=0 r7=0 r8=0 other=0
213 pid=FFFCCA63 time interval-ms=10069 swaps=201 present-ms=29 draw-ms=40 upload-ms=27
214 pid=FFFCCA63 tsc frames=201 wall-ms=10069 vertex-ms=8265 flush-in-vertex-ms=0 flush-other-ms=73 bind-ms=3 iface-ms=40 beginend-ms=389 swap-ms=30 vertices=1014345 flushes=508 draws=508 sink-ms=2 sink-prep-ms=1 sinks=508
215 pid=FFFCCA63 paths batches/triangles untextured=1552/3104 hw=9924/22424 cpu=0/0 cpu-nonsquare=0/0 hw-refused=0/0
216 pid=FFFCCA63 counters hwtex live=34 creates=34 create-failed=0 evictions=0 uploads=1422 upload-kb=45251 squared=0 alpha-dropped=666 stubs=0 failed r4=0 r7=0 r8=0 other=0
309 pid=FFFC739F time interval-ms=10000 swaps=107 present-ms=38 draw-ms=13 upload-ms=73
310 pid=FFFC739F tsc frames=107 wall-ms=10000 vertex-ms=8465 flush-in-vertex-ms=0 flush-other-ms=178 bind-ms=90 iface-ms=13 beginend-ms=272 swap-ms=38 vertices=935642 flushes=412 draws=412 sink-ms=2 sink-prep-ms=1 sinks=442
311 pid=FFFC739F paths batches/triangles untextured=2986/8600 hw=306266/11241633 cpu=0/0 cpu-nonsquare=0/0 hw-refused=0/0
312 pid=FFFC739F counters hwtex live=104 creates=104 create-failed=0 evictions=0 uploads=3980 upload-kb=126700 squared=0 alpha-dropped=1771 stubs=0 failed r4=0 r7=0 r8=0 other=0
217 pid=FFFCCA63 time interval-ms=10001 swaps=140 present-ms=6 draw-ms=19 upload-ms=119
218 pid=FFFCCA63 tsc frames=140 wall-ms=10001 vertex-ms=8139 flush-in-vertex-ms=0 flush-other-ms=143 bind-ms=3 iface-ms=19 beginend-ms=323 swap-ms=6 vertices=1115628 flushes=320 draws=320 sink-ms=1 sink-prep-ms=1 sinks=324
219 pid=FFFCCA63 paths batches/triangles untextured=1589/3178 hw=10207/23023 cpu=0/0 cpu-nonsquare=0/0 hw-refused=0/0
220 pid=FFFCCA63 counters hwtex live=34 creates=34 create-failed=0 evictions=0 uploads=1484 upload-kb=47235 squared=0 alpha-dropped=666 stubs=0 failed r4=0 r7=0 r8=0 other=0
313 pid=FFFC739F time interval-ms=10020 swaps=194 present-ms=7 draw-ms=17 upload-ms=16
314 pid=FFFC739F tsc frames=194 wall-ms=10020 vertex-ms=8239 flush-in-vertex-ms=0 flush-other-ms=52 bind-ms=17 iface-ms=17 beginend-ms=366 swap-ms=7 vertices=943623 flushes=457 draws=457 sink-ms=2 sink-prep-ms=1 sinks=457
315 pid=FFFC739F paths batches/triangles untextured=3103/8834 hw=306606/11242493 cpu=0/0 cpu-nonsquare=0/0 hw-refused=0/0
316 pid=FFFC739F counters hwtex live=104 creates=104 create-failed=0 evictions=0 uploads=3992 upload-kb=127084 squared=0 alpha-dropped=1882 stubs=0 failed r4=0 r7=0 r8=0 other=0
221 pid=FFFCCA63 time interval-ms=10061 swaps=144 present-ms=6 draw-ms=71 upload-ms=60
222 pid=FFFCCA63 tsc frames=144 wall-ms=10061 vertex-ms=8066 flush-in-vertex-ms=0 flush-other-ms=153 bind-ms=3 iface-ms=71 beginend-ms=342 swap-ms=6 vertices=1043524 flushes=343 draws=343 sink-ms=1 sink-prep-ms=1 sinks=344
223 pid=FFFCCA63 paths batches/triangles untextured=1638/3276 hw=10501/23649 cpu=0/0 cpu-nonsquare=0/0 hw-refused=0/0
224 pid=FFFCCA63 counters hwtex live=34 creates=34 create-failed=0 evictions=0 uploads=1522 upload-kb=48451 squared=0 alpha-dropped=666 stubs=0 failed r4=0 r7=0 r8=0 other=0
317 pid=FFFC739F time interval-ms=10011 swaps=133 present-ms=17 draw-ms=40 upload-ms=145
318 pid=FFFC739F tsc frames=133 wall-ms=10011 vertex-ms=8386 flush-in-vertex-ms=0 flush-other-ms=225 bind-ms=38 iface-ms=40 beginend-ms=357 swap-ms=18 vertices=1055885 flushes=304 draws=304 sink-ms=1 sink-prep-ms=1 sinks=308
319 pid=FFFC739F paths batches/triangles untextured=3135/8898 hw=306878/11243069 cpu=0/0 cpu-nonsquare=0/0 hw-refused=0/0
320 pid=FFFC739F counters hwtex live=104 creates=104 create-failed=0 evictions=0 uploads=4049 upload-kb=128908 squared=0 alpha-dropped=1882 stubs=0 failed r4=0 r7=0 r8=0 other=0
225 pid=FFFCCA63 time interval-ms=10020 swaps=122 present-ms=5 draw-ms=10 upload-ms=103
226 pid=FFFCCA63 tsc frames=122 wall-ms=10020 vertex-ms=7860 flush-in-vertex-ms=0 flush-other-ms=240 bind-ms=124 iface-ms=10 beginend-ms=399 swap-ms=6 vertices=1030685 flushes=280 draws=280 sink-ms=1 sink-prep-ms=1 sinks=284
227 pid=FFFCCA63 paths batches/triangles untextured=1670/3340 hw=10749/24169 cpu=0/0 cpu-nonsquare=0/0 hw-refused=0/0
228 pid=FFFCCA63 counters hwtex live=34 creates=34 create-failed=0 evictions=0 uploads=1586 upload-kb=50499 squared=0 alpha-dropped=666 stubs=0 failed r4=0 r7=0 r8=0 other=0
321 pid=FFFC739F time interval-ms=10007 swaps=139 present-ms=5 draw-ms=12 upload-ms=72
322 pid=FFFC739F tsc frames=139 wall-ms=10007 vertex-ms=8348 flush-in-vertex-ms=0 flush-other-ms=87 bind-ms=1 iface-ms=12 beginend-ms=301 swap-ms=6 vertices=1010866 flushes=330 draws=330 sink-ms=1 sink-prep-ms=1 sinks=331
323 pid=FFFC739F paths batches/triangles untextured=3180/8988 hw=307163/11243673 cpu=0/0 cpu-nonsquare=0/0 hw-refused=0/0
324 pid=FFFC739F counters hwtex live=104 creates=104 create-failed=0 evictions=0 uploads=4083 upload-kb=129996 squared=0 alpha-dropped=1882 stubs=0 failed r4=0 r7=0 r8=0 other=0
229 pid=FFFCCA63 time interval-ms=10023 swaps=106 present-ms=4 draw-ms=11 upload-ms=80
230 pid=FFFCCA63 tsc frames=106 wall-ms=10023 vertex-ms=7827 flush-in-vertex-ms=0 flush-other-ms=160 bind-ms=67 iface-ms=11 beginend-ms=450 swap-ms=5 vertices=979614 flushes=337 draws=337 sink-ms=1 sink-prep-ms=1 sinks=353
231 pid=FFFCCA63 paths batches/triangles untextured=1691/3382 hw=11065/24852 cpu=0/0 cpu-nonsquare=0/0 hw-refused=0/0
232 pid=FFFCCA63 counters hwtex live=34 creates=34 create-failed=0 evictions=0 uploads=1636 upload-kb=52099 squared=0 alpha-dropped=666 stubs=0 failed r4=0 r7=0 r8=0 other=0
325 pid=FFFC739F time interval-ms=10036 swaps=116 present-ms=5 draw-ms=26 upload-ms=181
326 pid=FFFC739F tsc frames=116 wall-ms=10036 vertex-ms=8090 flush-in-vertex-ms=0 flush-other-ms=220 bind-ms=11 iface-ms=26 beginend-ms=240 swap-ms=5 vertices=1002071 flushes=271 draws=271 sink-ms=1 sink-prep-ms=1 sinks=275
327 pid=FFFC739F paths batches/triangles untextured=3214/9056 hw=307400/11244177 cpu=0/0 cpu-nonsquare=0/0 hw-refused=0/0
328 pid=FFFC739F counters hwtex live=104 creates=104 create-failed=0 evictions=0 uploads=4150 upload-kb=132140 squared=0 alpha-dropped=1882 stubs=0 failed r4=0 r7=0 r8=0 other=0
233 pid=FFFCCA63 time interval-ms=10000 swaps=197 present-ms=7 draw-ms=19 upload-ms=28
234 pid=FFFCCA63 tsc frames=197 wall-ms=10000 vertex-ms=8320 flush-in-vertex-ms=0 flush-other-ms=55 bind-ms=6 iface-ms=19 beginend-ms=411 swap-ms=8 vertices=1018243 flushes=544 draws=544 sink-ms=2 sink-prep-ms=2 sinks=558
235 pid=FFFCCA63 paths batches/triangles untextured=1806/3612 hw=11494/25992 cpu=0/0 cpu-nonsquare=0/0 hw-refused=0/0
236 pid=FFFCCA63 counters hwtex live=34 creates=34 create-failed=0 evictions=0 uploads=1644 upload-kb=52355 squared=0 alpha-dropped=777 stubs=0 failed r4=0 r7=0 r8=0 other=0
329 pid=FFFC739F time interval-ms=10017 swaps=111 present-ms=4 draw-ms=25 upload-ms=159
330 pid=FFFC739F tsc frames=111 wall-ms=10017 vertex-ms=7945 flush-in-vertex-ms=0 flush-other-ms=220 bind-ms=16 iface-ms=25 beginend-ms=373 swap-ms=5 vertices=980243 flushes=338 draws=338 sink-ms=1 sink-prep-ms=1 sinks=345
331 pid=FFFC739F paths batches/triangles untextured=3239/9106 hw=307713/11244834 cpu=0/0 cpu-nonsquare=0/0 hw-refused=0/0
332 pid=FFFC739F counters hwtex live=104 creates=104 create-failed=0 evictions=0 uploads=4202 upload-kb=133804 squared=0 alpha-dropped=1882 stubs=0 failed r4=0 r7=0 r8=0 other=0
237 pid=FFFCCA63 time interval-ms=10020 swaps=106 present-ms=18 draw-ms=17 upload-ms=130
238 pid=FFFCCA63 tsc frames=106 wall-ms=10020 vertex-ms=8096 flush-in-vertex-ms=0 flush-other-ms=155 bind-ms=7 iface-ms=17 beginend-ms=466 swap-ms=19 vertices=1039024 flushes=249 draws=249 sink-ms=1 sink-prep-ms=1 sinks=249
239 pid=FFFCCA63 paths batches/triangles untextured=1841/3682 hw=11708/26430 cpu=0/0 cpu-nonsquare=0/0 hw-refused=0/0
240 pid=FFFCCA63 counters hwtex live=34 creates=34 create-failed=0 evictions=0 uploads=1690 upload-kb=53827 squared=0 alpha-dropped=777 stubs=0 failed r4=0 r7=0 r8=0 other=0
333 pid=FFFC739F time interval-ms=10008 swaps=143 present-ms=23 draw-ms=15 upload-ms=12
334 pid=FFFC739F tsc frames=143 wall-ms=10008 vertex-ms=7935 flush-in-vertex-ms=0 flush-other-ms=37 bind-ms=7 iface-ms=15 beginend-ms=278 swap-ms=23 vertices=954529 flushes=508 draws=508 sink-ms=2 sink-prep-ms=2 sinks=531
335 pid=FFFC739F paths batches/triangles untextured=3294/9216 hw=308166/11246038 cpu=0/0 cpu-nonsquare=0/0 hw-refused=0/0
336 pid=FFFC739F counters hwtex live=104 creates=104 create-failed=0 evictions=0 uploads=4212 upload-kb=134124 squared=0 alpha-dropped=1933 stubs=0 failed r4=0 r7=0 r8=0 other=0
241 pid=FFFCCA63 time interval-ms=10006 swaps=157 present-ms=6 draw-ms=12 upload-ms=77
242 pid=FFFCCA63 tsc frames=157 wall-ms=10006 vertex-ms=7763 flush-in-vertex-ms=0 flush-other-ms=119 bind-ms=28 iface-ms=12 beginend-ms=355 swap-ms=7 vertices=1072519 flushes=355 draws=355 sink-ms=2 sink-prep-ms=1 sinks=360
243 pid=FFFCCA63 paths batches/triangles untextured=1874/3748 hw=12030/27123 cpu=0/0 cpu-nonsquare=0/0 hw-refused=0/0
244 pid=FFFCCA63 counters hwtex live=34 creates=34 create-failed=0 evictions=0 uploads=1739 upload-kb=55395 squared=0 alpha-dropped=777 stubs=0 failed r4=0 r7=0 r8=0 other=0
337 pid=FFFC739F time interval-ms=10045 swaps=148 present-ms=6 draw-ms=9 upload-ms=60
338 pid=FFFC739F tsc frames=148 wall-ms=10045 vertex-ms=8366 flush-in-vertex-ms=0 flush-other-ms=136 bind-ms=33 iface-ms=9 beginend-ms=563 swap-ms=6 vertices=958819 flushes=266 draws=266 sink-ms=1 sink-prep-ms=1 sinks=266
339 pid=FFFC739F paths batches/triangles untextured=3383/9394 hw=308343/11246404 cpu=0/0 cpu-nonsquare=0/0 hw-refused=0/0
340 pid=FFFC739F counters hwtex live=104 creates=104 create-failed=0 evictions=0 uploads=4241 upload-kb=135052 squared=0 alpha-dropped=1993 stubs=0 failed r4=0 r7=0 r8=0 other=0
245 pid=FFFCCA63 time interval-ms=10019 swaps=145 present-ms=16 draw-ms=14 upload-ms=79
246 pid=FFFCCA63 tsc frames=145 wall-ms=10019 vertex-ms=8277 flush-in-vertex-ms=0 flush-other-ms=123 bind-ms=28 iface-ms=14 beginend-ms=369 swap-ms=16 vertices=1083436 flushes=347 draws=347 sink-ms=1 sink-prep-ms=1 sinks=351
247 pid=FFFCCA63 paths batches/triangles untextured=1924/3848 hw=12327/27761 cpu=0/0 cpu-nonsquare=0/0 hw-refused=0/0
248 pid=FFFCCA63 counters hwtex live=34 creates=34 create-failed=0 evictions=0 uploads=1797 upload-kb=57251 squared=0 alpha-dropped=777 stubs=0 failed r4=0 r7=0 r8=0 other=0
341 pid=FFFC739F time interval-ms=10069 swaps=146 present-ms=6 draw-ms=12 upload-ms=116
342 pid=FFFC739F tsc frames=146 wall-ms=10069 vertex-ms=8053 flush-in-vertex-ms=0 flush-other-ms=168 bind-ms=38 iface-ms=12 beginend-ms=373 swap-ms=6 vertices=1033071 flushes=337 draws=337 sink-ms=1 sink-prep-ms=1 sinks=341
343 pid=FFFC739F paths batches/triangles untextured=3422/9472 hw=308641/11247041 cpu=0/0 cpu-nonsquare=0/0 hw-refused=0/0
344 pid=FFFC739F counters hwtex live=104 creates=104 create-failed=0 evictions=0 uploads=4301 upload-kb=136972 squared=0 alpha-dropped=1993 stubs=0 failed r4=0 r7=0 r8=0 other=0
249 pid=FFFCCA63 time interval-ms=10032 swaps=110 present-ms=4 draw-ms=11 upload-ms=102
250 pid=FFFCCA63 tsc frames=110 wall-ms=10032 vertex-ms=8039 flush-in-vertex-ms=0 flush-other-ms=145 bind-ms=30 iface-ms=11 beginend-ms=264 swap-ms=5 vertices=1024133 flushes=285 draws=285 sink-ms=1 sink-prep-ms=1 sinks=285
251 pid=FFFCCA63 paths batches/triangles untextured=1949/3898 hw=12587/28295 cpu=0/0 cpu-nonsquare=0/0 hw-refused=0/0
252 pid=FFFCCA63 counters hwtex live=34 creates=34 create-failed=0 evictions=0 uploads=1861 upload-kb=59299 squared=0 alpha-dropped=777 stubs=0 failed r4=0 r7=0 r8=0 other=0
345 pid=FFFC739F time interval-ms=10023 swaps=139 present-ms=7 draw-ms=11 upload-ms=37
346 pid=FFFC739F tsc frames=139 wall-ms=10023 vertex-ms=8127 flush-in-vertex-ms=0 flush-other-ms=85 bind-ms=21 iface-ms=11 beginend-ms=293 swap-ms=6 vertices=1020005 flushes=327 draws=327 sink-ms=2 sink-prep-ms=1 sinks=331
347 pid=FFFC739F paths batches/triangles untextured=3464/9556 hw=308926/11247653 cpu=0/0 cpu-nonsquare=0/0 hw-refused=0/0
348 pid=FFFC739F counters hwtex live=104 creates=104 create-failed=0 evictions=0 uploads=4329 upload-kb=137868 squared=0 alpha-dropped=1993 stubs=0 failed r4=0 r7=0 r8=0 other=0
253 pid=FFFCCA63 time interval-ms=10049 swaps=106 present-ms=4 draw-ms=16 upload-ms=22
254 pid=FFFCCA63 tsc frames=106 wall-ms=10049 vertex-ms=8196 flush-in-vertex-ms=0 flush-other-ms=45 bind-ms=5 iface-ms=16 beginend-ms=354 swap-ms=5 vertices=967060 flushes=517 draws=517 sink-ms=2 sink-prep-ms=1 sinks=545
255 pid=FFFCCA63 paths batches/triangles untextured=1954/3908 hw=13099/29610 cpu=0/0 cpu-nonsquare=0/0 hw-refused=0/0
256 pid=FFFCCA63 counters hwtex live=34 creates=34 create-failed=0 evictions=0 uploads=1876 upload-kb=59779 squared=0 alpha-dropped=777 stubs=0 failed r4=0 r7=0 r8=0 other=0
349 pid=FFFC739F time interval-ms=10029 swaps=106 present-ms=4 draw-ms=31 upload-ms=114
350 pid=FFFC739F tsc frames=106 wall-ms=10029 vertex-ms=8044 flush-in-vertex-ms=0 flush-other-ms=149 bind-ms=1 iface-ms=31 beginend-ms=317 swap-ms=5 vertices=1034179 flushes=240 draws=240 sink-ms=1 sink-prep-ms=1 sinks=241
351 pid=FFFC739F paths batches/triangles untextured=3490/9608 hw=309140/11248099 cpu=0/0 cpu-nonsquare=0/0 hw-refused=0/0
352 pid=FFFC739F counters hwtex live=104 creates=104 create-failed=0 evictions=0 uploads=4409 upload-kb=140428 squared=0 alpha-dropped=1993 stubs=0 failed r4=0 r7=0 r8=0 other=0
257 pid=FFFCCA63 time interval-ms=10040 swaps=191 present-ms=35 draw-ms=10 upload-ms=38
258 pid=FFFCCA63 tsc frames=191 wall-ms=10040 vertex-ms=7969 flush-in-vertex-ms=0 flush-other-ms=89 bind-ms=39 iface-ms=10 beginend-ms=387 swap-ms=85 vertices=972158 flushes=315 draws=315 sink-ms=53 sink-prep-ms=53 sinks=315
259 pid=FFFCCA63 paths batches/triangles untextured=2088/4176 hw=13280/30002 cpu=0/0 cpu-nonsquare=0/0 hw-refused=0/0
260 pid=FFFCCA63 counters hwtex live=34 creates=34 create-failed=0 evictions=0 uploads=1903 upload-kb=60643 squared=0 alpha-dropped=888 stubs=0 failed r4=0 r7=0 r8=0 other=0
353 pid=FFFC739F time interval-ms=10087 swaps=123 present-ms=6 draw-ms=22 upload-ms=98
354 pid=FFFC739F tsc frames=123 wall-ms=10087 vertex-ms=8163 flush-in-vertex-ms=0 flush-other-ms=129 bind-ms=7 iface-ms=22 beginend-ms=416 swap-ms=5 vertices=1083477 flushes=492 draws=492 sink-ms=2 sink-prep-ms=1 sinks=522
355 pid=FFFC739F paths batches/triangles untextured=3502/9632 hw=309620/11249254 cpu=0/0 cpu-nonsquare=0/0 hw-refused=0/0
356 pid=FFFC739F counters hwtex live=104 creates=104 create-failed=0 evictions=0 uploads=4442 upload-kb=141484 squared=0 alpha-dropped=1993 stubs=0 failed r4=0 r7=0 r8=0 other=0
261 pid=FFFCCA63 time interval-ms=10011 swaps=131 present-ms=5 draw-ms=11 upload-ms=85
262 pid=FFFCCA63 tsc frames=131 wall-ms=10011 vertex-ms=8232 flush-in-vertex-ms=0 flush-other-ms=100 bind-ms=2 iface-ms=11 beginend-ms=207 swap-ms=6 vertices=970910 flushes=300 draws=300 sink-ms=1 sink-prep-ms=1 sinks=304
263 pid=FFFCCA63 paths batches/triangles untextured=2120/4240 hw=13548/30564 cpu=0/0 cpu-nonsquare=0/0 hw-refused=0/0
264 pid=FFFCCA63 counters hwtex live=34 creates=34 create-failed=0 evictions=0 uploads=1957 upload-kb=62371 squared=0 alpha-dropped=888 stubs=0 failed r4=0 r7=0 r8=0 other=0
357 pid=FFFC739F time interval-ms=10001 swaps=201 present-ms=10 draw-ms=13 upload-ms=19
358 pid=FFFC739F tsc frames=201 wall-ms=10001 vertex-ms=7933 flush-in-vertex-ms=0 flush-other-ms=37 bind-ms=1 iface-ms=13 beginend-ms=665 swap-ms=10 vertices=999023 flushes=427 draws=427 sink-ms=5 sink-prep-ms=4 sinks=427
359 pid=FFFC739F paths batches/triangles untextured=3623/9874 hw=309926/11250000 cpu=0/0 cpu-nonsquare=0/0 hw-refused=0/0
360 pid=FFFC739F counters hwtex live=104 creates=104 create-failed=0 evictions=0 uploads=4457 upload-kb=141964 squared=0 alpha-dropped=2104 stubs=0 failed r4=0 r7=0 r8=0 other=0
265 pid=FFFCCA63 time interval-ms=10023 swaps=142 present-ms=7 draw-ms=11 upload-ms=58
266 pid=FFFCCA63 tsc frames=142 wall-ms=10023 vertex-ms=8106 flush-in-vertex-ms=0 flush-other-ms=98 bind-ms=27 iface-ms=11 beginend-ms=374 swap-ms=6 vertices=1024648 flushes=331 draws=331 sink-ms=1 sink-prep-ms=1 sinks=332
267 pid=FFFCCA63 paths batches/triangles untextured=2162/4324 hw=13837/31186 cpu=0/0 cpu-nonsquare=0/0 hw-refused=0/0
268 pid=FFFCCA63 counters hwtex live=34 creates=34 create-failed=0 evictions=0 uploads=1988 upload-kb=63363 squared=0 alpha-dropped=888 stubs=0 failed r4=0 r7=0 r8=0 other=0
361 pid=FFFC739F time interval-ms=10014 swaps=132 present-ms=6 draw-ms=12 upload-ms=85
362 pid=FFFC739F tsc frames=132 wall-ms=10014 vertex-ms=8191 flush-in-vertex-ms=0 flush-other-ms=117 bind-ms=19 iface-ms=12 beginend-ms=272 swap-ms=6 vertices=1021089 flushes=305 draws=305 sink-ms=1 sink-prep-ms=1 sinks=309
363 pid=FFFC739F paths batches/triangles untextured=3660/9948 hw=310194/11250568 cpu=0/0 cpu-nonsquare=0/0 hw-refused=0/0
364 pid=FFFC739F counters hwtex live=104 creates=104 create-failed=0 evictions=0 uploads=4519 upload-kb=143948 squared=0 alpha-dropped=2104 stubs=0 failed r4=0 r7=0 r8=0 other=0
1 pid=FFFF3D51 attach instance=01CF0000 tls=11 build-marker=1
2 pid=FFFF3D51 DrvValidateVersion version=1
3 pid=FFFF3D51 DrvSetCallbackProcs count=3 procs=78B23978
4 pid=FFFF3D51 describe result=0 engine=3 formats=00000002
5 pid=FFFF3D51 DrvDescribePixelFormat index=1 bytes=0 -> count=1
6 pid=FFFF3D51 DrvDescribePixelFormat index=1 bytes=40 -> count=1
7 pid=FFFF3D51 DrvDescribePixelFormat index=1 bytes=0 -> count=1
8 pid=FFFF3D51 DrvDescribePixelFormat index=1 bytes=0 -> count=1
9 pid=FFFF3D51 DrvDescribePixelFormat index=1 bytes=0 -> count=1
10 pid=FFFF3D51 DrvDescribePixelFormat index=1 bytes=0 -> count=1
11 pid=FFFF3D51 DrvDescribePixelFormat index=1 bytes=0 -> count=1
12 pid=FFFF3D51 DrvDescribePixelFormat index=1 bytes=0 -> count=1
13 pid=FFFF3D51 DrvDescribePixelFormat index=1 bytes=0 -> count=1
14 pid=FFFF3D51 DrvDescribePixelFormat index=1 bytes=0 -> count=1
15 pid=FFFF3D51 DrvDescribePixelFormat index=1 bytes=0 -> count=1
16 pid=FFFF3D51 DrvDescribePixelFormat index=1 bytes=0 -> count=1
17 pid=FFFF3D51 DrvDescribePixelFormat index=1 bytes=0 -> count=1
18 pid=FFFF3D51 DrvDescribePixelFormat index=1 bytes=0 -> count=1
19 pid=FFFF3D51 DrvDescribePixelFormat index=1 bytes=0 -> count=1
20 pid=FFFF3D51 DrvDescribePixelFormat index=1 bytes=0 -> count=1
21 pid=FFFF3D51 DrvDescribePixelFormat index=1 bytes=0 -> count=1
22 pid=FFFF3D51 DrvDescribePixelFormat index=1 bytes=0 -> count=1
23 pid=FFFF3D51 DrvDescribePixelFormat index=1 bytes=0 -> count=1
24 pid=FFFF3D51 DrvDescribePixelFormat index=1 bytes=0 -> count=1
25 pid=FFFF3D51 DrvDescribePixelFormat index=1 bytes=0 -> count=1
26 pid=FFFF3D51 DrvDescribePixelFormat index=1 bytes=0 -> count=1
27 pid=FFFF3D51 DrvDescribePixelFormat index=1 bytes=0 -> count=1
28 pid=FFFF3D51 DrvDescribePixelFormat index=1 bytes=0 -> count=1
29 pid=FFFF3D51 DrvDescribePixelFormat index=1 bytes=0 -> count=1
30 pid=FFFF3D51 DrvDescribePixelFormat index=1 bytes=0 -> count=1
31 pid=FFFF3D51 DrvDescribePixelFormat index=1 bytes=0 -> count=1
32 pid=FFFF3D51 DrvSetPixelFormat hdc=00000782 index=1
33 pid=FFFF3D51 DrvDescribePixelFormat index=1 bytes=0 -> count=1
34 pid=FFFF3D51 DrvDescribePixelFormat index=1 bytes=40 -> count=1
35 pid=FFFF3D51 DrvDescribePixelFormat index=1 bytes=0 -> count=1
36 pid=FFFF3D51 DrvDescribePixelFormat index=1 bytes=40 -> count=1
37 pid=FFFF3D51 DrvCreateLayerContext hdc=00000782 layer=0 -> 1
38 pid=FFFF3D51 drawable window=00000370 640x480
39 pid=FFFF3D51 DrvSetContext hdc=00000782 context=1 -> 1
40 pid=FFFF3D51 state tex=1158 size=00400040 tex=01010101 blend=00050600 depth=01040102 colour=FFFFFFFF mask=7 scissor=0,0,640,480 fog=0
41 pid=FFFF3D51 time interval-ms=129680 swaps=0 present-ms=0 draw-ms=2147483648 upload-ms=0
42 pid=FFFF3D51 tsc frames=0 wall-ms=129680 vertex-ms=28159 flush-in-vertex-ms=0 flush-other-ms=30394114 bind-ms=5957 iface-ms=20049520 beginend-ms=182982 swap-ms=0 vertices=18 flushes=1 draws=1 sink-ms=177445 sink-prep-ms=174653 sinks=4
43 pid=FFFF3D51 paths batches/triangles untextured=0/0 hw=1/10 cpu=0/0 cpu-nonsquare=0/0 hw-refused=0/0
44 pid=FFFF3D51 counters hwtex live=1 creates=1 create-failed=0 evictions=0 uploads=1 upload-kb=10 squared=0 alpha-dropped=0 stubs=0 failed r4=0 r7=0 r8=0 other=0
45 pid=FFFF3D51 state tex=1162 size=00400040 tex=01010101 blend=00050600 depth=01040102 colour=FFFFFFFF mask=7 scissor=0,0,640,480 fog=0
46 pid=FFFF3D51 state tex=1163 size=00100010 tex=01010101 blend=00050600 depth=01040102 colour=FFFFFFFF mask=7 scissor=0,0,640,480 fog=0
47 pid=FFFF3D51 state tex=1168 size=00100010 tex=01010101 blend=00050600 depth=01040102 colour=FFFFFFFF mask=7 scissor=0,0,640,480 fog=0
48 pid=FFFF3D51 state tex=1172 size=00400040 tex=01010101 blend=00050600 depth=01040102 colour=FFFFFFFF mask=7 scissor=0,0,640,480 fog=0
49 pid=FFFF3D51 state tex=1180 size=00400040 tex=01010101 blend=00050600 depth=01040102 colour=FFFFFFFF mask=7 scissor=0,0,640,480 fog=0
50 pid=FFFF3D51 state tex=1184 size=00400040 tex=01010101 blend=00050600 depth=01040102 colour=FFFFFFFF mask=7 scissor=0,0,640,480 fog=0
51 pid=FFFF3D51 state tex=1185 size=00400040 tex=01010101 blend=00050600 depth=01040102 colour=FFFFFFFF mask=7 scissor=0,0,640,480 fog=0
52 pid=FFFF3D51 state tex=1188 size=00400040 tex=01010101 blend=00050600 depth=01040102 colour=FFFFFFFF mask=7 scissor=0,0,640,480 fog=0
53 pid=FFFF3D51 state tex=1191 size=00400040 tex=01010101 blend=00050600 depth=01040102 colour=FFFFFFFF mask=7 scissor=0,0,640,480 fog=0
54 pid=FFFF3D51 state tex=1206 size=00400040 tex=01010101 blend=00050600 depth=01040102 colour=FFFFFFFF mask=7 scissor=0,0,640,480 fog=0
55 pid=FFFF3D51 state tex=1210 size=00800080 tex=01010101 blend=00050600 depth=01040102 colour=FFFFFFFF mask=7 scissor=0,0,640,480 fog=0
56 pid=FFFF3D51 state tex=1214 size=00400040 tex=01010101 blend=00050600 depth=01040102 colour=FFFFFFFF mask=7 scissor=0,0,640,480 fog=0
57 pid=FFFF3D51 state tex=1216 size=00400040 tex=01010101 blend=00050600 depth=01040102 colour=FFFFFFFF mask=7 scissor=0,0,640,480 fog=0
58 pid=FFFF3D51 state tex=1218 size=00400040 tex=01010101 blend=00050600 depth=01040102 colour=FFFFFFFF mask=7 scissor=0,0,640,480 fog=0
59 pid=FFFF3D51 state tex=1225 size=00400040 tex=01010101 blend=00050600 depth=01040102 colour=FFFFFFFF mask=7 scissor=0,0,640,480 fog=0
60 pid=FFFF3D51 state tex=1226 size=00400040 tex=01010101 blend=00050600 depth=01040102 colour=FFFFFFFF mask=7 scissor=0,0,640,480 fog=0
61 pid=FFFF3D51 state tex=1264 size=00400040 tex=01010101 blend=00050600 depth=01040102 colour=FFFFFFFF mask=7 scissor=0,0,640,480 fog=0
62 pid=FFFF3D51 state tex=1269 size=00400040 tex=01010101 blend=00050600 depth=01040102 colour=FFFFFFFF mask=7 scissor=0,0,640,480 fog=0
63 pid=FFFF3D51 state tex=1273 size=00200080 tex=01010101 blend=00050600 depth=01040102 colour=FFFFFFFF mask=7 scissor=0,0,640,480 fog=0
64 pid=FFFF3D51 state tex=1278 size=00400040 tex=01010101 blend=00050600 depth=01040102 colour=FFFFFFFF mask=7 scissor=0,0,640,480 fog=0
65 pid=FFFF3D51 state tex=1281 size=00400040 tex=01010101 blend=00050600 depth=01040102 colour=FFFFFFFF mask=7 scissor=0,0,640,480 fog=0
66 pid=FFFF3D51 state tex=1282 size=00400040 tex=01010101 blend=00050600 depth=01040102 colour=FFFFFFFF mask=7 scissor=0,0,640,480 fog=0
67 pid=FFFF3D51 state tex=1025 size=00800080 tex=01010101 blend=01010300 depth=01040001 colour=FFFFFFFF mask=7 scissor=0,0,640,480 fog=0
68 pid=FFFF3D51 state tex=1026 size=00800080 tex=01010101 blend=01010300 depth=01040001 colour=FFFFFFFF mask=7 scissor=0,0,640,480 fog=0
69 pid=FFFF3D51 state tex=1027 size=00800080 tex=01010101 blend=01010300 depth=01040001 colour=FFFFFFFF mask=7 scissor=0,0,640,480 fog=0
70 pid=FFFF3D51 state tex=1030 size=00800080 tex=01010101 blend=01010300 depth=01040001 colour=FFFFFFFF mask=7 scissor=0,0,640,480 fog=0
71 pid=FFFF3D51 state tex=1376 size=01000080 tex=01040201 blend=00050600 depth=01040102 colour=FF94774B mask=7 scissor=0,0,640,480 fog=0
72 pid=FFFF3D51 state tex=1380 size=01000080 tex=01040201 blend=00050600 depth=01040102 colour=FF463827 mask=7 scissor=0,0,640,480 fog=0
73 pid=FFFF3D51 state tex=1382 size=00800020 tex=01040201 blend=00050600 depth=01040102 colour=FF6F562E mask=7 scissor=0,0,640,480 fog=0
74 pid=FFFF3D51 state tex=1384 size=00800020 tex=01010200 blend=00050600 depth=01040102 colour=FF4D4231 mask=7 scissor=0,0,640,480 fog=0
75 pid=FFFF3D51 state tex=1389 size=01000080 tex=01040201 blend=00050600 depth=01040102 colour=FF5F5343 mask=7 scissor=0,0,640,480 fog=0
76 pid=FFFF3D51 state tex=1390 size=00800040 tex=01040201 blend=00050600 depth=01040102 colour=FF7F6F57 mask=7 scissor=0,0,640,480 fog=0
77 pid=FFFF3D51 state tex=1391 size=00400040 tex=01010200 blend=00050600 depth=01040102 colour=FF968569 mask=7 scissor=0,0,640,480 fog=0
78 pid=FFFF3D51 state tex=1393 size=00800040 tex=01040201 blend=00050600 depth=01040102 colour=FFFFFFE8 mask=7 scissor=0,0,640,480 fog=0
79 pid=FFFF3D51 state tex=1396 size=00800040 tex=01040201 blend=00050600 depth=01040102 colour=FF9C8964 mask=7 scissor=0,0,640,480 fog=0
80 pid=FFFF3D51 state tex=1401 size=01000080 tex=01040201 blend=00050600 depth=01040102 colour=FFFFFFED mask=7 scissor=0,0,640,480 fog=0
81 pid=FFFF3D51 state tex=1409 size=01000080 tex=01040201 blend=00050600 depth=01040102 colour=FF4D4137 mask=7 scissor=0,0,640,480 fog=0
82 pid=FFFF3D51 state tex=1152 size=01000100 tex=01040101 blend=00050601 depth=00040101 colour=FFFFFFFF mask=7 scissor=0,0,640,480 fog=0
83 pid=FFFF3D51 state tex=1266 size=00400020 tex=01010101 blend=00050600 depth=01040102 colour=FFFFFFFF mask=7 scissor=0,0,640,480 fog=0
84 pid=FFFF3D51 state tex=1268 size=00400040 tex=01010101 blend=00050600 depth=01040102 colour=FFFFFFFF mask=7 scissor=0,0,640,480 fog=0
85 pid=FFFF3D51 state tex=1267 size=00400020 tex=01010101 blend=00050600 depth=01040102 colour=FFFFFFFF mask=7 scissor=0,0,640,480 fog=0
86 pid=FFFF3D51 state tex=1024 size=00800080 tex=01010101 blend=01010300 depth=01040001 colour=FFFFFFFF mask=7 scissor=0,0,640,480 fog=0
87 pid=FFFF3D51 state tex=1343 size=00800040 tex=01010200 blend=00050600 depth=01040102 colour=FFE3E3E3 mask=7 scissor=0,0,640,480 fog=0
88 pid=FFFF3D51 state tex=1381 size=01000080 tex=01040201 blend=00050600 depth=01040102 colour=FF9C8D54 mask=7 scissor=0,0,640,480 fog=0
89 pid=FFFF3D51 state tex=1342 size=00800040 tex=01010200 blend=01050600 depth=01040002 colour=FF5F5548 mask=7 scissor=0,0,640,480 fog=0
90 pid=FFFF3D51 state tex=1153 size=00080008 tex=01040202 blend=01050600 depth=01040002 colour=FF730700 mask=7 scissor=0,0,640,480 fog=0
91 pid=FFFF3D51 state tex=1153 size=00000000 tex=00000000 blend=01050600 depth=00040100 colour=33FF0000 mask=7 scissor=0,0,640,480 fog=0
92 pid=FFFF3D51 time interval-ms=10008 swaps=200 present-ms=83 draw-ms=1132 upload-ms=346
93 pid=FFFF3D51 tsc frames=200 wall-ms=10008 vertex-ms=3554 flush-in-vertex-ms=109 flush-other-ms=1596 bind-ms=184 iface-ms=1132 beginend-ms=1558 swap-ms=21 vertices=1601598 flushes=14192 draws=14192 sink-ms=1397 sink-prep-ms=394 sinks=168827
94 pid=FFFF3D51 paths batches/triangles untextured=50/250 hw=14143/543830 cpu=0/0 cpu-nonsquare=0/0 hw-refused=0/0
95 pid=FFFF3D51 counters hwtex live=87 creates=87 create-failed=0 evictions=0 uploads=214 upload-kb=6136 squared=0 alpha-dropped=0 stubs=0 failed r4=0 r7=0 r8=0 other=0
96 pid=FFFF3D51 time interval-ms=10000 swaps=208 present-ms=10 draw-ms=1224 upload-ms=274
97 pid=FFFF3D51 tsc frames=208 wall-ms=10000 vertex-ms=3564 flush-in-vertex-ms=98 flush-other-ms=1573 bind-ms=139 iface-ms=1224 beginend-ms=1735 swap-ms=10 vertices=1598872 flushes=15003 draws=15003 sink-ms=1593 sink-prep-ms=505 sinks=171285
98 pid=FFFF3D51 paths batches/triangles untextured=118/590 hw=29078/1099009 cpu=0/0 cpu-nonsquare=0/0 hw-refused=0/0
99 pid=FFFF3D51 counters hwtex live=102 creates=102 create-failed=0 evictions=0 uploads=361 upload-kb=10743 squared=0 alpha-dropped=0 stubs=0 failed r4=0 r7=0 r8=0 other=0
100 pid=FFFF3D51 time interval-ms=10000 swaps=177 present-ms=9 draw-ms=1325 upload-ms=315
101 pid=FFFF3D51 tsc frames=177 wall-ms=10000 vertex-ms=3681 flush-in-vertex-ms=138 flush-other-ms=1651 bind-ms=110 iface-ms=1325 beginend-ms=1560 swap-ms=9 vertices=1676244 flushes=17127 draws=17127 sink-ms=1444 sink-prep-ms=415 sinks=181341
102 pid=FFFF3D51 paths batches/triangles untextured=148/740 hw=46175/1705796 cpu=0/0 cpu-nonsquare=0/0 hw-refused=0/0
103 pid=FFFF3D51 counters hwtex live=103 creates=103 create-failed=0 evictions=0 uploads=522 upload-kb=15948 squared=0 alpha-dropped=0 stubs=0 failed r4=0 r7=0 r8=0 other=0
104 pid=FFFF3D51 time interval-ms=10009 swaps=246 present-ms=11 draw-ms=1146 upload-ms=44
105 pid=FFFF3D51 tsc frames=246 wall-ms=10009 vertex-ms=3035 flush-in-vertex-ms=30 flush-other-ms=1310 bind-ms=121 iface-ms=1146 beginend-ms=1698 swap-ms=12 vertices=1459861 flushes=13202 draws=13202 sink-ms=1419 sink-prep-ms=484 sinks=205153
106 pid=FFFF3D51 paths batches/triangles untextured=288/1110 hw=59237/2256808 cpu=0/0 cpu-nonsquare=0/0 hw-refused=0/0
107 pid=FFFF3D51 counters hwtex live=104 creates=104 create-failed=0 evictions=0 uploads=553 upload-kb=17036 squared=0 alpha-dropped=221 stubs=0 failed r4=0 r7=0 r8=0 other=0
108 pid=FFFF3D51 time interval-ms=10009 swaps=222 present-ms=10 draw-ms=1108 upload-ms=272
109 pid=FFFF3D51 tsc frames=222 wall-ms=10009 vertex-ms=3587 flush-in-vertex-ms=126 flush-other-ms=1410 bind-ms=124 iface-ms=1108 beginend-ms=1469 swap-ms=11 vertices=1554781 flushes=14800 draws=14800 sink-ms=1309 sink-prep-ms=377 sinks=160746
110 pid=FFFF3D51 paths batches/triangles untextured=339/1365 hw=73986/2803134 cpu=0/0 cpu-nonsquare=0/0 hw-refused=0/0
111 pid=FFFF3D51 counters hwtex live=104 creates=104 create-failed=0 evictions=0 uploads=695 upload-kb=21580 squared=0 alpha-dropped=221 stubs=0 failed r4=0 r7=0 r8=0 other=0
112 pid=FFFF3D51 time interval-ms=10000 swaps=182 present-ms=8 draw-ms=1283 upload-ms=355
113 pid=FFFF3D51 tsc frames=182 wall-ms=10000 vertex-ms=3649 flush-in-vertex-ms=111 flush-other-ms=1650 bind-ms=84 iface-ms=1283 beginend-ms=1653 swap-ms=9 vertices=1688295 flushes=16672 draws=16672 sink-ms=1509 sink-prep-ms=460 sinks=180251
114 pid=FFFF3D51 paths batches/triangles untextured=394/1640 hw=90603/3401525 cpu=0/0 cpu-nonsquare=0/0 hw-refused=0/0
115 pid=FFFF3D51 counters hwtex live=104 creates=104 create-failed=0 evictions=0 uploads=891 upload-kb=27852 squared=0 alpha-dropped=221 stubs=0 failed r4=0 r7=0 r8=0 other=0
116 pid=FFFF3D51 time interval-ms=10000 swaps=253 present-ms=13 draw-ms=1220 upload-ms=94
117 pid=FFFF3D51 tsc frames=253 wall-ms=10000 vertex-ms=3101 flush-in-vertex-ms=47 flush-other-ms=1456 bind-ms=112 iface-ms=1220 beginend-ms=1748 swap-ms=13 vertices=1426893 flushes=13622 draws=13622 sink-ms=1530 sink-prep-ms=486 sinks=198014
118 pid=FFFF3D51 paths batches/triangles untextured=516/1920 hw=104103/3953441 cpu=0/0 cpu-nonsquare=0/0 hw-refused=0/0
119 pid=FFFF3D51 counters hwtex live=104 creates=104 create-failed=0 evictions=0 uploads=944 upload-kb=29548 squared=0 alpha-dropped=442 stubs=0 failed r4=0 r7=0 r8=0 other=0
120 pid=FFFF3D51 time interval-ms=10054 swaps=204 present-ms=10 draw-ms=1135 upload-ms=253
121 pid=FFFF3D51 tsc frames=204 wall-ms=10054 vertex-ms=3625 flush-in-vertex-ms=106 flush-other-ms=1428 bind-ms=114 iface-ms=1135 beginend-ms=1598 swap-ms=11 vertices=1642338 flushes=14490 draws=14490 sink-ms=1446 sink-prep-ms=451 sinks=171334
122 pid=FFFF3D51 paths batches/triangles untextured=571/2195 hw=118538/4506329 cpu=0/0 cpu-nonsquare=0/0 hw-refused=0/0
123 pid=FFFF3D51 counters hwtex live=104 creates=104 create-failed=0 evictions=0 uploads=1082 upload-kb=33964 squared=0 alpha-dropped=442 stubs=0 failed r4=0 r7=0 r8=0 other=0
124 pid=FFFF3D51 time interval-ms=10001 swaps=208 present-ms=10 draw-ms=1272 upload-ms=231
125 pid=FFFF3D51 tsc frames=208 wall-ms=10001 vertex-ms=3630 flush-in-vertex-ms=94 flush-other-ms=1554 bind-ms=112 iface-ms=1272 beginend-ms=1709 swap-ms=10 vertices=1602346 flushes=15280 draws=15280 sink-ms=1475 sink-prep-ms=415 sinks=174005
126 pid=FFFF3D51 paths batches/triangles untextured=634/2510 hw=133755/5070571 cpu=0/0 cpu-nonsquare=0/0 hw-refused=0/0
127 pid=FFFF3D51 counters hwtex live=104 creates=104 create-failed=0 evictions=0 uploads=1218 upload-kb=38316 squared=0 alpha-dropped=442 stubs=0 failed r4=0 r7=0 r8=0 other=0
128 pid=FFFF3D51 time interval-ms=10000 swaps=180 present-ms=9 draw-ms=1472 upload-ms=306
129 pid=FFFF3D51 tsc frames=180 wall-ms=10000 vertex-ms=3687 flush-in-vertex-ms=161 flush-other-ms=1816 bind-ms=161 iface-ms=1472 beginend-ms=1854 swap-ms=9 vertices=1689903 flushes=17119 draws=17119 sink-ms=1700 sink-prep-ms=441 sinks=183672
130 pid=FFFF3D51 paths batches/triangles untextured=664/2660 hw=150844/5681960 cpu=0/0 cpu-nonsquare=0/0 hw-refused=0/0
131 pid=FFFF3D51 counters hwtex live=104 creates=104 create-failed=0 evictions=0 uploads=1364 upload-kb=42988 squared=0 alpha-dropped=442 stubs=0 failed r4=0 r7=0 r8=0 other=0
132 pid=FFFF3D51 time interval-ms=10000 swaps=245 present-ms=11 draw-ms=1152 upload-ms=50
133 pid=FFFF3D51 tsc frames=245 wall-ms=10000 vertex-ms=3304 flush-in-vertex-ms=41 flush-other-ms=1265 bind-ms=74 iface-ms=1152 beginend-ms=1728 swap-ms=11 vertices=1497054 flushes=13333 draws=13333 sink-ms=1417 sink-prep-ms=447 sinks=207585
134 pid=FFFF3D51 paths batches/triangles untextured=809/3055 hw=164032/6244573 cpu=0/0 cpu-nonsquare=0/0 hw-refused=0/0
135 pid=FFFF3D51 counters hwtex live=104 creates=104 create-failed=0 evictions=0 uploads=1401 upload-kb=44172 squared=0 alpha-dropped=663 stubs=0 failed r4=0 r7=0 r8=0 other=0
136 pid=FFFF3D51 time interval-ms=10000 swaps=224 present-ms=10 draw-ms=1154 upload-ms=289
137 pid=FFFF3D51 tsc frames=224 wall-ms=10000 vertex-ms=3455 flush-in-vertex-ms=135 flush-other-ms=1512 bind-ms=171 iface-ms=1154 beginend-ms=1539 swap-ms=11 vertices=1529986 flushes=14644 draws=14644 sink-ms=1370 sink-prep-ms=347 sinks=157900
138 pid=FFFF3D51 paths batches/triangles untextured=864/3330 hw=178621/6780401 cpu=0/0 cpu-nonsquare=0/0 hw-refused=0/0
139 pid=FFFF3D51 counters hwtex live=104 creates=104 create-failed=0 evictions=0 uploads=1553 upload-kb=49036 squared=0 alpha-dropped=663 stubs=0 failed r4=0 r7=0 r8=0 other=0
140 pid=FFFF3D51 time interval-ms=10039 swaps=188 present-ms=9 draw-ms=1312 upload-ms=369
141 pid=FFFF3D51 tsc frames=188 wall-ms=10039 vertex-ms=3477 flush-in-vertex-ms=134 flush-other-ms=1709 bind-ms=125 iface-ms=1312 beginend-ms=1836 swap-ms=9 vertices=1659385 flushes=16767 draws=16767 sink-ms=1670 sink-prep-ms=433 sinks=177640
142 pid=FFFF3D51 paths batches/triangles untextured=910/3560 hw=195342/7367186 cpu=0/0 cpu-nonsquare=0/0 hw-refused=0/0
143 pid=FFFF3D51 counters hwtex live=104 creates=104 create-failed=0 evictions=0 uploads=1735 upload-kb=54860 squared=0 alpha-dropped=663 stubs=0 failed r4=0 r7=0 r8=0 other=0
144 pid=FFFF3D51 time interval-ms=10000 swaps=247 present-ms=12 draw-ms=1283 upload-ms=93
145 pid=FFFF3D51 tsc frames=247 wall-ms=10000 vertex-ms=3206 flush-in-vertex-ms=92 flush-other-ms=1493 bind-ms=179 iface-ms=1283 beginend-ms=1754 swap-ms=12 vertices=1462139 flushes=13568 draws=13568 sink-ms=1578 sink-prep-ms=429 sinks=203487
146 pid=FFFF3D51 paths batches/triangles untextured=1032/3840 hw=208788/7932597 cpu=0/0 cpu-nonsquare=0/0 hw-refused=0/0
147 pid=FFFF3D51 counters hwtex live=104 creates=104 create-failed=0 evictions=0 uploads=1786 upload-kb=56492 squared=0 alpha-dropped=884 stubs=0 failed r4=0 r7=0 r8=0 other=0
148 pid=FFFF3D51 time interval-ms=10005 swaps=194 present-ms=10 draw-ms=1126 upload-ms=309
149 pid=FFFF3D51 tsc frames=194 wall-ms=10005 vertex-ms=3454 flush-in-vertex-ms=108 flush-other-ms=1783 bind-ms=425 iface-ms=1126 beginend-ms=1760 swap-ms=10 vertices=1504316 flushes=13263 draws=13263 sink-ms=1563 sink-prep-ms=405 sinks=162442
150 pid=FFFF3D51 paths batches/triangles untextured=1080/4080 hw=222003/8449316 cpu=0/0 cpu-nonsquare=0/0 hw-refused=0/0
151 pid=FFFF3D51 counters hwtex live=104 creates=104 create-failed=0 evictions=0 uploads=1911 upload-kb=60492 squared=0 alpha-dropped=894 stubs=0 failed r4=0 r7=0 r8=0 other=0
152 pid=FFFF3D51 DrvReleaseContext context=1 -> 1
153 pid=FFFF3D51 paths batches/triangles untextured=1080/4080 hw=222248/8464500 cpu=0/0 cpu-nonsquare=0/0 hw-refused=0/0
154 pid=FFFF3D51 counters hwtex live=0 creates=104 create-failed=0 evictions=0 uploads=1911 upload-kb=60492 squared=0 alpha-dropped=900 stubs=0 failed r4=0 r7=0 r8=0 other=0
155 pid=FFFF3D51 DrvDeleteContext context=1 -> 1
156 pid=FFFF3D51 detach slots-called=0 stub-calls=0
